index,month,day,hour_ending,ghi_w_m2,dni_w_m2,dhi_w_m2,iso_north_w_m2,iso_east_w_m2,iso_south_w_m2,iso_west_w_m2
0,1,1,1,0.0,0.0,0.0,0.0,0.0,0.0,0.0
1,1,1,2,0.0,0.0,0.0,0.0,0.0,0.0,0.0
2,1,1,3,0.0,0.0,0.0,0.0,0.0,0.0,0.0
3,1,1,4,0.0,0.0,0.0,0.0,0.0,0.0,0.0
4,1,1,5,0.0,0.0,0.0,0.0,0.0,0.0,0.0
5,1,1,6,0.0,0.0,0.0,0.0,0.0,0.0,0.0
6,1,1,7,0.0,0.0,0.0,0.0,0.0,0.0,0.0
7,1,1,8,6.70070817,3.963258795092017,6.65220908297731,4.049620801,9.501063128,7.372978308,4.049620801
8,1,1,9,98.82316435,177.45705479174802,68.07374098990753,46.81987253,178.719645,164.0948653,46.81987253
9,1,1,10,117.8932967,58.15429910182866,100.12928554422965,57.29002652,91.15263164,102.8490273,57.29002652
10,1,1,11,388.305127,820.9539232711255,60.095023989118104,89.22585544,386.060306,781.3652561,89.22585544
11,1,1,12,484.4643147,986.006493749057,40.92185532316509,87.98713045,216.1568409,959.5885533,87.98713045
12,1,1,13,464.4894398,973.9331763185028,24.083295424445865,72.66877364,72.66877364,934.8964122,179.9975812
13,1,1,14,397.3578757,952.1739685527587,10.109663539182618,52.56067285,52.56067285,858.9991276,378.9149723
14,1,1,15,264.3130883,830.9621204668665,1.3529814639706184,29.53604991,29.53604991,670.6627804,488.1590204
15,1,1,16,124.8150487,665.323131666531,0.0,12.48150487,12.48150487,458.3231948,498.1639022
16,1,1,17,13.12394227,111.10891382813634,9.910741531407183,9.966896126,9.966896126,69.91419931,105.2690792
17,1,1,18,0.0,0.0,0.0,0.0,0.0,0.0,0.0
18,1,1,19,0.0,0.0,0.0,0.0,0.0,0.0,0.0
19,1,1,20,0.0,0.0,0.0,0.0,0.0,0.0,0.0
20,1,1,21,0.0,0.0,0.0,0.0,0.0,0.0,0.0
21,1,1,22,0.0,0.0,0.0,0.0,0.0,0.0,0.0
22,1,1,23,0.0,0.0,0.0,0.0,0.0,0.0,0.0
23,1,1,24,0.0,0.0,0.0,0.0,0.0,0.0,0.0
24,1,2,1,0.0,0.0,0.0,0.0,0.0,0.0,0.0
25,1,2,2,0.0,0.0,0.0,0.0,0.0,0.0,0.0
26,1,2,3,0.0,0.0,0.0,0.0,0.0,0.0,0.0
27,1,2,4,0.0,0.0,0.0,0.0,0.0,0.0,0.0
28,1,2,5,0.0,0.0,0.0,0.0,0.0,0.0,0.0
29,1,2,6,0.0,0.0,0.0,0.0,0.0,0.0,0.0
30,1,2,7,0.0,0.0,0.0,0.0,0.0,0.0,0.0
31,1,2,8,3.0,0.0,3.0,1.530324942,1.530324942,1.530324942,1.530324942
32,1,2,9,26.52162404,2.3279031167091873,26.118386385561273,14.28687151,16.49920267,16.2448039,14.28687151
33,1,2,10,48.22465265,5.452042164655679,46.55775764960652,25.72280347,29.21574764,30.39921592,25.72280347
34,1,2,11,64.60226712,3.295694551878565,63.28255519589408,33.07843338,34.53086055,36.44342898,33.07843338
35,1,2,12,73.80260834,3.285854952434322,72.3211401485711,37.89788531,38.42501168,41.4295621,37.89788531
36,1,2,13,73.81202338,3.2910086645150516,72.31927152451814,37.8999652,37.8999652,41.43947517,38.33406242
37,1,2,14,64.62987062,3.311622526221892,63.27734626373708,33.08311211,33.08311211,36.47107345,34.44884992
38,1,2,15,48.26856347,5.287010745881746,46.58498835442069,25.75056464,25.75056464,30.33223404,29.02177498
39,1,2,16,26.56454332,2.387937723133437,26.11138557190905,14.28834713,14.28834713,16.28198777,16.45783735
40,1,2,17,3.006712409,0.9670556908365878,2.976558381402708,1.821920744,1.821920744,2.563192836,2.999727743
41,1,2,18,0.0,0.0,0.0,0.0,0.0,0.0,0.0
42,1,2,19,0.0,0.0,0.0,0.0,0.0,0.0,0.0
43,1,2,20,0.0,0.0,0.0,0.0,0.0,0.0,0.0
44,1,2,21,0.0,0.0,0.0,0.0,0.0,0.0,0.0
45,1,2,22,0.0,0.0,0.0,0.0,0.0,0.0,0.0
46,1,2,23,0.0,0.0,0.0,0.0,0.0,0.0,0.0
47,1,2,24,0.0,0.0,0.0,0.0,0.0,0.0,0.0
48,1,3,1,0.0,0.0,0.0,0.0,0.0,0.0,0.0
49,1,3,2,0.0,0.0,0.0,0.0,0.0,0.0,0.0
50,1,3,3,0.0,0.0,0.0,0.0,0.0,0.0,0.0
51,1,3,4,0.0,0.0,0.0,0.0,0.0,0.0,0.0
52,1,3,5,0.0,0.0,0.0,0.0,0.0,0.0,0.0
53,1,3,6,0.0,0.0,0.0,0.0,0.0,0.0,0.0
54,1,3,7,0.0,0.0,0.0,0.0,0.0,0.0,0.0
55,1,3,8,6.694987482,3.8862006477987907,6.649619320908853,4.047228659,9.547103915,7.365528272,4.047228659
56,1,3,9,82.74124034,108.26645478207914,63.98193486284634,39.98161449,121.2149339,111.5288547,39.98161449
57,1,3,10,104.7593988,41.06193498406692,92.18926968139668,52.27408173,76.50945615,84.55731581,52.27408173
58,1,3,11,139.6123337,28.244355859536032,128.28082733194415,68.5332805,79.36242253,93.45894355,68.5332805
59,1,3,12,477.8764237,968.0751331766736,40.30325114877944,86.8201034,216.2130084,940.9680789,86.8201034
60,1,3,13,443.0863695,921.9595859019774,23.512273123892577,69.91707609,69.91707609,885.1485539,168.412019
61,1,3,14,286.4202811,543.4857338688222,63.45871197579352,82.55335854,82.55335854,543.0793398,267.4968581
62,1,3,15,211.3387324,516.1874855178993,45.89021710478407,62.12378221,62.12378221,460.7901108,346.2587566
63,1,3,16,120.74575,620.0519486217402,1.6770551467572632,15.34481516,15.34481516,427.3128869,463.2464162
64,1,3,17,14.09114279,81.7552035255497,11.35026829907799,10.60678861,10.60678861,54.94340613,81.02896292
65,1,3,18,0.0,0.0,0.0,0.0,0.0,0.0,0.0
66,1,3,19,0.0,0.0,0.0,0.0,0.0,0.0,0.0
67,1,3,20,0.0,0.0,0.0,0.0,0.0,0.0,0.0
68,1,3,21,0.0,0.0,0.0,0.0,0.0,0.0,0.0
69,1,3,22,0.0,0.0,0.0,0.0,0.0,0.0,0.0
70,1,3,23,0.0,0.0,0.0,0.0,0.0,0.0,0.0
71,1,3,24,0.0,0.0,0.0,0.0,0.0,0.0,0.0
72,1,4,1,0.0,0.0,0.0,0.0,0.0,0.0,0.0
73,1,4,2,0.0,0.0,0.0,0.0,0.0,0.0,0.0
74,1,4,3,0.0,0.0,0.0,0.0,0.0,0.0,0.0
75,1,4,4,0.0,0.0,0.0,0.0,0.0,0.0,0.0
76,1,4,5,0.0,0.0,0.0,0.0,0.0,0.0,0.0
77,1,4,6,0.0,0.0,0.0,0.0,0.0,0.0,0.0
78,1,4,7,0.0,0.0,0.0,0.0,0.0,0.0,0.0
79,1,4,8,22.7595543,52.452023568368,22.153883315657428,13.40237768,65.70498501,44.78486235,13.40237768
80,1,4,9,166.141881,371.3364669465531,101.7410071460121,65.60168117,342.5729441,308.334981,65.60168117
81,1,4,10,284.0057318,613.9122719816322,95.76276848802111,90.75348577,443.5323424,558.2461797,90.75348577
82,1,4,11,466.9275695,1008.0465820134408,61.620627732789096,97.82987743,467.9227801,944.038972,97.82987743
83,1,4,12,503.8075968,1018.1824149828286,42.30664859177151,90.84893299,228.8212613,988.2612654,90.84893299
84,1,4,13,483.7644163,1000.8297180907409,26.67935120161232,76.83543881,76.83543881,961.1828008,182.0753665
85,1,4,14,403.7764123,954.9983902933641,10.14853821163016,53.17059405,53.17059405,861.1013354,376.4365323
86,1,4,15,276.4788673,856.758211522653,0.0,28.42979027,28.42979027,690.5238946,499.5399363
87,1,4,16,131.50269,676.5193991528349,0.0,13.150269,13.150269,466.3599182,505.524168
88,1,4,17,13.33352463,145.75070536837327,8.09375439603697,9.287643634,9.287643634,87.43343629,133.3926476
89,1,4,18,0.0,0.0,0.0,0.0,0.0,0.0,0.0
90,1,4,19,0.0,0.0,0.0,0.0,0.0,0.0,0.0
91,1,4,20,0.0,0.0,0.0,0.0,0.0,0.0,0.0
92,1,4,21,0.0,0.0,0.0,0.0,0.0,0.0,0.0
93,1,4,22,0.0,0.0,0.0,0.0,0.0,0.0,0.0
94,1,4,23,0.0,0.0,0.0,0.0,0.0,0.0,0.0
95,1,4,24,0.0,0.0,0.0,0.0,0.0,0.0,0.0
96,1,5,1,0.0,0.0,0.0,0.0,0.0,0.0,0.0
97,1,5,2,0.0,0.0,0.0,0.0,0.0,0.0,0.0
98,1,5,3,0.0,0.0,0.0,0.0,0.0,0.0,0.0
99,1,5,4,0.0,0.0,0.0,0.0,0.0,0.0,0.0
100,1,5,5,0.0,0.0,0.0,0.0,0.0,0.0,0.0
101,1,5,6,0.0,0.0,0.0,0.0,0.0,0.0,0.0
102,1,5,7,0.0,0.0,0.0,0.0,0.0,0.0,0.0
103,1,5,8,22.70974472,48.43561737461806,22.151583024223424,13.39704341,62.34411772,42.5977314,13.39704341
104,1,5,9,214.8232887,730.5852632908592,87.92059214173452,55.26739958,599.2430292,529.5473724,55.26739958
105,1,5,10,351.5345296,896.8525782526823,75.9812954296726,87.38292546,603.8581712,768.1611688,87.38292546
106,1,5,11,418.3381358,899.2919647865294,55.86648094814607,89.95891654,421.8443192,843.698208,89.95891654
107,1,5,12,427.980126,846.7905810256984,43.003367357213044,83.72790665,200.0585512,829.3019652,83.72790665
108,1,5,13,432.6647552,895.1879626384907,22.28026949508452,67.66704058,67.66704058,858.0292594,160.2944936
109,1,5,14,372.3028775,877.1053559414621,8.992967296661014,48.65751055,48.65751055,790.2991544,344.3396985
110,1,5,15,266.1570651,818.9837084108326,0.0,27.39671076,27.39671076,659.9614119,476.8163233
111,1,5,16,125.7658776,638.9855095982408,0.0,12.57658776,12.57658776,440.4570561,477.159464
112,1,5,17,15.26706124,122.21048591990346,10.567546677884584,11.0348724,11.0348724,76.75484555,115.4115875
113,1,5,18,0.0,0.0,0.0,0.0,0.0,0.0,0.0
114,1,5,19,0.0,0.0,0.0,0.0,0.0,0.0,0.0
115,1,5,20,0.0,0.0,0.0,0.0,0.0,0.0,0.0
116,1,5,21,0.0,0.0,0.0,0.0,0.0,0.0,0.0
117,1,5,22,0.0,0.0,0.0,0.0,0.0,0.0,0.0
118,1,5,23,0.0,0.0,0.0,0.0,0.0,0.0,0.0
119,1,5,24,0.0,0.0,0.0,0.0,0.0,0.0,0.0
120,1,6,1,0.0,0.0,0.0,0.0,0.0,0.0,0.0
121,1,6,2,0.0,0.0,0.0,0.0,0.0,0.0,0.0
122,1,6,3,0.0,0.0,0.0,0.0,0.0,0.0,0.0
123,1,6,4,0.0,0.0,0.0,0.0,0.0,0.0,0.0
124,1,6,5,0.0,0.0,0.0,0.0,0.0,0.0,0.0
125,1,6,6,0.0,0.0,0.0,0.0,0.0,0.0,0.0
126,1,6,7,0.0,0.0,0.0,0.0,0.0,0.0,0.0
127,1,6,8,24.89025943,61.71861953358248,24.17404229023896,13.8355888,74.90003592,50.04802778,13.8355888
128,1,6,9,226.8075736,781.2289600763412,90.8110931170257,55.90430733,638.8196906,561.4334518,55.90430733
129,1,6,10,347.1203198,883.0888585128966,75.15119273922585,86.77443232,596.9645001,755.5971398,86.77443232
130,1,6,11,450.3469195,965.4242303293992,60.151258734860626,95.45447549,453.6077175,903.2842852,95.45447549
131,1,6,12,485.004026,973.4908528077616,40.98024391010768,87.97701666,223.5190079,943.9986328,87.97701666
132,1,6,13,488.2605254,1001.4003494750605,27.34436258030219,77.80789212,77.80789212,961.2017718,179.7492772
133,1,6,14,408.0063065,956.9678305089019,9.566130397310792,52.89460087,52.89460087,861.5769299,374.1852805
134,1,6,15,273.0073877,833.9619145576974,0.0,27.30073877,27.30073877,672.6062348,485.1399934
135,1,6,16,122.516666,605.8277024905422,1.7458948644420496,15.51323774,15.51323774,417.816181,452.1359196
136,1,6,17,15.68546372,125.78314789328654,10.523832602487541,11.17988138,11.17988138,78.73956714,118.5050199
137,1,6,18,0.0,0.0,0.0,0.0,0.0,0.0,0.0
138,1,6,19,0.0,0.0,0.0,0.0,0.0,0.0,0.0
139,1,6,20,0.0,0.0,0.0,0.0,0.0,0.0,0.0
140,1,6,21,0.0,0.0,0.0,0.0,0.0,0.0,0.0
141,1,6,22,0.0,0.0,0.0,0.0,0.0,0.0,0.0
142,1,6,23,0.0,0.0,0.0,0.0,0.0,0.0,0.0
143,1,6,24,0.0,0.0,0.0,0.0,0.0,0.0,0.0
144,1,7,1,0.0,0.0,0.0,0.0,0.0,0.0,0.0
145,1,7,2,0.0,0.0,0.0,0.0,0.0,0.0,0.0
146,1,7,3,0.0,0.0,0.0,0.0,0.0,0.0,0.0
147,1,7,4,0.0,0.0,0.0,0.0,0.0,0.0,0.0
148,1,7,5,0.0,0.0,0.0,0.0,0.0,0.0,0.0
149,1,7,6,0.0,0.0,0.0,0.0,0.0,0.0,0.0
150,1,7,7,0.0,0.0,0.0,0.0,0.0,0.0,0.0
151,1,7,8,24.78817616,52.868050375186236,24.164869307153705,13.85615471,67.26574625,45.33304005,13.85615471
152,1,7,9,235.1641434,804.9171038659493,94.64937138662347,55.86272719,657.8316584,575.0507533,55.86272719
153,1,7,10,380.0615386,961.3409152209882,83.18171538916489,91.9641103,649.1827987,818.3486725,91.9641103
154,1,7,11,474.6997654,1013.7595603731418,63.730326564523615,99.69241655,477.751776,946.4927107,99.69241655
155,1,7,12,511.0889133,1021.2913872289236,43.631111965559825,92.47969911,236.5932164,989.38351,92.47969911
156,1,7,13,491.1670768,1002.0612667264069,27.99610333437684,78.63490981,78.63490981,961.7874306,178.9661956
157,1,7,14,409.9925818,958.003429580584,8.970598202907638,52.40257452,52.40257452,861.4072878,372.737075
158,1,7,15,283.9920827,861.015011910941,0.0,28.39920827,28.39920827,694.184201,500.1775888
159,1,7,16,138.9640017,688.0725552949937,0.0,13.89640017,13.89640017,474.0133097,513.1262428
160,1,7,17,14.99182984,159.90061241286296,8.005184450897463,9.631409126,9.631409126,95.14065489,145.5312112
161,1,7,18,0.0,0.0,0.0,0.0,0.0,0.0,0.0
162,1,7,19,0.0,0.0,0.0,0.0,0.0,0.0,0.0
163,1,7,20,0.0,0.0,0.0,0.0,0.0,0.0,0.0
164,1,7,21,0.0,0.0,0.0,0.0,0.0,0.0,0.0
165,1,7,22,0.0,0.0,0.0,0.0,0.0,0.0,0.0
166,1,7,23,0.0,0.0,0.0,0.0,0.0,0.0,0.0
167,1,7,24,0.0,0.0,0.0,0.0,0.0,0.0,0.0
168,1,8,1,0.0,0.0,0.0,0.0,0.0,0.0,0.0
169,1,8,2,0.0,0.0,0.0,0.0,0.0,0.0,0.0
170,1,8,3,0.0,0.0,0.0,0.0,0.0,0.0,0.0
171,1,8,4,0.0,0.0,0.0,0.0,0.0,0.0,0.0
172,1,8,5,0.0,0.0,0.0,0.0,0.0,0.0,0.0
173,1,8,6,0.0,0.0,0.0,0.0,0.0,0.0,0.0
174,1,8,7,0.0,0.0,0.0,0.0,0.0,0.0,0.0
175,1,8,8,23.622645640000002,39.46335639595161,23.145926007331013,13.6921837,55.10979203,37.94489557,13.6921837
176,1,8,9,206.6931802,558.1533764449644,108.92088203765528,70.08791381,489.2929795,429.5983714,70.08791381
177,1,8,10,351.3932659,889.5068258829033,75.8459276210728,87.50892512,604.776987,757.9454955,87.50892512
178,1,8,11,464.1829727,988.2558143802632,62.23305593340878,97.94217786,468.4311197,921.9255468,97.94217786
179,1,8,12,513.7560506,1021.8887813019636,44.27798218342365,93.19754294,239.3218072,989.4046529,93.19754294
180,1,8,13,493.6416932,1002.9428227489227,28.0029771409267,78.85906753,78.85906753,961.8924249,177.6004485
181,1,8,14,412.6686624,958.9276638991975,9.01002617960114,52.6572872,52.6572872,861.8334575,372.0103483
182,1,8,15,286.9219963,863.184564484578,0.0,28.69219963,28.69219963,695.6206022,500.7496897
183,1,8,16,141.693862,692.3440720640781,0.0,14.1693862,14.1693862,476.704089,515.9596792
184,1,8,17,15.07708285,187.4008621385521,6.376848222137473,8.467896777,8.467896777,108.4421401,167.4577426
185,1,8,18,0.0,0.0,0.0,0.0,0.0,0.0,0.0
186,1,8,19,0.0,0.0,0.0,0.0,0.0,0.0,0.0
187,1,8,20,0.0,0.0,0.0,0.0,0.0,0.0,0.0
188,1,8,21,0.0,0.0,0.0,0.0,0.0,0.0,0.0
189,1,8,22,0.0,0.0,0.0,0.0,0.0,0.0,0.0
190,1,8,23,0.0,0.0,0.0,0.0,0.0,0.0,0.0
191,1,8,24,0.0,0.0,0.0,0.0,0.0,0.0,0.0
192,1,9,1,0.0,0.0,0.0,0.0,0.0,0.0,0.0
193,1,9,2,0.0,0.0,0.0,0.0,0.0,0.0,0.0
194,1,9,3,0.0,0.0,0.0,0.0,0.0,0.0,0.0
195,1,9,4,0.0,0.0,0.0,0.0,0.0,0.0,0.0
196,1,9,5,0.0,0.0,0.0,0.0,0.0,0.0,0.0
197,1,9,6,0.0,0.0,0.0,0.0,0.0,0.0,0.0
198,1,9,7,0.0,0.0,0.0,0.0,0.0,0.0,0.0
199,1,9,8,30.71773663,118.55728488040076,29.238679189152265,12.10771228,123.6059072,76.96295044,12.10771228
200,1,9,9,239.4387525,813.2750425863975,96.39848261684476,56.12261709,667.1767014,577.1055826,56.12261709
201,1,9,10,384.0171268,965.7043008236412,83.83247601124926,92.65237233,656.1079854,818.6616025,92.65237233
202,1,9,11,465.904525,989.1218097656663,62.16978060266032,98.12199209,470.8941128,921.2381742,98.12199209
203,1,9,12,493.0773033,978.8618552628229,41.58486516522237,89.2132245,231.037095,946.4356458,89.2132245
204,1,9,13,473.8433751,965.3814990364158,23.557572867792782,72.87235899,72.87235899,921.8810147,166.298246
205,1,9,14,396.2733157,915.9443405230711,8.468167001485423,50.32361239,50.32361239,822.5870491,354.13994
206,1,9,15,282.2681988,842.4503952790245,0.0,28.22681988,28.22681988,678.5357249,488.0615641
207,1,9,16,140.803277,678.7749264956898,0.0,14.0803277,14.0803277,467.0409374,505.4967736
208,1,9,17,16.45740113,172.61306626755805,7.959548467996924,9.879439686,9.879439686,101.9811265,156.4704154
209,1,9,18,0.0,0.0,0.0,0.0,0.0,0.0,0.0
210,1,9,19,0.0,0.0,0.0,0.0,0.0,0.0,0.0
211,1,9,20,0.0,0.0,0.0,0.0,0.0,0.0,0.0
212,1,9,21,0.0,0.0,0.0,0.0,0.0,0.0,0.0
213,1,9,22,0.0,0.0,0.0,0.0,0.0,0.0,0.0
214,1,9,23,0.0,0.0,0.0,0.0,0.0,0.0,0.0
215,1,9,24,0.0,0.0,0.0,0.0,0.0,0.0,0.0
216,1,10,1,0.0,0.0,0.0,0.0,0.0,0.0,0.0
217,1,10,2,0.0,0.0,0.0,0.0,0.0,0.0,0.0
218,1,10,3,0.0,0.0,0.0,0.0,0.0,0.0,0.0
219,1,10,4,0.0,0.0,0.0,0.0,0.0,0.0,0.0
220,1,10,5,0.0,0.0,0.0,0.0,0.0,0.0,0.0
221,1,10,6,0.0,0.0,0.0,0.0,0.0,0.0,0.0
222,1,10,7,0.0,0.0,0.0,0.0,0.0,0.0,0.0
223,1,10,8,30.41559299,92.97079002111023,29.209171421058116,12.22662304,101.4065705,63.7429609,12.22662304
224,1,10,9,220.5406601,725.7136130736358,92.30508168587302,55.52270151,602.197104,518.8158551,55.52270151
225,1,10,10,344.1897468,855.54684545917,77.2353744690447,87.31794802,588.1973283,728.8161239,87.31794802
226,1,10,11,429.7934033,911.386558766317,56.36573583507054,91.50789212,436.8004107,848.3963889,91.50789212
227,1,10,12,477.9761445,946.5426892876761,39.56362260671491,86.21922342,225.1602966,913.8658111,86.21922342
228,1,10,13,459.4681753,932.695031252797,22.31534289266339,70.23993395,70.23993395,889.5432753,158.9430502
229,1,10,14,384.286825,885.0787294153071,7.298355036478204,47.73957871,47.73957871,793.2956028,340.1449191
230,1,10,15,270.5090205,800.7898014566372,0.0,27.05090205,27.05090205,644.5562236,463.3089079
231,1,10,16,135.2965487,643.3590529074327,0.0,13.52965487,13.52965487,442.2990606,478.7829629
232,1,10,17,17.57319665,184.95500252890494,7.935837839005553,10.03641759,10.03641759,108.5877347,167.0519482
233,1,10,18,0.0,0.0,0.0,0.0,0.0,0.0,0.0
234,1,10,19,0.0,0.0,0.0,0.0,0.0,0.0,0.0
235,1,10,20,0.0,0.0,0.0,0.0,0.0,0.0,0.0
236,1,10,21,0.0,0.0,0.0,0.0,0.0,0.0,0.0
237,1,10,22,0.0,0.0,0.0,0.0,0.0,0.0,0.0
238,1,10,23,0.0,0.0,0.0,0.0,0.0,0.0,0.0
239,1,10,24,0.0,0.0,0.0,0.0,0.0,0.0,0.0
240,1,11,1,0.0,0.0,0.0,0.0,0.0,0.0,0.0
241,1,11,2,0.0,0.0,0.0,0.0,0.0,0.0,0.0
242,1,11,3,0.0,0.0,0.0,0.0,0.0,0.0,0.0
243,1,11,4,0.0,0.0,0.0,0.0,0.0,0.0,0.0
244,1,11,5,0.0,0.0,0.0,0.0,0.0,0.0,0.0
245,1,11,6,0.0,0.0,0.0,0.0,0.0,0.0,0.0
246,1,11,7,0.0,0.0,0.0,0.0,0.0,0.0,0.0
247,1,11,8,11.02542615,13.398269633053456,10.843438418099447,6.588599767,21.2946399,15.02334849,6.588599767
248,1,11,9,70.6038408,48.80777254363165,61.9339335464193,35.02555332,72.93220608,66.95197292,35.02555332
249,1,11,10,125.9610469,65.56771165318473,105.41721914922967,60.56031146,99.90652365,110.6426536,60.56031146
250,1,11,11,165.8789329,75.5444356068595,134.79933111840992,78.28512699,107.5947483,142.0578049,78.28512699
251,1,11,12,441.8675859,860.603592246719,41.50494421540684,84.04865307,212.0277719,835.384686,84.04865307
252,1,11,13,461.5766302,933.7985993304486,21.694259338842226,69.83519582,69.83519582,889.0845496,157.0819775
253,1,11,14,400.7727595,918.0103833160096,7.333440757294652,49.37567208,49.37567208,821.9103551,351.4567677
254,1,11,15,283.7338167,832.9495817453703,0.0,28.37338167,28.37338167,669.9287937,481.282616
255,1,11,16,150.6398187,706.4477464033664,0.0,15.06398187,15.06398187,485.1844812,525.3524896
256,1,11,17,17.44704218,215.45084580200634,5.586121426642229,8.106894538,8.106894538,122.6110537,190.7584457
257,1,11,18,0.0,0.0,0.0,0.0,0.0,0.0,0.0
258,1,11,19,0.0,0.0,0.0,0.0,0.0,0.0,0.0
259,1,11,20,0.0,0.0,0.0,0.0,0.0,0.0,0.0
260,1,11,21,0.0,0.0,0.0,0.0,0.0,0.0,0.0
261,1,11,22,0.0,0.0,0.0,0.0,0.0,0.0,0.0
262,1,11,23,0.0,0.0,0.0,0.0,0.0,0.0,0.0
263,1,11,24,0.0,0.0,0.0,0.0,0.0,0.0,0.0
264,1,12,1,0.0,0.0,0.0,0.0,0.0,0.0,0.0
265,1,12,2,0.0,0.0,0.0,0.0,0.0,0.0,0.0
266,1,12,3,0.0,0.0,0.0,0.0,0.0,0.0,0.0
267,1,12,4,0.0,0.0,0.0,0.0,0.0,0.0,0.0
268,1,12,5,0.0,0.0,0.0,0.0,0.0,0.0,0.0
269,1,12,6,0.0,0.0,0.0,0.0,0.0,0.0,0.0
270,1,12,7,0.0,0.0,0.0,0.0,0.0,0.0,0.0
271,1,12,8,34.92476865,217.15249679647354,31.820493808081316,6.977876467,204.2861536,119.3135964,6.977876467
272,1,12,9,247.7294601,827.9639666170583,99.79328805111527,56.5881125,683.1966173,580.988536,56.5881125
273,1,12,10,382.8095997,951.2843362182039,83.41335375146744,92.7808775,653.4718034,801.9738247,92.7808775
274,1,12,11,475.2940115,997.0723177847717,63.312263028723635,99.79741364,481.5915795,924.2892085,99.79741364
275,1,12,12,511.0231685,1001.9199172517057,42.76793149293338,91.89758599,242.8078687,965.0787041,91.89758599
276,1,12,13,491.978247,987.8090496138266,24.212187444482577,75.18698478,75.18698478,940.6895058,165.8300726
277,1,12,14,412.5014365,937.8117657459519,8.010439277739069,51.2218931,51.2218931,839.5886115,358.6014364
278,1,12,15,292.4322477,851.1865490234778,0.0,29.24322477,29.24322477,683.9992447,491.1814619
279,1,12,16,153.9526735,711.9164815200812,0.0,15.39526735,15.39526735,488.3719418,529.0261073
280,1,12,17,16.14483265,245.8404679116704,1.8702907139586606,4.192371671,4.192371671,134.4978288,212.3379944
281,1,12,18,0.0,0.0,0.0,0.0,0.0,0.0,0.0
282,1,12,19,0.0,0.0,0.0,0.0,0.0,0.0,0.0
283,1,12,20,0.0,0.0,0.0,0.0,0.0,0.0,0.0
284,1,12,21,0.0,0.0,0.0,0.0,0.0,0.0,0.0
285,1,12,22,0.0,0.0,0.0,0.0,0.0,0.0,0.0
286,1,12,23,0.0,0.0,0.0,0.0,0.0,0.0,0.0
287,1,12,24,0.0,0.0,0.0,0.0,0.0,0.0,0.0
288,1,13,1,0.0,0.0,0.0,0.0,0.0,0.0,0.0
289,1,13,2,0.0,0.0,0.0,0.0,0.0,0.0,0.0
290,1,13,3,0.0,0.0,0.0,0.0,0.0,0.0,0.0
291,1,13,4,0.0,0.0,0.0,0.0,0.0,0.0,0.0
292,1,13,5,0.0,0.0,0.0,0.0,0.0,0.0,0.0
293,1,13,6,0.0,0.0,0.0,0.0,0.0,0.0,0.0
294,1,13,7,0.0,0.0,0.0,0.0,0.0,0.0,0.0
295,1,13,8,35.97828977,207.82817170161098,32.83721828289966,6.694280507,196.0424491,113.6802462,6.694280507
296,1,13,9,243.7588675,812.8551892125197,97.58699175822649,57.11709396,673.7957132,569.8390441,57.11709396
297,1,13,10,385.6528668,953.7433366719014,84.03576449002895,93.31832983,657.388548,802.1990311,93.31832983
298,1,13,11,462.3595665,966.8696083375817,61.02699032625977,97.43218148,469.6368772,895.1046638,97.43218148
299,1,13,12,496.5307437,970.6176846659298,40.718276751029684,88.98070815,237.0478414,933.3706775,88.98070815
300,1,13,13,495.418958,989.6818656441942,24.220788853243278,75.50207149,75.50207149,941.4350323,164.6622597
301,1,13,14,427.3350042,965.7236021242462,8.073765275236847,52.69084864,52.69084864,863.5974318,367.972421
302,1,13,15,296.1355114,854.4909931064025,0.0,29.61355114,29.61355114,685.9810818,492.4541539
303,1,13,16,152.9931586,697.511287874943,0.0,15.29931586,15.29931586,477.8571219,517.925787
304,1,13,17,17.38921011,229.08396929613062,3.382433850047333,5.912047807,5.912047807,127.2361202,200.0158898
305,1,13,18,0.0,0.0,0.0,0.0,0.0,0.0,0.0
306,1,13,19,0.0,0.0,0.0,0.0,0.0,0.0,0.0
307,1,13,20,0.0,0.0,0.0,0.0,0.0,0.0,0.0
308,1,13,21,0.0,0.0,0.0,0.0,0.0,0.0,0.0
309,1,13,22,0.0,0.0,0.0,0.0,0.0,0.0,0.0
310,1,13,23,0.0,0.0,0.0,0.0,0.0,0.0,0.0
311,1,13,24,0.0,0.0,0.0,0.0,0.0,0.0,0.0
312,1,14,1,0.0,0.0,0.0,0.0,0.0,0.0,0.0
313,1,14,2,0.0,0.0,0.0,0.0,0.0,0.0,0.0
314,1,14,3,0.0,0.0,0.0,0.0,0.0,0.0,0.0
315,1,14,4,0.0,0.0,0.0,0.0,0.0,0.0,0.0
316,1,14,5,0.0,0.0,0.0,0.0,0.0,0.0,0.0
317,1,14,6,0.0,0.0,0.0,0.0,0.0,0.0,0.0
318,1,14,7,0.0,0.0,0.0,0.0,0.0,0.0,0.0
319,1,14,8,12.74312876,19.19597054474903,12.43525865655884,7.559379795,27.31419919,18.63398564,7.559379795
320,1,14,9,73.81283044,52.977260636303896,64.21943162358889,36.41001757,77.78085959,70.5763156,36.41001757
321,1,14,10,129.0421792,67.19508102453567,107.68267554332064,61.93555384,102.6590232,112.77771,61.93555384
322,1,14,11,169.8455202,78.62696966546892,137.05128406563009,79.75171579,110.727445,145.6240952,79.75171579
323,1,14,12,282.2353573,276.8941275024448,151.55007270226832,113.3080629,156.2887388,354.8897459,113.3080629
324,1,14,13,349.878365,554.4893595153917,84.3991197743517,101.9544916,101.9544916,586.9716901,151.0390101
325,1,14,14,246.3376795,256.2280587124623,134.35018406367578,100.4105755,100.4105755,316.4312033,184.171876
326,1,14,15,183.4091295,218.62495986431873,106.96660372541011,78.51294169,78.51294169,246.971198,197.2560916
327,1,14,16,102.8642006,160.67368172533128,67.113496785961,47.91443846,47.91443846,154.833159,164.1833529
328,1,14,17,14.02408085,12.84623305384235,13.198264952973764,8.104009675,8.104009675,15.37340597,19.75457814
329,1,14,18,0.0,0.0,0.0,0.0,0.0,0.0,0.0
330,1,14,19,0.0,0.0,0.0,0.0,0.0,0.0,0.0
331,1,14,20,0.0,0.0,0.0,0.0,0.0,0.0,0.0
332,1,14,21,0.0,0.0,0.0,0.0,0.0,0.0,0.0
333,1,14,22,0.0,0.0,0.0,0.0,0.0,0.0,0.0
334,1,14,23,0.0,0.0,0.0,0.0,0.0,0.0,0.0
335,1,14,24,0.0,0.0,0.0,0.0,0.0,0.0,0.0
336,1,15,1,0.0,0.0,0.0,0.0,0.0,0.0,0.0
337,1,15,2,0.0,0.0,0.0,0.0,0.0,0.0,0.0
338,1,15,3,0.0,0.0,0.0,0.0,0.0,0.0,0.0
339,1,15,4,0.0,0.0,0.0,0.0,0.0,0.0,0.0
340,1,15,5,0.0,0.0,0.0,0.0,0.0,0.0,0.0
341,1,15,6,0.0,0.0,0.0,0.0,0.0,0.0,0.0
342,1,15,7,0.0,0.0,0.0,0.0,0.0,0.0,0.0
343,1,15,8,41.10498315,228.98858842870789,37.19641854084151,4.846503819,213.4280788,120.8354059,4.846503819
344,1,15,9,249.3787663,824.3365309531946,98.97505097653591,57.8354669,686.3510262,573.330391,57.8354669
345,1,15,10,402.2611863,984.4249109111895,87.62902361719351,95.92633559,682.1844458,822.9483435,95.92633559
346,1,15,11,499.2054969,1030.6734710187081,67.15132614776479,104.2745926,505.3096526,950.4429508,104.2745926
347,1,15,12,535.638018,1028.1751857579216,47.8412001513778,97.96777394,258.816691,989.0581921,97.96777394
348,1,15,13,516.9869779,1008.7427176441228,31.22737812926813,83.71840748,83.71840748,963.7126313,171.2250202
349,1,15,14,433.5977354,966.5143459400265,8.262828356092607,53.28665429,53.28665429,862.8271165,366.3598483
350,1,15,15,311.601345,883.1744423897093,0.0,31.1601345,31.1601345,707.3846334,507.6903317
351,1,15,16,164.2615288,727.6588690833918,0.0,16.42615288,16.42615288,496.9535363,539.4486992
352,1,15,17,19.4836855,269.720860981301,1.280555868268808,3.683186945,3.683186945,145.9832376,232.1872001
353,1,15,18,0.0,0.0,0.0,0.0,0.0,0.0,0.0
354,1,15,19,0.0,0.0,0.0,0.0,0.0,0.0,0.0
355,1,15,20,0.0,0.0,0.0,0.0,0.0,0.0,0.0
356,1,15,21,0.0,0.0,0.0,0.0,0.0,0.0,0.0
357,1,15,22,0.0,0.0,0.0,0.0,0.0,0.0,0.0
358,1,15,23,0.0,0.0,0.0,0.0,0.0,0.0,0.0
359,1,15,24,0.0,0.0,0.0,0.0,0.0,0.0,0.0
360,1,16,1,0.0,0.0,0.0,0.0,0.0,0.0,0.0
361,1,16,2,0.0,0.0,0.0,0.0,0.0,0.0,0.0
362,1,16,3,0.0,0.0,0.0,0.0,0.0,0.0,0.0
363,1,16,4,0.0,0.0,0.0,0.0,0.0,0.0,0.0
364,1,16,5,0.0,0.0,0.0,0.0,0.0,0.0,0.0
365,1,16,6,0.0,0.0,0.0,0.0,0.0,0.0,0.0
366,1,16,7,0.0,0.0,0.0,0.0,0.0,0.0,0.0
367,1,16,8,19.89090325,64.33852446823641,18.719593715606443,12.1845942,72.52541434,45.46067066,12.1845942
368,1,16,9,186.5644939,386.61165492524395,115.45424600991166,75.93736759,372.730108,317.6451604,75.93736759
369,1,16,10,361.2637045,879.5134203528892,78.53876538297655,90.10526312,615.7131239,737.4573352,90.10526312
370,1,16,11,447.3556778,924.6606681350293,57.692370609171064,94.43648205,456.1410609,851.5742342,94.43648205
371,1,16,12,456.0373245,871.214317043674,40.47417781284464,84.84383209,222.8411808,838.360465,84.84383209
372,1,16,13,463.0823215,913.6444588904094,20.500901210577634,68.65505849,68.65505849,864.3253331,146.3750929
373,1,16,14,389.1192065,866.0439066691747,5.316529295268003,45.37036215,45.37036215,769.7474648,324.7979209
374,1,16,15,291.1263573,817.617888219935,0.0,29.11263573,29.11263573,654.0176981,469.4115195
375,1,16,16,130.2482675,443.49521253374576,28.668524247531117,40.3715585,40.3715585,332.6469438,358.8265988
376,1,16,17,23.05726052,191.09996401658657,9.53637634426576,12.05042619,12.05042619,112.9797756,174.4645846
377,1,16,18,0.0,0.0,0.0,0.0,0.0,0.0,0.0
378,1,16,19,0.0,0.0,0.0,0.0,0.0,0.0,0.0
379,1,16,20,0.0,0.0,0.0,0.0,0.0,0.0,0.0
380,1,16,21,0.0,0.0,0.0,0.0,0.0,0.0,0.0
381,1,16,22,0.0,0.0,0.0,0.0,0.0,0.0,0.0
382,1,16,23,0.0,0.0,0.0,0.0,0.0,0.0,0.0
383,1,16,24,0.0,0.0,0.0,0.0,0.0,0.0,0.0
384,1,17,1,0.0,0.0,0.0,0.0,0.0,0.0,0.0
385,1,17,2,0.0,0.0,0.0,0.0,0.0,0.0,0.0
386,1,17,3,0.0,0.0,0.0,0.0,0.0,0.0,0.0
387,1,17,4,0.0,0.0,0.0,0.0,0.0,0.0,0.0
388,1,17,5,0.0,0.0,0.0,0.0,0.0,0.0,0.0
389,1,17,6,0.0,0.0,0.0,0.0,0.0,0.0,0.0
390,1,17,7,0.0,0.0,0.0,0.0,0.0,0.0,0.0
391,1,17,8,20.78726357,68.25907402534293,19.45976267050535,12.65095413,76.44166641,47.52908699,12.65095413
392,1,17,9,250.217163,813.7340674515075,99.25490843140746,58.46527254,682.0833162,562.6727317,58.46527254
393,1,17,10,398.2113394,962.1103935841033,87.05512810614592,95.76567391,672.7571644,801.447272,95.76567391
394,1,17,11,506.5917977,1034.7024868075505,68.1532692314358,105.6984912,512.6359054,950.6836081,105.6984912
395,1,17,12,543.6357927,1029.9618545251355,49.607435600185426,100.0352904,265.2030883,988.9716897,100.0352904
396,1,17,13,508.7692351,994.1376714818244,24.255733179895515,76.70732822,76.70732822,941.0104646,159.6086748
397,1,17,14,429.4193037,944.4181497738949,7.878264853540404,52.15441727,52.15441727,840.9599186,355.6896145
398,1,17,15,293.6317402,816.995621324141,0.011828106802825866,29.36317402,29.36317402,652.6160339,468.4819208
399,1,17,16,150.1613449,645.994274328106,0.022851131270958006,15.01613449,15.01613449,439.5873524,478.1649782
400,1,17,17,23.67030905,241.54197083767392,5.778026553418299,8.791824922,8.791824922,135.9043683,213.808566
401,1,17,18,0.0,0.0,0.0,0.0,0.0,0.0,0.0
402,1,17,19,0.0,0.0,0.0,0.0,0.0,0.0,0.0
403,1,17,20,0.0,0.0,0.0,0.0,0.0,0.0,0.0
404,1,17,21,0.0,0.0,0.0,0.0,0.0,0.0,0.0
405,1,17,22,0.0,0.0,0.0,0.0,0.0,0.0,0.0
406,1,17,23,0.0,0.0,0.0,0.0,0.0,0.0,0.0
407,1,17,24,0.0,0.0,0.0,0.0,0.0,0.0,0.0
408,1,18,1,0.0,0.0,0.0,0.0,0.0,0.0,0.0
409,1,18,2,0.0,0.0,0.0,0.0,0.0,0.0,0.0
410,1,18,3,0.0,0.0,0.0,0.0,0.0,0.0,0.0
411,1,18,4,0.0,0.0,0.0,0.0,0.0,0.0,0.0
412,1,18,5,0.0,0.0,0.0,0.0,0.0,0.0,0.0
413,1,18,6,0.0,0.0,0.0,0.0,0.0,0.0,0.0
414,1,18,7,0.0,0.0,0.0,0.0,0.0,0.0,0.0
415,1,18,8,37.72552867,78.26828968163542,36.09783212266822,16.32888278,91.9235924,57.29792509,16.32888278
416,1,18,9,216.8291666,516.204465536876,120.18970983224975,73.54720706,471.2086866,392.687396,73.54720706
417,1,18,10,380.1896415,913.9306853156971,82.73146763709325,93.30667077,643.3306556,761.2238469,93.30667077
418,1,18,11,468.4237482,953.1976795826602,62.209230757450996,99.1528082,476.0453404,875.3889708,99.1528082
419,1,18,12,503.9244801,957.1013925637521,42.19973535727165,91.01032066,246.3757268,915.1992621,91.01032066
420,1,18,13,485.7301026,942.2305707675355,23.641330021264213,73.79092,73.79092,891.5024991,150.781806
421,1,18,14,424.4836275,926.2970121012,8.005768248164296,51.64473249,51.64473249,824.1373896,348.1994452
422,1,18,15,313.2648757,862.9225477943226,0.207338424029799,31.32648757,31.32648757,688.6719725,494.5014342
423,1,18,16,168.1329167,711.9440375713904,0.22046849491110435,16.81329167,16.81329167,483.9976021,527.1211815
424,1,18,17,24.95084979,265.6397042249322,4.376055052955225,7.43362472,7.43362472,146.8744901,232.8895242
425,1,18,18,0.0,0.0,0.0,0.0,0.0,0.0,0.0
426,1,18,19,0.0,0.0,0.0,0.0,0.0,0.0,0.0
427,1,18,20,0.0,0.0,0.0,0.0,0.0,0.0,0.0
428,1,18,21,0.0,0.0,0.0,0.0,0.0,0.0,0.0
429,1,18,22,0.0,0.0,0.0,0.0,0.0,0.0,0.0
430,1,18,23,0.0,0.0,0.0,0.0,0.0,0.0,0.0
431,1,18,24,0.0,0.0,0.0,0.0,0.0,0.0,0.0
432,1,19,1,0.0,0.0,0.0,0.0,0.0,0.0,0.0
433,1,19,2,0.0,0.0,0.0,0.0,0.0,0.0,0.0
434,1,19,3,0.0,0.0,0.0,0.0,0.0,0.0,0.0
435,1,19,4,0.0,0.0,0.0,0.0,0.0,0.0,0.0
436,1,19,5,0.0,0.0,0.0,0.0,0.0,0.0,0.0
437,1,19,6,0.0,0.0,0.0,0.0,0.0,0.0,0.0
438,1,19,7,0.0,0.0,0.0,0.0,0.0,0.0,0.0
439,1,19,8,8.021200371,0.0,8.021200371,4.364113398,5.24489991,4.837152152,4.364113398
440,1,19,9,79.06900961,58.23955689294533,68.06101062556097,38.73884791,84.70570111,75.35007258,38.73884791
441,1,19,10,134.8650368,71.33867155529103,111.49173076074315,64.32857945,108.2746301,117.3075546,64.32857945
442,1,19,11,176.1327988,80.77898830078405,141.50377190390606,82.51163458,115.1853409,149.2513381,82.51163458
443,1,19,12,198.0656966,85.49437056707126,156.57697012656024,91.84602335,106.123946,166.5025549,91.84602335
444,1,19,13,81.96130809,13.022417750821374,75.53396883519333,42.46850193,42.46850193,54.33667988,43.56499412
445,1,19,14,72.26592716,4.307795379930504,70.31465381386899,36.88290376,36.88290376,41.04512627,38.47710509
446,1,19,15,54.8333857,7.164243096568448,52.20942785508206,28.98346468,28.98346468,34.91566258,33.1641702
447,1,19,16,31.95968749,3.4197806750020887,31.141164257161723,17.09975417,17.09975417,19.71980255,19.96582227
448,1,19,17,18.32623116,3.0037901174855985,18.083265089113592,9.878287567,9.878287567,11.97130882,13.27134449
449,1,19,18,0.0,0.0,0.0,0.0,0.0,0.0,0.0
450,1,19,19,0.0,0.0,0.0,0.0,0.0,0.0,0.0
451,1,19,20,0.0,0.0,0.0,0.0,0.0,0.0,0.0
452,1,19,21,0.0,0.0,0.0,0.0,0.0,0.0,0.0
453,1,19,22,0.0,0.0,0.0,0.0,0.0,0.0,0.0
454,1,19,23,0.0,0.0,0.0,0.0,0.0,0.0,0.0
455,1,19,24,0.0,0.0,0.0,0.0,0.0,0.0,0.0
456,1,20,1,0.0,0.0,0.0,0.0,0.0,0.0,0.0
457,1,20,2,0.0,0.0,0.0,0.0,0.0,0.0,0.0
458,1,20,3,0.0,0.0,0.0,0.0,0.0,0.0,0.0
459,1,20,4,0.0,0.0,0.0,0.0,0.0,0.0,0.0
460,1,20,5,0.0,0.0,0.0,0.0,0.0,0.0,0.0
461,1,20,6,0.0,0.0,0.0,0.0,0.0,0.0,0.0
462,1,20,7,0.0,0.0,0.0,0.0,0.0,0.0,0.0
463,1,20,8,7.722876255,5.55230837638073,7.590676448384067,4.635961077,10.78970124,7.91026605,4.635961077
464,1,20,9,32.75877026,3.7925452198255263,32.034698368458166,17.58839158,21.08485017,20.3516625,17.58839158
465,1,20,10,120.2893843,49.663605880726465,103.90480179798497,59.30673951,90.21936405,96.2983833,59.30673951
466,1,20,11,156.3065771,32.94541596565079,142.09659903820142,76.22700021,89.9710362,104.0667035,76.22700021
467,1,20,12,175.3671022,34.38420732746612,158.57948577589258,85.33129723,91.2875331,116.0291122,85.33129723
468,1,20,13,176.4650006,33.70191483755042,159.72231693880053,85.93778606,85.93778606,116.3054038,88.68975288
469,1,20,14,218.2320486,157.85447516784598,146.18881038268492,96.01931501,96.01931501,228.4061531,146.6140661
470,1,20,15,55.85223244,7.359895645735459,53.13056057538394,29.50534935,29.50534935,35.58040794,33.78802566
471,1,20,16,31.97514766,3.427925411530041,31.14247212994686,17.10194801,17.10194801,19.71712493,19.96724672
472,1,20,17,8.165869262,4.406464712981609,7.794089342275439,4.794878527,4.794878527,7.310208566,8.884028707
473,1,20,18,0.0,0.0,0.0,0.0,0.0,0.0,0.0
474,1,20,19,0.0,0.0,0.0,0.0,0.0,0.0,0.0
475,1,20,20,0.0,0.0,0.0,0.0,0.0,0.0,0.0
476,1,20,21,0.0,0.0,0.0,0.0,0.0,0.0,0.0
477,1,20,22,0.0,0.0,0.0,0.0,0.0,0.0,0.0
478,1,20,23,0.0,0.0,0.0,0.0,0.0,0.0,0.0
479,1,20,24,0.0,0.0,0.0,0.0,0.0,0.0,0.0
480,1,21,1,0.0,0.0,0.0,0.0,0.0,0.0,0.0
481,1,21,2,0.0,0.0,0.0,0.0,0.0,0.0,0.0
482,1,21,3,0.0,0.0,0.0,0.0,0.0,0.0,0.0
483,1,21,4,0.0,0.0,0.0,0.0,0.0,0.0,0.0
484,1,21,5,0.0,0.0,0.0,0.0,0.0,0.0,0.0
485,1,21,6,0.0,0.0,0.0,0.0,0.0,0.0,0.0
486,1,21,7,0.0,0.0,0.0,0.0,0.0,0.0,0.0
487,1,21,8,62.62042244,345.48709715760054,53.81932155211243,-3.331272919,310.4034818,162.3256603,-3.331272919
488,1,21,9,275.9504053,856.6476178015371,110.67479420942037,59.15564656,722.1459872,579.9192788,59.15564656
489,1,21,10,423.8038357,996.8287836415109,92.56957666663693,99.94973068,705.5287276,820.6633137,99.94973068
490,1,21,11,521.9415288,1040.5100131679735,70.30898814727608,108.5779847,525.6770641,948.7784085,108.5779847
491,1,21,12,559.3221057,1032.9834253429372,51.83154561060301,103.1912418,275.911669,986.6008738,103.1912418
492,1,21,13,539.5974062,1011.6762059624101,33.656896234530116,87.85100411,87.85100411,960.6482427,166.5461366
493,1,21,14,456.8647825,970.4171783714519,10.575340030628137,57.52017321,57.52017321,862.3729761,365.5850745
494,1,21,15,333.435202,891.8398641433839,0.4171590385913468,33.3435202,33.3435202,708.9385997,510.8958782
495,1,21,16,182.339119,737.8867404363801,0.42938469421907904,18.2339119,18.2339119,499.3747495,547.2896179
496,1,21,17,32.14126451,362.96758944859596,0.23399194911606563,3.214126451,3.214126451,191.9954486,311.5930355
497,1,21,18,0.0,0.0,0.0,0.0,0.0,0.0,0.0
498,1,21,19,0.0,0.0,0.0,0.0,0.0,0.0,0.0
499,1,21,20,0.0,0.0,0.0,0.0,0.0,0.0,0.0
500,1,21,21,0.0,0.0,0.0,0.0,0.0,0.0,0.0
501,1,21,22,0.0,0.0,0.0,0.0,0.0,0.0,0.0
502,1,21,23,0.0,0.0,0.0,0.0,0.0,0.0,0.0
503,1,21,24,0.0,0.0,0.0,0.0,0.0,0.0,0.0
504,1,22,1,0.0,0.0,0.0,0.0,0.0,0.0,0.0
505,1,22,2,0.0,0.0,0.0,0.0,0.0,0.0,0.0
506,1,22,3,0.0,0.0,0.0,0.0,0.0,0.0,0.0
507,1,22,4,0.0,0.0,0.0,0.0,0.0,0.0,0.0
508,1,22,5,0.0,0.0,0.0,0.0,0.0,0.0,0.0
509,1,22,6,0.0,0.0,0.0,0.0,0.0,0.0,0.0
510,1,22,7,0.0,0.0,0.0,0.0,0.0,0.0,0.0
511,1,22,8,58.88932343,294.8407173501048,50.85672895721586,0.56597818,269.0305217,141.1462088,0.56597818
512,1,22,9,271.5798293,835.791044420676,108.55761286036139,60.22468301,708.4308252,565.9836712,60.22468301
513,1,22,10,428.8152344,999.5788188054304,94.1884119084576,100.8686884,709.7078855,821.0936205,100.8686884
514,1,22,11,525.748238,1040.829296401096,71.03260689843012,109.2900354,527.9873408,947.4262872,109.2900354
515,1,22,12,548.9665977,1017.5864557409916,45.842904966533936,98.15455527,269.4524766,966.2795775,98.15455527
516,1,22,13,528.8700375,999.9763907781273,25.382612169604535,79.66369333,79.66369333,940.3978969,156.6387796
517,1,22,14,447.4097473,948.0395972538295,8.018274971327054,53.87037233,53.87037233,838.4091416,354.416348
518,1,22,15,326.4136157,864.891156872589,0.2809927455155425,32.64136157,32.64136157,686.2634861,495.7366756
519,1,22,16,179.4159561,715.9225543175274,0.2899691905858772,17.94159561,17.94159561,483.4538115,531.521474
520,1,22,17,33.73820464,366.97711860331515,0.16344327440066952,3.373820464,3.373820464,193.5389221,315.4442735
521,1,22,18,0.0,0.0,0.0,0.0,0.0,0.0,0.0
522,1,22,19,0.0,0.0,0.0,0.0,0.0,0.0,0.0
523,1,22,20,0.0,0.0,0.0,0.0,0.0,0.0,0.0
524,1,22,21,0.0,0.0,0.0,0.0,0.0,0.0,0.0
525,1,22,22,0.0,0.0,0.0,0.0,0.0,0.0,0.0
526,1,22,23,0.0,0.0,0.0,0.0,0.0,0.0,0.0
527,1,22,24,0.0,0.0,0.0,0.0,0.0,0.0,0.0
528,1,23,1,0.0,0.0,0.0,0.0,0.0,0.0,0.0
529,1,23,2,0.0,0.0,0.0,0.0,0.0,0.0,0.0
530,1,23,3,0.0,0.0,0.0,0.0,0.0,0.0,0.0
531,1,23,4,0.0,0.0,0.0,0.0,0.0,0.0,0.0
532,1,23,5,0.0,0.0,0.0,0.0,0.0,0.0,0.0
533,1,23,6,0.0,0.0,0.0,0.0,0.0,0.0,0.0
534,1,23,7,0.0,0.0,0.0,0.0,0.0,0.0,0.0
535,1,23,8,66.52065812,337.7871644186172,56.68510464271384,-2.621380522,304.7316902,156.9622715,-2.621380522
536,1,23,9,274.7067505,838.096730278164,109.37193270392784,61.01989888,712.372768,565.7919668,61.01989888
537,1,23,10,411.7482927,950.9394648780558,90.94934507863161,98.88671156,679.6017471,781.6528352,98.88671156
538,1,23,11,497.3925828,975.9039938324626,68.18581819032214,105.1834939,499.1258556,888.807963,105.1834939
539,1,23,12,533.2100348,979.3557854067105,45.82286689532979,96.53465001,262.4887182,929.9945228,96.53465001
540,1,23,13,513.9584253,962.5966265900365,25.9416655219805,78.69265252,78.69265252,905.3587403,152.0492733
541,1,23,14,426.6696819,892.527936717071,9.746660141530585,53.79335713,53.79335713,790.7100119,336.3971191
542,1,23,15,297.5414107,780.9431991656124,0.14530874279340025,29.75414107,29.75414107,618.4634789,447.9065349
543,1,23,16,152.4453114,552.3478150805006,12.186323253473395,28.74667325,28.74667325,386.9783278,425.3656397
544,1,23,17,32.97292436,207.19604563099375,13.264515137038863,16.3221548,16.3221548,123.5935456,193.2123138
545,1,23,18,0.0,0.0,0.0,0.0,0.0,0.0,0.0
546,1,23,19,0.0,0.0,0.0,0.0,0.0,0.0,0.0
547,1,23,20,0.0,0.0,0.0,0.0,0.0,0.0,0.0
548,1,23,21,0.0,0.0,0.0,0.0,0.0,0.0,0.0
549,1,23,22,0.0,0.0,0.0,0.0,0.0,0.0,0.0
550,1,23,23,0.0,0.0,0.0,0.0,0.0,0.0,0.0
551,1,23,24,0.0,0.0,0.0,0.0,0.0,0.0,0.0
552,1,24,1,0.0,0.0,0.0,0.0,0.0,0.0,0.0
553,1,24,2,0.0,0.0,0.0,0.0,0.0,0.0,0.0
554,1,24,3,0.0,0.0,0.0,0.0,0.0,0.0,0.0
555,1,24,4,0.0,0.0,0.0,0.0,0.0,0.0,0.0
556,1,24,5,0.0,0.0,0.0,0.0,0.0,0.0,0.0
557,1,24,6,0.0,0.0,0.0,0.0,0.0,0.0,0.0
558,1,24,7,0.0,0.0,0.0,0.0,0.0,0.0,0.0
559,1,24,8,73.42370134,362.09714030328024,62.16418015802453,-6.274873159,323.4334411,163.4393765,-6.274873159
560,1,24,9,286.6971102,864.7067299959434,114.1012939574359,61.3636221,734.8082207,579.6645937,61.3636221
561,1,24,10,416.1373479,951.6935043244127,92.53128337438886,99.77465919,682.4419226,780.612779,99.77465919
562,1,24,11,492.3300716,956.2239648570262,68.88934639804972,105.0150778,492.3296889,870.5969067,105.0150778
563,1,24,12,510.7662162,925.4982407632037,47.1082678185345,95.14951892,252.985434,880.7938761,95.14951892
564,1,24,13,508.5333872,942.9451496562788,27.12246839397849,79.22056579,79.22056579,887.0909431,150.3864429
565,1,24,14,430.8836081,893.3221024243213,10.263827093305782,54.85642291,54.85642291,790.6619436,337.3960896
566,1,24,15,333.4987797,866.9824824381716,0.04440367977249396,33.34987797,33.34987797,685.2152078,497.6118252
567,1,24,16,185.3413898,718.9866907744222,0.04859437744423735,18.53413898,18.53413898,483.2232966,534.938589
568,1,24,17,34.40292171,347.9966726418334,0.023190444361234706,3.440292171,3.440292171,182.3407944,299.9450127
569,1,24,18,0.0,0.0,0.0,0.0,0.0,0.0,0.0
570,1,24,19,0.0,0.0,0.0,0.0,0.0,0.0,0.0
571,1,24,20,0.0,0.0,0.0,0.0,0.0,0.0,0.0
572,1,24,21,0.0,0.0,0.0,0.0,0.0,0.0,0.0
573,1,24,22,0.0,0.0,0.0,0.0,0.0,0.0,0.0
574,1,24,23,0.0,0.0,0.0,0.0,0.0,0.0,0.0
575,1,24,24,0.0,0.0,0.0,0.0,0.0,0.0,0.0
576,1,25,1,0.0,0.0,0.0,0.0,0.0,0.0,0.0
577,1,25,2,0.0,0.0,0.0,0.0,0.0,0.0,0.0
578,1,25,3,0.0,0.0,0.0,0.0,0.0,0.0,0.0
579,1,25,4,0.0,0.0,0.0,0.0,0.0,0.0,0.0
580,1,25,5,0.0,0.0,0.0,0.0,0.0,0.0,0.0
581,1,25,6,0.0,0.0,0.0,0.0,0.0,0.0,0.0
582,1,25,7,0.0,0.0,0.0,0.0,0.0,0.0,0.0
583,1,25,8,76.43749058,367.37355683253094,64.24934485440781,-6.05271763,328.6893596,164.7367743,-6.05271763
584,1,25,9,291.2477874,868.1167641978308,115.86277511388406,62.01733197,739.5297797,579.8058065,62.01733197
585,1,25,10,441.7706077,1007.0943118272161,96.52509935904658,103.117554,721.2429563,820.8894819,103.117554
586,1,25,11,540.1448215,1043.998005642554,74.58294167098008,112.3115294,536.5794644,945.6347085,112.3115294
587,1,25,12,577.7057416,1036.3403192061946,54.98655256650753,106.9456181,284.7787941,984.3805109,106.9456181
588,1,25,13,541.7293084,1004.6074873087694,25.1825416998192,80.81483522,80.81483522,939.3578733,155.9282291
589,1,25,14,435.1596612,894.1057130499751,10.781066941166177,55.91928816,55.91928816,790.5337068,338.4253721
590,1,25,15,322.7642783,830.8557998121507,0.0,32.27642783,32.27642783,655.4051107,477.3549212
591,1,25,16,163.2283475,614.2935207487094,2.5628884628414768,19.50282827,19.50282827,415.2717701,461.0456369
592,1,25,17,34.46653908,295.3071943871558,4.194903043287812,8.382123068,8.382123068,159.6414586,260.4082285
593,1,25,18,0.0,0.0,0.0,0.0,0.0,0.0,0.0
594,1,25,19,0.0,0.0,0.0,0.0,0.0,0.0,0.0
595,1,25,20,0.0,0.0,0.0,0.0,0.0,0.0,0.0
596,1,25,21,0.0,0.0,0.0,0.0,0.0,0.0,0.0
597,1,25,22,0.0,0.0,0.0,0.0,0.0,0.0,0.0
598,1,25,23,0.0,0.0,0.0,0.0,0.0,0.0,0.0
599,1,25,24,0.0,0.0,0.0,0.0,0.0,0.0,0.0
600,1,26,1,0.0,0.0,0.0,0.0,0.0,0.0,0.0
601,1,26,2,0.0,0.0,0.0,0.0,0.0,0.0,0.0
602,1,26,3,0.0,0.0,0.0,0.0,0.0,0.0,0.0
603,1,26,4,0.0,0.0,0.0,0.0,0.0,0.0,0.0
604,1,26,5,0.0,0.0,0.0,0.0,0.0,0.0,0.0
605,1,26,6,0.0,0.0,0.0,0.0,0.0,0.0,0.0
606,1,26,7,0.0,0.0,0.0,0.0,0.0,0.0,0.0
607,1,26,8,10.07092173,0.7344276227408263,10.044952046615721,5.462463502,7.246152773,6.364362992,5.462463502
608,1,26,9,35.61390599,3.3912377907893037,34.92019494897155,19.17342033,22.41081814,21.63005757,19.17342033
609,1,26,10,59.38297334,7.854873775733644,56.66759708937504,31.45053209,36.72641546,37.53840013,31.45053209
610,1,26,11,76.79667444,3.252707671033199,75.33572406890201,39.4956168,41.12527006,42.67621285,39.4956168
611,1,26,12,86.53931444,4.2599312018578015,84.3757738358238,44.40460871,45.26730658,48.62451801,44.40460871
612,1,26,13,86.58913127,4.274405575814656,84.37545357237406,44.41739502,44.41739502,48.67875126,44.78785728
613,1,26,14,374.7711221,690.3828148922108,44.42453447604192,79.53765139,79.53765139,645.5709138,297.5889918
614,1,26,15,317.6913166,809.6402547427259,0.0,31.76913166,31.76913166,637.4559196,465.7227493
615,1,26,16,175.0279225,659.4276530478691,0.0,17.50279225,17.50279225,441.2785415,492.2441331
616,1,26,17,39.53155631,372.010492194111,0.0,3.953155631,3.953155631,194.0425277,322.4375142
617,1,26,18,0.0,0.0,0.0,0.0,0.0,0.0,0.0
618,1,26,19,0.0,0.0,0.0,0.0,0.0,0.0,0.0
619,1,26,20,0.0,0.0,0.0,0.0,0.0,0.0,0.0
620,1,26,21,0.0,0.0,0.0,0.0,0.0,0.0,0.0
621,1,26,22,0.0,0.0,0.0,0.0,0.0,0.0,0.0
622,1,26,23,0.0,0.0,0.0,0.0,0.0,0.0,0.0
623,1,26,24,0.0,0.0,0.0,0.0,0.0,0.0,0.0
624,1,27,1,0.0,0.0,0.0,0.0,0.0,0.0,0.0
625,1,27,2,0.0,0.0,0.0,0.0,0.0,0.0,0.0
626,1,27,3,0.0,0.0,0.0,0.0,0.0,0.0,0.0
627,1,27,4,0.0,0.0,0.0,0.0,0.0,0.0,0.0
628,1,27,5,0.0,0.0,0.0,0.0,0.0,0.0,0.0
629,1,27,6,0.0,0.0,0.0,0.0,0.0,0.0,0.0
630,1,27,7,0.0,0.0,0.0,0.0,0.0,0.0,0.0
631,1,27,8,86.69293064,431.6590666042475,70.44239381023715,-7.677360469,385.4270455,189.2751011,-7.677360469
632,1,27,9,299.8186734,875.9177849356906,118.33636074610558,63.71842347,750.125128,580.839639,63.71842347
633,1,27,10,451.0109568,1012.3936440174623,98.02017879908699,104.6977134,729.1470589,820.6798498,104.6977134
634,1,27,11,462.3707879,857.3137970983437,74.48166899003616,104.5683999,455.2614437,784.6741777,104.5683999
635,1,27,12,394.422929,566.9793928323529,104.43781806017793,117.0148346,215.5574482,594.9541194,117.0148346
636,1,27,13,385.461433,571.8082745924717,87.16139527258578,108.5901078,108.5901078,595.2446129,150.6515925
637,1,27,14,273.6202962,267.2728411499731,144.68284221565847,109.3078331,109.3078331,328.8101408,194.0309834
638,1,27,15,208.5487885,228.652691652162,117.92146538933103,87.47326135,87.47326135,258.9192178,210.7105187
639,1,27,16,155.702467,469.13296772593446,29.342331225799057,44.28039464,44.28039464,344.7299338,382.3210437
640,1,27,17,38.80268061,352.56519183585095,0.0,3.880268061,3.880268061,183.4470198,306.4792331
641,1,27,18,0.0,0.0,0.0,0.0,0.0,0.0,0.0
642,1,27,19,0.0,0.0,0.0,0.0,0.0,0.0,0.0
643,1,27,20,0.0,0.0,0.0,0.0,0.0,0.0,0.0
644,1,27,21,0.0,0.0,0.0,0.0,0.0,0.0,0.0
645,1,27,22,0.0,0.0,0.0,0.0,0.0,0.0,0.0
646,1,27,23,0.0,0.0,0.0,0.0,0.0,0.0,0.0
647,1,27,24,0.0,0.0,0.0,0.0,0.0,0.0,0.0
648,1,28,1,0.0,0.0,0.0,0.0,0.0,0.0,0.0
649,1,28,2,0.0,0.0,0.0,0.0,0.0,0.0,0.0
650,1,28,3,0.0,0.0,0.0,0.0,0.0,0.0,0.0
651,1,28,4,0.0,0.0,0.0,0.0,0.0,0.0,0.0
652,1,28,5,0.0,0.0,0.0,0.0,0.0,0.0,0.0
653,1,28,6,0.0,0.0,0.0,0.0,0.0,0.0,0.0
654,1,28,7,0.0,0.0,0.0,0.0,0.0,0.0,0.0
655,1,28,8,85.96632017,393.54412200968096,70.21096741860612,-4.576900027,354.6418731,173.7243189,-4.576900027
656,1,28,9,294.7456477,727.9233441637266,141.93865132131316,86.74780742,659.0480026,514.7615483,86.74780742
657,1,28,10,441.9838003,980.442098543582,97.12212588926802,103.9134116,710.1255779,794.5355734,103.9134116
658,1,28,11,554.7814845,1047.436024981553,77.32473232777556,115.004718,544.7368327,943.1002675,115.004718
659,1,28,12,593.2572304,1040.178986434173,57.44936677987089,109.9660675,291.5396494,983.2775011,109.9660675
660,1,28,13,570.7355629,1017.1060645005598,36.20907016339422,93.1533495,93.1533495,955.5574025,167.2980894
661,1,28,14,486.2330542,975.6049314120761,11.697503782129909,62.24974095,62.24974095,857.3516071,369.8104973
662,1,28,15,349.1973687,872.1795466430756,0.0,34.91973687,34.91973687,683.8423248,502.9898946
663,1,28,16,192.6065222,704.7038979685901,0.0,19.26065222,19.26065222,469.3427984,527.9499378
664,1,28,17,37.07820726,113.6630440617985,24.13340484606469,20.31964163,20.31964163,78.16734904,118.3913839
665,1,28,18,0.0,0.0,0.0,0.0,0.0,0.0,0.0
666,1,28,19,0.0,0.0,0.0,0.0,0.0,0.0,0.0
667,1,28,20,0.0,0.0,0.0,0.0,0.0,0.0,0.0
668,1,28,21,0.0,0.0,0.0,0.0,0.0,0.0,0.0
669,1,28,22,0.0,0.0,0.0,0.0,0.0,0.0,0.0
670,1,28,23,0.0,0.0,0.0,0.0,0.0,0.0,0.0
671,1,28,24,0.0,0.0,0.0,0.0,0.0,0.0,0.0
672,1,29,1,0.0,0.0,0.0,0.0,0.0,0.0,0.0
673,1,29,2,0.0,0.0,0.0,0.0,0.0,0.0,0.0
674,1,29,3,0.0,0.0,0.0,0.0,0.0,0.0,0.0
675,1,29,4,0.0,0.0,0.0,0.0,0.0,0.0,0.0
676,1,29,5,0.0,0.0,0.0,0.0,0.0,0.0,0.0
677,1,29,6,0.0,0.0,0.0,0.0,0.0,0.0,0.0
678,1,29,7,0.0,0.0,0.0,0.0,0.0,0.0,0.0
679,1,29,8,85.24168404,371.47298841452266,69.44546160545438,-1.814037632,337.767868,165.1448643,-1.814037632
680,1,29,9,299.13934,728.8927088773562,144.06662983297585,87.92226193,662.143757,514.2017255,87.92226193
681,1,29,10,460.6404059,1017.6609271979087,99.46626596146227,106.3301973,737.0298029,820.2122208,106.3301973
682,1,29,11,559.1924671,1047.6927380104823,77.97948213124825,115.7509597,546.8818672,941.2636813,115.7509597
683,1,29,12,596.9236951,1039.911829652421,57.3710531278064,110.2794487,292.7587114,980.7677042,110.2794487
684,1,29,13,559.6592157,1008.8320891854572,25.51926372499893,82.96747264,82.96747264,935.8579174,155.9497452
685,1,29,14,468.9002657,937.3389358000408,9.189117837305767,57.88055927,57.88055927,819.5635198,353.2241851
686,1,29,15,353.0704253,872.9809766747793,0.0,35.30704253,35.30704253,682.9237616,504.1458847
687,1,29,16,209.1805539,754.2832326276576,0.0,20.91805539,20.91805539,501.0442626,566.1320694
688,1,29,17,50.77576929,431.21455216450215,0.0,5.077576929,5.077576929,223.0411284,376.9239316
689,1,29,18,0.0,0.0,0.0,0.0,0.0,0.0,0.0
690,1,29,19,0.0,0.0,0.0,0.0,0.0,0.0,0.0
691,1,29,20,0.0,0.0,0.0,0.0,0.0,0.0,0.0
692,1,29,21,0.0,0.0,0.0,0.0,0.0,0.0,0.0
693,1,29,22,0.0,0.0,0.0,0.0,0.0,0.0,0.0
694,1,29,23,0.0,0.0,0.0,0.0,0.0,0.0,0.0
695,1,29,24,0.0,0.0,0.0,0.0,0.0,0.0,0.0
696,1,30,1,0.0,0.0,0.0,0.0,0.0,0.0,0.0
697,1,30,2,0.0,0.0,0.0,0.0,0.0,0.0,0.0
698,1,30,3,0.0,0.0,0.0,0.0,0.0,0.0,0.0
699,1,30,4,0.0,0.0,0.0,0.0,0.0,0.0,0.0
700,1,30,5,0.0,0.0,0.0,0.0,0.0,0.0,0.0
701,1,30,6,0.0,0.0,0.0,0.0,0.0,0.0,0.0
702,1,30,7,0.0,0.0,0.0,0.0,0.0,0.0,0.0
703,1,30,8,89.85884519,359.71465569715446,73.63141849939535,8.620589746,338.2343959,169.1183098,8.620589746
704,1,30,9,292.0327551,694.9528150924622,142.14698601300432,88.43801479,637.0630355,492.670242,88.43801479
705,1,30,10,442.9740906,961.7102568436895,98.52460339045564,104.6881906,702.1269308,776.5246473,104.6881906
706,1,30,11,538.6167334,1004.6179321440105,73.61340482743205,111.915394,526.5216526,900.7434725,111.915394
707,1,30,12,565.6606429,987.7621406867823,49.40262232138396,102.0871055,276.2753018,926.3534202,102.0871055
708,1,30,13,534.278749,945.7208954917564,29.777082883538508,84.19676406,84.19676406,881.4337343,152.1367721
709,1,30,14,456.3986455,897.0808796028451,12.755514298342817,60.48831877,60.48831877,787.2947651,343.0533877
710,1,30,15,287.1092981,613.7813074429262,36.3438439589871,64.58140506,64.58140506,518.0578403,394.139776
711,1,30,16,153.1389384,326.9022117289438,61.15840039908594,61.43776382,61.43776382,268.7927262,298.0649142
712,1,30,17,28.72446325,8.89033584615362,27.64299563852406,15.21379216,15.21379216,20.1602636,23.70762043
713,1,30,18,0.0,0.0,0.0,0.0,0.0,0.0,0.0
714,1,30,19,0.0,0.0,0.0,0.0,0.0,0.0,0.0
715,1,30,20,0.0,0.0,0.0,0.0,0.0,0.0,0.0
716,1,30,21,0.0,0.0,0.0,0.0,0.0,0.0,0.0
717,1,30,22,0.0,0.0,0.0,0.0,0.0,0.0,0.0
718,1,30,23,0.0,0.0,0.0,0.0,0.0,0.0,0.0
719,1,30,24,0.0,0.0,0.0,0.0,0.0,0.0,0.0
720,1,31,1,0.0,0.0,0.0,0.0,0.0,0.0,0.0
721,1,31,2,0.0,0.0,0.0,0.0,0.0,0.0,0.0
722,1,31,3,0.0,0.0,0.0,0.0,0.0,0.0,0.0
723,1,31,4,0.0,0.0,0.0,0.0,0.0,0.0,0.0
724,1,31,5,0.0,0.0,0.0,0.0,0.0,0.0,0.0
725,1,31,6,0.0,0.0,0.0,0.0,0.0,0.0,0.0
726,1,31,7,0.0,0.0,0.0,0.0,0.0,0.0,0.0
727,1,31,8,13.09338982,0.8927278355279764,13.050717530160876,7.110526296,9.008141439,8.025480623,7.110526296
728,1,31,9,83.97589473,47.56639779727214,73.57311341408959,41.66623155,80.31344837,69.92636048,41.66623155
729,1,31,10,415.9513356,880.7576904424149,97.54747155866507,102.0937997,650.5388377,714.7953558,102.0937997
730,1,31,11,522.5594864,959.5191511647153,74.93675986965191,110.928213,508.059328,861.709557,110.928213
731,1,31,12,558.6041319,963.5064096893366,51.28160014501501,102.6160596,273.340401,904.1309386,102.6160596
732,1,31,13,538.9535923,946.281423844724,30.31316123953451,85.13587371,85.13587371,880.4408884,152.6750243
733,1,31,14,446.0713594,861.7066671248979,16.34429671421036,63.17359392,63.17359392,759.1772965,334.5422564
734,1,31,15,261.9875679,463.713585814497,70.60420242292629,83.36099713,83.36099713,425.1218962,332.7384046
735,1,31,16,190.100999,665.9625913163015,0.0,19.0100999,19.0100999,439.8307575,501.7062614
736,1,31,17,46.44908832,369.90717774236595,0.0,4.644908832,4.644908832,189.9544113,325.0070016
737,1,31,18,0.0,0.0,0.0,0.0,0.0,0.0,0.0
738,1,31,19,0.0,0.0,0.0,0.0,0.0,0.0,0.0
739,1,31,20,0.0,0.0,0.0,0.0,0.0,0.0,0.0
740,1,31,21,0.0,0.0,0.0,0.0,0.0,0.0,0.0
741,1,31,22,0.0,0.0,0.0,0.0,0.0,0.0,0.0
742,1,31,23,0.0,0.0,0.0,0.0,0.0,0.0,0.0
743,1,31,24,0.0,0.0,0.0,0.0,0.0,0.0,0.0
744,2,1,1,0.0,0.0,0.0,0.0,0.0,0.0,0.0
745,2,1,2,0.0,0.0,0.0,0.0,0.0,0.0,0.0
746,2,1,3,0.0,0.0,0.0,0.0,0.0,0.0,0.0
747,2,1,4,0.0,0.0,0.0,0.0,0.0,0.0,0.0
748,2,1,5,0.0,0.0,0.0,0.0,0.0,0.0,0.0
749,2,1,6,0.0,0.0,0.0,0.0,0.0,0.0,0.0
750,2,1,7,0.0,0.0,0.0,0.0,0.0,0.0,0.0
751,2,1,8,112.0392916,485.5516278817683,87.47711113979678,-12.06004384,424.1404825,196.1661185,-12.06004384
752,2,1,9,322.1085756,768.4487118893834,151.6531520658479,92.31748251,698.286992,532.0296713,92.31748251
753,2,1,10,475.1574504,1023.0487142334755,101.79785583763254,108.9051947,746.3442329,816.3306409,108.9051947
754,2,1,11,575.0063388,1047.7788888102343,82.30940693476096,119.320182,553.7774013,935.4551081,119.320182
755,2,1,12,613.6975825,1039.8348841449447,62.0722727724934,114.863506,299.8421925,976.5996725,114.863506
756,2,1,13,591.1750243,1017.616232074589,39.99900256021283,98.37045671,98.37045671,950.6858611,170.5452249
757,2,1,14,505.8413867,976.271078498965,14.877809828793426,67.87672349,67.87672349,853.7232394,375.2296239
758,2,1,15,379.1457908,909.393352130156,0.0,37.91457908,37.91457908,706.0772798,527.5349163
759,2,1,16,219.6139142,758.4148006394337,0.0,21.96139142,21.96139142,499.3191271,572.4342071
760,2,1,17,60.70775771,468.70852546517455,0.0,6.070775771,6.070775771,239.7136709,412.8318429
761,2,1,18,0.0,0.0,0.0,0.0,0.0,0.0,0.0
762,2,1,19,0.0,0.0,0.0,0.0,0.0,0.0,0.0
763,2,1,20,0.0,0.0,0.0,0.0,0.0,0.0,0.0
764,2,1,21,0.0,0.0,0.0,0.0,0.0,0.0,0.0
765,2,1,22,0.0,0.0,0.0,0.0,0.0,0.0,0.0
766,2,1,23,0.0,0.0,0.0,0.0,0.0,0.0,0.0
767,2,1,24,0.0,0.0,0.0,0.0,0.0,0.0,0.0
768,2,2,1,0.0,0.0,0.0,0.0,0.0,0.0,0.0
769,2,2,2,0.0,0.0,0.0,0.0,0.0,0.0,0.0
770,2,2,3,0.0,0.0,0.0,0.0,0.0,0.0,0.0
771,2,2,4,0.0,0.0,0.0,0.0,0.0,0.0,0.0
772,2,2,5,0.0,0.0,0.0,0.0,0.0,0.0,0.0
773,2,2,6,0.0,0.0,0.0,0.0,0.0,0.0,0.0
774,2,2,7,0.0,0.0,0.0,0.0,0.0,0.0,0.0
775,2,2,8,116.5086289,485.51324089469296,90.54837081793454,-11.87565252,425.0703242,194.5983314,-11.87565252
776,2,2,9,326.5796195,772.4164749782096,152.76402507578192,93.75064123,704.021086,533.1547158,93.75064123
777,2,2,10,480.5686622,1026.145544736184,102.46287815200184,109.7910848,750.5506141,816.1814206,109.7910848
778,2,2,11,579.7050041,1048.0017149712178,82.91925557559983,120.0744243,555.7716265,933.3515876,120.0744243
779,2,2,12,618.6219845,1040.183057817129,62.62530838783115,115.6657299,301.4952895,974.826243,115.6657299
780,2,2,13,596.2106304,1018.1084732402035,40.51346473129347,99.27876407,99.27876407,949.2730414,171.100025
781,2,2,14,511.3644958,977.97879813053,15.382775590440616,69.0083974,69.0083974,853.6126416,376.9054184
782,2,2,15,383.7778099,911.2309490993443,0.0,38.37778099,38.37778099,705.5573476,529.4531504
783,2,2,16,223.5662581,761.1596202993836,0.0,22.35662581,22.35662581,499.4686729,575.5999925
784,2,2,17,62.26392359,466.4015454338089,0.0,6.226392359,6.226392359,237.4948924,411.7866033
785,2,2,18,0.0,0.0,0.0,0.0,0.0,0.0,0.0
786,2,2,19,0.0,0.0,0.0,0.0,0.0,0.0,0.0
787,2,2,20,0.0,0.0,0.0,0.0,0.0,0.0,0.0
788,2,2,21,0.0,0.0,0.0,0.0,0.0,0.0,0.0
789,2,2,22,0.0,0.0,0.0,0.0,0.0,0.0,0.0
790,2,2,23,0.0,0.0,0.0,0.0,0.0,0.0,0.0
791,2,2,24,0.0,0.0,0.0,0.0,0.0,0.0,0.0
792,2,3,1,0.0,0.0,0.0,0.0,0.0,0.0,0.0
793,2,3,2,0.0,0.0,0.0,0.0,0.0,0.0,0.0
794,2,3,3,0.0,0.0,0.0,0.0,0.0,0.0,0.0
795,2,3,4,0.0,0.0,0.0,0.0,0.0,0.0,0.0
796,2,3,5,0.0,0.0,0.0,0.0,0.0,0.0,0.0
797,2,3,6,0.0,0.0,0.0,0.0,0.0,0.0,0.0
798,2,3,7,0.0,0.0,0.0,0.0,0.0,0.0,0.0
799,2,3,8,122.0217054,485.49139710838983,94.61589908958983,2.348163666,440.0334594,207.0488377,2.348163666
800,2,3,9,327.3899092,764.3834410057173,152.85738167383568,94.9585033,700.0203186,527.2021608,94.9585033
801,2,3,10,476.1231914,1004.7023273322045,102.29236778046713,109.5918187,738.2887648,798.0557542,109.5918187
802,2,3,11,570.1248287,1034.495781338701,75.72899787639071,116.2923584,547.4729398,916.0463548,116.2923584
803,2,3,12,603.1490969,1027.917170118423,49.50233480939405,106.004081,290.382375,952.1548103,106.004081
804,2,3,13,577.6519998,1000.293316080841,27.441552246462066,86.67096042,86.67096042,919.0528624,156.8987714
805,2,3,14,492.1043498,941.6431894326652,10.501434379989787,62.01515873,62.01515873,814.882247,358.5207818
806,2,3,15,362.9907369,853.2046224181215,0.0,36.29907369,36.29907369,658.7278443,496.5654645
807,2,3,16,211.5471399,710.1384661021866,0.0,21.15471399,21.15471399,464.3676079,538.0484538
808,2,3,17,57.42284214,417.62338375389106,0.0,5.742284214,5.742284214,211.6687839,369.5841371
809,2,3,18,0.0,0.0,0.0,0.0,0.0,0.0,0.0
810,2,3,19,0.0,0.0,0.0,0.0,0.0,0.0,0.0
811,2,3,20,0.0,0.0,0.0,0.0,0.0,0.0,0.0
812,2,3,21,0.0,0.0,0.0,0.0,0.0,0.0,0.0
813,2,3,22,0.0,0.0,0.0,0.0,0.0,0.0,0.0
814,2,3,23,0.0,0.0,0.0,0.0,0.0,0.0,0.0
815,2,3,24,0.0,0.0,0.0,0.0,0.0,0.0,0.0
816,2,4,1,0.0,0.0,0.0,0.0,0.0,0.0,0.0
817,2,4,2,0.0,0.0,0.0,0.0,0.0,0.0,0.0
818,2,4,3,0.0,0.0,0.0,0.0,0.0,0.0,0.0
819,2,4,4,0.0,0.0,0.0,0.0,0.0,0.0,0.0
820,2,4,5,0.0,0.0,0.0,0.0,0.0,0.0,0.0
821,2,4,6,0.0,0.0,0.0,0.0,0.0,0.0,0.0
822,2,4,7,0.0,0.0,0.0,0.0,0.0,0.0,0.0
823,2,4,8,15.11642608,2.452194698468264,14.970459792345206,8.204687361,10.21796552,9.136465706,8.204687361
824,2,4,9,41.69924582,5.568423457958432,40.4089058852431,22.36023352,26.65323335,25.40280602,22.36023352
825,2,4,10,66.13047494,3.1565405021620956,64.94432882895687,34.09296427,35.97369805,36.13865899,34.09296427
826,2,4,11,83.93018001,4.153647889177723,81.9286892931471,43.26065737,44.93145242,46.34008085,43.26065737
827,2,4,12,93.17214945,4.189232093749597,90.89837079872224,48.13188637,48.85863801,51.44300712,48.13188637
828,2,4,13,93.21671841,4.150374019999886,90.91600263757395,48.15739487,48.15739487,51.47521444,48.43709609
829,2,4,14,84.06084961,4.146760757998716,81.92197773430053,43.29652612,43.29652612,46.48466495,44.55695055
830,2,4,15,65.28637392,3.137472573178785,63.938018087779575,33.58965474,33.58965474,35.7650553,35.20609357
831,2,4,16,40.90241733,3.5853601486100595,39.819278809733554,22.04230305,22.04230305,24.18496034,24.55606474
832,2,4,17,14.27995562,2.0907336477867435,13.984072868362148,7.643935143,7.643935143,8.613624309,9.370587329
833,2,4,18,0.0,0.0,0.0,0.0,0.0,0.0,0.0
834,2,4,19,0.0,0.0,0.0,0.0,0.0,0.0,0.0
835,2,4,20,0.0,0.0,0.0,0.0,0.0,0.0,0.0
836,2,4,21,0.0,0.0,0.0,0.0,0.0,0.0,0.0
837,2,4,22,0.0,0.0,0.0,0.0,0.0,0.0,0.0
838,2,4,23,0.0,0.0,0.0,0.0,0.0,0.0,0.0
839,2,4,24,0.0,0.0,0.0,0.0,0.0,0.0,0.0
840,2,5,1,0.0,0.0,0.0,0.0,0.0,0.0,0.0
841,2,5,2,0.0,0.0,0.0,0.0,0.0,0.0,0.0
842,2,5,3,0.0,0.0,0.0,0.0,0.0,0.0,0.0
843,2,5,4,0.0,0.0,0.0,0.0,0.0,0.0,0.0
844,2,5,5,0.0,0.0,0.0,0.0,0.0,0.0,0.0
845,2,5,6,0.0,0.0,0.0,0.0,0.0,0.0,0.0
846,2,5,7,0.0,0.0,0.0,0.0,0.0,0.0,0.0
847,2,5,8,16.11051666,3.0371411468889478,15.920106211389738,8.732308058,11.2777124,9.897907761,8.732308058
848,2,5,9,42.71004011,5.828271346352068,41.33919074607755,22.8845339,27.39091016,26.05281429,22.8845339
849,2,5,10,66.14206849,3.1548322939372793,64.9446558129888,34.09445165,35.97885804,36.13030335,34.09445165
850,2,5,11,84.94652096,4.154066297451615,82.92810373493921,43.79893275,45.47355467,46.86596675,43.79893275
851,2,5,12,94.18913031,4.2832035174127,91.8462731142773,48.6474985,49.39369262,52.02321166,48.6474985
852,2,5,13,94.23405262,4.183876675902231,91.89659739482273,48.68990481,48.68990481,52.023457,48.9709117
853,2,5,14,84.07822651,4.145678879273201,81.92173108744684,43.30204882,43.30204882,46.47866006,44.56304666
854,2,5,15,171.8581701,82.52288282131414,136.03451502713835,79.87501508,79.87501508,139.2329526,124.2037909
855,2,5,16,165.1448753,287.4586469320533,77.08770803396149,67.24253982,67.24253982,243.976404,275.8661337
856,2,5,17,58.37486965,372.2251997907332,4.1929336008780105,11.52982833,11.52982833,190.743487,333.2116635
857,2,5,18,0.0,0.0,0.0,0.0,0.0,0.0,0.0
858,2,5,19,0.0,0.0,0.0,0.0,0.0,0.0,0.0
859,2,5,20,0.0,0.0,0.0,0.0,0.0,0.0,0.0
860,2,5,21,0.0,0.0,0.0,0.0,0.0,0.0,0.0
861,2,5,22,0.0,0.0,0.0,0.0,0.0,0.0,0.0
862,2,5,23,0.0,0.0,0.0,0.0,0.0,0.0,0.0
863,2,5,24,0.0,0.0,0.0,0.0,0.0,0.0,0.0
864,2,6,1,0.0,0.0,0.0,0.0,0.0,0.0,0.0
865,2,6,2,0.0,0.0,0.0,0.0,0.0,0.0,0.0
866,2,6,3,0.0,0.0,0.0,0.0,0.0,0.0,0.0
867,2,6,4,0.0,0.0,0.0,0.0,0.0,0.0,0.0
868,2,6,5,0.0,0.0,0.0,0.0,0.0,0.0,0.0
869,2,6,6,0.0,0.0,0.0,0.0,0.0,0.0,0.0
870,2,6,7,0.0,0.0,0.0,0.0,0.0,0.0,0.0
871,2,6,8,140.1920701,520.4021475898203,105.86838489840797,3.489932777,475.1548596,217.1595726,3.489932777
872,2,6,9,346.4043286,788.2881322636946,158.17946800844055,99.72236261,727.1190327,537.264839,99.72236261
873,2,6,10,501.9367043,1039.3906486959615,103.43089203928157,113.1063633,767.4249063,815.214783,113.1063633
874,2,6,11,601.1705782,1051.4373574481451,85.980746285201,123.5756859,564.8866368,926.7496344,123.5756859
875,2,6,12,640.0392823,1043.5322309841386,64.77431828090705,118.990211,308.1311333,968.7545747,118.990211
876,2,6,13,618.0097323,1022.0254590218522,42.53427747772417,103.0169461,103.0169461,944.58002,174.0048246
877,2,6,14,531.9364082,981.9667322901881,16.792749753066445,72.71941322,72.71941322,849.2493636,382.3082959
878,2,6,15,405.8864165,925.6608577089671,0.0,40.58864165,40.58864165,707.9804953,541.6159169
879,2,6,16,240.4819385,774.2946797250781,0.0,24.04819385,24.04819385,500.5337534,590.099383
880,2,6,17,73.63384408,492.1364421257269,0.0,7.363384408,7.363384408,245.5551824,438.4628211
881,2,6,18,0.0,0.0,0.0,0.0,0.0,0.0,0.0
882,2,6,19,0.0,0.0,0.0,0.0,0.0,0.0,0.0
883,2,6,20,0.0,0.0,0.0,0.0,0.0,0.0,0.0
884,2,6,21,0.0,0.0,0.0,0.0,0.0,0.0,0.0
885,2,6,22,0.0,0.0,0.0,0.0,0.0,0.0,0.0
886,2,6,23,0.0,0.0,0.0,0.0,0.0,0.0,0.0
887,2,6,24,0.0,0.0,0.0,0.0,0.0,0.0,0.0
888,2,7,1,0.0,0.0,0.0,0.0,0.0,0.0,0.0
889,2,7,2,0.0,0.0,0.0,0.0,0.0,0.0,0.0
890,2,7,3,0.0,0.0,0.0,0.0,0.0,0.0,0.0
891,2,7,4,0.0,0.0,0.0,0.0,0.0,0.0,0.0
892,2,7,5,0.0,0.0,0.0,0.0,0.0,0.0,0.0
893,2,7,6,0.0,0.0,0.0,0.0,0.0,0.0,0.0
894,2,7,7,0.0,0.0,0.0,0.0,0.0,0.0,0.0
895,2,7,8,117.2350361,355.17163682237737,92.61815847602745,17.75244731,339.9820759,162.1382479,17.75244731
896,2,7,9,303.5532625,629.2942296810972,150.99190961429267,97.09145577,598.7427437,444.0905637,97.09145577
897,2,7,10,462.4137119,887.1929651426566,118.77212086052808,121.6056915,681.1134189,717.8861666,121.6056915
898,2,7,11,579.8474457,1016.8433126528258,77.37296190487967,118.1280397,545.8275165,891.6543627,118.1280397
899,2,7,12,616.7100375,1019.2137053988554,50.42994426882761,107.9103793,293.194212,934.7576845,107.9103793
900,2,7,13,594.3364286,998.4325178567613,27.713618839086962,88.60636647,88.60636647,907.72668,157.79879
901,2,7,14,512.4937532,949.4680889053074,10.16282907559108,63.92751444,63.92751444,811.8568819,363.4787704
902,2,7,15,358.8898809,789.5640965729325,9.201721683780312,47.8293603,47.8293603,612.8312097,474.301476
903,2,7,16,198.7426765,576.1249297678237,17.34725150616785,39.7727691,39.7727691,390.5338432,459.2129283
904,2,7,17,62.13589362,287.02107223002554,18.022283682570897,24.63073213,24.63073213,160.8415019,273.2703685
905,2,7,18,0.0,0.0,0.0,0.0,0.0,0.0,0.0
906,2,7,19,0.0,0.0,0.0,0.0,0.0,0.0,0.0
907,2,7,20,0.0,0.0,0.0,0.0,0.0,0.0,0.0
908,2,7,21,0.0,0.0,0.0,0.0,0.0,0.0,0.0
909,2,7,22,0.0,0.0,0.0,0.0,0.0,0.0,0.0
910,2,7,23,0.0,0.0,0.0,0.0,0.0,0.0,0.0
911,2,7,24,0.0,0.0,0.0,0.0,0.0,0.0,0.0
912,2,8,1,0.0,0.0,0.0,0.0,0.0,0.0,0.0
913,2,8,2,0.0,0.0,0.0,0.0,0.0,0.0,0.0
914,2,8,3,0.0,0.0,0.0,0.0,0.0,0.0,0.0
915,2,8,4,0.0,0.0,0.0,0.0,0.0,0.0,0.0
916,2,8,5,0.0,0.0,0.0,0.0,0.0,0.0,0.0
917,2,8,6,0.0,0.0,0.0,0.0,0.0,0.0,0.0
918,2,8,7,0.0,0.0,0.0,0.0,0.0,0.0,0.0
919,2,8,8,84.75475601,203.03354910295394,69.98328644252783,38.49131962,222.8220015,120.1758829,38.49131962
920,2,8,9,151.1258378,186.51009362623634,105.2121999985542,67.00401144,215.7566351,169.0525549,67.00401144
921,2,8,10,148.320053,59.632924787518654,124.98305178216444,72.20130181,109.7040726,111.8952572,72.20130181
922,2,8,11,86.49785657,3.153908142540577,84.92600368789203,44.83133143,46.09512535,47.10272981,44.83133143
923,2,8,12,95.68109025,3.4327170440543697,93.75877530855436,49.638978,50.23685605,52.28962239,49.638978
924,2,8,13,95.71541024,3.336084386793386,93.80718401627925,49.68050247,49.68050247,52.28471283,49.90096293
925,2,8,14,86.59847768,3.1470734718601765,84.91932044765424,44.86796103,44.86796103,47.22307482,45.81575223
926,2,8,15,129.014784,36.94292903765119,112.48956198269437,64.47780355,64.47780355,90.63162499,84.33066445
927,2,8,16,119.5249452,90.7040074580342,90.57723143100078,58.11138982,58.11138982,112.8787938,124.0476097
928,2,8,17,57.47946557,136.45771054796268,35.94890412260543,30.17150712,30.17150712,94.37602315,148.4066992
929,2,8,18,0.0,0.0,0.0,0.0,0.0,0.0,0.0
930,2,8,19,0.0,0.0,0.0,0.0,0.0,0.0,0.0
931,2,8,20,0.0,0.0,0.0,0.0,0.0,0.0,0.0
932,2,8,21,0.0,0.0,0.0,0.0,0.0,0.0,0.0
933,2,8,22,0.0,0.0,0.0,0.0,0.0,0.0,0.0
934,2,8,23,0.0,0.0,0.0,0.0,0.0,0.0,0.0
935,2,8,24,0.0,0.0,0.0,0.0,0.0,0.0,0.0
936,2,9,1,0.0,0.0,0.0,0.0,0.0,0.0,0.0
937,2,9,2,0.0,0.0,0.0,0.0,0.0,0.0,0.0
938,2,9,3,0.0,0.0,0.0,0.0,0.0,0.0,0.0
939,2,9,4,0.0,0.0,0.0,0.0,0.0,0.0,0.0
940,2,9,5,0.0,0.0,0.0,0.0,0.0,0.0,0.0
941,2,9,6,0.0,0.0,0.0,0.0,0.0,0.0,0.0
942,2,9,7,0.0,0.0,0.0,0.0,0.0,0.0,0.0
943,2,9,8,43.03100127,77.36531892294015,37.129049831597385,21.15767034,91.40593908,51.93955629,21.15767034
944,2,9,9,155.1206027,191.44898009381495,107.2593515458586,68.39211461,221.3413467,172.4495915,68.39211461
945,2,9,10,311.3353606,435.4263107196153,139.15621460477422,112.5825709,388.0397589,402.1297891,112.5825709
946,2,9,11,475.7832714,762.6360249984316,92.42315062435665,119.0188499,441.019766,694.1472308,119.0188499
947,2,9,12,545.141819,838.0419577440124,72.11382995232763,113.3667673,266.4858195,787.8888798,113.3667673
948,2,9,13,561.4497897,901.7535391723081,41.56972468260425,96.63357305,96.63357305,830.7451742,158.9632842
949,2,9,14,514.0353065,931.1772210601483,12.978979011042464,67.14154607,67.14154607,794.7356408,361.4394315
950,2,9,15,335.5511892,670.4142675840847,32.67786819218781,67.48724891,67.48724891,542.8166583,430.4121222
951,2,9,16,180.0752099,359.74811553422336,63.714244260442314,67.79843943,67.79843943,284.2943492,330.2721079
952,2,9,17,58.71282677,105.29397390304163,41.66777067750456,29.71177021,29.71177021,78.83919906,121.005826
953,2,9,18,0.0,0.0,0.0,0.0,0.0,0.0,0.0
954,2,9,19,0.0,0.0,0.0,0.0,0.0,0.0,0.0
955,2,9,20,0.0,0.0,0.0,0.0,0.0,0.0,0.0
956,2,9,21,0.0,0.0,0.0,0.0,0.0,0.0,0.0
957,2,9,22,0.0,0.0,0.0,0.0,0.0,0.0,0.0
958,2,9,23,0.0,0.0,0.0,0.0,0.0,0.0,0.0
959,2,9,24,0.0,0.0,0.0,0.0,0.0,0.0,0.0
960,2,10,1,0.0,0.0,0.0,0.0,0.0,0.0,0.0
961,2,10,2,0.0,0.0,0.0,0.0,0.0,0.0,0.0
962,2,10,3,0.0,0.0,0.0,0.0,0.0,0.0,0.0
963,2,10,4,0.0,0.0,0.0,0.0,0.0,0.0,0.0
964,2,10,5,0.0,0.0,0.0,0.0,0.0,0.0,0.0
965,2,10,6,0.0,0.0,0.0,0.0,0.0,0.0,0.0
966,2,10,7,0.0,0.0,0.0,0.0,0.0,0.0,0.0
967,2,10,8,116.5298416,275.02939579726456,94.55300932944712,37.48687688,288.0559075,146.0390169,37.48687688
968,2,10,9,272.5198585,511.76332283125214,142.58421951317484,100.0988944,510.0286124,376.6580017,100.0988944
969,2,10,10,397.2406049,693.7425466599793,120.03438246903346,117.3436409,557.0962106,576.4004209,117.3436409
970,2,10,11,479.553296,763.1212033512722,92.62460409549912,119.6464403,442.4241744,692.5909784,119.6464403
971,2,10,12,491.3459674,723.9738567413152,79.44753984769842,116.987482,249.5441015,697.3163833,116.987482
972,2,10,13,456.2855123,661.1450135940653,72.10326942717377,110.265918,110.265918,646.2982352,155.9473855
973,2,10,14,382.3673667,559.93164358945,78.52270556450955,105.1207711,105.1207711,540.696448,282.2400515
974,2,10,15,294.4032469,489.5456805242656,71.05112986694526,89.02415342,89.02415342,434.3914799,354.3162723
975,2,10,16,183.4050821,369.6937249194579,62.230068927246734,67.61266153,67.61266153,288.7988695,337.7094292
976,2,10,17,70.18740378,201.0099697422709,36.821980913293494,35.40069316,35.40069316,128.5588399,210.1408183
977,2,10,18,0.0,0.0,0.0,0.0,0.0,0.0,0.0
978,2,10,19,0.0,0.0,0.0,0.0,0.0,0.0,0.0
979,2,10,20,0.0,0.0,0.0,0.0,0.0,0.0,0.0
980,2,10,21,0.0,0.0,0.0,0.0,0.0,0.0,0.0
981,2,10,22,0.0,0.0,0.0,0.0,0.0,0.0,0.0
982,2,10,23,0.0,0.0,0.0,0.0,0.0,0.0,0.0
983,2,10,24,0.0,0.0,0.0,0.0,0.0,0.0,0.0
984,2,11,1,0.0,0.0,0.0,0.0,0.0,0.0,0.0
985,2,11,2,0.0,0.0,0.0,0.0,0.0,0.0,0.0
986,2,11,3,0.0,0.0,0.0,0.0,0.0,0.0,0.0
987,2,11,4,0.0,0.0,0.0,0.0,0.0,0.0,0.0
988,2,11,5,0.0,0.0,0.0,0.0,0.0,0.0,0.0
989,2,11,6,0.0,0.0,0.0,0.0,0.0,0.0,0.0
990,2,11,7,1.0,0.0,0.999087081054017,0.507314939,0.507314939,0.507314939,0.507314939
991,2,11,8,171.4064104,552.2544761069162,125.23041563888131,7.203309877,511.8330966,223.3107152,7.203309877
992,2,11,9,372.821106,811.1136254821444,163.65121699034287,107.7600421,758.6645293,543.1894964,107.7600421
993,2,11,10,529.2464666,1045.251241050011,107.16898555429134,117.6610598,781.3915864,805.7295846,117.6610598
994,2,11,11,629.5075564,1055.9766299168257,89.42796377556218,127.9206934,575.3371143,917.2052286,127.9206934
995,2,11,12,663.4166629,1045.080554173197,64.07775839381847,120.9036364,312.6266755,955.2209083,120.9036364
996,2,11,13,633.6678371,1018.7472718100648,36.99962131271838,100.3559895,100.3559895,923.0320731,170.7821172
997,2,11,14,543.1802985,976.795991165594,8.648578537060825,65.59543838,65.59543838,822.3270172,375.0203932
998,2,11,15,396.1944947,859.3327599393608,0.26977412664429967,41.78703218,41.78703218,645.2271403,508.2157186
999,2,11,16,229.5602361,686.021293122438,1.73044657891899,26.79596421,26.79596421,434.9524553,528.9127518
1000,2,11,17,72.82514716,413.7260767563717,2.448346223884547,11.37901618,11.37901618,201.7396015,371.8906701
1001,2,11,18,1.0,0.0,0.999087081054017,0.507314939,0.507314939,0.507314939,0.507314939
1002,2,11,19,0.0,0.0,0.0,0.0,0.0,0.0,0.0
1003,2,11,20,0.0,0.0,0.0,0.0,0.0,0.0,0.0
1004,2,11,21,0.0,0.0,0.0,0.0,0.0,0.0,0.0
1005,2,11,22,0.0,0.0,0.0,0.0,0.0,0.0,0.0
1006,2,11,23,0.0,0.0,0.0,0.0,0.0,0.0,0.0
1007,2,11,24,0.0,0.0,0.0,0.0,0.0,0.0,0.0
1008,2,12,1,0.0,0.0,0.0,0.0,0.0,0.0,0.0
1009,2,12,2,0.0,0.0,0.0,0.0,0.0,0.0,0.0
1010,2,12,3,0.0,0.0,0.0,0.0,0.0,0.0,0.0
1011,2,12,4,0.0,0.0,0.0,0.0,0.0,0.0,0.0
1012,2,12,5,0.0,0.0,0.0,0.0,0.0,0.0,0.0
1013,2,12,6,0.0,0.0,0.0,0.0,0.0,0.0,0.0
1014,2,12,7,1.0,0.0,0.999087081054017,0.507315633,0.507315633,0.507315633,0.507315633
1015,2,12,8,101.3993337,237.61609708656022,80.63063101554292,44.56907934,261.7798483,136.5077915,44.56907934
1016,2,12,9,261.3744681,443.1154666010154,145.30531036798828,100.6195011,456.5901915,336.7253625,100.6195011
1017,2,12,10,413.0402109,719.6059281211337,119.37162108288642,119.1198136,576.6953074,590.1777394,119.1198136
1018,2,12,11,534.8260975,857.6677106534921,92.33545912059694,124.1949355,488.1315499,762.2703591,124.1949355
1019,2,12,12,531.5019297,781.9852119071859,79.4548411201833,119.8982084,263.575322,741.4932654,119.8982084
1020,2,12,13,479.1309123,700.8982796904331,65.37341340824872,109.0166358,109.0166358,672.5930121,157.5180664
1021,2,12,14,389.9196914,563.9392373436222,78.71681463907198,106.3422863,106.3422863,541.1910926,285.184447
1022,2,12,15,320.9710096,585.5276176594285,48.55884711592615,79.50639674,79.50639674,488.5283947,397.7008439
1023,2,12,16,208.5723174,533.0215126077517,29.240268317783528,51.2385169,51.2385169,366.3502376,441.8553142
1024,2,12,17,75.03439425,380.4549963375932,8.749019528613594,18.34590803,18.34590803,191.9061997,350.3025705
1025,2,12,18,1.0,0.0,0.999087081054017,0.507315633,0.507315633,0.507315633,0.507315633
1026,2,12,19,0.0,0.0,0.0,0.0,0.0,0.0,0.0
1027,2,12,20,0.0,0.0,0.0,0.0,0.0,0.0,0.0
1028,2,12,21,0.0,0.0,0.0,0.0,0.0,0.0,0.0
1029,2,12,22,0.0,0.0,0.0,0.0,0.0,0.0,0.0
1030,2,12,23,0.0,0.0,0.0,0.0,0.0,0.0,0.0
1031,2,12,24,0.0,0.0,0.0,0.0,0.0,0.0,0.0
1032,2,13,1,0.0,0.0,0.0,0.0,0.0,0.0,0.0
1033,2,13,2,0.0,0.0,0.0,0.0,0.0,0.0,0.0
1034,2,13,3,0.0,0.0,0.0,0.0,0.0,0.0,0.0
1035,2,13,4,0.0,0.0,0.0,0.0,0.0,0.0,0.0
1036,2,13,5,0.0,0.0,0.0,0.0,0.0,0.0,0.0
1037,2,13,6,0.0,0.0,0.0,0.0,0.0,0.0,0.0
1038,2,13,7,0.0,0.0,0.0,0.0,0.0,0.0,0.0
1039,2,13,8,78.07051188,230.78496770773023,57.00490522851034,36.87898506,248.3756922,125.3448207,36.87898506
1040,2,13,9,233.6393413,408.444678952313,124.96328388873467,90.02082297,418.6428393,306.1193213,90.02082297
1041,2,13,10,420.8251578,730.444726811297,119.5507366536585,120.1912117,585.3310449,595.6984315,120.1912117
1042,2,13,11,590.1191916,974.9988623881915,82.68052696512416,121.6069167,535.9330381,843.5877142,121.6069167
1043,2,13,12,630.8516688,987.4465509194894,55.45689942480141,112.4934546,294.1726628,894.0628974,112.4934546
1044,2,13,13,612.8936503,977.3645289524012,31.368586500376328,93.63619279,93.63619279,876.2075838,161.3946743
1045,2,13,14,534.6878745,939.1994145506239,12.053998528207027,68.42621226,68.42621226,789.4759835,366.7732128
1046,2,13,15,329.9058822,589.8535778873254,52.814586540029474,81.216521,81.216521,491.1119832,402.2132918
1047,2,13,16,167.5737171,206.13921450417348,97.32293526603962,72.24698843,72.24698843,193.1971871,223.3569636
1048,2,13,17,47.40784066,20.462335706435717,43.75833441302076,24.49696372,24.49696372,33.65020414,42.18233048
1049,2,13,18,0.0,0.0,0.0,0.0,0.0,0.0,0.0
1050,2,13,19,0.0,0.0,0.0,0.0,0.0,0.0,0.0
1051,2,13,20,0.0,0.0,0.0,0.0,0.0,0.0,0.0
1052,2,13,21,0.0,0.0,0.0,0.0,0.0,0.0,0.0
1053,2,13,22,0.0,0.0,0.0,0.0,0.0,0.0,0.0
1054,2,13,23,0.0,0.0,0.0,0.0,0.0,0.0,0.0
1055,2,13,24,0.0,0.0,0.0,0.0,0.0,0.0,0.0
1056,2,14,1,0.0,0.0,0.0,0.0,0.0,0.0,0.0
1057,2,14,2,0.0,0.0,0.0,0.0,0.0,0.0,0.0
1058,2,14,3,0.0,0.0,0.0,0.0,0.0,0.0,0.0
1059,2,14,4,0.0,0.0,0.0,0.0,0.0,0.0,0.0
1060,2,14,5,0.0,0.0,0.0,0.0,0.0,0.0,0.0
1061,2,14,6,0.0,0.0,0.0,0.0,0.0,0.0,0.0
1062,2,14,7,0.0,0.0,0.0,0.0,0.0,0.0,0.0
1063,2,14,8,51.88150858,82.32422261078047,44.04154024465046,25.11523993,100.4630014,56.2561915,25.11523993
1064,2,14,9,139.9957144,134.54335948738995,103.63133139839134,65.61676795,173.8478515,136.1738734,65.61676795
1065,2,14,10,240.8186459,201.80348233891374,156.692096029779,102.8256063,231.3344494,233.2802442,102.8256063
1066,2,14,11,335.8249077,282.06167626229495,187.73406690295752,128.8884152,248.7840763,336.5407499,128.8884152
1067,2,14,12,276.690293,126.48819777715528,202.3931596253901,122.3210955,145.561685,221.7543459,122.3210955
1068,2,14,13,188.9946232,29.33773161949905,171.40105334351563,92.83581641,92.83581641,116.0158863,94.85665946
1069,2,14,14,91.68060656,3.1486647433431187,89.91383831547333,47.57763499,47.57763499,49.87177887,48.53286558
1070,2,14,15,72.94551849,2.1404527791793777,71.93031312357506,37.8294092,37.8294092,39.21333575,38.9206205
1071,2,14,16,48.68618516,2.128552825250936,47.95152184227495,25.0444704,25.0444704,26.21263512,26.51570835
1072,2,14,17,20.18003877,1.1005017126964114,19.979218735438433,10.32057773,10.32057773,10.76900151,11.19607881
1073,2,14,18,0.0,0.0,0.0,0.0,0.0,0.0,0.0
1074,2,14,19,0.0,0.0,0.0,0.0,0.0,0.0,0.0
1075,2,14,20,0.0,0.0,0.0,0.0,0.0,0.0,0.0
1076,2,14,21,0.0,0.0,0.0,0.0,0.0,0.0,0.0
1077,2,14,22,0.0,0.0,0.0,0.0,0.0,0.0,0.0
1078,2,14,23,0.0,0.0,0.0,0.0,0.0,0.0,0.0
1079,2,14,24,0.0,0.0,0.0,0.0,0.0,0.0,0.0
1080,2,15,1,0.0,0.0,0.0,0.0,0.0,0.0,0.0
1081,2,15,2,0.0,0.0,0.0,0.0,0.0,0.0,0.0
1082,2,15,3,0.0,0.0,0.0,0.0,0.0,0.0,0.0
1083,2,15,4,0.0,0.0,0.0,0.0,0.0,0.0,0.0
1084,2,15,5,0.0,0.0,0.0,0.0,0.0,0.0,0.0
1085,2,15,6,0.0,0.0,0.0,0.0,0.0,0.0,0.0
1086,2,15,7,0.0,0.0,0.0,0.0,0.0,0.0,0.0
1087,2,15,8,22.10206794,1.2020664697259744,21.982742437959686,11.40395512,12.32492149,11.77999113,11.40395512
1088,2,15,9,68.83085102,6.901609270976876,66.93595732993039,35.22047043,40.61435081,38.70621273,35.22047043
1089,2,15,10,132.3856395,23.352221114479036,122.54606928666223,65.60351287,80.34894675,80.46726261,65.60351287
1090,2,15,11,199.4321063,43.568347067607064,176.35573168067566,95.94093283,114.3739415,127.6726061,95.94093283
1091,2,15,12,321.7778017,213.86915668005574,195.14669662453474,132.3953058,171.7632991,299.9397544,132.3953058
1092,2,15,13,420.7551958,486.32257477523797,126.81420515937508,129.0709704,129.0709704,514.8705962,162.9628861
1093,2,15,14,455.7222725,719.3809211340131,48.70884675311004,95.43024994,95.43024994,642.4355714,324.6838485
1094,2,15,15,319.2667487,543.6238114485153,58.96039026020627,85.75150771,85.75150771,459.4251329,382.4688788
1095,2,15,16,188.930538,286.18220991965745,88.9086709928358,77.16871138,77.16871138,242.9221697,287.6560748
1096,2,15,17,70.65279723,116.05156663864784,48.99652624169995,35.02739825,35.02739825,86.4562896,136.5180398
1097,2,15,18,1.0,0.7252424524661393,0.999087081054017,0.507317795,0.507317795,0.507317795,0.507317795
1098,2,15,19,0.0,0.0,0.0,0.0,0.0,0.0,0.0
1099,2,15,20,0.0,0.0,0.0,0.0,0.0,0.0,0.0
1100,2,15,21,0.0,0.0,0.0,0.0,0.0,0.0,0.0
1101,2,15,22,0.0,0.0,0.0,0.0,0.0,0.0,0.0
1102,2,15,23,0.0,0.0,0.0,0.0,0.0,0.0,0.0
1103,2,15,24,0.0,0.0,0.0,0.0,0.0,0.0,0.0
1104,2,16,1,0.0,0.0,0.0,0.0,0.0,0.0,0.0
1105,2,16,2,0.0,0.0,0.0,0.0,0.0,0.0,0.0
1106,2,16,3,0.0,0.0,0.0,0.0,0.0,0.0,0.0
1107,2,16,4,0.0,0.0,0.0,0.0,0.0,0.0,0.0
1108,2,16,5,0.0,0.0,0.0,0.0,0.0,0.0,0.0
1109,2,16,6,0.0,0.0,0.0,0.0,0.0,0.0,0.0
1110,2,16,7,0.0,0.0,0.0,0.0,0.0,0.0,0.0
1111,2,16,8,22.10626436,1.1939980164722332,21.98283036184809,11.3987983,12.32096002,11.77071988,11.3987983
1112,2,16,9,146.5665468,138.99026229201056,107.8014037733897,68.33020507,180.4372861,140.1433929,68.33020507
1113,2,16,10,386.4936097,594.0252882641222,133.5014417507068,122.7533224,502.4321849,502.7881491,122.7533224
1114,2,16,11,658.7607254,1059.4380403798348,92.66525790938316,132.2099117,583.9932884,905.2537535,132.2099117
1115,2,16,12,683.8253394,1042.838362073437,61.41354176961092,121.3231116,313.6278477,935.5761758,121.3231116
1116,2,16,13,646.7048243,1012.5873450479605,29.87210998558196,95.7322094,95.7322094,895.5899311,166.5918529
1117,2,16,14,550.359542,944.04360390861,11.816884682232768,69.86692157,69.86692157,784.224985,371.2944953
1118,2,16,15,405.8957995,818.5093848496874,10.242301748323413,54.24283146,54.24283146,613.7954115,501.7833818
1119,2,16,16,241.461685,647.1489830050342,12.459749129429175,39.94911972,39.94911972,412.4427481,516.9941796
1120,2,16,17,88.30504633,395.97858017606103,12.777482806915076,23.71838699,23.71838699,197.859633,371.1701665
1121,2,16,18,1.0,0.17799669205791874,0.999087081054017,0.507291592,0.507291592,0.507291592,0.507291592
1122,2,16,19,0.0,0.0,0.0,0.0,0.0,0.0,0.0
1123,2,16,20,0.0,0.0,0.0,0.0,0.0,0.0,0.0
1124,2,16,21,0.0,0.0,0.0,0.0,0.0,0.0,0.0
1125,2,16,22,0.0,0.0,0.0,0.0,0.0,0.0,0.0
1126,2,16,23,0.0,0.0,0.0,0.0,0.0,0.0,0.0
1127,2,16,24,0.0,0.0,0.0,0.0,0.0,0.0,0.0
1128,2,17,1,0.0,0.0,0.0,0.0,0.0,0.0,0.0
1129,2,17,2,0.0,0.0,0.0,0.0,0.0,0.0,0.0
1130,2,17,3,0.0,0.0,0.0,0.0,0.0,0.0,0.0
1131,2,17,4,0.0,0.0,0.0,0.0,0.0,0.0,0.0
1132,2,17,5,0.0,0.0,0.0,0.0,0.0,0.0,0.0
1133,2,17,6,0.0,0.0,0.0,0.0,0.0,0.0,0.0
1134,2,17,7,0.0,0.0,0.0,0.0,0.0,0.0,0.0
1135,2,17,8,23.11053299,1.194900015370415,22.982002082035386,11.92141871,12.84473856,12.28919977,11.92141871
1136,2,17,9,51.57170299,2.162783657688108,50.958944035628306,26.62774201,28.24571492,27.65502939,26.62774201
1137,2,17,10,75.86489631,2.156984300918401,74.93633448494916,39.40121152,40.68025546,40.67243179,39.40121152
1138,2,17,11,94.08066532,2.543516183583047,92.70956551838404,48.99996494,50.01867928,50.73264137,48.99996494
1139,2,17,12,224.6344457,46.47112241960625,196.67626214462314,107.5451373,116.0619421,143.4298412,107.5451373
1140,2,17,13,343.7339299,239.9163557067089,196.44059967290977,135.7169316,135.7169316,324.1139993,152.5608776
1141,2,17,14,409.1918911,571.3491492973274,80.57652057569133,110.1391206,110.1391206,540.2059344,292.8860659
1142,2,17,15,332.2314808,552.7042685042062,62.547710900836805,89.45948781,89.45948781,465.0435343,392.0989667
1143,2,17,16,217.8125381,482.71326300377694,44.894591501913794,63.37705949,63.37705949,339.1813418,419.6734475
1144,2,17,17,89.056944,330.58710686914503,24.638360169234158,33.1206046,33.1206046,177.0496519,323.5496578
1145,2,17,18,1.0,0.10146926451208974,0.999087081054017,0.50725165,0.50725165,0.50725165,0.50725165
1146,2,17,19,0.0,0.0,0.0,0.0,0.0,0.0,0.0
1147,2,17,20,0.0,0.0,0.0,0.0,0.0,0.0,0.0
1148,2,17,21,0.0,0.0,0.0,0.0,0.0,0.0,0.0
1149,2,17,22,0.0,0.0,0.0,0.0,0.0,0.0,0.0
1150,2,17,23,0.0,0.0,0.0,0.0,0.0,0.0,0.0
1151,2,17,24,0.0,0.0,0.0,0.0,0.0,0.0,0.0
1152,2,18,1,0.0,0.0,0.0,0.0,0.0,0.0,0.0
1153,2,18,2,0.0,0.0,0.0,0.0,0.0,0.0,0.0
1154,2,18,3,0.0,0.0,0.0,0.0,0.0,0.0,0.0
1155,2,18,4,0.0,0.0,0.0,0.0,0.0,0.0,0.0
1156,2,18,5,0.0,0.0,0.0,0.0,0.0,0.0,0.0
1157,2,18,6,0.0,0.0,0.0,0.0,0.0,0.0,0.0
1158,2,18,7,1.0,0.0,0.999087081054017,0.507320077,0.507320077,0.507320077,0.507320077
1159,2,18,8,200.2606716,542.9507838601587,139.5437768026558,26.9078224,527.9539454,223.98748,26.9078224
1160,2,18,9,401.9301483,808.8744239668373,169.13735067710317,118.3921683,773.5964209,530.698138,118.3921683
1161,2,18,10,564.1708882,1046.9956941962375,108.58022774833859,123.0955076,793.9147604,785.1012953,123.0955076
1162,2,18,11,670.414186,1059.3460936506947,94.32016278622724,134.0117201,586.5224914,899.0786262,134.0117201
1163,2,18,12,709.5907096,1051.4860861868933,71.93132615141752,129.5598107,323.4748794,942.7426625,129.5598107
1164,2,18,13,685.7845148,1030.403547649843,48.24611432965766,113.8695535,113.8695535,920.0249948,186.6640818
1165,2,18,14,598.8617401,993.5718378629871,22.72935935747437,85.61603301,85.61603301,829.7660787,404.128112
1166,2,18,15,459.3924494,932.7964924477021,0.0,45.93924494,45.93924494,679.0363582,559.9845957
1167,2,18,16,297.6251136,820.8617657334019,0.0,29.76251136,29.76251136,498.7865881,641.0821554
1168,2,18,17,107.18075,538.6470086661004,0.0,10.718075,10.718075,246.2428067,491.5053331
1169,2,18,18,2.0,0.1419566922555732,1.998174162108034,1.017554198,1.017554198,1.017554198,1.017554198
1170,2,18,19,0.0,0.0,0.0,0.0,0.0,0.0,0.0
1171,2,18,20,0.0,0.0,0.0,0.0,0.0,0.0,0.0
1172,2,18,21,0.0,0.0,0.0,0.0,0.0,0.0,0.0
1173,2,18,22,0.0,0.0,0.0,0.0,0.0,0.0,0.0
1174,2,18,23,0.0,0.0,0.0,0.0,0.0,0.0,0.0
1175,2,18,24,0.0,0.0,0.0,0.0,0.0,0.0,0.0
1176,2,19,1,0.0,0.0,0.0,0.0,0.0,0.0,0.0
1177,2,19,2,0.0,0.0,0.0,0.0,0.0,0.0,0.0
1178,2,19,3,0.0,0.0,0.0,0.0,0.0,0.0,0.0
1179,2,19,4,0.0,0.0,0.0,0.0,0.0,0.0,0.0
1180,2,19,5,0.0,0.0,0.0,0.0,0.0,0.0,0.0
1181,2,19,6,0.0,0.0,0.0,0.0,0.0,0.0,0.0
1182,2,19,7,2.0,0.0,1.998174162108034,1.018398489,1.018398489,1.018398489,1.018398489
1183,2,19,8,191.0892856,487.87607392240534,134.41715914324686,33.79086924,484.5185205,208.8314911,33.79086924
1184,2,19,9,354.9148026,636.982995147939,168.6992905939455,114.7599553,631.2097223,436.841723,114.7599553
1185,2,19,10,466.0945938,788.4759963900167,119.28921069442225,125.9690398,631.5836302,621.4073971,125.9690398
1186,2,19,11,519.7274813,765.7692890994539,99.60821404373596,128.3949341,455.6936636,678.4861616,128.3949341
1187,2,19,12,608.512581,889.387426387153,64.85150994381539,120.3895119,284.3470469,804.825456,120.3895119
1188,2,19,13,640.5285242,974.1303540298356,33.12446410470749,97.83113645,97.83113645,856.2121556,167.0458936
1189,2,19,14,604.3759376,994.1669705295363,23.21539397217061,86.64356355,86.64356355,827.2907656,406.0408299
1190,2,19,15,463.1308078,931.7698706968793,0.0,46.31308078,46.31308078,674.9066123,560.7108131
1191,2,19,16,302.6427131,824.8021086182667,0.0,30.26427131,30.26427131,498.0142252,645.5019236
1192,2,19,17,111.4033839,548.5263752381088,0.0,11.14033839,11.14033839,248.4904815,501.4363669
1193,2,19,18,2.0,0.1091849833229308,1.998174162108034,1.017291155,1.017291155,1.017291155,1.017291155
1194,2,19,19,0.0,0.0,0.0,0.0,0.0,0.0,0.0
1195,2,19,20,0.0,0.0,0.0,0.0,0.0,0.0,0.0
1196,2,19,21,0.0,0.0,0.0,0.0,0.0,0.0,0.0
1197,2,19,22,0.0,0.0,0.0,0.0,0.0,0.0,0.0
1198,2,19,23,0.0,0.0,0.0,0.0,0.0,0.0,0.0
1199,2,19,24,0.0,0.0,0.0,0.0,0.0,0.0,0.0
1200,2,20,1,0.0,0.0,0.0,0.0,0.0,0.0,0.0
1201,2,20,2,0.0,0.0,0.0,0.0,0.0,0.0,0.0
1202,2,20,3,0.0,0.0,0.0,0.0,0.0,0.0,0.0
1203,2,20,4,0.0,0.0,0.0,0.0,0.0,0.0,0.0
1204,2,20,5,0.0,0.0,0.0,0.0,0.0,0.0,0.0
1205,2,20,6,0.0,0.0,0.0,0.0,0.0,0.0,0.0
1206,2,20,7,2.0,0.0,1.998174162108034,1.018401682,1.018401682,1.018401682,1.018401682
1207,2,20,8,205.0848596,534.8543833561781,140.60062757162703,34.39980156,529.1811674,224.0842536,34.39980156
1208,2,20,9,396.0422203,760.8460864969586,170.11539357442965,119.9476151,737.5469263,501.6396856,119.9476151
1209,2,20,10,545.8579313,966.2168193310093,116.2840973968318,131.5955394,751.7647238,734.9701672,131.5955394
1210,2,20,11,640.3319316,1012.1497898732698,80.14288959735855,125.7063282,558.5755021,848.9448289,125.7063282
1211,2,20,12,677.7265264,1013.4063104744087,53.32541981255067,115.576083,302.277865,891.5648843,115.576083
1212,2,20,13,654.7287022,995.0341951053776,29.49193810834608,96.16366951,96.16366951,866.9153457,167.3131119
1213,2,20,14,572.6608226,950.2910904737831,12.667406987379382,73.12329616,73.12329616,777.2519095,379.128295
1214,2,20,15,439.3708434,871.8027815679048,2.0770643541038742,48.82772353,48.82772353,630.6158415,528.7567694
1215,2,20,16,273.167511,735.7595726997829,0.0,28.83843147,28.83843147,440.9989985,576.0368904
1216,2,20,17,106.1686658,499.99262345192335,2.568862123826822,15.44535829,15.44535829,226.4774153,456.7098291
1217,2,20,18,2.0,0.08873075716959751,1.998174162108034,1.017065082,1.017065082,1.017065082,1.017065082
1218,2,20,19,0.0,0.0,0.0,0.0,0.0,0.0,0.0
1219,2,20,20,0.0,0.0,0.0,0.0,0.0,0.0,0.0
1220,2,20,21,0.0,0.0,0.0,0.0,0.0,0.0,0.0
1221,2,20,22,0.0,0.0,0.0,0.0,0.0,0.0,0.0
1222,2,20,23,0.0,0.0,0.0,0.0,0.0,0.0,0.0
1223,2,20,24,0.0,0.0,0.0,0.0,0.0,0.0,0.0
1224,2,21,1,0.0,0.0,0.0,0.0,0.0,0.0,0.0
1225,2,21,2,0.0,0.0,0.0,0.0,0.0,0.0,0.0
1226,2,21,3,0.0,0.0,0.0,0.0,0.0,0.0,0.0
1227,2,21,4,0.0,0.0,0.0,0.0,0.0,0.0,0.0
1228,2,21,5,0.0,0.0,0.0,0.0,0.0,0.0,0.0
1229,2,21,6,0.0,0.0,0.0,0.0,0.0,0.0,0.0
1230,2,21,7,2.0,0.0,1.998174162108034,1.018404924,1.018404924,1.018404924,1.018404924
1231,2,21,8,223.46316,596.8377289173698,148.83748447288664,33.90501731,586.7261776,243.0895049,33.90501731
1232,2,21,9,416.7639404,813.7652930388359,171.33126173313778,123.091501,784.321572,528.0406621,123.091501
1233,2,21,10,560.737304,1011.4968655434067,106.17936312867398,122.9961946,772.7559686,750.6638684,122.9961946
1234,2,21,11,646.438149,1013.369100389622,80.63349175564431,126.5359737,560.0981594,846.6899796,126.5359737
1235,2,21,12,542.13042,733.2971385631922,86.73160732426516,127.4976737,262.4530212,686.0750673,127.4976737
1236,2,21,13,394.9672649,302.59876686525246,203.36425715260043,144.5463665,144.5463665,377.5144618,166.3137559
1237,2,21,14,238.6027032,92.59171937712856,183.60275451610343,109.4991237,109.4991237,177.5182598,139.2956519
1238,2,21,15,192.1049436,76.81469991515863,153.22547079132096,90.15645479,90.15645479,140.9069242,132.3668984
1239,2,21,16,129.718247,55.07933634131126,109.02989567663822,62.94982873,62.94982873,93.32757751,103.6669266
1240,2,21,17,59.87632278,26.058516626701195,54.37014075441327,30.60642785,30.60642785,41.38604672,53.42909765
1241,2,21,18,1.0,0.03737586087391982,0.999087081054017,0.507174706,0.507174706,0.507174706,0.507174706
1242,2,21,19,0.0,0.0,0.0,0.0,0.0,0.0,0.0
1243,2,21,20,0.0,0.0,0.0,0.0,0.0,0.0,0.0
1244,2,21,21,0.0,0.0,0.0,0.0,0.0,0.0,0.0
1245,2,21,22,0.0,0.0,0.0,0.0,0.0,0.0,0.0
1246,2,21,23,0.0,0.0,0.0,0.0,0.0,0.0,0.0
1247,2,21,24,0.0,0.0,0.0,0.0,0.0,0.0,0.0
1248,2,22,1,0.0,0.0,0.0,0.0,0.0,0.0,0.0
1249,2,22,2,0.0,0.0,0.0,0.0,0.0,0.0,0.0
1250,2,22,3,0.0,0.0,0.0,0.0,0.0,0.0,0.0
1251,2,22,4,0.0,0.0,0.0,0.0,0.0,0.0,0.0
1252,2,22,5,0.0,0.0,0.0,0.0,0.0,0.0,0.0
1253,2,22,6,0.0,0.0,0.0,0.0,0.0,0.0,0.0
1254,2,22,7,3.0,0.0,2.997261243162051,1.533254759,1.533254759,1.533254759,1.533254759
1255,2,22,8,228.0035758,602.7899182109032,149.89895339939778,37.50373829,596.4630389,246.2330562,37.50373829
1256,2,22,9,427.4482585,835.7071009750076,171.4571564277837,125.1834012,804.8761351,537.6373808,125.1834012
1257,2,22,10,580.8401623,1042.0521573341803,107.50527181493018,125.4401366,795.2946808,767.9072481,125.4401366
1258,2,22,11,674.9586993,1047.028139192015,85.22212928660205,131.2756414,579.3563357,871.211274,131.2756414
1259,2,22,12,708.4863022,1035.2546692869266,60.48139443509271,123.0401068,313.3488072,907.5866564,123.0401068
1260,2,22,13,681.3766497,1011.9472192413963,35.71789115317543,104.0061691,104.0061691,879.7068304,177.4162837
1261,2,22,14,592.9600792,973.3437432481472,10.195125180504709,72.65735535,72.65735535,785.7912479,387.6234977
1262,2,22,15,451.2795381,880.9982283829959,1.3629309224506916,49.30778045,49.30778045,629.6481208,536.0673085
1263,2,22,16,281.5966236,736.8013345691998,1.6580333094764121,32.64922822,32.64922822,437.646463,580.8123465
1264,2,22,17,112.2258001,496.7661199049741,5.228150077611149,19.08500099,19.08500099,224.0980958,458.7174592
1265,2,22,18,2.0,0.06459582404622242,1.998174162108034,1.016719009,1.016719009,1.016719009,1.016719009
1266,2,22,19,0.0,0.0,0.0,0.0,0.0,0.0,0.0
1267,2,22,20,0.0,0.0,0.0,0.0,0.0,0.0,0.0
1268,2,22,21,0.0,0.0,0.0,0.0,0.0,0.0,0.0
1269,2,22,22,0.0,0.0,0.0,0.0,0.0,0.0,0.0
1270,2,22,23,0.0,0.0,0.0,0.0,0.0,0.0,0.0
1271,2,22,24,0.0,0.0,0.0,0.0,0.0,0.0,0.0
1272,2,23,1,0.0,0.0,0.0,0.0,0.0,0.0,0.0
1273,2,23,2,0.0,0.0,0.0,0.0,0.0,0.0,0.0
1274,2,23,3,0.0,0.0,0.0,0.0,0.0,0.0,0.0
1275,2,23,4,0.0,0.0,0.0,0.0,0.0,0.0,0.0
1276,2,23,5,0.0,0.0,0.0,0.0,0.0,0.0,0.0
1277,2,23,6,0.0,0.0,0.0,0.0,0.0,0.0,0.0
1278,2,23,7,1.0,0.0,0.999087081054017,0.507324128,0.507324128,0.507324128,0.507324128
1279,2,23,8,101.8038169,220.93073459137906,72.16105033299783,47.66694569,252.6415908,123.1923674,47.66694569
1280,2,23,9,176.7565912,167.57527622278377,124.62633587105674,79.58814334,215.7797351,161.4726165,79.58814334
1281,2,23,10,215.224365,109.98546777675583,164.72813535658997,97.77336007,168.3209475,164.9532753,97.77336007
1282,2,23,11,214.974952,45.18566867897566,189.30109787711046,103.2496016,122.4618467,134.7919556,103.2496016
1283,2,23,12,287.9960501,122.00896636679676,211.02493762008203,127.7513883,150.0917163,219.4994188,127.7513883
1284,2,23,13,339.6241551,180.72225686723053,223.44002142176987,139.1649872,139.1649872,276.7165016,152.358763
1285,2,23,14,353.3547651,271.90791510079623,189.27383616597356,133.1727013,133.1727013,331.0272087,221.2970708
1286,2,23,15,345.4149815,530.8566279886629,71.90430155367673,97.04805715,97.04805715,444.312347,390.8315504
1287,2,23,16,261.2525452,610.787471392075,26.554966991826756,55.17489236,55.17489236,388.0638151,510.2546665
1288,2,23,17,119.761218,545.697587199602,0.0,11.9761218,11.9761218,237.7025311,502.3982245
1289,2,23,18,3.0,0.0853278578434448,2.997261243162051,1.528218039,1.528218039,1.528218039,1.528218039
1290,2,23,19,0.0,0.0,0.0,0.0,0.0,0.0,0.0
1291,2,23,20,0.0,0.0,0.0,0.0,0.0,0.0,0.0
1292,2,23,21,0.0,0.0,0.0,0.0,0.0,0.0,0.0
1293,2,23,22,0.0,0.0,0.0,0.0,0.0,0.0,0.0
1294,2,23,23,0.0,0.0,0.0,0.0,0.0,0.0,0.0
1295,2,23,24,0.0,0.0,0.0,0.0,0.0,0.0,0.0
1296,2,24,1,0.0,0.0,0.0,0.0,0.0,0.0,0.0
1297,2,24,2,0.0,0.0,0.0,0.0,0.0,0.0,0.0
1298,2,24,3,0.0,0.0,0.0,0.0,0.0,0.0,0.0
1299,2,24,4,0.0,0.0,0.0,0.0,0.0,0.0,0.0
1300,2,24,5,0.0,0.0,0.0,0.0,0.0,0.0,0.0
1301,2,24,6,0.0,0.0,0.0,0.0,0.0,0.0,0.0
1302,2,24,7,3.0,0.0,2.997261243162051,1.533269878,1.533269878,1.533269878,1.533269878
1303,2,24,8,238.5033221,615.703159467614,153.02283430834967,43.87905689,615.9955213,251.8476116,43.87905689
1304,2,24,9,438.4634584,842.5143097341921,172.30863281616882,128.1863163,814.5393385,537.0331268,128.1863163
1305,2,24,10,591.1310211,1040.1589215283393,108.45512481632925,127.0363144,796.4240498,759.9075875,127.0363144
1306,2,24,11,685.3463419,1045.4397371434827,86.15175766990401,132.6964548,580.1587235,863.1037279,132.6964548
1307,2,24,12,731.0641186,1042.4741808546696,68.25205663777275,129.5950442,320.5918829,911.1518014,129.5950442
1308,2,24,13,715.0691991,1028.1211238455976,49.1092148544054,117.2725725,117.2725725,896.8216181,193.1075987
1309,2,24,14,633.785757,997.103615567339,27.38944482700793,93.43409339,93.43409339,815.4033938,417.7915341
1310,2,24,15,485.2083868,933.5399526231587,0.0,49.91997411,49.91997411,658.0576115,568.9445537
1311,2,24,16,316.5932831,814.791064621829,0.0,31.65932831,31.65932831,475.2832997,644.3309084
1312,2,24,17,123.7538665,553.6402904448397,0.0,12.37538665,12.37538665,238.6355864,510.5844818
1313,2,24,18,3.0,0.07624972597021737,2.997261243162051,1.527874451,1.527874451,1.527874451,1.527874451
1314,2,24,19,0.0,0.0,0.0,0.0,0.0,0.0,0.0
1315,2,24,20,0.0,0.0,0.0,0.0,0.0,0.0,0.0
1316,2,24,21,0.0,0.0,0.0,0.0,0.0,0.0,0.0
1317,2,24,22,0.0,0.0,0.0,0.0,0.0,0.0,0.0
1318,2,24,23,0.0,0.0,0.0,0.0,0.0,0.0,0.0
1319,2,24,24,0.0,0.0,0.0,0.0,0.0,0.0,0.0
1320,2,25,1,0.0,0.0,0.0,0.0,0.0,0.0,0.0
1321,2,25,2,0.0,0.0,0.0,0.0,0.0,0.0,0.0
1322,2,25,3,0.0,0.0,0.0,0.0,0.0,0.0,0.0
1323,2,25,4,0.0,0.0,0.0,0.0,0.0,0.0,0.0
1324,2,25,5,0.0,0.0,0.0,0.0,0.0,0.0,0.0
1325,2,25,6,0.0,0.0,0.0,0.0,0.0,0.0,0.0
1326,2,25,7,3.0,0.0,2.997261243162051,1.533277592,1.533277592,1.533277592,1.533277592
1327,2,25,8,235.1775942,586.6559943527175,150.96033487952604,48.34990923,593.9650426,243.9861749,48.34990923
1328,2,25,9,434.2143553,817.3632701737821,172.02565360730253,128.1727743,794.5040786,521.3953178,128.1727743
1329,2,25,10,592.3119369,1037.0642245121048,105.9281836903002,126.8386151,794.5239565,753.5725832,126.8386151
1330,2,25,11,692.1401391,1046.2121118204275,87.28253742656341,133.8195376,581.5546873,860.488749,133.8195376
1331,2,25,12,736.8729043,1042.7949150336115,68.68941761783003,130.3610827,321.0171201,907.8454424,130.3610827
1332,2,25,13,721.131199,1028.164651967711,50.14650226964046,118.5523565,118.5523565,893.7697761,195.0843945
1333,2,25,14,640.2967774,998.3331408072935,28.45142980282705,95.02306683,95.02306683,813.49737,420.685657
1334,2,25,15,495.924812,941.6853102375874,2.2316816499867254,55.09352624,55.09352624,662.726452,578.367099
1335,2,25,16,332.970322,847.583195521049,0.0,33.2970322,33.2970322,490.7314148,671.6492471
1336,2,25,17,134.9920967,593.1723901339594,0.0,13.49920967,13.49920967,252.9209496,547.9665747
1337,2,25,18,3.0,0.0689363377016975,2.997261243162051,1.527587229,1.527587229,1.527587229,1.527587229
1338,2,25,19,0.0,0.0,0.0,0.0,0.0,0.0,0.0
1339,2,25,20,0.0,0.0,0.0,0.0,0.0,0.0,0.0
1340,2,25,21,0.0,0.0,0.0,0.0,0.0,0.0,0.0
1341,2,25,22,0.0,0.0,0.0,0.0,0.0,0.0,0.0
1342,2,25,23,0.0,0.0,0.0,0.0,0.0,0.0,0.0
1343,2,25,24,0.0,0.0,0.0,0.0,0.0,0.0,0.0
1344,2,26,1,0.0,0.0,0.0,0.0,0.0,0.0,0.0
1345,2,26,2,0.0,0.0,0.0,0.0,0.0,0.0,0.0
1346,2,26,3,0.0,0.0,0.0,0.0,0.0,0.0,0.0
1347,2,26,4,0.0,0.0,0.0,0.0,0.0,0.0,0.0
1348,2,26,5,0.0,0.0,0.0,0.0,0.0,0.0,0.0
1349,2,26,6,0.0,0.0,0.0,0.0,0.0,0.0,0.0
1350,2,26,7,6.983724346,0.0,6.977348771731013,3.622286223,3.806202134,3.653683868,3.622286223
1351,2,26,8,178.4288803,332.6136707143592,129.09149170324412,67.76095793,377.1347788,177.1628181,67.76095793
1352,2,26,9,371.9019239,678.9518889081871,150.77526700532235,119.0477706,672.8861222,442.8199498,119.0477706
1353,2,26,10,553.6877255,910.8995937903577,121.92587097846217,135.6223171,722.2436001,682.3062154,135.6223171
1354,2,26,11,697.3696524,1045.4167432441222,87.73228525868814,134.5148136,581.7937223,856.3114305,134.5148136
1355,2,26,12,742.0454476,1042.1163284380816,69.12149611317537,131.0564993,321.1358695,903.6694534,131.0564993
1356,2,26,13,726.8416297,1028.5917524744214,50.57911453328238,119.382503,119.382503,890.4935969000001,196.6844181
1357,2,26,14,645.8015363,998.8845644326522,28.92203579802375,95.99050851,95.99050851,810.4078652,422.7702681
1358,2,26,15,493.5319371,933.3642992815165,0.0,51.43522892,51.43522892,650.2275688,571.8472463
1359,2,26,16,318.4431616,801.8814178370264,0.0,31.84431616,31.84431616,460.7265696,636.7434528
1360,2,26,17,129.7394197,556.336867169869,0.8862045295686548,16.19663729,16.19663729,234.8746773,511.2560196
1361,2,26,18,9.0,0.188760151309395,8.991783729486153,4.632244449,4.632244449,4.632244449,4.632244449
1362,2,26,19,0.0,0.0,0.0,0.0,0.0,0.0,0.0
1363,2,26,20,0.0,0.0,0.0,0.0,0.0,0.0,0.0
1364,2,26,21,0.0,0.0,0.0,0.0,0.0,0.0,0.0
1365,2,26,22,0.0,0.0,0.0,0.0,0.0,0.0,0.0
1366,2,26,23,0.0,0.0,0.0,0.0,0.0,0.0,0.0
1367,2,26,24,0.0,0.0,0.0,0.0,0.0,0.0,0.0
1368,2,27,1,0.0,0.0,0.0,0.0,0.0,0.0,0.0
1369,2,27,2,0.0,0.0,0.0,0.0,0.0,0.0,0.0
1370,2,27,3,0.0,0.0,0.0,0.0,0.0,0.0,0.0
1371,2,27,4,0.0,0.0,0.0,0.0,0.0,0.0,0.0
1372,2,27,5,0.0,0.0,0.0,0.0,0.0,0.0,0.0
1373,2,27,6,0.0,0.0,0.0,0.0,0.0,0.0,0.0
1374,2,27,7,6.98337259,0.0,6.976997336855731,3.622153418,3.810224446,3.653374543,3.622153418
1375,2,27,8,111.5042625,218.22718889400997,78.07959194673049,52.0057426,255.1989576,122.8583469,52.0057426
1376,2,27,9,278.1044988,421.54161973212945,138.72329088802013,104.138641,448.1000754,303.3194736,104.138641
1377,2,27,10,469.8383084,706.9138916156753,131.21159152342474,132.8990139,588.2225807,554.1673661,132.8990139
1378,2,27,11,642.9670539,948.6128460780212,85.00800292024705,133.0102643,538.7104691,784.0029792,133.0102643
1379,2,27,12,666.5846662,933.7256520594472,59.00692153197131,123.3053195,293.162578,811.601893,123.3053195
1380,2,27,13,636.28086,875.3985212315855,56.484445472922765,114.0395458,114.0395458,766.4705273,180.4919495
1381,2,27,14,553.0692922,816.0552449325813,45.27067895864034,99.22059392,99.22059392,679.1611931,366.9688867
1382,2,27,15,407.9399637,668.3855294162032,51.52149792513374,89.03568096,89.03568096,514.0252453,461.8687693
1383,2,27,16,252.9212554,498.15472784498246,52.97394281234132,73.53220026,73.53220026,335.4638039,446.9893683
1384,2,27,17,115.0085474,267.69106961577364,51.933273879425755,50.85769099,50.85769099,154.6380132,289.2016957
1385,2,27,18,8.0,0.15435997094162193,7.992696648432136,4.107640988,4.107640988,4.107640988,4.107640988
1386,2,27,19,0.0,0.0,0.0,0.0,0.0,0.0,0.0
1387,2,27,20,0.0,0.0,0.0,0.0,0.0,0.0,0.0
1388,2,27,21,0.0,0.0,0.0,0.0,0.0,0.0,0.0
1389,2,27,22,0.0,0.0,0.0,0.0,0.0,0.0,0.0
1390,2,27,23,0.0,0.0,0.0,0.0,0.0,0.0,0.0
1391,2,27,24,0.0,0.0,0.0,0.0,0.0,0.0,0.0
1392,2,28,1,0.0,0.0,0.0,0.0,0.0,0.0,0.0
1393,2,28,2,0.0,0.0,0.0,0.0,0.0,0.0,0.0
1394,2,28,3,0.0,0.0,0.0,0.0,0.0,0.0,0.0
1395,2,28,4,0.0,0.0,0.0,0.0,0.0,0.0,0.0
1396,2,28,5,0.0,0.0,0.0,0.0,0.0,0.0,0.0
1397,2,28,6,0.0,0.0,0.0,0.0,0.0,0.0,0.0
1398,2,28,7,12.74475782,0.0,12.733122889124157,8.563047491,48.89598384,15.06895938,8.563047491
1399,2,28,8,243.6335252,579.5307352582442,152.03938392963218,58.11313145,598.4537805,243.8703546,58.11313145
1400,2,28,9,434.5245587,788.8561507890325,169.7484448350106,129.0207086,773.2313361,498.525161,129.0207086
1401,2,28,10,580.3468998,959.5663085329907,115.84334958884607,136.3351218,754.568777,704.1993841,136.3351218
1402,2,28,11,669.946134,1000.7096949008958,76.29208731387322,131.3709409,559.1384832,813.9083271,131.3709409
1403,2,28,12,706.533091,985.0007523783983,60.684950706261894,122.7012801,301.3597474,844.5688864,122.7012801
1404,2,28,13,685.5785183,971.5980185798793,37.35047982171644,105.5729664,105.5729664,825.4288144,180.1083477
1405,2,28,14,604.1128173,931.5100842811416,20.111753039765112,83.77697282,83.77697282,741.5255042,390.350812
1406,2,28,15,472.7618926,861.8548806815045,9.323352650943335,60.52629598,60.52629598,604.4833521,542.3041115
1407,2,28,16,306.2283493,742.30377602465,5.1402125389273765,39.33141476,39.33141476,426.0417742,596.8272128
1408,2,28,17,134.5502014,535.3311405458619,6.270631970914277,22.73885366,22.73885366,227.6645083,500.3423793
1409,2,28,18,12.7093776,34.11798714573812,10.96640616491223,7.743786418,7.743786418,15.40906411,40.74274845
1410,2,28,19,0.0,0.0,0.0,0.0,0.0,0.0,0.0
1411,2,28,20,0.0,0.0,0.0,0.0,0.0,0.0,0.0
1412,2,28,21,0.0,0.0,0.0,0.0,0.0,0.0,0.0
1413,2,28,22,0.0,0.0,0.0,0.0,0.0,0.0,0.0
1414,2,28,23,0.0,0.0,0.0,0.0,0.0,0.0,0.0
1415,2,28,24,0.0,0.0,0.0,0.0,0.0,0.0,0.0
1416,3,1,1,0.0,0.0,0.0,0.0,0.0,0.0,0.0
1417,3,1,2,0.0,0.0,0.0,0.0,0.0,0.0,0.0
1418,3,1,3,0.0,0.0,0.0,0.0,0.0,0.0,0.0
1419,3,1,4,0.0,0.0,0.0,0.0,0.0,0.0,0.0
1420,3,1,5,0.0,0.0,0.0,0.0,0.0,0.0,0.0
1421,3,1,6,0.0,0.0,0.0,0.0,0.0,0.0,0.0
1422,3,1,7,3.0,0.0,2.9813943343417906,1.533309424,1.533309424,1.533309424,1.533309424
1423,3,1,8,31.1666996,2.179140861989868,30.81153723471582,16.08758896,17.02143512,16.4040421,16.08758896
1424,3,1,9,153.5645097,89.5290722693851,123.06343430083206,72.11428304,143.459326,112.6447837,72.11428304
1425,3,1,10,364.0163858,400.9337866441516,167.89617644949865,129.945911,386.9578284,364.3099814,129.945911
1426,3,1,11,615.719524,880.0355957671829,89.19723273518932,134.6913453,510.2772438,730.6119353,134.6913453
1427,3,1,12,652.3028805,870.6578532336263,77.0882947285141,132.2393957,289.5315757,766.0518443,132.2393957
1428,3,1,13,634.9132592,865.4783321360093,53.289837994480955,118.0305559,118.0305559,755.0522748,185.1175689
1429,3,1,14,563.3364127,809.6038413853246,51.98530487896879,104.9391216,104.9391216,672.4993156,372.0610073
1430,3,1,15,335.6603468,395.9010736957259,121.01334720690676,115.6998377,115.6998377,362.7886829,336.6842152
1431,3,1,16,149.9595408,67.52823139370759,122.28443013080799,71.54708799,71.54708799,105.4266714,120.9430943
1432,3,1,17,30.24054269,1.764461540822302,29.810706731886487,15.54102531,15.54102531,15.91891492,16.43508273
1433,3,1,18,3.0,0.3392391072179259,2.9813943343417906,1.52688533,1.52688533,1.52688533,1.52688533
1434,3,1,19,0.0,0.0,0.0,0.0,0.0,0.0,0.0
1435,3,1,20,0.0,0.0,0.0,0.0,0.0,0.0,0.0
1436,3,1,21,0.0,0.0,0.0,0.0,0.0,0.0,0.0
1437,3,1,22,0.0,0.0,0.0,0.0,0.0,0.0,0.0
1438,3,1,23,0.0,0.0,0.0,0.0,0.0,0.0,0.0
1439,3,1,24,0.0,0.0,0.0,0.0,0.0,0.0,0.0
1440,3,2,1,0.0,0.0,0.0,0.0,0.0,0.0,0.0
1441,3,2,2,0.0,0.0,0.0,0.0,0.0,0.0,0.0
1442,3,2,3,0.0,0.0,0.0,0.0,0.0,0.0,0.0
1443,3,2,4,0.0,0.0,0.0,0.0,0.0,0.0,0.0
1444,3,2,5,0.0,0.0,0.0,0.0,0.0,0.0,0.0
1445,3,2,6,0.0,0.0,0.0,0.0,0.0,0.0,0.0
1446,3,2,7,10.36703754,0.0,10.302742328554885,6.311792295,27.79571476,9.575821439,6.311792295
1447,3,2,8,119.8492786,221.17433887051328,82.69996880114432,55.64842494,259.5790592,123.7560202,55.64842494
1448,3,2,9,293.7542115,439.29522818039516,141.86464541610232,108.1092818,465.2611655,309.0506987,108.1092818
1449,3,2,10,494.5551305,732.9440331289638,132.28673883859074,136.7208102,608.0004448,563.3540447,136.7208102
1450,3,2,11,678.7839707,987.7177288802943,82.82243580754215,135.9284648,557.2232905,800.6473209,135.9284648
1451,3,2,12,708.716957,959.0342433891508,70.33438782018743,128.3657794,301.0431154,822.4066974,128.3657794
1452,3,2,13,681.3401626,931.4611612582789,50.86643419312621,115.0260905,115.0260905,796.4340398,188.0513952
1453,3,2,14,596.4231307,879.6966453605501,36.70953646187285,97.42069999,97.42069999,710.1112459,388.6598088
1454,3,2,15,480.5413398,846.092311648798,18.063505103531668,70.28072249,70.28072249,595.9299831,545.0802832
1455,3,2,16,321.1052331,759.0361545122839,6.844499482276511,42.85674168,42.85674168,430.5493198,614.6440979
1456,3,2,17,145.8893306,575.6543878803483,3.3753039149749178,20.87882176,20.87882176,235.1633519,535.716583
1457,3,2,18,15.43658665,93.80393564858845,9.940690848701257,10.51687916,10.51687916,30.46479952,100.9282106
1458,3,2,19,0.0,0.0,0.0,0.0,0.0,0.0,0.0
1459,3,2,20,0.0,0.0,0.0,0.0,0.0,0.0,0.0
1460,3,2,21,0.0,0.0,0.0,0.0,0.0,0.0,0.0
1461,3,2,22,0.0,0.0,0.0,0.0,0.0,0.0,0.0
1462,3,2,23,0.0,0.0,0.0,0.0,0.0,0.0,0.0
1463,3,2,24,0.0,0.0,0.0,0.0,0.0,0.0,0.0
1464,3,3,1,0.0,0.0,0.0,0.0,0.0,0.0,0.0
1465,3,3,2,0.0,0.0,0.0,0.0,0.0,0.0,0.0
1466,3,3,3,0.0,0.0,0.0,0.0,0.0,0.0,0.0
1467,3,3,4,0.0,0.0,0.0,0.0,0.0,0.0,0.0
1468,3,3,5,0.0,0.0,0.0,0.0,0.0,0.0,0.0
1469,3,3,6,0.0,0.0,0.0,0.0,0.0,0.0,0.0
1470,3,3,7,24.0,0.0,23.851154674734325,10.98783625,56.48975279,17.68824725,10.98783625
1471,3,3,8,252.0084333,565.1792329153197,154.23816513446522,62.80247301,586.3587783,235.0990931,62.80247301
1472,3,3,9,445.6998091,782.2354122456227,171.24096870991275,132.0113068,769.406415,487.1476366,132.0113068
1473,3,3,10,600.1257286,961.3305058898296,120.04457809170135,140.6244918,759.1335844,696.4677268,140.6244918
1474,3,3,11,699.2350967,1021.8668355883005,77.47231081313961,135.3038399,570.8082644,818.6313214,135.3038399
1475,3,3,12,731.3188466,994.9122199412254,64.09574976410806,127.1577344,305.6339037,842.8092371,127.1577344
1476,3,3,13,706.3037947,973.71514667976,42.52728343468293,111.6518495,111.6518495,819.571586,188.8905468
1477,3,3,14,620.1013457,925.1489660278561,27.181597523725465,91.94865287,91.94865287,731.9579308,399.2699317
1478,3,3,15,488.9257571,859.0542440849662,15.574713776075699,68.7276977,68.7276977,598.18449,551.819265
1479,3,3,16,322.3034496,745.3689500696966,10.590662230251594,46.98099667,46.98099667,423.816839,609.3068688
1480,3,3,17,147.1658953,547.4070676061245,9.487791338174471,27.52713762,27.52713762,228.30926,517.5724368
1481,3,3,18,17.89431797,102.21829074617655,11.524315688333893,11.86657616,11.86657616,33.04469675,110.486043
1482,3,3,19,0.0,0.0,0.0,0.0,0.0,0.0,0.0
1483,3,3,20,0.0,0.0,0.0,0.0,0.0,0.0,0.0
1484,3,3,21,0.0,0.0,0.0,0.0,0.0,0.0,0.0
1485,3,3,22,0.0,0.0,0.0,0.0,0.0,0.0,0.0
1486,3,3,23,0.0,0.0,0.0,0.0,0.0,0.0,0.0
1487,3,3,24,0.0,0.0,0.0,0.0,0.0,0.0,0.0
1488,3,4,1,0.0,0.0,0.0,0.0,0.0,0.0,0.0
1489,3,4,2,0.0,0.0,0.0,0.0,0.0,0.0,0.0
1490,3,4,3,0.0,0.0,0.0,0.0,0.0,0.0,0.0
1491,3,4,4,0.0,0.0,0.0,0.0,0.0,0.0,0.0
1492,3,4,5,0.0,0.0,0.0,0.0,0.0,0.0,0.0
1493,3,4,6,0.0,0.0,0.0,0.0,0.0,0.0,0.0
1494,3,4,7,29.0,0.0,28.820145231970642,10.13761266,109.1279414,24.25290806,10.13761266
1495,3,4,8,277.5160951,651.1994161090697,161.56483585549816,65.07423763,669.3305185,260.9831817,65.07423763
1496,3,4,9,476.9948216,867.0322200932421,168.32872224361572,134.751895,841.7535074,524.8264478,134.751895
1497,3,4,10,626.9061109,1008.2363212401104,118.21155374442147,142.7169731,791.3484202,721.380369,142.7169731
1498,3,4,11,715.9103926,1036.2235648592364,80.13503314302125,138.3748868,579.5373958,826.7582916,138.3748868
1499,3,4,12,749.0468608,1009.5847837750457,66.95594726145828,130.4366641,310.808358,852.1020372,130.4366641
1500,3,4,13,725.3563216,990.6473102909827,45.26531440521657,115.5071218,115.5071218,831.1209222,195.0323876
1501,3,4,14,638.3936076,955.0864316645427,21.87996516185103,89.04318047,89.04318047,745.1880084,407.3815455
1502,3,4,15,440.5667035,695.635810348527,54.20994505350329,94.32450675,94.32450675,519.279567,486.0706715
1503,3,4,16,258.0790062,420.6446018383181,80.42021514193539,88.78118904,88.78118904,298.6987926,405.7884901
1504,3,4,17,111.4095583,156.54109500554304,71.42441709226257,52.02183583,52.02183583,107.9852176,190.8258613
1505,3,4,18,15.15518451,19.847030766088427,13.844683768894441,8.639388194,8.639388194,12.42055451,26.7469065
1506,3,4,19,0.0,0.0,0.0,0.0,0.0,0.0,0.0
1507,3,4,20,0.0,0.0,0.0,0.0,0.0,0.0,0.0
1508,3,4,21,0.0,0.0,0.0,0.0,0.0,0.0,0.0
1509,3,4,22,0.0,0.0,0.0,0.0,0.0,0.0,0.0
1510,3,4,23,0.0,0.0,0.0,0.0,0.0,0.0,0.0
1511,3,4,24,0.0,0.0,0.0,0.0,0.0,0.0,0.0
1512,3,5,1,0.0,0.0,0.0,0.0,0.0,0.0,0.0
1513,3,5,2,0.0,0.0,0.0,0.0,0.0,0.0,0.0
1514,3,5,3,0.0,0.0,0.0,0.0,0.0,0.0,0.0
1515,3,5,4,0.0,0.0,0.0,0.0,0.0,0.0,0.0
1516,3,5,5,0.0,0.0,0.0,0.0,0.0,0.0,0.0
1517,3,5,6,0.0,0.0,0.0,0.0,0.0,0.0,0.0
1518,3,5,7,5.0,0.0,4.968990557236317,2.574477061,2.574477061,2.574477061,2.574477061
1519,3,5,8,34.18706426,2.1506100285162186,33.79314604328951,17.66450244,18.60028982,17.96334843,17.66450244
1520,3,5,9,63.72895431,3.0791844774998207,62.61684652372376,32.99673488,34.63116174,33.88963714,32.99673488
1521,3,5,10,90.02450627,3.3256405011521477,88.32942067637589,46.87701448,48.32244603,48.1570982,46.87701448
1522,3,5,11,108.240643,4.616845192342925,105.38444203219407,56.25353817,57.76596291,58.60052889,56.25353817
1523,3,5,12,118.0439528,6.266061653459095,113.77933608817169,61.01244764,61.94207642,64.72435047,61.01244764
1524,3,5,13,119.0732539,6.32434939641713,114.70114131603414,61.54336507,61.54336507,65.34063393,61.97334877
1525,3,5,14,108.946871,5.357062198969239,105.46424887177794,56.41850114,56.41850114,59.38268459,57.87181847
1526,3,5,15,90.11561125,2.989194593091675,88.4423697655452,46.98989055,46.98989055,48.20448617,48.12133609
1527,3,5,16,63.84768463,2.918801515826014,62.60289244821061,33.01917989,33.01917989,34.01086418,34.53509317
1528,3,5,17,33.25619646,1.7899917624879604,32.792004327084584,17.11342529,17.11342529,17.46978834,18.01196229
1529,3,5,18,5.0,0.44473327290117215,4.968990557236317,2.551119145,2.551119145,2.551119145,2.551119145
1530,3,5,19,0.0,0.0,0.0,0.0,0.0,0.0,0.0
1531,3,5,20,0.0,0.0,0.0,0.0,0.0,0.0,0.0
1532,3,5,21,0.0,0.0,0.0,0.0,0.0,0.0,0.0
1533,3,5,22,0.0,0.0,0.0,0.0,0.0,0.0,0.0
1534,3,5,23,0.0,0.0,0.0,0.0,0.0,0.0,0.0
1535,3,5,24,0.0,0.0,0.0,0.0,0.0,0.0,0.0
1536,3,6,1,0.0,0.0,0.0,0.0,0.0,0.0,0.0
1537,3,6,2,0.0,0.0,0.0,0.0,0.0,0.0,0.0
1538,3,6,3,0.0,0.0,0.0,0.0,0.0,0.0,0.0
1539,3,6,4,0.0,0.0,0.0,0.0,0.0,0.0,0.0
1540,3,6,5,0.0,0.0,0.0,0.0,0.0,0.0,0.0
1541,3,6,6,0.0,0.0,0.0,0.0,0.0,0.0,0.0
1542,3,6,7,36.0,0.0,35.77673201210148,0.140202052,134.9472614,18.10992093,0.140202052
1543,3,6,8,288.5009455,662.9122805451613,163.6674646978256,71.14686399,687.1269716,264.8735215,71.14686399
1544,3,6,9,491.6176609,891.2497368368481,165.09779868397118,136.156988,863.2707262,529.4549613,136.156988
1545,3,6,10,644.367655,1010.9594476236463,123.84609367739736,146.8672333,796.7993295,718.230316,146.8672333
1546,3,6,11,739.9097407,1043.953131676747,88.74662268811285,145.090668,588.4299806,829.3003342,145.090668
1547,3,6,12,770.4309992,1040.6479838558603,57.00854127344733,132.9463315,317.232973,867.4139904,132.9463315
1548,3,6,13,740.3390447,993.9846723850205,48.426134692088986,119.117605,119.117605,827.7271082,200.9091746
1549,3,6,14,649.205359,955.9203649716894,23.39260983060067,91.52500589,91.52500589,738.8256028,412.3061025
1550,3,6,15,525.1714893,918.4899026357115,7.051303649124031,63.68195355,63.68195355,615.8159233,583.5141938
1551,3,6,16,357.7512846,830.8730408494741,0.0,35.77512846,35.77512846,445.8341559,670.4101515
1552,3,6,17,169.5587355,644.2178668567697,0.0,16.95587355,16.95587355,245.6992274,603.4968468
1553,3,6,18,22.11408639,180.34754848170292,8.875718461180393,11.91934507,11.91934507,46.51330149,187.6552313
1554,3,6,19,0.0,0.0,0.0,0.0,0.0,0.0,0.0
1555,3,6,20,0.0,0.0,0.0,0.0,0.0,0.0,0.0
1556,3,6,21,0.0,0.0,0.0,0.0,0.0,0.0,0.0
1557,3,6,22,0.0,0.0,0.0,0.0,0.0,0.0,0.0
1558,3,6,23,0.0,0.0,0.0,0.0,0.0,0.0,0.0
1559,3,6,24,0.0,0.0,0.0,0.0,0.0,0.0,0.0
1560,3,7,1,0.0,0.0,0.0,0.0,0.0,0.0,0.0
1561,3,7,2,0.0,0.0,0.0,0.0,0.0,0.0,0.0
1562,3,7,3,0.0,0.0,0.0,0.0,0.0,0.0,0.0
1563,3,7,4,0.0,0.0,0.0,0.0,0.0,0.0,0.0
1564,3,7,5,0.0,0.0,0.0,0.0,0.0,0.0,0.0
1565,3,7,6,0.0,0.0,0.0,0.0,0.0,0.0,0.0
1566,3,7,7,31.11368892,0.0,30.92072528885365,14.48181477,63.08103171,20.73506899,14.48181477
1567,3,7,8,211.9423858,343.4184752279644,145.4943134871762,83.51089195,400.9635992,181.8139724,83.51089195
1568,3,7,9,416.9702103,717.3936832168032,150.40317877346777,127.2231188,712.2971027,440.5372935,127.2231188
1569,3,7,10,612.610422,946.1691106135519,120.53929504888323,142.701918,750.6740627,673.2455785,142.701918
1570,3,7,11,766.9848188,1057.7237988689035,101.83833601513884,153.735149,602.2431535,842.1452647,153.735149
1571,3,7,12,806.0814786,1063.6677389541005,71.60604200928103,144.8912812,332.317171,890.6032669,144.8912812
1572,3,7,13,785.4175948,1028.3734016058675,64.66386878967468,133.5134486,133.5134486,861.6066076,219.2101671
1573,3,7,14,699.2213732,997.5123334472391,41.643923164883724,111.574581,111.574581,781.9372215,447.4198724
1574,3,7,15,554.9935182,945.7789833767458,17.40351733648343,77.45199639,77.45199639,641.0002557,613.7948034
1575,3,7,16,372.3811411,856.7478499811857,0.0,37.23811411,37.23811411,455.3964617,692.6157778
1576,3,7,17,173.118744,648.2588101204854,0.0,17.3118744,17.3118744,243.7950561,608.1344103
1577,3,7,18,24.53886909,194.34730678560322,9.561280383747741,12.80409323,12.80409323,48.97894788,202.3809002
1578,3,7,19,0.0,0.0,0.0,0.0,0.0,0.0,0.0
1579,3,7,20,0.0,0.0,0.0,0.0,0.0,0.0,0.0
1580,3,7,21,0.0,0.0,0.0,0.0,0.0,0.0,0.0
1581,3,7,22,0.0,0.0,0.0,0.0,0.0,0.0,0.0
1582,3,7,23,0.0,0.0,0.0,0.0,0.0,0.0,0.0
1583,3,7,24,0.0,0.0,0.0,0.0,0.0,0.0,0.0
1584,3,8,1,0.0,0.0,0.0,0.0,0.0,0.0,0.0
1585,3,8,2,0.0,0.0,0.0,0.0,0.0,0.0,0.0
1586,3,8,3,0.0,0.0,0.0,0.0,0.0,0.0,0.0
1587,3,8,4,0.0,0.0,0.0,0.0,0.0,0.0,0.0
1588,3,8,5,0.0,0.0,0.0,0.0,0.0,0.0,0.0
1589,3,8,6,0.0,0.0,0.0,0.0,0.0,0.0,0.0
1590,3,8,7,28.04791739,112.20631445729515,27.70453471393124,14.46285379,69.74941129,21.32124511,14.46285379
1591,3,8,8,179.3413111,328.9269300811766,113.98309407193774,74.48754559,379.4909106,167.4630552,74.48754559
1592,3,8,9,361.7337535,523.7239234236816,164.38793077110313,126.5723208,552.9589419,352.61523,126.5723208
1593,3,8,10,540.5453039,789.5069421841966,125.84615509066145,140.0859612,646.9297879,579.1158808,140.0859612
1594,3,8,11,686.429088,938.7766106904827,91.29719514118507,141.1881026,538.6493495,747.929663,141.1881026
1595,3,8,12,692.0868041,904.6318056628484,62.955379834054135,131.4173986,289.999402,761.3987621,131.4173986
1596,3,8,13,646.0121961,836.9267675676831,55.46415910430783,123.4313933,123.4313933,711.9003307,194.0825648
1597,3,8,14,551.8455799,742.4686264902218,59.040472697683136,115.617528,115.617528,610.6512053,366.3832782
1598,3,8,15,375.2159199,453.32840712355244,115.59871086742454,118.3782648,118.3782648,385.4215896,375.3353902
1599,3,8,16,213.754861,176.3527671765019,136.39075566131092,91.54124194,91.54124194,175.0778398,224.1577513
1600,3,8,17,85.94490987,39.50930943926819,75.2426792228563,43.03266285,43.03266285,55.85000766,77.06239241
1601,3,8,18,16.23172823,4.229495062521913,15.890367493905588,8.764812495,8.764812495,9.308225604,11.70607145
1602,3,8,19,0.0,0.0,0.0,0.0,0.0,0.0,0.0
1603,3,8,20,0.0,0.0,0.0,0.0,0.0,0.0,0.0
1604,3,8,21,0.0,0.0,0.0,0.0,0.0,0.0,0.0
1605,3,8,22,0.0,0.0,0.0,0.0,0.0,0.0,0.0
1606,3,8,23,0.0,0.0,0.0,0.0,0.0,0.0,0.0
1607,3,8,24,0.0,0.0,0.0,0.0,0.0,0.0,0.0
1608,3,9,1,0.0,0.0,0.0,0.0,0.0,0.0,0.0
1609,3,9,2,0.0,0.0,0.0,0.0,0.0,0.0,0.0
1610,3,9,3,0.0,0.0,0.0,0.0,0.0,0.0,0.0
1611,3,9,4,0.0,0.0,0.0,0.0,0.0,0.0,0.0
1612,3,9,5,0.0,0.0,0.0,0.0,0.0,0.0,0.0
1613,3,9,6,0.0,0.0,0.0,0.0,0.0,0.0,0.0
1614,3,9,7,49.53974712,236.10429546067522,47.597766955918964,-1.11876219,197.4535966,22.59975385,-1.11876219
1615,3,9,8,304.7746931,676.5181335419143,166.80439651119605,79.65389148,709.2326898,268.5389674,79.65389148
1616,3,9,9,501.4371096,889.0994453580751,161.74237128970955,137.37091,862.7619389,518.0375774,137.37091
1617,3,9,10,646.8055025,1004.8500423539174,113.76647020856694,143.7257155,788.7687364,698.3254896,143.7257155
1618,3,9,11,730.5959396,1024.8070156696792,75.70710512957861,137.8650004,571.136828,795.686677,137.8650004
1619,3,9,12,762.8686687,995.839478930719,65.39770282497514,130.5698632,304.2057306,819.4022185,130.5698632
1620,3,9,13,738.4501678,976.8860078857076,44.528956346384675,116.0492271,116.0492271,798.2636935,199.6223362
1621,3,9,14,652.0443492,931.8130553394238,29.376435090557223,97.02776302,97.02776302,713.8231667,413.0036113
1622,3,9,15,526.3484753,888.1745348514182,13.92211377044265,70.99723204,70.99723204,590.8441067,576.8173685
1623,3,9,16,357.6758032,794.7025892716454,5.856634555028815,45.68619282,45.68619282,421.898145,650.7767229
1624,3,9,17,174.994705,618.6494522251979,5.063588840468404,25.95629444,25.95629444,232.3067065,583.7541777
1625,3,9,18,27.21864178,220.26031949900093,8.643023693743368,12.52834543,12.52834543,51.01717609,227.9554403
1626,3,9,19,0.0,0.0,0.0,0.0,0.0,0.0,0.0
1627,3,9,20,0.0,0.0,0.0,0.0,0.0,0.0,0.0
1628,3,9,21,0.0,0.0,0.0,0.0,0.0,0.0,0.0
1629,3,9,22,0.0,0.0,0.0,0.0,0.0,0.0,0.0
1630,3,9,23,0.0,0.0,0.0,0.0,0.0,0.0,0.0
1631,3,9,24,0.0,0.0,0.0,0.0,0.0,0.0,0.0
1632,3,10,1,0.0,0.0,0.0,0.0,0.0,0.0,0.0
1633,3,10,2,0.0,0.0,0.0,0.0,0.0,0.0,0.0
1634,3,10,3,0.0,0.0,0.0,0.0,0.0,0.0,0.0
1635,3,10,4,0.0,0.0,0.0,0.0,0.0,0.0,0.0
1636,3,10,5,0.0,0.0,0.0,0.0,0.0,0.0,0.0
1637,3,10,6,0.0,0.0,0.0,0.0,0.0,0.0,0.0
1638,3,10,7,40.52514796,103.18529642503178,39.139679340520075,14.64181653,99.07310599,24.33878942,14.64181653
1639,3,10,8,222.9490237,346.18073053998495,150.5249982537096,89.28819917,409.7451787,183.8913927,89.28819917
1640,3,10,9,414.3658889,674.5780195201409,153.07851241806546,128.9717741,678.8611804,414.599074,128.9717741
1641,3,10,10,588.0681449,886.6779873698968,113.09903915827086,139.8506943,708.5389168,625.1660903,139.8506943
1642,3,10,11,721.0221728,992.042514339377,82.0266128741983,140.2314362,558.8765078,772.4079203,140.2314362
1643,3,10,12,689.617269,882.6909381112837,67.05762129269525,133.9217984,286.9455725,740.2387687,133.9217984
1644,3,10,13,610.6093184,741.4605190753957,80.43457276371825,134.6906778,134.6906778,648.5411064,198.937538
1645,3,10,14,493.9659321,562.839396203767,115.34500154790327,133.9348494,133.9348494,502.99518,325.1677471
1646,3,10,15,438.703334,642.9349212965766,65.05215508816285,105.3190059,105.3190059,477.8344419,471.9084703
1647,3,10,16,324.208282,628.2505178368912,43.5737672558134,75.09860099,75.09860099,368.7639036,553.7338391
1648,3,10,17,172.047536,552.8203993028524,18.110489916778743,38.42690744,38.42690744,219.5503532,537.1194664
1649,3,10,18,30.60802161,205.9513240899804,12.496332851439522,15.83683999,15.83683999,50.56917673,217.1324413
1650,3,10,19,0.0,0.0,0.0,0.0,0.0,0.0,0.0
1651,3,10,20,0.0,0.0,0.0,0.0,0.0,0.0,0.0
1652,3,10,21,0.0,0.0,0.0,0.0,0.0,0.0,0.0
1653,3,10,22,0.0,0.0,0.0,0.0,0.0,0.0,0.0
1654,3,10,23,0.0,0.0,0.0,0.0,0.0,0.0,0.0
1655,3,10,24,0.0,0.0,0.0,0.0,0.0,0.0,0.0
1656,3,11,1,0.0,0.0,0.0,0.0,0.0,0.0,0.0
1657,3,11,2,0.0,0.0,0.0,0.0,0.0,0.0,0.0
1658,3,11,3,0.0,0.0,0.0,0.0,0.0,0.0,0.0
1659,3,11,4,0.0,0.0,0.0,0.0,0.0,0.0,0.0
1660,3,11,5,0.0,0.0,0.0,0.0,0.0,0.0,0.0
1661,3,11,6,0.0,0.0,0.0,0.0,0.0,0.0,0.0
1662,3,11,7,45.11304392,105.41819419843038,43.1455868241738,16.08158224,106.5089573,26.0527849,16.08158224
1663,3,11,8,226.9890819,347.11621247715595,152.5328243873512,91.2262989,412.6480228,184.5735699,91.2262989
1664,3,11,9,344.2815386,500.57863218283484,147.74662428566896,118.328654,525.8533824,327.8341126,118.328654
1665,3,11,10,405.6990476,424.6153222195401,176.0331148603436,139.3390435,410.5572785,369.0673471,139.3390435
1666,3,11,11,413.9950552,301.7456027736481,218.10288196659033,153.8736872,280.1896154,343.5878994,153.8736872
1667,3,11,12,444.7805774,307.6039859399051,226.32293045613298,162.4363096,215.1403432,371.0371641,162.4363096
1668,3,11,13,443.2448639,306.1350292625951,222.91443588498808,161.107683,161.107683,370.6058109,187.848419
1669,3,11,14,404.7511656,290.07854269059214,208.3293481810817,149.4677128,149.4677128,337.2740073,247.9139112
1670,3,11,15,335.2563968,261.7365538224052,182.04765148933538,128.1207264,128.1207264,277.4017848,276.7238219
1671,3,11,16,238.4139576,242.73341857563656,129.02649283933656,98.08438679,98.08438679,209.4681958,282.0920784
1672,3,11,17,129.764579,172.945471462861,80.95785941684008,59.24365863,59.24365863,114.3718534,213.9109034
1673,3,11,18,28.49674611,70.01897813553268,22.087936366697324,15.64719353,15.64719353,26.84594844,82.94722107
1674,3,11,19,0.0,0.0,0.0,0.0,0.0,0.0,0.0
1675,3,11,20,0.0,0.0,0.0,0.0,0.0,0.0,0.0
1676,3,11,21,0.0,0.0,0.0,0.0,0.0,0.0,0.0
1677,3,11,22,0.0,0.0,0.0,0.0,0.0,0.0,0.0
1678,3,11,23,0.0,0.0,0.0,0.0,0.0,0.0,0.0
1679,3,11,24,0.0,0.0,0.0,0.0,0.0,0.0,0.0
1680,3,12,1,0.0,0.0,0.0,0.0,0.0,0.0,0.0
1681,3,12,2,0.0,0.0,0.0,0.0,0.0,0.0,0.0
1682,3,12,3,0.0,0.0,0.0,0.0,0.0,0.0,0.0
1683,3,12,4,0.0,0.0,0.0,0.0,0.0,0.0,0.0
1684,3,12,5,0.0,0.0,0.0,0.0,0.0,0.0,0.0
1685,3,12,6,0.0,0.0,0.0,0.0,0.0,0.0,0.0
1686,3,12,7,60.30472117,235.23094923574646,54.6752894645462,6.816534775,226.5028563,30.03658282,6.816534775
1687,3,12,8,288.8885004,575.0587380247968,162.48400894629873,86.11447375,621.2075926,238.9571565,86.11447375
1688,3,12,9,485.276078,807.9690311221206,163.78021623182357,137.4426647,796.0040055,472.4997905,137.4426647
1689,3,12,10,643.4221213,965.6789409597053,116.0784649626924,144.7316103,763.1134162,664.5889708,144.7316103
1690,3,12,11,746.6320547,1023.3647400577466,77.08558525605766,140.3222416,570.5471238,782.9956072,140.3222416
1691,3,12,12,782.7459117,1022.0660654664338,51.90299879473001,131.1946227,306.2890038,823.5653661,131.1946227
1692,3,12,13,763.5837798,985.4631843535132,49.74926435677182,121.98767,121.98767,795.3917401,209.7573337
1693,3,12,14,681.2473907,956.2007651154004,29.56119581945898,100.116983,100.116983,718.1109025,427.8842101
1694,3,12,15,537.1684463,880.9692999821401,17.82636643849183,75.95832481,75.95832481,577.2474702,580.8176933
1695,3,12,16,361.5361887,756.5274993475408,17.638251194919217,58.1762097,58.1762097,403.5097359,636.5551481
1696,3,12,17,180.4465572,563.3516013446897,19.365350866056577,40.46726523,40.46726523,218.5051226,549.665934
1697,3,12,18,32.87156398,248.79077125201903,9.211894136215891,13.81089818,13.81089818,52.9000342,257.7604809
1698,3,12,19,0.0,0.0,0.0,0.0,0.0,0.0,0.0
1699,3,12,20,0.0,0.0,0.0,0.0,0.0,0.0,0.0
1700,3,12,21,0.0,0.0,0.0,0.0,0.0,0.0,0.0
1701,3,12,22,0.0,0.0,0.0,0.0,0.0,0.0,0.0
1702,3,12,23,0.0,0.0,0.0,0.0,0.0,0.0,0.0
1703,3,12,24,0.0,0.0,0.0,0.0,0.0,0.0,0.0
1704,3,13,1,0.0,0.0,0.0,0.0,0.0,0.0,0.0
1705,3,13,2,0.0,0.0,0.0,0.0,0.0,0.0,0.0
1706,3,13,3,0.0,0.0,0.0,0.0,0.0,0.0,0.0
1707,3,13,4,0.0,0.0,0.0,0.0,0.0,0.0,0.0
1708,3,13,5,0.0,0.0,0.0,0.0,0.0,0.0,0.0
1709,3,13,6,0.0,0.0,0.0,0.0,0.0,0.0,0.0
1710,3,13,7,71.85440209,304.39930110742375,62.957181759556335,4.899443711,294.2564352,34.16413644,4.899443711
1711,3,13,8,325.4711324,694.9903341192023,168.99975564797973,90.46200352,737.9894266,272.3304631,90.46200352
1712,3,13,9,534.0283113,920.9022511094835,162.7168356374135,142.2345886,892.8886843,520.1606217,142.2345886
1713,3,13,10,695.4878516,1022.0885428982167,132.02287488926694,155.8924718,809.7059053,701.3970179,155.8924718
1714,3,13,11,799.7722467,1060.1278969853843,100.820270221576,156.8362404,601.4959728,817.4962906,156.8362404
1715,3,13,12,796.1152829,1029.1982500659356,55.18044471535883,134.6368863,309.8199102,826.8083378,134.6368863
1716,3,13,13,735.138978,931.7819198758153,55.88543067795549,122.9694554,122.9694554,754.9016182,207.0898634
1717,3,13,14,620.8967916,842.8284213112997,42.794018768994924,110.7197866,110.7197866,650.8718051,400.6254101
1718,3,13,15,500.8960582,766.802635223549,45.69448717273528,95.03464666,95.03464666,526.955332,535.19985
1719,3,13,16,345.507919,674.066771732416,36.46948842294735,72.39951949,72.39951949,376.1229797,588.2337459
1720,3,13,17,178.6222661,510.51848393246,30.759680338147675,49.13587917,49.13587917,207.3981125,510.7626804
1721,3,13,18,35.74769766,230.03564307639883,13.055004190727766,17.10478625,17.10478625,51.83225011,242.5373832
1722,3,13,19,0.0,0.0,0.0,0.0,0.0,0.0,0.0
1723,3,13,20,0.0,0.0,0.0,0.0,0.0,0.0,0.0
1724,3,13,21,0.0,0.0,0.0,0.0,0.0,0.0,0.0
1725,3,13,22,0.0,0.0,0.0,0.0,0.0,0.0,0.0
1726,3,13,23,0.0,0.0,0.0,0.0,0.0,0.0,0.0
1727,3,13,24,0.0,0.0,0.0,0.0,0.0,0.0,0.0
1728,3,14,1,0.0,0.0,0.0,0.0,0.0,0.0,0.0
1729,3,14,2,0.0,0.0,0.0,0.0,0.0,0.0,0.0
1730,3,14,3,0.0,0.0,0.0,0.0,0.0,0.0,0.0
1731,3,14,4,0.0,0.0,0.0,0.0,0.0,0.0,0.0
1732,3,14,5,0.0,0.0,0.0,0.0,0.0,0.0,0.0
1733,3,14,6,0.0,0.0,0.0,0.0,0.0,0.0,0.0
1734,3,14,7,70.13940252,244.10445524258083,61.70499236961448,10.44389893,242.1860759,32.82770382,10.44389893
1735,3,14,8,298.664464,581.8550842493618,164.5539271027436,103.1713364,644.7600288,252.7067554,103.1713364
1736,3,14,9,498.2424117,826.0248963742092,160.8060112599334,138.5653178,811.4141754,473.7549983,138.5653178
1737,3,14,10,661.5732822,986.7937600520761,112.43903392650184,145.3153656,776.0066648,667.5463205,145.3153656
1738,3,14,11,768.2053235,1031.5974758732602,82.8718408550815,145.4652866,577.2616906,783.5611323,145.4652866
1739,3,14,12,801.8726509,1029.1757274935123,55.98755225074704,135.7385562,309.7525676,822.8384205,135.7385562
1740,3,14,13,778.8551065,989.7214621689794,52.82347862012502,125.37552,125.37552,791.5660476,215.9629344
1741,3,14,14,691.8522578,956.5608260797584,31.590876603286304,102.8431746,102.8431746,710.8658458,433.124739
1742,3,14,15,562.7939883,918.9143508851513,13.535693752329331,74.40362926,74.40362926,587.1430132,603.2233689
1743,3,14,16,389.1415275,836.1725526380485,2.553132531371401,45.31196442,45.31196442,417.5365189,686.5120257
1744,3,14,17,199.321119,667.6567904925387,3.4947931913397885,26.8597839,26.8597839,230.1408301,631.8421898
1745,3,14,18,36.92848131,309.90048871040904,5.263070105847587,10.86663311,10.86663311,55.9067059,315.5139029
1746,3,14,19,0.0,0.0,0.0,0.0,0.0,0.0,0.0
1747,3,14,20,0.0,0.0,0.0,0.0,0.0,0.0,0.0
1748,3,14,21,0.0,0.0,0.0,0.0,0.0,0.0,0.0
1749,3,14,22,0.0,0.0,0.0,0.0,0.0,0.0,0.0
1750,3,14,23,0.0,0.0,0.0,0.0,0.0,0.0,0.0
1751,3,14,24,0.0,0.0,0.0,0.0,0.0,0.0,0.0
1752,3,15,1,0.0,0.0,0.0,0.0,0.0,0.0,0.0
1753,3,15,2,0.0,0.0,0.0,0.0,0.0,0.0,0.0
1754,3,15,3,0.0,0.0,0.0,0.0,0.0,0.0,0.0
1755,3,15,4,0.0,0.0,0.0,0.0,0.0,0.0,0.0
1756,3,15,5,0.0,0.0,0.0,0.0,0.0,0.0,0.0
1757,3,15,6,0.0,0.0,0.0,0.0,0.0,0.0,0.0
1758,3,15,7,80.40112884,288.7180812362626,68.88132521922199,9.886818014,286.4408273,35.34446815,9.886818014
1759,3,15,8,324.9878715,661.7633893507976,168.91302249485634,94.50863775,710.9675516,261.7875665,94.50863775
1760,3,15,9,525.6159262,894.2171900486742,155.57945162579458,140.0575345,868.3292334,499.0069632,140.0575345
1761,3,15,10,679.3092669,1005.3513544575886,114.63372284022813,148.0384564,789.8738149,675.4550887,148.0384564
1762,3,15,11,774.1554,1031.3390475913775,83.82221937137545,146.5581119,577.2418016,779.5845539,146.5581119
1763,3,15,12,732.3433473,920.9265703451958,60.49111941866258,134.7387381,289.3633759,744.9566172,134.7387381
1764,3,15,13,641.6770216,763.9393779214029,77.79216340702833,137.0085017,137.0085017,647.0664189,207.8672637
1765,3,15,14,513.5149876,562.901258166326,122.55365083159161,140.303628,140.303628,494.4786705,335.0497651
1766,3,15,15,439.7171918,579.5058945829014,90.98254475215123,119.6881922,119.6881922,439.3260143,453.37357
1767,3,15,16,321.9121219,547.5775374481652,66.65300153374602,90.18960723,90.18960723,330.3957978,509.976098
1768,3,15,17,178.8191419,430.1298506016109,51.09272708246101,61.04931522,61.04931522,189.1505366,450.2106256
1769,3,15,18,41.89905109,203.2110559945588,20.42154214793451,21.83627066,21.83627066,50.00340851,220.7254551
1770,3,15,19,0.0,0.0,0.0,0.0,0.0,0.0,0.0
1771,3,15,20,0.0,0.0,0.0,0.0,0.0,0.0,0.0
1772,3,15,21,0.0,0.0,0.0,0.0,0.0,0.0,0.0
1773,3,15,22,0.0,0.0,0.0,0.0,0.0,0.0,0.0
1774,3,15,23,0.0,0.0,0.0,0.0,0.0,0.0,0.0
1775,3,15,24,0.0,0.0,0.0,0.0,0.0,0.0,0.0
1776,3,16,1,0.0,0.0,0.0,0.0,0.0,0.0,0.0
1777,3,16,2,0.0,0.0,0.0,0.0,0.0,0.0,0.0
1778,3,16,3,0.0,0.0,0.0,0.0,0.0,0.0,0.0
1779,3,16,4,0.0,0.0,0.0,0.0,0.0,0.0,0.0
1780,3,16,5,0.0,0.0,0.0,0.0,0.0,0.0,0.0
1781,3,16,6,0.0,0.0,0.0,0.0,0.0,0.0,0.0
1782,3,16,7,91.4540528,359.2865047952011,75.18981543996854,10.36155818,357.5972481,40.75451325,10.36155818
1783,3,16,8,341.587795,706.6485146889885,171.13272780740922,97.72121185,756.2049316,273.2821523,97.72121185
1784,3,16,9,549.6681888,930.5235030506977,159.67283269902643,143.8863085,901.3344195,513.2197253,143.8863085
1785,3,16,10,711.9305487,1026.4057157248012,130.11755491315574,157.2012214,811.604854,690.8338833,157.2012214
1786,3,16,11,815.6571784,1062.0474032892691,99.46587257017731,157.9087991,600.2912363,804.6288854,157.9087991
1787,3,16,12,855.6021579,1067.827824781662,71.48534128636096,149.9505973,327.9629175,852.1834716,149.9505973
1788,3,16,13,835.8155859,1058.5415184999745,49.68956548180355,136.7252112,136.7252112,838.2962388,236.3131456
1789,3,16,14,748.0171739,1004.5129433495833,46.05098004972826,119.379867,119.379867,746.9365929,468.7215618
1790,3,16,15,582.2583915,931.4559820202456,17.98487356516778,80.79857507,80.79857507,590.0436859,618.996126
1791,3,16,16,386.7505537,795.3484550380733,12.970571747398314,56.25000015,56.25000015,401.0102179,667.6374707
1792,3,16,17,195.88692,581.2311909120064,21.188676920855162,43.76593079,43.76593079,213.7021002,570.9915813
1793,3,16,18,41.84585497,294.5004396378634,9.691518770811223,15.47103949,15.47103949,54.67199294,305.0186407
1794,3,16,19,0.0,0.0,0.0,0.0,0.0,0.0,0.0
1795,3,16,20,0.0,0.0,0.0,0.0,0.0,0.0,0.0
1796,3,16,21,0.0,0.0,0.0,0.0,0.0,0.0,0.0
1797,3,16,22,0.0,0.0,0.0,0.0,0.0,0.0,0.0
1798,3,16,23,0.0,0.0,0.0,0.0,0.0,0.0,0.0
1799,3,16,24,0.0,0.0,0.0,0.0,0.0,0.0,0.0
1800,3,17,1,0.0,0.0,0.0,0.0,0.0,0.0,0.0
1801,3,17,2,0.0,0.0,0.0,0.0,0.0,0.0,0.0
1802,3,17,3,0.0,0.0,0.0,0.0,0.0,0.0,0.0
1803,3,17,4,0.0,0.0,0.0,0.0,0.0,0.0,0.0
1804,3,17,5,0.0,0.0,0.0,0.0,0.0,0.0,0.0
1805,3,17,6,0.0,0.0,0.0,0.0,0.0,0.0,0.0
1806,3,17,7,68.48107402,160.39693575881302,60.356219598393096,27.86332159,180.1043996,40.50157855,27.86332159
1807,3,17,8,250.0683419,361.9530120563647,160.81326169538914,101.3966309,436.9136048,189.2628132,101.3966309
1808,3,17,9,445.9910379,694.5412586114116,151.21804043436373,133.9201523,698.5440142,406.2583484,133.9201523
1809,3,17,10,621.5404961,894.1416393316872,110.08568799869455,143.1238952,712.5004559,603.8510388,143.1238952
1810,3,17,11,755.1672035,995.8034996295968,78.69775320126365,142.2085266,556.0072722,743.8805124,142.2085266
1811,3,17,12,681.1981969,807.4520295702724,84.45020358884973,143.5180183,277.0939458,670.3061326,143.5180183
1812,3,17,13,565.0930329,535.4168228869509,165.06308631221387,155.7581349,155.7581349,507.040433,206.7145936
1813,3,17,14,423.0965713,296.8152475706554,214.4233733570558,154.7998681,154.7998681,337.5032627,257.7788424
1814,3,17,15,316.9189668,213.93565821549305,186.4655951169279,128.7747145,128.7747145,243.513159,251.5543898
1815,3,17,16,205.3713364,105.96022625219685,155.17575726204257,92.92145561,92.92145561,137.3670881,172.9202454
1816,3,17,17,101.9127474,47.3780919779926,87.50242926754478,50.36196563,50.36196563,63.42565799,91.77342004
1817,3,17,18,28.43666984,12.486371509110253,27.030014552163863,15.0627666,15.0627666,16.46123541,25.89191743
1818,3,17,19,0.0,0.0,0.0,0.0,0.0,0.0,0.0
1819,3,17,20,0.0,0.0,0.0,0.0,0.0,0.0,0.0
1820,3,17,21,0.0,0.0,0.0,0.0,0.0,0.0,0.0
1821,3,17,22,0.0,0.0,0.0,0.0,0.0,0.0,0.0
1822,3,17,23,0.0,0.0,0.0,0.0,0.0,0.0,0.0
1823,3,17,24,0.0,0.0,0.0,0.0,0.0,0.0,0.0
1824,3,18,1,0.0,0.0,0.0,0.0,0.0,0.0,0.0
1825,3,18,2,0.0,0.0,0.0,0.0,0.0,0.0,0.0
1826,3,18,3,0.0,0.0,0.0,0.0,0.0,0.0,0.0
1827,3,18,4,0.0,0.0,0.0,0.0,0.0,0.0,0.0
1828,3,18,5,0.0,0.0,0.0,0.0,0.0,0.0,0.0
1829,3,18,6,0.0,0.0,0.0,0.0,0.0,0.0,0.0
1830,3,18,7,87.09485154,256.02824061703745,72.74277245436855,29.29095863,276.0717177,48.66626307,29.29095863
1831,3,18,8,303.9231407,555.0715128192779,164.05921950857942,107.9933333,624.4199288,240.7982475,107.9933333
1832,3,18,9,505.8320306,807.3009268772628,158.92837323900804,140.0358407,796.0834061,453.0215307,140.0358407
1833,3,18,10,673.8451365,976.8213767041831,110.07095828754814,146.0119707,767.2731178,644.8341507,146.0119707
1834,3,18,11,788.2517039,1033.2017359739345,81.267119184499,146.7684012,574.9836372,766.0390853,146.7684012
1835,3,18,12,705.5129754,847.0972696430704,75.47649462619613,141.2560186,280.3493906,689.7098678,141.2560186
1836,3,18,13,578.0834391,554.4877952297354,161.3369621710074,155.1626596,155.1626596,516.0926404,208.6697803
1837,3,18,14,424.7426274,296.84763026047193,214.8029249000469,155.2345886,155.2345886,336.3372851,258.602826
1838,3,18,15,381.8584562,358.73681325207605,161.69366455886924,132.930387,132.930387,324.1301077,340.1225427
1839,3,18,16,293.000819,382.55479648155455,110.34978833678929,103.5178189,103.5178189,264.2776214,397.2739741
1840,3,18,17,173.4774837,321.3554012215224,74.59063214566586,71.34292962,71.34292962,161.0792881,362.134892
1841,3,18,18,47.23518684,167.64101867412893,27.77064084152955,25.9023057,25.9023057,46.02938632,189.694982
1842,3,18,19,0.0,0.0,0.0,0.0,0.0,0.0,0.0
1843,3,18,20,0.0,0.0,0.0,0.0,0.0,0.0,0.0
1844,3,18,21,0.0,0.0,0.0,0.0,0.0,0.0,0.0
1845,3,18,22,0.0,0.0,0.0,0.0,0.0,0.0,0.0
1846,3,18,23,0.0,0.0,0.0,0.0,0.0,0.0,0.0
1847,3,18,24,0.0,0.0,0.0,0.0,0.0,0.0,0.0
1848,3,19,1,0.0,0.0,0.0,0.0,0.0,0.0,0.0
1849,3,19,2,0.0,0.0,0.0,0.0,0.0,0.0,0.0
1850,3,19,3,0.0,0.0,0.0,0.0,0.0,0.0,0.0
1851,3,19,4,0.0,0.0,0.0,0.0,0.0,0.0,0.0
1852,3,19,5,0.0,0.0,0.0,0.0,0.0,0.0,0.0
1853,3,19,6,0.0,0.0,0.0,0.0,0.0,0.0,0.0
1854,3,19,7,108.1429814,357.63848307391737,86.1585010033988,16.83275155,364.1144911,42.53869942,16.83275155
1855,3,19,8,356.1337382,718.2847879646737,171.2772170526547,104.5376065,773.6231865,273.4471998,104.5376065
1856,3,19,9,565.6544102,942.8729311098451,155.51084737830857,145.1341534,911.1363188,506.5553383,145.1341534
1857,3,19,10,726.9010991,1031.5682218676086,126.24105164971273,157.5791218,812.6622246,679.4630699,157.5791218
1858,3,19,11,831.0650756,1064.649394851473,97.32545672432144,158.5439287,598.5432108,791.4106797,158.5439287
1859,3,19,12,861.0926577,1061.6988187772326,66.48088882184582,147.8052395,320.8193537,829.967275,147.8052395
1860,3,19,13,833.5525265,1045.25838094502,43.33603447449589,132.3750513,132.3750513,808.6176199,234.8377396
1861,3,19,14,740.6885249,985.0702097941419,39.92829991654144,114.1662323,114.1662323,713.3291312,460.5207454
1862,3,19,15,606.7255948,947.0889792351318,21.776857078719058,86.87048079,86.87048079,588.4137288,637.3331146
1863,3,19,16,425.3323185,877.9540332175723,2.9080260086391037,49.54967378,49.54967378,414.6723674,727.0417581
1864,3,19,17,224.2811298,720.4626195256881,0.035221384152916924,25.5419076,25.5419076,223.3159994,681.0300069
1865,3,19,18,51.27374413,375.2929041115636,6.410319096438775,13.77141518,13.77141518,56.89156062,383.5351379
1866,3,19,19,0.0,0.0,0.0,0.0,0.0,0.0,0.0
1867,3,19,20,0.0,0.0,0.0,0.0,0.0,0.0,0.0
1868,3,19,21,0.0,0.0,0.0,0.0,0.0,0.0,0.0
1869,3,19,22,0.0,0.0,0.0,0.0,0.0,0.0,0.0
1870,3,19,23,0.0,0.0,0.0,0.0,0.0,0.0,0.0
1871,3,19,24,0.0,0.0,0.0,0.0,0.0,0.0,0.0
1872,3,20,1,0.0,0.0,0.0,0.0,0.0,0.0,0.0
1873,3,20,2,0.0,0.0,0.0,0.0,0.0,0.0,0.0
1874,3,20,3,0.0,0.0,0.0,0.0,0.0,0.0,0.0
1875,3,20,4,0.0,0.0,0.0,0.0,0.0,0.0,0.0
1876,3,20,5,0.0,0.0,0.0,0.0,0.0,0.0,0.0
1877,3,20,6,0.0,0.0,0.0,0.0,0.0,0.0,0.0
1878,3,20,7,116.7020043,394.2953312938984,90.32532786344184,19.02938609,403.1065395,45.73779658,19.02938609
1879,3,20,8,361.0689667,722.1700140724416,171.32510408782477,106.6627925,779.2020789,273.2803796,106.6627925
1880,3,20,9,564.9286057,944.6230505513442,149.04147944917264,143.3944026,910.2744988,501.2093706,143.3944026
1881,3,20,10,718.305891,1023.1453344633079,117.32616197691193,153.4432404,802.2650839,666.2885332,153.4432404
1882,3,20,11,812.9532655,1047.0318924329526,86.23596155571127,151.6707029,583.2092518,768.9964264,151.6707029
1883,3,20,12,834.9331559,1035.3691217418173,55.22369597455293,138.6523295,306.0419164,798.6621653,138.6523295
1884,3,20,13,800.4599613,985.3351730088431,51.235825356142165,126.0548144,126.0548144,758.2057892,223.9540266
1885,3,20,14,705.5251401,941.2682756383347,32.05594688181073,104.4473341,104.4473341,671.7509822,436.6143483
1886,3,20,15,573.3313514,888.2120621143341,21.31181687154177,82.93250661,82.93250661,548.1601494,600.1607488
1887,3,20,16,401.3701616,792.5678395034502,17.127302095224543,61.85890688,61.85890688,386.6807776,674.0228247
1888,3,20,17,215.465817,626.9656952120416,18.12236220685131,43.27624424,43.27624424,211.4786379,613.7529831
1889,3,20,18,51.8448416,338.8806288959275,10.17704931968892,17.21453629,17.21453629,54.04386816,350.9853391
1890,3,20,19,0.0,0.0,0.0,0.0,0.0,0.0,0.0
1891,3,20,20,0.0,0.0,0.0,0.0,0.0,0.0,0.0
1892,3,20,21,0.0,0.0,0.0,0.0,0.0,0.0,0.0
1893,3,20,22,0.0,0.0,0.0,0.0,0.0,0.0,0.0
1894,3,20,23,0.0,0.0,0.0,0.0,0.0,0.0,0.0
1895,3,20,24,0.0,0.0,0.0,0.0,0.0,0.0,0.0
1896,3,21,1,0.0,0.0,0.0,0.0,0.0,0.0,0.0
1897,3,21,2,0.0,0.0,0.0,0.0,0.0,0.0,0.0
1898,3,21,3,0.0,0.0,0.0,0.0,0.0,0.0,0.0
1899,3,21,4,0.0,0.0,0.0,0.0,0.0,0.0,0.0
1900,3,21,5,0.0,0.0,0.0,0.0,0.0,0.0,0.0
1901,3,21,6,0.0,0.0,0.0,0.0,0.0,0.0,0.0
1902,3,21,7,108.2454105,308.30480456072536,85.94654435049017,25.11655689,324.5843412,44.602373,25.11655689
1903,3,21,8,330.432004,627.0108395249381,162.31728524942898,111.9687934,695.3971939,253.7697003,111.9687934
1904,3,21,9,536.9133262,868.565266801481,149.9427450497497,141.2288089,845.6001311,466.1899154,141.2288089
1905,3,21,10,705.2155475,1009.8603350021784,106.90623974556691,148.0418027,787.5019893,649.4990326,148.0418027
1906,3,21,11,817.4871087,1047.1194693345574,85.6217010113836,151.8348209,582.1616156,764.0704267,151.8348209
1907,3,21,12,798.022482,981.8631568620085,54.0877258689016,134.3294346,291.767416,755.1813435,134.3294346
1908,3,21,13,723.727735,883.2499887406686,48.299092437095325,128.1384611,128.1384611,690.0338584,217.0834393
1909,3,21,14,604.2365447,747.9581050585599,66.035538806612,126.810461,126.810461,573.2009945,391.5811372
1910,3,21,15,496.7030908,698.0372197910151,60.20421184858886,109.79592,109.79592,471.1357283,516.7942602
1911,3,21,16,354.4672546,592.0728044318606,65.27861275994242,93.42330908,93.42330908,332.2692615,550.7210899
1912,3,21,17,198.484594,438.9946089583645,58.77949613551823,67.79058074,67.79058074,182.6531879,466.6602385
1913,3,21,18,55.15309642,230.53701902739346,26.024114058388314,27.20842967,27.20842967,50.74758755,253.4012215
1914,3,21,19,0.0,0.0,0.0,0.0,0.0,0.0,0.0
1915,3,21,20,0.0,0.0,0.0,0.0,0.0,0.0,0.0
1916,3,21,21,0.0,0.0,0.0,0.0,0.0,0.0,0.0
1917,3,21,22,0.0,0.0,0.0,0.0,0.0,0.0,0.0
1918,3,21,23,0.0,0.0,0.0,0.0,0.0,0.0,0.0
1919,3,21,24,0.0,0.0,0.0,0.0,0.0,0.0,0.0
1920,3,22,1,0.0,0.0,0.0,0.0,0.0,0.0,0.0
1921,3,22,2,0.0,0.0,0.0,0.0,0.0,0.0,0.0
1922,3,22,3,0.0,0.0,0.0,0.0,0.0,0.0,0.0
1923,3,22,4,0.0,0.0,0.0,0.0,0.0,0.0,0.0
1924,3,22,5,0.0,0.0,0.0,0.0,0.0,0.0,0.0
1925,3,22,6,0.0,0.0,0.0,0.0,0.0,0.0,0.0
1926,3,22,7,15.08269073,2.1962993332667873,14.911899316699204,8.192154583,9.186904548,8.252443464,8.192154583
1927,3,22,8,46.27793312,2.0419026274575662,45.71948396384159,23.96098183,24.89540435,24.18370975,23.96098183
1928,3,22,9,114.8180797,12.931491198616378,108.98891251005567,58.24531372,67.52215736,62.4766554,58.24531372
1929,3,22,10,203.4037532,35.62983266802846,182.11404148971025,99.38423418,120.7301642,115.9904138,99.38423418
1930,3,22,11,299.1704539,112.94605162900729,219.6838196482114,133.8474827,179.3604802,198.2451822,133.8474827
1931,3,22,12,321.6573588,77.95603074541933,262.23608656210297,147.6143375,159.6736506,195.1801624,147.6143375
1932,3,22,13,321.8352098,77.47644069723364,262.25580513711736,147.7480767,147.7480767,195.2959231,155.4413127
1933,3,22,14,298.3975684,111.01893063672424,218.0656459689817,133.3729476,133.3729476,197.9423529,172.1739027
1934,3,22,15,290.4771987,133.14735722196667,206.71264442938286,126.7438385,126.7438385,193.8996812,203.3886139
1935,3,22,16,242.1724871,181.61883102449667,152.81125411858235,103.0625788,103.0625788,174.5717818,242.1872296
1936,3,22,17,157.0316249,193.4070354285302,94.81447060007385,69.78902079,69.78902079,118.8735184,244.4063062
1937,3,22,18,49.04059389,100.66123500335952,35.98187753451872,25.50427703,25.50427703,35.05121034,123.1329196
1938,3,22,19,0.0,0.0,0.0,0.0,0.0,0.0,0.0
1939,3,22,20,0.0,0.0,0.0,0.0,0.0,0.0,0.0
1940,3,22,21,0.0,0.0,0.0,0.0,0.0,0.0,0.0
1941,3,22,22,0.0,0.0,0.0,0.0,0.0,0.0,0.0
1942,3,22,23,0.0,0.0,0.0,0.0,0.0,0.0,0.0
1943,3,22,24,0.0,0.0,0.0,0.0,0.0,0.0,0.0
1944,3,23,1,0.0,0.0,0.0,0.0,0.0,0.0,0.0
1945,3,23,2,0.0,0.0,0.0,0.0,0.0,0.0,0.0
1946,3,23,3,0.0,0.0,0.0,0.0,0.0,0.0,0.0
1947,3,23,4,0.0,0.0,0.0,0.0,0.0,0.0,0.0
1948,3,23,5,0.0,0.0,0.0,0.0,0.0,0.0,0.0
1949,3,23,6,0.0,0.0,0.0,0.0,0.0,0.0,0.0
1950,3,23,7,118.1818582,303.84129352505875,92.90203594447031,40.22839334,335.6067551,56.81554892,40.22839334
1951,3,23,8,338.9916229,642.9028283084392,159.71214329711697,113.2805047,711.1420261,252.9871616,113.2805047
1952,3,23,9,518.1901291,844.4104765689318,133.13992270601472,136.366485,819.9760096,444.6013085,136.366485
1953,3,23,10,645.4897018,896.0066686674888,105.59656562730329,144.4342667,709.8520659,580.7810905,144.4342667
1954,3,23,11,714.9152874,887.7039275553977,85.93433997703477,145.678764,508.2417909,655.8556255,145.678764
1955,3,23,12,604.9076355,564.3067078459056,172.2169293209435,163.270499,252.0476481,513.5395056,163.270499
1956,3,23,13,461.3313135,299.05117531452134,230.09011965016168,167.5735068,167.5735068,353.4994004,198.3222644
1957,3,23,14,300.5212959,111.65487781083185,219.28430897624781,134.2124903,134.2124903,198.5359749,173.3767931
1958,3,23,15,342.6641086,237.75432173419566,192.1988818629257,134.5745166,134.5745166,254.013819,272.7174612
1959,3,23,16,310.7176203,399.8314948909744,112.5677759764832,107.0878079,107.0878079,263.2514566,415.8938442
1960,3,23,17,205.5881596,441.47772082965594,62.057542463073474,70.38053328,70.38053328,180.495533,471.9236708
1961,3,23,18,61.61187228,222.13289239148654,32.04884068019488,31.17943278,31.17943278,51.10632915,248.9370223
1962,3,23,19,0.0,0.0,0.0,0.0,0.0,0.0,0.0
1963,3,23,20,0.0,0.0,0.0,0.0,0.0,0.0,0.0
1964,3,23,21,0.0,0.0,0.0,0.0,0.0,0.0,0.0
1965,3,23,22,0.0,0.0,0.0,0.0,0.0,0.0,0.0
1966,3,23,23,0.0,0.0,0.0,0.0,0.0,0.0,0.0
1967,3,23,24,0.0,0.0,0.0,0.0,0.0,0.0,0.0
1968,3,24,1,0.0,0.0,0.0,0.0,0.0,0.0,0.0
1969,3,24,2,0.0,0.0,0.0,0.0,0.0,0.0,0.0
1970,3,24,3,0.0,0.0,0.0,0.0,0.0,0.0,0.0
1971,3,24,4,0.0,0.0,0.0,0.0,0.0,0.0,0.0
1972,3,24,5,0.0,0.0,0.0,0.0,0.0,0.0,0.0
1973,3,24,6,0.0,0.0,0.0,0.0,0.0,0.0,0.0
1974,3,24,7,39.56169283,48.10017573586745,35.29823742651375,19.89853953,65.27332873,22.24502825,19.89853953
1975,3,24,8,116.6190873,68.29915743701507,97.2075894944447,56.21224115,118.0477397,70.37271806,56.21224115
1976,3,24,9,300.7027211,299.86737296696026,162.40281873082338,119.9471318,361.1937717,227.4639189,119.9471318
1977,3,24,10,549.6259241,670.2524339858464,142.41070394379707,147.6493807,569.4553789,470.5395556,147.6493807
1978,3,24,11,802.7351897,1024.225192338558,72.15327939672262,143.5656118,560.6704616,727.2400788,143.5656118
1979,3,24,12,832.6186906,1017.5855987865166,47.80787176545179,133.6860467,292.7086153,761.3366846,133.6860467
1980,3,24,13,806.604304,975.9565919774395,47.84181043784928,124.1227423,124.1227423,729.1150393,226.3901362
1981,3,24,14,721.397326,942.967481627764,31.60388442001065,105.5758234,105.5758234,652.5960904,443.0742029
1982,3,24,15,589.7944415,892.5953913558055,21.596575104610796,84.85040212,84.85040212,531.5053085,608.4459835
1983,3,24,16,418.293301,800.4774388962599,18.77056735680598,65.16966218,65.16966218,374.0070299,686.0425113
1984,3,24,17,231.2262977,638.9615658569323,21.320812080078902,47.79928817,47.79928817,203.5817372,630.4499667
1985,3,24,18,64.69263637,357.05618275246644,15.980785317986337,23.42100042,23.42100042,53.39889874,375.1393721
1986,3,24,19,0.0,0.0,0.0,0.0,0.0,0.0,0.0
1987,3,24,20,0.0,0.0,0.0,0.0,0.0,0.0,0.0
1988,3,24,21,0.0,0.0,0.0,0.0,0.0,0.0,0.0
1989,3,24,22,0.0,0.0,0.0,0.0,0.0,0.0,0.0
1990,3,24,23,0.0,0.0,0.0,0.0,0.0,0.0,0.0
1991,3,24,24,0.0,0.0,0.0,0.0,0.0,0.0,0.0
1992,3,25,1,0.0,0.0,0.0,0.0,0.0,0.0,0.0
1993,3,25,2,0.0,0.0,0.0,0.0,0.0,0.0,0.0
1994,3,25,3,0.0,0.0,0.0,0.0,0.0,0.0,0.0
1995,3,25,4,0.0,0.0,0.0,0.0,0.0,0.0,0.0
1996,3,25,5,0.0,0.0,0.0,0.0,0.0,0.0,0.0
1997,3,25,6,0.0,0.0,0.0,0.0,0.0,0.0,0.0
1998,3,25,7,114.4798552,242.9628773971072,91.62451325896062,44.74868236,280.3195722,55.88655673,44.74868236
1999,3,25,8,312.4386255,533.0019447023324,158.10669599391298,111.4259857,606.0405401,222.3847304,111.4259857
2000,3,25,9,424.2367403,592.9301264171503,147.7031803116105,130.4163297,608.8145313,341.1285021,130.4163297
2001,3,25,10,468.6357769,467.9741975967006,181.99067452768895,150.1953048,443.641983,372.9986132,150.1953048
2002,3,25,11,453.3154653,312.5118711689375,228.92647803265828,164.3207421,290.4482248,339.8330245,164.3207421
2003,3,25,12,523.3972733,381.066242185352,227.80877839080054,172.2493702,231.008118,404.2651159,172.2493702
2004,3,25,13,558.6140535,484.8388079984752,179.6562621483853,163.6374672,163.6374672,460.763757,214.9722176
2005,3,25,14,545.4574505,529.6500970566598,155.94704101334943,149.1097048,149.1097048,452.6633261,338.9074781
2006,3,25,15,487.1167625,626.593408135418,85.9493001706689,123.2909533,123.2909533,432.8003575,491.0799832
2007,3,25,16,373.4896585,618.0487990435986,62.86283790000138,94.46339651,94.46339651,328.9519319,573.8273029
2008,3,25,17,223.1449007,543.9386660833538,42.62297449210719,62.21600297,62.21600297,191.3813757,558.020515
2009,3,25,18,68.07934379,299.3616715733889,26.244448994849215,30.05300844,30.05300844,53.2945832,324.400488
2010,3,25,19,0.0,0.0,0.0,0.0,0.0,0.0,0.0
2011,3,25,20,0.0,0.0,0.0,0.0,0.0,0.0,0.0
2012,3,25,21,0.0,0.0,0.0,0.0,0.0,0.0,0.0
2013,3,25,22,0.0,0.0,0.0,0.0,0.0,0.0,0.0
2014,3,25,23,0.0,0.0,0.0,0.0,0.0,0.0,0.0
2015,3,25,24,0.0,0.0,0.0,0.0,0.0,0.0,0.0
2016,3,26,1,0.0,0.0,0.0,0.0,0.0,0.0,0.0
2017,3,26,2,0.0,0.0,0.0,0.0,0.0,0.0,0.0
2018,3,26,3,0.0,0.0,0.0,0.0,0.0,0.0,0.0
2019,3,26,4,0.0,0.0,0.0,0.0,0.0,0.0,0.0
2020,3,26,5,0.0,0.0,0.0,0.0,0.0,0.0,0.0
2021,3,26,6,0.0,0.0,0.0,0.0,0.0,0.0,0.0
2022,3,26,7,139.1182292,342.41505933115735,105.04970634342314,47.11477201,380.9680381,61.42234592,47.11477201
2023,3,26,8,361.3111149,641.7021467085125,172.0891505138442,115.094281,710.5850604,245.9063177,115.094281
2024,3,26,9,575.7184592,933.003668233988,135.7699487735847,141.634981,894.588955,469.3491428,141.634981
2025,3,26,10,746.284084,1029.5471906722894,110.58231485803377,153.9612323,800.1938542,640.5934399,153.9612323
2026,3,26,11,863.421887,1069.7903583541988,90.29216440688771,158.5513757,591.3324727,757.4050522,158.5513757
2027,3,26,12,893.3069135,1065.1888576443841,62.37037715049483,148.6415478,312.1092183,794.4233023,148.6415478
2028,3,26,13,863.3547484,1046.9121012774074,40.76319078693804,133.8029958,133.8029958,771.3267201,246.3740358
2029,3,26,14,770.9604141,988.6603099201475,40.079857585726415,117.0747828,117.0747828,679.253686,473.3252092
2030,3,26,15,632.3878409,948.2381711879311,21.853099276691452,89.50345136,89.50345136,552.8020451,647.6452171
2031,3,26,16,447.4833724,877.5899732250871,3.3834951752532847,52.33795495,52.33795495,380.3833636,734.4458568
2032,3,26,17,247.4854603,711.3507811321284,9.025913314740071,37.93339101,37.93339101,202.6866757,687.3956038
2033,3,26,18,71.84646233,402.65778007535783,14.24647983991894,23.07458018,23.07458018,51.92290046,419.9289794
2034,3,26,19,0.0,0.0,0.0,0.0,0.0,0.0,0.0
2035,3,26,20,0.0,0.0,0.0,0.0,0.0,0.0,0.0
2036,3,26,21,0.0,0.0,0.0,0.0,0.0,0.0,0.0
2037,3,26,22,0.0,0.0,0.0,0.0,0.0,0.0,0.0
2038,3,26,23,0.0,0.0,0.0,0.0,0.0,0.0,0.0
2039,3,26,24,0.0,0.0,0.0,0.0,0.0,0.0,0.0
2040,3,27,1,0.0,0.0,0.0,0.0,0.0,0.0,0.0
2041,3,27,2,0.0,0.0,0.0,0.0,0.0,0.0,0.0
2042,3,27,3,0.0,0.0,0.0,0.0,0.0,0.0,0.0
2043,3,27,4,0.0,0.0,0.0,0.0,0.0,0.0,0.0
2044,3,27,5,0.0,0.0,0.0,0.0,0.0,0.0,0.0
2045,3,27,6,0.0,0.0,0.0,0.0,0.0,0.0,0.0
2046,3,27,7,156.3118375,409.52162947693864,113.34856221697453,35.5347431,435.7955762,50.92066232,35.5347431
2047,3,27,8,396.009671,747.4451633456137,171.64262068129997,119.7606938,813.4777311,268.9192721,119.7606938
2048,3,27,9,604.3093974,969.981880833936,141.95116237155264,146.6702299,928.5076232,482.8792771,146.6702299
2049,3,27,10,766.2833637,1042.7071248035668,117.34840038640496,158.6905999,811.888615,646.4931478,158.6905999
2050,3,27,11,868.5602266,1093.586942511332,73.16589352985537,154.0045742,594.996497,760.7663561,154.0045742
2051,3,27,12,898.2446302,1066.1758589465217,61.899936534537225,148.844835,310.9563333,789.605748,148.844835
2052,3,27,13,867.2263054,1046.8700147257036,40.408486287423706,133.9689059,133.9689059,765.68327,247.9628542
2053,3,27,14,775.2731646,989.5828474871124,39.94260735096091,117.3704688,117.3704688,674.3843173,475.1434059
2054,3,27,15,549.6811924,774.8221881581732,48.0244098312832,106.7741512,106.7741512,480.6071402,563.4165568
2055,3,27,16,341.2525264,467.6049815673959,103.02557582403188,106.1914719,106.1914719,277.6891517,468.9836455
2056,3,27,17,167.8596703,200.720167070574,99.90882710417299,73.78671701,73.78671701,118.634883,255.4685888
2057,3,27,18,59.71641943,110.71471685052005,43.515098738831774,30.71250533,30.71250533,37.85075656,138.1627804
2058,3,27,19,0.0,0.0,0.0,0.0,0.0,0.0,0.0
2059,3,27,20,0.0,0.0,0.0,0.0,0.0,0.0,0.0
2060,3,27,21,0.0,0.0,0.0,0.0,0.0,0.0,0.0
2061,3,27,22,0.0,0.0,0.0,0.0,0.0,0.0,0.0
2062,3,27,23,0.0,0.0,0.0,0.0,0.0,0.0,0.0
2063,3,27,24,0.0,0.0,0.0,0.0,0.0,0.0,0.0
2064,3,28,1,0.0,0.0,0.0,0.0,0.0,0.0,0.0
2065,3,28,2,0.0,0.0,0.0,0.0,0.0,0.0,0.0
2066,3,28,3,0.0,0.0,0.0,0.0,0.0,0.0,0.0
2067,3,28,4,0.0,0.0,0.0,0.0,0.0,0.0,0.0
2068,3,28,5,0.0,0.0,0.0,0.0,0.0,0.0,0.0
2069,3,28,6,0.0,0.0,0.0,0.0,0.0,0.0,0.0
2070,3,28,7,156.5741157,401.12574356467155,112.32402677413937,39.58139817,431.716466,52.92637924,39.58139817
2071,3,28,8,386.6250719,704.4186296383651,171.45311597208365,119.9697288,773.0906719,257.3610015,119.9697288
2072,3,28,9,564.1054714,881.9491089213755,139.21486802838123,142.0963321,851.9708563,443.659309,142.0963321
2073,3,28,10,681.2074227,933.8627252681758,95.47359095966425,143.8263498,727.7407978,576.2424663,143.8263498
2074,3,28,11,735.1449214,889.3704757763446,84.20048100470933,147.2410502,504.5733413,636.0888185,147.2410502
2075,3,28,12,747.9875035,855.8179292640718,72.9716433577189,144.9849368,273.8659842,654.6851159,144.9849368
2076,3,28,13,710.8994685,811.083663802527,67.04414924572845,139.3685104,139.3685104,624.1367874,228.7589041
2077,3,28,14,628.4907647,748.2429037932865,69.67802802327812,132.0844183,132.0844183,548.7548635,403.3708577
2078,3,28,15,475.5873291,558.8862180221731,111.75704751279585,129.5125483,129.5125483,395.4888882,458.9796371
2079,3,28,16,317.3391643,382.1221502871647,121.37006482668757,112.4609911,112.4609911,250.130094,408.8229707
2080,3,28,17,170.5018798,202.7781225859506,101.1877064002216,74.76443771,74.76443771,118.838539,258.376337
2081,3,28,18,61.11702536,112.68544264713485,44.25921086996897,31.28599223,31.28599223,37.86969683,140.6798973
2082,3,28,19,0.0,0.0,0.0,0.0,0.0,0.0,0.0
2083,3,28,20,0.0,0.0,0.0,0.0,0.0,0.0,0.0
2084,3,28,21,0.0,0.0,0.0,0.0,0.0,0.0,0.0
2085,3,28,22,0.0,0.0,0.0,0.0,0.0,0.0,0.0
2086,3,28,23,0.0,0.0,0.0,0.0,0.0,0.0,0.0
2087,3,28,24,0.0,0.0,0.0,0.0,0.0,0.0,0.0
2088,3,29,1,0.0,0.0,0.0,0.0,0.0,0.0,0.0
2089,3,29,2,0.0,0.0,0.0,0.0,0.0,0.0,0.0
2090,3,29,3,0.0,0.0,0.0,0.0,0.0,0.0,0.0
2091,3,29,4,0.0,0.0,0.0,0.0,0.0,0.0,0.0
2092,3,29,5,0.0,0.0,0.0,0.0,0.0,0.0,0.0
2093,3,29,6,1.0,0.0,0.9937981114472635,0.507357737,0.507357737,0.507357737,0.507357737
2094,3,29,7,166.4537684,432.0223409964429,116.46716831077131,41.7528145,464.4484914,54.27776668,41.7528145
2095,3,29,8,405.0887457,754.2401705712269,170.7329515698788,122.8650031,821.8755232,266.6607592,122.8650031
2096,3,29,9,614.7504445,975.6734875188062,139.76666821150084,147.3785291,931.8065041,476.5241023,147.3785291
2097,3,29,10,775.5518053,1045.3941536348684,114.82455677222735,158.7136902,810.9876616,637.6754415,158.7136902
2098,3,29,11,876.2597829,1092.949281257731,71.34559529663582,153.8820279,591.5940954,749.2431236,153.8820279
2099,3,29,12,915.1855423,1074.0797866816818,63.44738484801756,151.3428466,311.5910772,785.465855,151.3428466
2100,3,29,13,891.6079577,1062.5806615112822,43.88741112292161,138.8673055,138.8673055,768.2481616,257.4510369
2101,3,29,14,807.0357663,1013.6144847468076,46.2680426068171,124.9096026,124.9096026,683.7216129,493.739427
2102,3,29,15,664.2339704,972.3314743290919,27.848579994407736,98.03017822,98.03017822,555.7396962,673.0510367
2103,3,29,16,474.5512404,902.7293525245682,8.570099091863698,60.86270439,60.86270439,381.8289399,764.1587472
2104,3,29,17,265.133947,757.664991576767,3.6762051941583773,34.01865442,34.01865442,195.5360901,726.4920948
2105,3,29,18,81.68196811,447.61939186187914,13.26342302707679,23.5411602,23.5411602,47.34105591,464.7241249
2106,3,29,19,1.0,0.0,0.9937981114472635,0.507357737,0.507357737,0.507357737,0.507357737
2107,3,29,20,0.0,0.0,0.0,0.0,0.0,0.0,0.0
2108,3,29,21,0.0,0.0,0.0,0.0,0.0,0.0,0.0
2109,3,29,22,0.0,0.0,0.0,0.0,0.0,0.0,0.0
2110,3,29,23,0.0,0.0,0.0,0.0,0.0,0.0,0.0
2111,3,29,24,0.0,0.0,0.0,0.0,0.0,0.0,0.0
2112,3,30,1,0.0,0.0,0.0,0.0,0.0,0.0,0.0
2113,3,30,2,0.0,0.0,0.0,0.0,0.0,0.0,0.0
2114,3,30,3,0.0,0.0,0.0,0.0,0.0,0.0,0.0
2115,3,30,4,0.0,0.0,0.0,0.0,0.0,0.0,0.0
2116,3,30,5,0.0,0.0,0.0,0.0,0.0,0.0,0.0
2117,3,30,6,1.0,0.0,0.9937981114472635,0.507358823,0.507358823,0.507358823,0.507358823
2118,3,30,7,163.584862,398.69230352989507,115.313132471437,57.0022674,446.7375513,66.83842127,57.0022674
2119,3,30,8,395.9277941,710.2429299394163,171.52776790690945,123.0516265,780.5398019,255.2525173,123.0516265
2120,3,30,9,602.2629392,965.7483344544305,127.25496734422295,142.042917,917.5453593,463.4010929,142.042917
2121,3,30,10,758.404826,1028.964643485191,103.14483270910208,152.2576528,793.0049932,618.7439479,152.2576528
2122,3,30,11,857.3984139,1051.4759779309015,78.29803817613757,152.1146338,571.7007254,719.500418,152.1146338
2123,3,30,12,868.6881247,1028.9907182317345,48.37671858130191,137.6247269,289.6848961,739.7084408,137.6247269
2124,3,30,13,822.5007648,967.378443049296,46.93599530363739,124.592386,124.592386,692.1586298,233.8463137
2125,3,30,14,722.6800844,898.1503306220485,45.27803142210917,115.5780549,115.5780549,605.5128464,443.4107602
2126,3,30,15,602.6114322,867.9151607692307,31.56204702656214,94.66802073,94.66802073,498.022418,608.6621086
2127,3,30,16,439.3580427,797.0666735464595,25.27876226397244,73.21294977,73.21294977,351.6887936,694.4628743
2128,3,30,17,253.9475107,655.0647324099571,25.776713574765033,53.98538113,53.98538113,189.5202419,652.4390028
2129,3,30,18,83.79786243,377.7581318617568,24.836715784753324,31.76542101,31.76542101,49.50468632,403.4898991
2130,3,30,19,1.0,0.0,0.9937981114472635,0.507358823,0.507358823,0.507358823,0.507358823
2131,3,30,20,0.0,0.0,0.0,0.0,0.0,0.0,0.0
2132,3,30,21,0.0,0.0,0.0,0.0,0.0,0.0,0.0
2133,3,30,22,0.0,0.0,0.0,0.0,0.0,0.0,0.0
2134,3,30,23,0.0,0.0,0.0,0.0,0.0,0.0,0.0
2135,3,30,24,0.0,0.0,0.0,0.0,0.0,0.0,0.0
2136,3,31,1,0.0,0.0,0.0,0.0,0.0,0.0,0.0
2137,3,31,2,0.0,0.0,0.0,0.0,0.0,0.0,0.0
2138,3,31,3,0.0,0.0,0.0,0.0,0.0,0.0,0.0
2139,3,31,4,0.0,0.0,0.0,0.0,0.0,0.0,0.0
2140,3,31,5,0.0,0.0,0.0,0.0,0.0,0.0,0.0
2141,3,31,6,1.0,0.0,0.9937981114472635,0.50735991,0.50735991,0.50735991,0.50735991
2142,3,31,7,174.902242,430.66118733821816,120.45532924885684,46.85313883,468.0689919,55.63633158,46.85313883
2143,3,31,8,414.5550823,770.6160067961281,167.07213862394454,124.3588461,837.4525695,264.4316511,124.3588461
2144,3,31,9,618.1187564,976.2512537421128,133.07249131596268,145.8136803,928.5984353,466.1086588,145.8136803
2145,3,31,10,770.6089296,1035.9195586418427,106.01524083233447,154.7205875,798.413361,619.3146077,154.7205875
2146,3,31,11,861.3152648,1052.0966613390979,77.07317669532861,151.8592067,570.1974245,714.230716,151.8592067
2147,3,31,12,872.5498835,1028.925384669397,48.01384432203107,137.7577231,288.3308032,734.3147064,137.7577231
2148,3,31,13,825.8373883,967.7125133594227,46.25556527821651,124.3864709,124.3864709,686.7453425,234.9703707
2149,3,31,14,725.7297281,898.073003629541,45.132411029316955,115.7359207,115.7359207,600.4197629,444.5518086
2150,3,31,15,591.8018886,829.3871218691662,43.2662363517381,102.3763997,102.3763997,482.8215959,594.1814455
2151,3,31,16,423.3924514,722.4590795113086,45.70395557922874,87.17085459,87.17085459,335.0958491,650.4284013
2152,3,31,17,244.008511,556.0452344006613,48.54410462015522,68.14697046,68.14697046,179.6886527,575.7876962
2153,3,31,18,86.17774491,295.32311097016435,39.133762710969854,38.59391489,38.59391489,50.62396768,328.3828551
2154,3,31,19,1.0,0.0,0.9937981114472635,0.50735991,0.50735991,0.50735991,0.50735991
2155,3,31,20,0.0,0.0,0.0,0.0,0.0,0.0,0.0
2156,3,31,21,0.0,0.0,0.0,0.0,0.0,0.0,0.0
2157,3,31,22,0.0,0.0,0.0,0.0,0.0,0.0,0.0
2158,3,31,23,0.0,0.0,0.0,0.0,0.0,0.0,0.0
2159,3,31,24,0.0,0.0,0.0,0.0,0.0,0.0,0.0
2160,4,1,1,0.0,0.0,0.0,0.0,0.0,0.0,0.0
2161,4,1,2,0.0,0.0,0.0,0.0,0.0,0.0,0.0
2162,4,1,3,0.0,0.0,0.0,0.0,0.0,0.0,0.0
2163,4,1,4,0.0,0.0,0.0,0.0,0.0,0.0,0.0
2164,4,1,5,0.0,0.0,0.0,0.0,0.0,0.0,0.0
2165,4,1,6,1.0,0.0,0.9895997972352538,0.507360999,0.507360999,0.507360999,0.507360999
2166,4,1,7,173.20228,405.2790989035616,119.80487297291127,61.46128015,453.6810772,67.92220951,61.46128015
2167,4,1,8,406.2826834,717.6415693135979,172.10261973275638,125.4181022,786.487594,252.2067979,125.4181022
2168,4,1,9,604.3045981,946.931994141224,129.13682571192476,143.472951,900.7614107,449.3864277,143.472951
2169,4,1,10,750.4546369,1005.9547676414809,100.36784992582226,150.5739417,773.8945247,596.5478108,150.5739417
2170,4,1,11,836.6323254,1017.9854032717523,73.33748856762841,147.6756096,550.8250013,686.4056926,147.6756096
2171,4,1,12,842.3973525,993.4036971900381,42.24860959795148,134.9001795,278.8200132,705.4397521,134.9001795
2172,4,1,13,792.9623204,931.9917929142033,38.59291370148703,129.4522542,129.4522542,665.7456615,237.1688878
2173,4,1,14,696.6162113,858.3577153950165,43.047515265805444,122.8222574,122.8222574,580.9584825,437.9549616
2174,4,1,15,544.7956744,722.505372262009,64.50848702526234,118.5879476,118.5879476,445.3940452,547.2067821
2175,4,1,16,377.6292478,546.9110328614331,89.94020511661844,109.9280539,109.9280539,293.8223692,535.4985625
2176,4,1,17,214.8835353,357.05680396305183,88.23252801678811,79.91371004,79.91371004,148.952499,404.0382944
2177,4,1,18,81.91524537,206.04936735682443,48.433292068114355,39.12681093,39.12681093,46.19466145,239.2220342
2178,4,1,19,1.0,0.0,0.9895997972352538,0.507360999,0.507360999,0.507360999,0.507360999
2179,4,1,20,0.0,0.0,0.0,0.0,0.0,0.0,0.0
2180,4,1,21,0.0,0.0,0.0,0.0,0.0,0.0,0.0
2181,4,1,22,0.0,0.0,0.0,0.0,0.0,0.0,0.0
2182,4,1,23,0.0,0.0,0.0,0.0,0.0,0.0,0.0
2183,4,1,24,0.0,0.0,0.0,0.0,0.0,0.0,0.0
2184,4,2,1,0.0,0.0,0.0,0.0,0.0,0.0,0.0
2185,4,2,2,0.0,0.0,0.0,0.0,0.0,0.0,0.0
2186,4,2,3,0.0,0.0,0.0,0.0,0.0,0.0,0.0
2187,4,2,4,0.0,0.0,0.0,0.0,0.0,0.0,0.0
2188,4,2,5,0.0,0.0,0.0,0.0,0.0,0.0,0.0
2189,4,2,6,1.0,0.0,0.9895997972352538,0.507362089,0.507362089,0.507362089,0.507362089
2190,4,2,7,106.3561654,229.40331572342822,74.91471542402262,49.8235894,271.3556161,52.50411418,49.8235894
2191,4,2,8,261.9715461,387.0003918863172,133.69859409416674,100.720667,455.6814149,167.1551173,100.720667
2192,4,2,9,375.5797465,408.5621848740211,168.55844053489955,131.6913941,456.0698457,261.0347685,131.6913941
2193,4,2,10,446.9653081,358.9873103577392,213.3075257335553,154.8225429,374.9965104,310.966568,154.8225429
2194,4,2,11,473.4729532,318.76420767732685,233.0741420551335,169.5327008,294.1540642,335.0625382,169.5327008
2195,4,2,12,447.7217138,224.70750338709598,265.81762297569793,173.1048218,204.8596007,299.0632437,173.1048218
2196,4,2,13,392.9094498,164.77511174188177,258.91607240934724,164.4221731,164.4221731,256.4573413,183.3010265
2197,4,2,14,316.2100524,117.86241542938414,226.0516639502552,139.8675885,139.8675885,200.4923937,182.1515732
2198,4,2,15,270.653597,105.69286472286394,200.0414134522764,121.9767404,121.9767404,167.8141981,182.9769463
2199,4,2,16,206.2211167,88.06138358648951,159.61599538382342,95.48509481,95.48509481,123.6079815,161.7966186
2200,4,2,17,128.3871034,62.12655947833234,106.15419407783902,62.00532672,62.00532672,73.13838941,115.9700337
2201,4,2,18,51.13645569,30.16088553391482,46.13950609480633,26.19730508,26.19730508,26.97991095,53.0436071
2202,4,2,19,0.0,0.0,0.0,0.0,0.0,0.0,0.0
2203,4,2,20,0.0,0.0,0.0,0.0,0.0,0.0,0.0
2204,4,2,21,0.0,0.0,0.0,0.0,0.0,0.0,0.0
2205,4,2,22,0.0,0.0,0.0,0.0,0.0,0.0,0.0
2206,4,2,23,0.0,0.0,0.0,0.0,0.0,0.0,0.0
2207,4,2,24,0.0,0.0,0.0,0.0,0.0,0.0,0.0
2208,4,3,1,0.0,0.0,0.0,0.0,0.0,0.0,0.0
2209,4,3,2,0.0,0.0,0.0,0.0,0.0,0.0,0.0
2210,4,3,3,0.0,0.0,0.0,0.0,0.0,0.0,0.0
2211,4,3,4,0.0,0.0,0.0,0.0,0.0,0.0,0.0
2212,4,3,5,0.0,0.0,0.0,0.0,0.0,0.0,0.0
2213,4,3,6,0.0,0.0,0.0,0.0,0.0,0.0,0.0
2214,4,3,7,22.14746884,2.607159648769291,21.77638563331659,11.37157307,12.36061019,11.37922168,11.37157307
2215,4,3,8,54.3411521,2.667115311912901,53.44352597566625,28.19126117,29.11599087,28.36005164,28.19126117
2216,4,3,9,86.51544102,2.7457794745335042,85.11077400037695,45.29900939,46.09641286,45.6128059,45.29900939
2217,4,3,10,112.6584581,4.828743006455878,109.49334710635742,58.7625926,60.66140201,60.09721732,58.7625926
2218,4,3,11,130.760457,6.42411678838647,125.88804698343115,68.01821812,69.8597801,70.44939129,68.01821812
2219,4,3,12,260.9593526,40.63394092583992,227.90302889671793,126.7408969,132.0961629,147.9948447,126.7408969
2220,4,3,13,381.0263808,154.76862337591527,254.59419077271107,161.0534634,161.0534634,246.5734302,178.9663666
2221,4,3,14,464.7887765,312.83114663960504,224.40091304450507,165.728964,165.728964,327.5709542,280.191501
2222,4,3,15,395.771651,288.0709018060611,202.3657774312765,146.030887,146.030887,271.6811304,315.7192257
2223,4,3,16,299.0061563,249.3433170163861,166.2533773480362,116.2827417,116.2827417,196.3064338,308.5847113
2224,4,3,17,186.0826356,215.40946057621628,108.32069523179356,80.54307831,80.54307831,119.2944621,274.6558297
2225,4,3,18,74.29028924,126.76634435160778,52.88681442301319,37.43797606,37.43797606,40.23660012,159.1075128
2226,4,3,19,1.0,0.0,0.9895997972352538,0.507363181,0.507363181,0.507363181,0.507363181
2227,4,3,20,0.0,0.0,0.0,0.0,0.0,0.0,0.0
2228,4,3,21,0.0,0.0,0.0,0.0,0.0,0.0,0.0
2229,4,3,22,0.0,0.0,0.0,0.0,0.0,0.0,0.0
2230,4,3,23,0.0,0.0,0.0,0.0,0.0,0.0,0.0
2231,4,3,24,0.0,0.0,0.0,0.0,0.0,0.0,0.0
2232,4,4,1,0.0,0.0,0.0,0.0,0.0,0.0,0.0
2233,4,4,2,0.0,0.0,0.0,0.0,0.0,0.0,0.0
2234,4,4,3,0.0,0.0,0.0,0.0,0.0,0.0,0.0
2235,4,4,4,0.0,0.0,0.0,0.0,0.0,0.0,0.0
2236,4,4,5,0.0,0.0,0.0,0.0,0.0,0.0,0.0
2237,4,4,6,1.0,0.0,0.9895997972352538,0.507364273,0.507364273,0.507364273,0.507364273
2238,4,4,7,164.2589511,324.04250996432756,116.43784046328757,66.10588651,378.3973596,67.15919554,66.10588651
2239,4,4,8,376.0345552,660.5581068307936,150.37916603226603,120.2058547,727.1474699,228.1817557,120.2058547
2240,4,4,9,555.3794204,824.74363578595,129.48704659267898,141.7065917,797.9808748,396.5382733,141.7065917
2241,4,4,10,685.3381081,880.0213645253151,104.51069925328005,149.653373,691.1146756,526.8075878,149.653373
2242,4,4,11,760.1733235,885.0610378301405,85.13745075179567,150.9199278,497.4488028,605.5728806,150.9199278
2243,4,4,12,771.446644,833.4301195117663,90.14983253577644,150.8562717,267.925008,615.7163172,150.8562717
2244,4,4,13,733.5043034,787.484422164816,87.30987636218224,146.9485718,146.9485718,586.4441318,240.9340153
2245,4,4,14,651.8761091,728.3892332630405,89.66162082226133,139.387506,139.387506,515.082081,408.8332757
2246,4,4,15,526.3334709,634.3274468902414,98.39350099535717,128.6335864,128.6335864,403.9421073,505.9738323
2247,4,4,16,378.0971145,509.5970916772604,105.18193061788237,112.1631738,112.1631738,274.152049,508.9865955
2248,4,4,17,223.1383678,362.2625557144552,91.23785843317212,82.54108579,82.54108579,146.0123066,411.416052
2249,4,4,18,88.71371974,213.1247437604359,52.058095741587145,41.91237116,41.91237116,45.40206557,248.6981835
2250,4,4,19,1.0,0.0,0.9895997972352538,0.507364273,0.507364273,0.507364273,0.507364273
2251,4,4,20,0.0,0.0,0.0,0.0,0.0,0.0,0.0
2252,4,4,21,0.0,0.0,0.0,0.0,0.0,0.0,0.0
2253,4,4,22,0.0,0.0,0.0,0.0,0.0,0.0,0.0
2254,4,4,23,0.0,0.0,0.0,0.0,0.0,0.0,0.0
2255,4,4,24,0.0,0.0,0.0,0.0,0.0,0.0,0.0
2256,4,5,1,0.0,0.0,0.0,0.0,0.0,0.0,0.0
2257,4,5,2,0.0,0.0,0.0,0.0,0.0,0.0,0.0
2258,4,5,3,0.0,0.0,0.0,0.0,0.0,0.0,0.0
2259,4,5,4,0.0,0.0,0.0,0.0,0.0,0.0,0.0
2260,4,5,5,0.0,0.0,0.0,0.0,0.0,0.0,0.0
2261,4,5,6,2.0,0.0,1.9791995944705076,1.018576498,1.018576498,1.018576498,1.018576498
2262,4,5,7,198.3853488,460.4369252098038,128.0361605273499,59.71296397,505.6018718,59.27470492,59.27470492
2263,4,5,8,439.0983718,802.1527444328452,161.04637864875747,127.5996366,864.4596315,255.2798494,127.5996366
2264,4,5,9,641.4042358,975.0921897944677,133.2188110722546,149.1683225,924.1554207,446.0464266,149.1683225
2265,4,5,10,791.0819972,1028.9900655184645,107.31304893444513,157.6574779,789.4581159,593.730441,157.6574779
2266,4,5,11,881.9924667,1065.7504933987018,64.68027644439657,151.2137817,567.1286139,693.4885229,151.2137817
2267,4,5,12,917.2326649,1061.8405388607441,45.08716030053553,144.7188066,292.4923868,731.7724514,144.7188066
2268,4,5,13,893.9429025,1034.6844987747802,41.15828724452402,137.477536,137.477536,709.6504089,262.3791481
2269,4,5,14,811.7432748,987.4891700627396,46.19709519355888,125.061558,125.061558,629.1895589,491.7160583
2270,4,5,15,631.1393605,880.4647258142924,34.318870579086706,99.77965036,99.77965036,477.3726577,625.0801894
2271,4,5,16,435.9646229,714.4700797605619,51.10916289675695,95.1037578,95.1037578,318.5170944,653.1624489
2272,4,5,17,249.1210973,484.8197526080129,71.10343260685087,80.66464444,80.66464444,162.947911,522.1232155
2273,4,5,18,97.96514186,273.4475732683349,50.077596291481775,44.95232981,44.95232981,47.82125982,311.1998534
2274,4,5,19,1.0,0.0,0.9895997972352538,0.507365365,0.507365365,0.507365365,0.507365365
2275,4,5,20,0.0,0.0,0.0,0.0,0.0,0.0,0.0
2276,4,5,21,0.0,0.0,0.0,0.0,0.0,0.0,0.0
2277,4,5,22,0.0,0.0,0.0,0.0,0.0,0.0,0.0
2278,4,5,23,0.0,0.0,0.0,0.0,0.0,0.0,0.0
2279,4,5,24,0.0,0.0,0.0,0.0,0.0,0.0,0.0
2280,4,6,1,0.0,0.0,0.0,0.0,0.0,0.0,0.0
2281,4,6,2,0.0,0.0,0.0,0.0,0.0,0.0,0.0
2282,4,6,3,0.0,0.0,0.0,0.0,0.0,0.0,0.0
2283,4,6,4,0.0,0.0,0.0,0.0,0.0,0.0,0.0
2284,4,6,5,0.0,0.0,0.0,0.0,0.0,0.0,0.0
2285,4,6,6,2.0,0.0,1.9791995944705076,1.018580868,1.018580868,1.018580868,1.018580868
2286,4,6,7,202.7035787,466.1984847552545,129.06117905303876,64.08874371,513.5399668,61.67984186,61.67984186
2287,4,6,8,443.6354303,808.071878172983,159.5109340414506,128.0350021,869.5739002,253.0975387,128.0350021
2288,4,6,9,650.7128356,981.5663687702868,134.5169763176498,150.677247,929.5220813,444.9602635,150.677247
2289,4,6,10,810.1835299,1071.1246153560917,93.66448414721297,156.6732469,812.9778439,605.4851459,156.6732469
2290,4,6,11,910.95995,1089.4707727039208,70.95392765056069,157.8551624,581.3996552,706.5739469,157.8551624
2291,4,6,12,899.246417,1040.912323842055,40.29757153165475,139.4077889,282.8100507,709.3203435,139.4077889
2292,4,6,13,827.3988572,951.4589786490188,39.81725038531338,129.8998578,129.8998578,650.6916955,245.927874
2293,4,6,14,711.8778579,858.5951033525587,43.39090846714705,125.1618524,125.1618524,558.481234,444.7696123
2294,4,6,15,560.626797,723.2920297734222,68.05250679245403,122.6840442,122.6840442,428.3186167,554.3035703
2295,4,6,16,393.5594103,549.5318708271359,95.85986938990172,114.8369701,114.8369701,283.0372362,543.3545509
2296,4,6,17,228.9442757,365.13906823688495,93.75521903339653,84.54707405,84.54707405,144.1397326,415.9504569
2297,4,6,18,92.899432,215.66899558705205,54.4578592473458,43.40723621,43.40723621,44.39028982,252.4607892
2298,4,6,19,1.0,0.0,0.9895997972352538,0.507366457,0.507366457,0.507366457,0.507366457
2299,4,6,20,0.0,0.0,0.0,0.0,0.0,0.0,0.0
2300,4,6,21,0.0,0.0,0.0,0.0,0.0,0.0,0.0
2301,4,6,22,0.0,0.0,0.0,0.0,0.0,0.0,0.0
2302,4,6,23,0.0,0.0,0.0,0.0,0.0,0.0,0.0
2303,4,6,24,0.0,0.0,0.0,0.0,0.0,0.0,0.0
2304,4,7,1,0.0,0.0,0.0,0.0,0.0,0.0,0.0
2305,4,7,2,0.0,0.0,0.0,0.0,0.0,0.0,0.0
2306,4,7,3,0.0,0.0,0.0,0.0,0.0,0.0,0.0
2307,4,7,4,0.0,0.0,0.0,0.0,0.0,0.0,0.0
2308,4,7,5,0.0,0.0,0.0,0.0,0.0,0.0,0.0
2309,4,7,6,2.0,0.0,1.9791995944705076,1.018585236,1.018585236,1.018585236,1.018585236
2310,4,7,7,189.2786209,395.69790894276167,124.73973298175449,76.80196039,455.5531469,73.10182889,73.10182889
2311,4,7,8,414.7920407,697.1179591356863,166.2428388270742,127.3981725,765.5950708,232.0824611,127.3981725
2312,4,7,9,601.9854949,885.8719534961317,131.97555918617195,145.2323551,846.8019321,406.6456694,145.2323551
2313,4,7,10,737.2981544,970.1266969966822,84.09092832800873,144.8476927,737.8659801,546.5992217,144.8476927
2314,4,7,11,813.1042023,966.1954903223241,64.20768617509034,144.4707939,518.6629576,626.1310918,144.4707939
2315,4,7,12,810.2895201,903.5596746786943,61.26740136870693,145.2269482,268.3992707,634.8958554,145.2269482
2316,4,7,13,755.6100283,810.4348285546773,81.91736510565894,146.1484736,146.1484736,584.8700043,245.887514
2317,4,7,14,660.3648048,728.3446857188301,90.89294797539661,141.3092598,141.3092598,504.3078559,412.8394801
2318,4,7,15,570.0993256,740.0951381897341,63.7661993429185,121.2778297,121.2778297,429.6718821,563.4202565
2319,4,7,16,434.0896511,681.092891851515,63.04774560665818,101.8627647,101.8627647,306.5888076,633.9704785
2320,4,7,17,270.094053,568.8709468546326,57.7502145709564,76.08490104,76.08490104,165.9366429,594.6030004
2321,4,7,18,107.7080677,305.8298373527613,52.24693770720428,47.80036503,47.40097053,47.40097053,345.1820185
2322,4,7,19,2.0,0.0,1.9791995944705076,1.018585236,1.018585236,1.018585236,1.018585236
2323,4,7,20,0.0,0.0,0.0,0.0,0.0,0.0,0.0
2324,4,7,21,0.0,0.0,0.0,0.0,0.0,0.0,0.0
2325,4,7,22,0.0,0.0,0.0,0.0,0.0,0.0,0.0
2326,4,7,23,0.0,0.0,0.0,0.0,0.0,0.0,0.0
2327,4,7,24,0.0,0.0,0.0,0.0,0.0,0.0,0.0
2328,4,8,1,0.0,0.0,0.0,0.0,0.0,0.0,0.0
2329,4,8,2,0.0,0.0,0.0,0.0,0.0,0.0,0.0
2330,4,8,3,0.0,0.0,0.0,0.0,0.0,0.0,0.0
2331,4,8,4,0.0,0.0,0.0,0.0,0.0,0.0,0.0
2332,4,8,5,0.0,0.0,0.0,0.0,0.0,0.0,0.0
2333,4,8,6,2.0,0.0,1.9791995944705076,1.018589601,1.018589601,1.018589601,1.018589601
2334,4,8,7,211.2948479,476.76800818387403,131.10299300844514,72.69548602,528.0786817,66.22344426,66.22344426
2335,4,8,8,452.4866049,826.5478023825991,153.75491610826097,128.0904185,885.0396447,248.7571222,128.0904185
2336,4,8,9,658.9651311,985.4012299429543,131.59732607225942,150.739704,930.0374495,437.0338115,150.739704
2337,4,8,10,817.8887007,1071.7920570707108,91.59360576215178,156.5959842,810.2033341,595.213647,156.5959842
2338,4,8,11,917.5873271,1088.8619672630139,69.23690391724253,157.6352717,577.750649,694.8746005,157.6352717
2339,4,8,12,945.8169674,1079.0189696737457,47.32784682040707,149.3905841,295.0336006,728.5211374,149.3905841
2340,4,8,13,911.7908818,1042.4620836181284,41.61586989172914,139.6065205,139.6065205,698.5221831,269.2397122
2341,4,8,14,821.914264,987.8882180582953,46.311061458779434,125.9859034,125.9859034,613.1365586,495.5496328
2342,4,8,15,673.231049,939.3466558534852,27.680291036408807,98.65659102,98.65659102,484.869644,660.845411
2343,4,8,16,486.5501339,849.9484143618004,20.96297314780373,74.23457849,74.23457849,324.9775192,739.2837999
2344,4,8,17,288.8596253,675.4018388799986,34.71872498139751,64.68217511,64.68217511,167.4840366,681.0329099
2345,4,8,18,113.7997797,418.54505084665306,36.60572034606412,44.75634847,41.74651664,41.74651664,451.0501994
2346,4,8,19,2.0,0.0,1.9791995944705076,1.018589601,1.018589601,1.018589601,1.018589601
2347,4,8,20,0.0,0.0,0.0,0.0,0.0,0.0,0.0
2348,4,8,21,0.0,0.0,0.0,0.0,0.0,0.0,0.0
2349,4,8,22,0.0,0.0,0.0,0.0,0.0,0.0,0.0
2350,4,8,23,0.0,0.0,0.0,0.0,0.0,0.0,0.0
2351,4,8,24,0.0,0.0,0.0,0.0,0.0,0.0,0.0
2352,4,9,1,0.0,0.0,0.0,0.0,0.0,0.0,0.0
2353,4,9,2,0.0,0.0,0.0,0.0,0.0,0.0,0.0
2354,4,9,3,0.0,0.0,0.0,0.0,0.0,0.0,0.0
2355,4,9,4,0.0,0.0,0.0,0.0,0.0,0.0,0.0
2356,4,9,5,0.0,0.0,0.0,0.0,0.0,0.0,0.0
2357,4,9,6,1.0,0.0,0.9895997972352538,0.507369731,0.507369731,0.507369731,0.507369731
2358,4,9,7,96.91919491,165.0672302615975,68.32067793046767,49.73229964,205.2877619,46.8251047,46.8251047
2359,4,9,8,218.9373868,245.7072405571167,128.94611756563754,93.28519407,315.826088,127.7332562,93.28519407
2360,4,9,9,334.0149291,274.2250637010588,186.00339225677965,128.3909017,342.5806766,205.9559811,128.3909017
2361,4,9,10,425.4705262,304.05544430240786,218.13165128621142,155.7142417,338.8833809,277.4586257,155.7142417
2362,4,9,11,488.1805438,323.2135932263851,235.07978128408305,172.5614621,295.6854159,328.9664786,172.5614621
2363,4,9,12,613.4346151,464.2627215407344,225.14574352566197,181.4663433,243.1521917,426.7813906,181.4663433
2364,4,9,13,697.7915309,697.8594033114092,112.89162385312183,158.5253959,158.5253959,528.2057731,245.9840654
2365,4,9,14,720.8357783,857.8785825019502,44.565700299403716,127.2054307,127.2054307,545.2620764,448.8532184
2366,4,9,15,605.5895721,801.5406560617222,52.30150997145564,115.8587797,115.8587797,440.5153939,595.7232255
2367,4,9,16,450.8113558,722.1771313831642,53.065871486463884,98.01860513,98.01860513,306.580768,662.6618313
2368,4,9,17,276.7986184,578.3622801823342,57.44545737235655,77.66493034,77.66493034,162.1545673,604.6130762
2369,4,9,18,113.1881479,310.3391591050467,54.99727269875318,53.51205084,49.4885443,49.4885443,351.2686187
2370,4,9,19,2.0,0.0,1.9791995944705076,1.018593963,1.018593963,1.018593963,1.018593963
2371,4,9,20,0.0,0.0,0.0,0.0,0.0,0.0,0.0
2372,4,9,21,0.0,0.0,0.0,0.0,0.0,0.0,0.0
2373,4,9,22,0.0,0.0,0.0,0.0,0.0,0.0,0.0
2374,4,9,23,0.0,0.0,0.0,0.0,0.0,0.0,0.0
2375,4,9,24,0.0,0.0,0.0,0.0,0.0,0.0,0.0
2376,4,10,1,0.0,0.0,0.0,0.0,0.0,0.0,0.0
2377,4,10,2,0.0,0.0,0.0,0.0,0.0,0.0,0.0
2378,4,10,3,0.0,0.0,0.0,0.0,0.0,0.0,0.0
2379,4,10,4,0.0,0.0,0.0,0.0,0.0,0.0,0.0
2380,4,10,5,0.0,0.0,0.0,0.0,0.0,0.0,0.0
2381,4,10,6,3.0,0.0,2.9687993917057613,1.533682499,1.533682499,1.533682499,1.533682499
2382,4,10,7,220.0240728,487.39007296195257,133.14012388836326,78.96964665,540.0120249,68.27337652,68.27337652
2383,4,10,8,460.8474522,838.6718633343246,149.6704228193625,128.4475368,894.7241591,243.5258683,128.4475368
2384,4,10,9,633.0333534,947.936667756802,117.11680592100781,143.122829,890.3120771,409.7842738,143.122829
2385,4,10,10,740.4580254,954.5705741087437,85.51008553102776,146.245718,725.5112632,527.5292166,146.245718
2386,4,10,11,778.4169179,883.9559971124395,82.76545712415046,151.8506067,490.1836315,578.7400997,151.8506067
2387,4,10,12,756.6089044,775.9589997297427,104.83207578200505,158.715021,261.2250298,566.3817263,158.715021
2388,4,10,13,689.4784834,637.9282903281236,152.67207427961915,163.9418283,163.9418283,497.9882559,244.5352292
2389,4,10,14,589.9090617,532.2019475805849,168.6979284232782,162.1101663,162.1101663,417.4914949,361.3876748
2390,4,10,15,501.0406492,496.31362152805326,156.95286140876485,144.7192902,144.7192902,342.0817929,440.9543858
2391,4,10,16,380.5590098,469.8302559152572,120.41269464124329,120.3180751,120.3180751,252.7655538,486.4280218
2392,4,10,17,239.2869245,371.65574367501233,97.22980965903085,87.69004903,87.69004903,139.5628514,424.6859732
2393,4,10,18,102.5525031,225.752022066584,59.53190061844309,51.4601388,47.25110696,47.25110696,265.6025743
2394,4,10,19,2.0,0.0,1.9791995944705076,1.01859832,1.01859832,1.01859832,1.01859832
2395,4,10,20,0.0,0.0,0.0,0.0,0.0,0.0,0.0
2396,4,10,21,0.0,0.0,0.0,0.0,0.0,0.0,0.0
2397,4,10,22,0.0,0.0,0.0,0.0,0.0,0.0,0.0
2398,4,10,23,0.0,0.0,0.0,0.0,0.0,0.0,0.0
2399,4,10,24,0.0,0.0,0.0,0.0,0.0,0.0,0.0
2400,4,11,1,0.0,0.0,0.0,0.0,0.0,0.0,0.0
2401,4,11,2,0.0,0.0,0.0,0.0,0.0,0.0,0.0
2402,4,11,3,0.0,0.0,0.0,0.0,0.0,0.0,0.0
2403,4,11,4,0.0,0.0,0.0,0.0,0.0,0.0,0.0
2404,4,11,5,0.0,0.0,0.0,0.0,0.0,0.0,0.0
2405,4,11,6,1.0,0.0,0.9895997972352538,0.507371908,0.507371908,0.507371908,0.507371908
2406,4,11,7,27.18833298,2.531877610995498,26.724426023524938,14.00938302,14.96462647,13.98287894,13.98287894
2407,4,11,8,59.3803152,2.6311156040639965,58.39163837188063,30.84923241,31.76444392,30.98245496,30.84923241
2408,4,11,9,91.55251764,3.044510756742894,89.88199059000613,47.92417052,48.96756562,48.29106499,47.92417052
2409,4,11,10,117.693205,5.244686308196622,114.07298837794919,61.34716588,63.47355519,62.73306486,61.34716588
2410,4,11,11,135.7927896,6.942115619729399,130.30286890460002,70.56983494,72.55903666,73.06250691,70.56983494
2411,4,11,12,214.0669104,24.133166771677125,193.7103084800816,106.8376404,109.6828811,118.1512394,106.8376404
2412,4,11,13,282.8267562,47.636170706253544,242.58470509545856,135.818319,135.818319,159.00307,141.5215092
2413,4,11,14,328.5703217,122.73603444624709,231.05084053019965,143.849714,143.849714,200.8338125,188.9468117
2414,4,11,15,283.613883,110.89229133531778,206.4048054423606,126.5485056,126.5485056,168.9829088,191.2336318
2415,4,11,16,219.6271752,93.81399982327629,167.40891854668402,100.6582628,100.6582628,125.805001,171.6479414
2416,4,11,17,142.4110393,70.01115727319707,115.44510056109335,67.83132328,67.83132328,76.83871302,128.8729686
2417,4,11,18,62.90484359,39.37420883393925,55.281617888946734,32.52674978,31.62837135,31.62837135,67.30224296
2418,4,11,19,1.0,0.0,0.9895997972352538,0.507371908,0.507371908,0.507371908,0.507371908
2419,4,11,20,0.0,0.0,0.0,0.0,0.0,0.0,0.0
2420,4,11,21,0.0,0.0,0.0,0.0,0.0,0.0,0.0
2421,4,11,22,0.0,0.0,0.0,0.0,0.0,0.0,0.0
2422,4,11,23,0.0,0.0,0.0,0.0,0.0,0.0,0.0
2423,4,11,24,0.0,0.0,0.0,0.0,0.0,0.0,0.0
2424,4,12,1,0.0,0.0,0.0,0.0,0.0,0.0,0.0
2425,4,12,2,0.0,0.0,0.0,0.0,0.0,0.0,0.0
2426,4,12,3,0.0,0.0,0.0,0.0,0.0,0.0,0.0
2427,4,12,4,0.0,0.0,0.0,0.0,0.0,0.0,0.0
2428,4,12,5,0.0,0.0,0.0,0.0,0.0,0.0,0.0
2429,4,12,6,2.0,0.0,1.9791995944705076,1.018607013,1.018607013,1.018607013,1.018607013
2430,4,12,7,156.418939,330.31265810112535,94.27395452926535,74.97423185,384.0677973,64.98229583,64.98229583
2431,4,12,8,378.4053942,594.0099926618378,152.4227739849945,124.077693,664.189444,200.2080364,124.077693
2432,4,12,9,619.1593742,890.6175890955024,126.56703164438814,145.6098367,844.8398772,387.8091428,145.6098367
2433,4,12,10,758.0144088,979.5486942723629,77.86703236735647,143.9860441,735.5840504,525.734582,143.9860441
2434,4,12,11,838.4811776,983.4239933345616,57.06158206520951,142.7502548,516.4819362,607.8134934,142.7502548
2435,4,12,12,861.9042062,966.8523048733084,42.97952728491025,138.4045517,263.7225746,636.5710017,138.4045517
2436,4,12,13,677.9096919,608.6729423273438,161.74271265725662,167.9824639,167.9824639,479.8401044,246.1809236
2437,4,12,14,479.2652686,316.2389298592205,227.03464079434315,169.1439052,169.1439052,316.4981441,287.4162223
2438,4,12,15,284.7139056,111.1051062812206,207.03159577888027,126.9829797,126.9829797,168.8740007,191.8400067
2439,4,12,16,221.2713753,95.0048666394413,168.11661223730405,101.1733931,101.1733931,126.1136139,173.0978861
2440,4,12,17,143.4757573,70.18800193313106,116.23704662582735,68.31454196,68.31454196,76.95557487,129.4932536
2441,4,12,18,63.93542785,39.58033805240676,56.15238471428913,33.24732641,32.13422745,32.13422745,67.98201283
2442,4,12,19,1.0,0.0,0.9895997972352538,0.507372994,0.507372994,0.507372994,0.507372994
2443,4,12,20,0.0,0.0,0.0,0.0,0.0,0.0,0.0
2444,4,12,21,0.0,0.0,0.0,0.0,0.0,0.0,0.0
2445,4,12,22,0.0,0.0,0.0,0.0,0.0,0.0,0.0
2446,4,12,23,0.0,0.0,0.0,0.0,0.0,0.0,0.0
2447,4,12,24,0.0,0.0,0.0,0.0,0.0,0.0,0.0
2448,4,13,1,0.0,0.0,0.0,0.0,0.0,0.0,0.0
2449,4,13,2,0.0,0.0,0.0,0.0,0.0,0.0,0.0
2450,4,13,3,0.0,0.0,0.0,0.0,0.0,0.0,0.0
2451,4,13,4,0.0,0.0,0.0,0.0,0.0,0.0,0.0
2452,4,13,5,0.0,0.0,0.0,0.0,0.0,0.0,0.0
2453,4,13,6,1.0,0.0,0.9895997972352538,0.507374077,0.507374077,0.507374077,0.507374077
2454,4,13,7,28.19807258,2.5080769419895383,27.714009138458117,14.53932764,15.48399511,14.50442921,14.50442921
2455,4,13,8,61.38956525,2.6456954725523065,60.37083822600275,31.91329773,32.82585367,32.03771862,31.91329773
2456,4,13,9,92.56120053,3.098804499183019,90.83386830525437,48.45114073,49.5404046,48.82271106,48.45114073
2457,4,13,10,118.7012818,5.323493421115103,114.9835206098,61.86607101,64.03337957,63.25051491,61.86607101
2458,4,13,11,136.8002626,7.0469508999515,131.17464419738877,71.08091843,73.09661565,73.5714502,71.08091843
2459,4,13,12,145.8513978,8.038246658328283,139.0154261735833,75.65737215,76.46887574,78.88186009,75.65737215
2460,4,13,13,215.1072144,24.273666168479593,194.44530836299023,107.3436274,107.3436274,118.4657948,110.1858521
2461,4,13,14,266.1956574,45.74845977690771,229.56962702359655,128.0534225,128.0534225,147.9123873,144.219332
2462,4,13,15,286.5129689,112.32628685754388,207.65268837152448,127.4862775,127.4862775,169.2198118,193.1166136
2463,4,13,16,319.2817946,257.92286470279754,174.24034454292078,122.6454489,122.6454489,190.3162552,322.0609032
2464,4,13,17,258.0201511,404.6498407856248,99.81198495362992,95.21484137,95.21484137,144.7019082,461.8609733
2465,4,13,18,127.1049218,383.9211802844792,50.45337602199989,63.73043312,49.96282949,49.96282949,423.2981993
2466,4,13,19,3.0,21.71742548822154,2.9687993917057613,1.533711807,1.533711807,1.533711807,1.533711807
2467,4,13,20,0.0,0.0,0.0,0.0,0.0,0.0,0.0
2468,4,13,21,0.0,0.0,0.0,0.0,0.0,0.0,0.0
2469,4,13,22,0.0,0.0,0.0,0.0,0.0,0.0,0.0
2470,4,13,23,0.0,0.0,0.0,0.0,0.0,0.0,0.0
2471,4,13,24,0.0,0.0,0.0,0.0,0.0,0.0,0.0
2472,4,14,1,0.0,0.0,0.0,0.0,0.0,0.0,0.0
2473,4,14,2,0.0,0.0,0.0,0.0,0.0,0.0,0.0
2474,4,14,3,0.0,0.0,0.0,0.0,0.0,0.0,0.0
2475,4,14,4,0.0,0.0,0.0,0.0,0.0,0.0,0.0
2476,4,14,5,0.0,0.0,0.0,0.0,0.0,0.0,0.0
2477,4,14,6,3.0,0.0,2.9687993917057613,1.532566482,1.532566482,1.532566482,1.532566482
2478,4,14,7,189.4660518,309.4944826416902,128.24488041910777,92.57501301,377.2000706,80.73629663,80.73629663
2479,4,14,8,434.7401815,765.3559640057291,136.5524056418527,124.8744889,820.3518354,216.4939293,124.8744889
2480,4,14,9,683.6805631,995.5654582115617,124.48699921098986,151.2974509,930.2914029,412.9281839,151.2974509
2481,4,14,10,840.44574,1074.6035822669592,85.7240695144327,156.3646169,802.1599379,564.678536,156.3646169
2482,4,14,11,938.4920786,1089.9954337718548,64.36280170322404,157.1451267,568.2574172,661.4454422,157.1451267
2483,4,14,12,974.5895046,1088.188458302313,45.4934309577145,151.3517961,289.6223338,700.4288798,151.3517961
2484,4,14,13,939.2030826,1064.0413326033818,30.151687129317292,138.7399605,138.7399605,673.7112101,278.0314446
2485,4,14,14,849.6784693,1021.6619218501953,28.723060581167847,125.2155913,125.2155913,594.0057152,512.2416884
2486,4,14,15,706.6466058,956.674209763634,32.276959083359486,105.6862791,105.6862791,465.5522916,680.5640657
2487,4,14,16,526.3725426,901.1402087058485,17.081934590077715,74.59467544,74.59467544,308.7583934,779.8992494
2488,4,14,17,321.8811197,765.9922009717362,20.19773695159865,56.46698182,56.46698182,146.3139881,754.2931379
2489,4,14,18,134.2385104,496.93221636342156,33.53247281326581,64.13190374,43.46362365,43.46362365,527.9410053
2490,4,14,19,4.0,8.973619579905241,3.9583991889410153,2.051980618,2.051980618,2.051980618,2.051980618
2491,4,14,20,0.0,0.0,0.0,0.0,0.0,0.0,0.0
2492,4,14,21,0.0,0.0,0.0,0.0,0.0,0.0,0.0
2493,4,14,22,0.0,0.0,0.0,0.0,0.0,0.0,0.0
2494,4,14,23,0.0,0.0,0.0,0.0,0.0,0.0,0.0
2495,4,14,24,0.0,0.0,0.0,0.0,0.0,0.0,0.0
2496,4,15,1,0.0,0.0,0.0,0.0,0.0,0.0,0.0
2497,4,15,2,0.0,0.0,0.0,0.0,0.0,0.0,0.0
2498,4,15,3,0.0,0.0,0.0,0.0,0.0,0.0,0.0
2499,4,15,4,0.0,0.0,0.0,0.0,0.0,0.0,0.0
2500,4,15,5,0.0,0.0,0.0,0.0,0.0,0.0,0.0
2501,4,15,6,4.0,9.64065603282917,3.9583991889410153,2.048412609,2.048412609,2.048412609,2.048412609
2502,4,15,7,240.4152488,509.5774880663819,137.1936943021525,100.0808079,569.8994322,78.33696312,78.33696312
2503,4,15,8,481.8537215,868.1245208045431,139.72436420494364,129.0441339,917.1408763,229.2360265,129.0441339
2504,4,15,9,686.9642313,997.1442850338708,122.69447657173032,151.0539915,929.8504261,408.5164589,151.0539915
2505,4,15,10,844.0397632,1074.627639303296,85.11886012643507,156.4932835,800.706108,559.593306,156.4932835
2506,4,15,11,941.8740916,1089.9808594005685,63.84590454218855,157.2247981,566.7993407,655.9593779,157.2247981
2507,4,15,12,977.7388496,1088.1800155505268,45.04829362217853,151.4132443,288.3349303,694.6973363,151.4132443
2508,4,15,13,951.2613521,1072.9853128134914,31.267085322779927,141.0183831,141.0183831,674.5590472,282.526745
2509,4,15,14,869.0694621,1038.3127818279313,31.7174560961337,129.5951968,129.5951968,600.1415935,523.5762841
2510,4,15,15,730.9296953,980.2525458768547,37.18813093561168,111.9462076,111.9462076,475.049876,701.2111526
2511,4,15,16,544.8787964,922.1634933124164,21.136091335809017,80.32931731,80.32931731,314.6502721,801.9138429
2512,4,15,17,332.0478549,809.163555250197,11.056250480219603,48.7260752,48.7260752,139.0699891,785.7122838
2513,4,15,18,139.6341525,531.7086190373811,30.292262975370807,67.51508966,42.43320948,42.43320948,560.6560735
2514,4,15,19,4.0,5.314512496410621,3.9583991889410153,2.05051953,2.05051953,2.05051953,2.05051953
2515,4,15,20,0.0,0.0,0.0,0.0,0.0,0.0,0.0
2516,4,15,21,0.0,0.0,0.0,0.0,0.0,0.0,0.0
2517,4,15,22,0.0,0.0,0.0,0.0,0.0,0.0,0.0
2518,4,15,23,0.0,0.0,0.0,0.0,0.0,0.0,0.0
2519,4,15,24,0.0,0.0,0.0,0.0,0.0,0.0,0.0
2520,4,16,1,0.0,0.0,0.0,0.0,0.0,0.0,0.0
2521,4,16,2,0.0,0.0,0.0,0.0,0.0,0.0,0.0
2522,4,16,3,0.0,0.0,0.0,0.0,0.0,0.0,0.0
2523,4,16,4,0.0,0.0,0.0,0.0,0.0,0.0,0.0
2524,4,16,5,0.0,0.0,0.0,0.0,0.0,0.0,0.0
2525,4,16,6,5.0,5.639253171442849,4.947998986176269,2.565584206,2.565584206,2.565584206,2.565584206
2526,4,16,7,244.6111037,513.4523781948993,138.19385714798977,104.145509,574.9957494,80.13000406,80.13000406
2527,4,16,8,486.1823733,872.025367907985,138.65039633787126,129.4001561,919.915751,226.2619389,129.4001561
2528,4,16,9,690.0481715,996.65487736735,121.93321322958977,151.1728943,928.1270072,403.9315873,151.1728943
2529,4,16,10,840.0061113,1067.7240793700255,81.87564498928114,154.4696706,792.979487,549.8121642,154.4696706
2530,4,16,11,926.4620489,1072.6062743695595,58.650609546577385,152.5352623,554.1081845,637.8829744,152.5352623
2531,4,16,12,952.4649211,1061.0241039789096,39.602331407857115,144.9403858,277.165844,669.0623695,144.9403858
2532,4,16,13,864.7246793,976.4232759323362,24.573044412117248,126.4412658,126.4412658,606.6224256,256.1391308
2533,4,16,14,736.6092679,852.041029013585,47.041730059504545,131.1219912,131.1219912,512.3400795,454.8259829
2534,4,16,15,580.739483,702.7364006709433,81.45594403709806,132.6002591,132.6002591,388.6160896,554.7049782
2535,4,16,16,452.121686,666.949564865697,71.48885181262192,109.7326545,109.7326545,275.151551,630.6875949
2536,4,16,17,293.1408407,549.2362167899906,73.7084526798078,87.88971272,87.88971272,145.9341334,586.2409691
2537,4,16,18,132.1428409,326.4113566939419,64.04837839150474,73.49030118,56.41823935,56.41823935,372.0308185
2538,4,16,19,4.0,3.7777417648938068,3.9583991889410153,2.049135232,2.049135232,2.049135232,2.049135232
2539,4,16,20,0.0,0.0,0.0,0.0,0.0,0.0,0.0
2540,4,16,21,0.0,0.0,0.0,0.0,0.0,0.0,0.0
2541,4,16,22,0.0,0.0,0.0,0.0,0.0,0.0,0.0
2542,4,16,23,0.0,0.0,0.0,0.0,0.0,0.0,0.0
2543,4,16,24,0.0,0.0,0.0,0.0,0.0,0.0,0.0
2544,4,17,1,0.0,0.0,0.0,0.0,0.0,0.0,0.0
2545,4,17,2,0.0,0.0,0.0,0.0,0.0,0.0,0.0
2546,4,17,3,0.0,0.0,0.0,0.0,0.0,0.0,0.0
2547,4,17,4,0.0,0.0,0.0,0.0,0.0,0.0,0.0
2548,4,17,5,0.0,0.0,0.0,0.0,0.0,0.0,0.0
2549,4,17,6,8.019392214,6.915427070873753,7.922062191693853,4.58478649,5.345262289,4.369011713,4.369011713
2550,4,17,7,248.5952181,516.335365038427,139.1868380934488,108.1093884,579.0207312,81.84961191,81.84961191
2551,4,17,8,489.6598997,873.8202915064747,137.5953655340456,129.6681165,920.6594539,222.9510803,129.6681165
2552,4,17,9,693.2178435,998.1437960592125,120.19238928490319,150.9204169,927.5831542,399.4890332,150.9204169
2553,4,17,10,850.037396,1074.1938964533767,83.27522642804388,156.2919756,797.070314,548.8224457,156.2919756
2554,4,17,11,947.450946,1089.3714585942166,62.30768674568031,156.9536817,563.2925762,644.3383998,156.9536817
2555,4,17,12,981.9977531,1086.505677671419,43.74734143835125,151.033019,285.1436619,681.9764907,151.033019
2556,4,17,13,956.1059385,1072.0042553578903,30.531359409211184,141.1053429,141.1053429,662.4028049,284.4615695
2557,4,17,14,874.4548283,1038.267146758464,31.253666416189905,129.8326259,129.8326259,588.7183641,524.9888901
2558,4,17,15,737.0735455,980.7083939655183,37.61893569069803,112.8070187,112.8070187,464.9655533,702.7243977
2559,4,17,16,552.3741863,924.4141093696293,22.283586428752475,82.08541546,82.08541546,306.4957654,805.0506522
2560,4,17,17,338.7317535,812.8769860127148,11.68826130896747,50.00995252,50.00995252,131.6531709,789.4218725
2561,4,17,18,145.1078132,539.6619872581861,30.929126603801485,74.924125,43.5627059,43.5627059,568.5703493
2562,4,17,19,5.0,3.6649879409399984,4.947998986176269,2.567653989,2.567653989,2.567653989,2.567653989
2563,4,17,20,0.0,0.0,0.0,0.0,0.0,0.0,0.0
2564,4,17,21,0.0,0.0,0.0,0.0,0.0,0.0,0.0
2565,4,17,22,0.0,0.0,0.0,0.0,0.0,0.0,0.0
2566,4,17,23,0.0,0.0,0.0,0.0,0.0,0.0,0.0
2567,4,17,24,0.0,0.0,0.0,0.0,0.0,0.0,0.0
2568,4,18,1,0.0,0.0,0.0,0.0,0.0,0.0,0.0
2569,4,18,2,0.0,0.0,0.0,0.0,0.0,0.0,0.0
2570,4,18,3,0.0,0.0,0.0,0.0,0.0,0.0,0.0
2571,4,18,4,0.0,0.0,0.0,0.0,0.0,0.0,0.0
2572,4,18,5,0.0,0.0,0.0,0.0,0.0,0.0,0.0
2573,4,18,6,9.94782486,9.039293250194964,9.777233066784158,6.20007625,8.916380372,5.410288149,5.410288149
2574,4,18,7,251.1308231,517.1789556257322,139.17788834798114,111.8819129,580.9828404,83.47365673,83.47365673
2575,4,18,8,492.0821273,876.1649148591592,135.30300436215978,129.4281577,921.4018802,219.1884241,129.4281577
2576,4,18,9,696.750924,998.596151414849,119.4699080892004,151.0867544,926.6267008,395.2050254,151.0867544
2577,4,18,10,852.4393041,1073.726709563697,82.04726258699048,155.963726,794.8894881,543.1426452,155.963726
2578,4,18,11,949.6447507,1088.770355109446,61.295516622677866,156.6052511,561.2490277,638.2124115,156.6052511
2579,4,18,12,984.9682742,1086.5078894609887,43.317606937910966,151.0834914,283.9424855,676.3052529,151.0834914
2580,4,18,13,957.878887,1071.281689743525,29.80738010023877,140.7739065,140.7739065,655.8899272,284.9611489
2581,4,18,14,877.0815253,1038.2439562570148,31.02954682707248,129.9467197,129.9467197,583.0545917,525.6242381
2582,4,18,15,740.5931932,981.2422015147348,38.11799264152521,113.488952,113.488952,460.3380331,703.8493402
2583,4,18,16,534.1746285,896.5457572699985,17.646466698277635,75.7980864,75.7980864,288.444307,776.7895274
2584,4,18,17,325.4171507,708.8547275899955,38.25119873585277,71.09198657,71.09198657,138.3033085,714.7675752
2585,4,18,18,140.7434474,403.29425199046824,54.22901236863678,79.3938448,53.88472543,53.88472543,444.3629572
2586,4,18,19,6.0,3.5951567449154695,5.937598783411523,3.087733429,3.087733429,3.087733429,3.087733429
2587,4,18,20,0.0,0.0,0.0,0.0,0.0,0.0,0.0
2588,4,18,21,0.0,0.0,0.0,0.0,0.0,0.0,0.0
2589,4,18,22,0.0,0.0,0.0,0.0,0.0,0.0,0.0
2590,4,18,23,0.0,0.0,0.0,0.0,0.0,0.0,0.0
2591,4,18,24,0.0,0.0,0.0,0.0,0.0,0.0,0.0
2592,4,19,1,0.0,0.0,0.0,0.0,0.0,0.0,0.0
2593,4,19,2,0.0,0.0,0.0,0.0,0.0,0.0,0.0
2594,4,19,3,0.0,0.0,0.0,0.0,0.0,0.0,0.0
2595,4,19,4,0.0,0.0,0.0,0.0,0.0,0.0,0.0
2596,4,19,5,0.0,0.0,0.0,0.0,0.0,0.0,0.0
2597,4,19,6,5.0,2.202224901700825,4.947998986176269,2.558974572,2.558974572,2.558974572,2.558974572
2598,4,19,7,76.48448006,44.32831436191165,66.68881905285134,40.5881759,78.19302276,38.12919049,38.12919049
2599,4,19,8,157.9784878,75.77797636697612,126.80031576867353,74.52464583,140.2519115,81.67232633,74.52464583
2600,4,19,9,235.7404972,99.32729964389212,177.9295178103422,107.0514928,181.7148253,130.1594633,107.0514928
2601,4,19,10,383.3223358,198.19867375546977,240.39804482708095,152.9580521,268.655488,222.3031765,152.9580521
2602,4,19,11,534.970822,366.27095984331095,234.9043982007518,177.7995619,312.4174656,336.763955,177.7995619
2603,4,19,12,665.3727531,558.6992384429471,179.44796923089388,175.8419871,243.3035692,442.0785928,175.8419871
2604,4,19,13,612.6262647,449.31624889099703,222.09071233448532,181.3601222,181.3601222,393.7705488,241.8626537
2605,4,19,14,531.0403696,378.05284346863573,221.9425978478381,172.2956355,172.2956355,334.0307006,315.5153027
2606,4,19,15,426.5665401,299.5105470374711,211.3514015786865,154.407309,154.407309,257.5961863,332.8731833
2607,4,19,16,402.9823464,485.38677698813996,122.04088651251013,124.2359595,124.2359595,236.1976652,502.0051244
2608,4,19,17,300.0238803,549.9908265098945,75.69612578139211,89.77858633,89.77858633,138.8186767,587.7511759
2609,4,19,18,147.7779833,498.356411629803,39.41025341506021,82.5869771,48.33217429,48.33217429,531.6922063
2610,4,19,19,8.914341703,6.977571484317521,8.771182368537845,5.442870797,4.864096618,4.864096618,7.279899896
2611,4,19,20,0.0,0.0,0.0,0.0,0.0,0.0,0.0
2612,4,19,21,0.0,0.0,0.0,0.0,0.0,0.0,0.0
2613,4,19,22,0.0,0.0,0.0,0.0,0.0,0.0,0.0
2614,4,19,23,0.0,0.0,0.0,0.0,0.0,0.0,0.0
2615,4,19,24,0.0,0.0,0.0,0.0,0.0,0.0,0.0
2616,4,20,1,0.0,0.0,0.0,0.0,0.0,0.0,0.0
2617,4,20,2,0.0,0.0,0.0,0.0,0.0,0.0,0.0
2618,4,20,3,0.0,0.0,0.0,0.0,0.0,0.0,0.0
2619,4,20,4,0.0,0.0,0.0,0.0,0.0,0.0,0.0
2620,4,20,5,0.0,0.0,0.0,0.0,0.0,0.0,0.0
2621,4,20,6,13.35193203,23.285737026163908,12.693075861885296,12.02858752,25.88040327,7.803863783,7.803863783
2622,4,20,7,211.368662,370.37607587553,127.87618124353924,109.3680764,440.3838218,86.11185614,86.11185614
2623,4,20,8,362.7590132,502.2509646677344,154.01941683861256,125.5323155,576.369984,172.4928046,125.5323155
2624,4,20,9,454.9868206,505.7495741209952,158.674445730935,143.9113948,533.8169261,262.5278699,143.9113948
2625,4,20,10,616.7049951,652.5923428470768,143.79108228153788,159.2902905,544.9029668,387.8547215,159.2902905
2626,4,20,11,748.3162579,769.980178478153,115.001202761396,161.6574844,445.4464313,494.0940413,161.6574844
2627,4,20,12,835.1572029,867.5898884153391,77.96930442126,150.9272171,255.0374122,560.9903046,150.9272171
2628,4,20,13,828.9737579,902.0800040011227,42.37654148527264,137.8262944,137.8262944,561.7403416,260.6646856
2629,4,20,14,773.9109671,905.2604977256585,31.348036672165996,123.5939178,123.5939178,508.6844502,469.374636
2630,4,20,15,666.2590485,858.8744957745644,46.86419800672664,111.8122181,111.8122181,405.8297152,628.5387942
2631,4,20,16,514.8023627,822.8264923557896,36.380030765179924,89.788864,89.788864,275.7884957,732.3179575
2632,4,20,17,332.769393,720.8126214592832,36.791331141923195,70.83853938,70.83853938,131.3625282,724.4261627
2633,4,20,18,150.3357135,503.75310212791203,39.325157097501,85.96976427,48.69997702,48.69997702,536.8192064
2634,4,20,19,10.76374237,10.85291859638826,10.50687122263011,7.336755482,5.864108176,5.864108176,11.87206299
2635,4,20,20,0.0,0.0,0.0,0.0,0.0,0.0,0.0
2636,4,20,21,0.0,0.0,0.0,0.0,0.0,0.0,0.0
2637,4,20,22,0.0,0.0,0.0,0.0,0.0,0.0,0.0
2638,4,20,23,0.0,0.0,0.0,0.0,0.0,0.0,0.0
2639,4,20,24,0.0,0.0,0.0,0.0,0.0,0.0,0.0
2640,4,21,1,0.0,0.0,0.0,0.0,0.0,0.0,0.0
2641,4,21,2,0.0,0.0,0.0,0.0,0.0,0.0,0.0
2642,4,21,3,0.0,0.0,0.0,0.0,0.0,0.0,0.0
2643,4,21,4,0.0,0.0,0.0,0.0,0.0,0.0,0.0
2644,4,21,5,0.0,0.0,0.0,0.0,0.0,0.0,0.0
2645,4,21,6,13.48276742,21.71268830450549,12.768101039165915,11.94055101,25.00833614,7.860671683,7.860671683
2646,4,21,7,190.8218333,300.7516787705771,121.70725209981555,102.9427081,369.4948401,82.90870079,82.90870079
2647,4,21,8,345.174029,491.15157725874434,139.03509361529788,116.3698269,556.8300721,160.2324568,116.3698269
2648,4,21,9,456.3885525,507.1732817725711,157.31914109809952,143.6768528,533.958804,260.3483984,143.6768528
2649,4,21,10,619.778539,654.5416058495936,143.17193348966316,159.4299421,545.2637302,385.5589124,159.4299421
2650,4,21,11,750.2073401,769.9854173184387,114.42817395140273,161.6351064,444.4393486,490.2246929,161.6351064
2651,4,21,12,836.4140408,866.6076727391533,77.53174894552863,150.8573519,253.9379133,555.9562259,150.8573519
2652,4,21,13,845.6764,926.2823466534576,35.42796622142207,134.4712996,134.4712996,564.8477248,261.3076141
2653,4,21,14,803.178761,944.239523044938,26.164101777610902,118.4969689,118.4969689,515.0690882,479.5556428
2654,4,21,15,701.6136875,928.9787603371076,29.268033559430247,102.4021143,102.4021143,415.4489668,661.4894044
2655,4,21,16,402.8055605,480.6534370676762,122.08125239015958,124.4066663,124.4066663,230.0471798,498.1357575
2656,4,21,17,172.7896855,97.4084051878183,132.52709606490902,79.0815784,79.0815784,86.4854951,164.390506
2657,4,21,18,31.0,1.4440230167699617,30.67759371429287,16.05193562,16.05193562,16.05193562,16.05193562
2658,4,21,19,2.0,0.7758275099393149,1.9791995944705076,1.016915367,1.016915367,1.016915367,1.016915367
2659,4,21,20,0.0,0.0,0.0,0.0,0.0,0.0,0.0
2660,4,21,21,0.0,0.0,0.0,0.0,0.0,0.0,0.0
2661,4,21,22,0.0,0.0,0.0,0.0,0.0,0.0,0.0
2662,4,21,23,0.0,0.0,0.0,0.0,0.0,0.0,0.0
2663,4,21,24,0.0,0.0,0.0,0.0,0.0,0.0,0.0
2664,4,22,1,0.0,0.0,0.0,0.0,0.0,0.0,0.0
2665,4,22,2,0.0,0.0,0.0,0.0,0.0,0.0,0.0
2666,4,22,3,0.0,0.0,0.0,0.0,0.0,0.0,0.0
2667,4,22,4,0.0,0.0,0.0,0.0,0.0,0.0,0.0
2668,4,22,5,0.0,0.0,0.0,0.0,0.0,0.0,0.0
2669,4,22,6,18.82028291,54.61592941096793,16.773721059078515,23.10652445,59.84477505,11.36907812,11.36907812
2670,4,22,7,264.9210423,528.715503793668,141.13928145856903,127.1046631,596.0169917,89.5458028,89.5458028
2671,4,22,8,505.049559,884.431624546371,130.28818047460234,129.9714498,924.5735221,205.4673663,129.9714498
2672,4,22,9,708.6372531,999.176086922906,115.7277819224834,151.1630546,921.2400107,377.3085686,151.1630546
2673,4,22,10,863.383652,1072.8246250547588,78.54131241510427,155.513279,787.7102827,521.8156621,155.513279
2674,4,22,11,959.9487924,1087.2026426259506,58.84192576613293,156.3539246,554.7755965,615.449217,156.3539246
2675,4,22,12,993.3816188,1084.198013135129,40.83108305811028,150.3637057,278.3026791,651.8842933,150.3637057
2676,4,22,13,967.5755947,1070.349771742505,28.421339303390674,140.9791077,140.9791077,632.6727142,288.3142512
2677,4,22,14,887.3301673,1037.7983250014997,30.64988633010502,130.7485746,130.7485746,561.0061246,527.9194656
2678,4,22,15,751.6064986,981.1279074204598,39.02655749727116,115.0644625,115.0644625,440.3348461,705.4181929
2679,4,22,16,568.2639276,926.7564949830896,24.60258487138934,85.5920428,85.5920428,285.1360132,808.7493323
2680,4,22,17,356.2003702,821.9314346590301,14.245863757156695,54.21768256,54.21768256,114.5654916,798.8702685
2681,4,22,18,159.3847894,559.1925481441957,32.91913270808299,93.79594697,46.63118075,46.63118075,587.7939184
2682,4,22,19,14.88155396,32.249424249268884,13.915900121081444,15.43928385,8.655087483,8.655087483,35.15335922
2683,4,22,20,0.0,0.0,0.0,0.0,0.0,0.0,0.0
2684,4,22,21,0.0,0.0,0.0,0.0,0.0,0.0,0.0
2685,4,22,22,0.0,0.0,0.0,0.0,0.0,0.0,0.0
2686,4,22,23,0.0,0.0,0.0,0.0,0.0,0.0,0.0
2687,4,22,24,0.0,0.0,0.0,0.0,0.0,0.0,0.0
2688,4,23,1,0.0,0.0,0.0,0.0,0.0,0.0,0.0
2689,4,23,2,0.0,0.0,0.0,0.0,0.0,0.0,0.0
2690,4,23,3,0.0,0.0,0.0,0.0,0.0,0.0,0.0
2691,4,23,4,0.0,0.0,0.0,0.0,0.0,0.0,0.0
2692,4,23,5,0.0,0.0,0.0,0.0,0.0,0.0,0.0
2693,4,23,6,20.95386169,61.04655015092267,18.392094652468774,25.94313067,67.20985507,12.45581269,12.45581269
2694,4,23,7,249.5833154,496.3857972306598,131.26482082126185,129.3100698,567.0695365,92.06950906,92.06950906
2695,4,23,8,445.4117343,731.1970395031918,132.68980583294203,126.965524,782.2926241,186.2369745,126.965524
2696,4,23,9,591.7120495,784.4150716062691,123.38100430102594,146.0397123,748.9883265,319.9257993,146.0397123
2697,4,23,10,726.8629777,855.0522680077361,98.47797795696093,152.7072463,655.0621509,440.4215727,152.7072463
2698,4,23,11,809.5747184,863.7674872265145,91.01401441177414,154.0145474,469.2830599,514.2356684,154.0145474
2699,4,23,12,840.6577346,866.2990441094486,77.1034062196967,151.1845859,252.4988077,547.2136362,151.1845859
2700,4,23,13,725.3675827,659.8799727945097,144.62742524064805,163.9324228,163.9324228,462.8933126,254.9904486
2701,4,23,14,585.0248421,497.7045904234086,172.919680489735,164.7423427,164.7423427,367.6003356,354.5909177
2702,4,23,15,432.7349597,300.05622507190077,214.05729798276212,156.5393141,156.5393141,253.4570655,335.3036568
2703,4,23,16,363.7341565,344.5952533972239,160.7054081050509,130.0929993,130.0929993,201.8902549,396.7124242
2704,4,23,17,256.3446322,338.90978933422247,114.43743976795167,98.52499729,98.52499729,121.4571654,402.8234514
2705,4,23,18,131.9760632,247.7490166602841,75.23380469345403,80.8662957,58.9710924,58.9710924,295.7641171
2706,4,23,19,12.7617281,11.201545368874733,12.391337950572913,8.758007419,6.922210426,6.922210426,13.94542692
2707,4,23,20,0.0,0.0,0.0,0.0,0.0,0.0,0.0
2708,4,23,21,0.0,0.0,0.0,0.0,0.0,0.0,0.0
2709,4,23,22,0.0,0.0,0.0,0.0,0.0,0.0,0.0
2710,4,23,23,0.0,0.0,0.0,0.0,0.0,0.0,0.0
2711,4,23,24,0.0,0.0,0.0,0.0,0.0,0.0,0.0
2712,4,24,1,0.0,0.0,0.0,0.0,0.0,0.0,0.0
2713,4,24,2,0.0,0.0,0.0,0.0,0.0,0.0,0.0
2714,4,24,3,0.0,0.0,0.0,0.0,0.0,0.0,0.0
2715,4,24,4,0.0,0.0,0.0,0.0,0.0,0.0,0.0
2716,4,24,5,0.0,0.0,0.0,0.0,0.0,0.0,0.0
2717,4,24,6,22.33111001,66.88132018036896,19.228504204556334,28.23050166,73.63883789,13.05313434,13.05313434
2718,4,24,7,256.6549473,516.5790822989366,131.3686001547541,134.0305957,587.1629437,93.21319035,93.21319035
2719,4,24,8,490.3775454,819.3653015595603,136.76824100040886,131.1146503,864.5445663,194.1077655,131.1146503
2720,4,24,9,695.0972578,981.0526409587126,105.85957400889083,146.0209068,899.3173835,359.2965681,146.0209068
2721,4,24,10,829.003337,1031.3171128262995,67.70695883422626,146.1632348,751.0625063,488.5595815,146.1632348
2722,4,24,11,903.1362399,1026.010478304756,46.53568166136683,142.6490513,516.1797149,565.7846676,142.6490513
2723,4,24,12,917.6813191,1004.0145813638213,29.97293178468572,134.2341793,250.7903219,588.4121684,134.2341793
2724,4,24,13,884.4039495,975.7644700589221,23.13798008916795,127.9963118,127.9963118,565.9931764,263.5589234
2725,4,24,14,802.9831571,931.2101673192872,29.61379662390528,121.3183778,121.3183778,497.460686,478.1834317
2726,4,24,15,676.935133,858.8793702883935,48.87549641842368,113.9684684,113.9684684,389.4865075,630.440646
2727,4,24,16,430.2989373,546.3368485273622,107.02904385139624,120.1668166,120.1668166,231.6927165,544.6605554
2728,4,24,17,226.833012,237.36964525719642,126.81141060858727,95.1471669,95.1471669,109.9258599,307.0314316
2729,4,24,18,78.52216571,45.62732084613157,67.9416427859998,43.09649983,39.0714217,39.0714217,80.26359087
2730,4,24,19,8.0,2.2997721231036303,7.916798377882031,4.117471053,4.117471053,4.117471053,4.117471053
2731,4,24,20,0.0,0.0,0.0,0.0,0.0,0.0,0.0
2732,4,24,21,0.0,0.0,0.0,0.0,0.0,0.0,0.0
2733,4,24,22,0.0,0.0,0.0,0.0,0.0,0.0,0.0
2734,4,24,23,0.0,0.0,0.0,0.0,0.0,0.0,0.0
2735,4,24,24,0.0,0.0,0.0,0.0,0.0,0.0,0.0
2736,4,25,1,0.0,0.0,0.0,0.0,0.0,0.0,0.0
2737,4,25,2,0.0,0.0,0.0,0.0,0.0,0.0,0.0
2738,4,25,3,0.0,0.0,0.0,0.0,0.0,0.0,0.0
2739,4,25,4,0.0,0.0,0.0,0.0,0.0,0.0,0.0
2740,4,25,5,0.0,0.0,0.0,0.0,0.0,0.0,0.0
2741,4,25,6,17.69506964,26.89940558922819,16.330009463725556,15.87474019,32.83856732,10.07793698,10.07793698
2742,4,25,7,195.0375735,375.80598888567437,102.3528924954467,107.4979585,434.9692697,76.34896521,76.34896521
2743,4,25,8,429.6642897,671.9965182042735,137.09700232222198,127.4993503,727.504294,176.3039442,127.4993503
2744,4,25,9,684.2011724,967.4377338202531,99.75632866794905,142.4418739,883.9157004,348.4664345,142.4418739
2745,4,25,10,836.0604016,1035.4499376641024,68.4013702616702,147.3765934,753.266035,486.272247,147.3765934
2746,4,25,11,933.5322036,1053.2044394855593,51.14608830843654,148.9675617,531.1416433,578.1232517,148.9675617
2747,4,25,12,971.6937486,1055.3400070736532,35.756443421775,144.5475153,266.102191,616.561778,144.5475153
2748,4,25,13,935.4034872,1030.5446760204902,23.173087052391224,133.2389819,133.2389819,590.4779218,277.0022053
2749,4,25,14,847.8076098,989.380866130986,23.71076416862998,121.0006784,121.0006784,515.4870182,500.3925257
2750,4,25,15,712.3345611,928.1643344456363,31.355009793339313,104.9687832,104.9687832,397.9443719,663.1231815
2751,4,25,16,463.8295037,650.2765507575468,77.43498884588952,114.6414194,114.6414194,244.201293,620.2321769
2752,4,25,17,255.5304143,302.6868665187125,127.1874835916011,98.3482469,98.3482469,115.730409,369.0660681
2753,4,25,18,96.96563229,100.88854550128076,73.28366328655196,56.73806077,47.0261756,47.0261756,141.4081193
2754,4,25,19,11.0,2.9125245649810063,10.885597769587791,5.69123612,5.69123612,5.69123612,5.69123612
2755,4,25,20,0.0,0.0,0.0,0.0,0.0,0.0,0.0
2756,4,25,21,0.0,0.0,0.0,0.0,0.0,0.0,0.0
2757,4,25,22,0.0,0.0,0.0,0.0,0.0,0.0,0.0
2758,4,25,23,0.0,0.0,0.0,0.0,0.0,0.0,0.0
2759,4,25,24,0.0,0.0,0.0,0.0,0.0,0.0,0.0
2760,4,26,1,0.0,0.0,0.0,0.0,0.0,0.0,0.0
2761,4,26,2,0.0,0.0,0.0,0.0,0.0,0.0,0.0
2762,4,26,3,0.0,0.0,0.0,0.0,0.0,0.0,0.0
2763,4,26,4,0.0,0.0,0.0,0.0,0.0,0.0,0.0
2764,4,26,5,0.0,0.0,0.0,0.0,0.0,0.0,0.0
2765,4,26,6,27.8362653,83.92324798230199,23.217642768181236,35.60373869,92.55125532,15.71462434,15.71462434
2766,4,26,7,265.7625617,540.9126651161265,130.18099328079754,141.5960686,610.8083378,94.58360443,94.58360443
2767,4,26,8,507.8101148,859.6552152888445,130.33560023963778,131.0817685,898.3666038,190.0111005,131.0817685
2768,4,26,9,719.0256473,1000.3499135084519,111.27352016767239,150.7464505,915.8661149,359.3175763,150.7464505
2769,4,26,10,859.527307,1056.8431952293547,72.70392755505475,152.2831788,769.2278966,493.2220551,152.2831788
2770,4,26,11,938.8166156,1055.8690025283363,51.17983532234676,149.6002388,531.529489,574.6816584,149.6002388
2771,4,26,12,955.6676187,1037.0866117772755,33.18189530319489,140.9516381,259.5106521,599.5830111,140.9516381
2772,4,26,13,909.1597919,1001.4857275030467,20.16679037548736,127.6813887,127.6813887,566.8813078,267.9209933
2773,4,26,14,817.2764498,948.0616547801911,25.322618158810016,119.2674141,119.2674141,492.3412903,482.9477494
2774,4,26,15,681.0908047,858.273961699312,49.33449441700092,114.5498838,114.5498838,380.925777,630.3097773
2775,4,26,16,534.6812128,836.4387598168424,35.60469919104625,90.98674945,90.98674945,253.5839281,741.7088335
2776,4,26,17,353.2022623,748.3891711749851,33.917900069008425,70.78645921,70.78645921,110.4319264,745.7306641
2777,4,26,18,168.4256324,545.393223387535,38.86058046892302,107.7956992,51.07959733,51.07959733,576.1351604
2778,4,26,19,21.54267521,68.56195836413308,18.637772168128294,29.86478523,12.80557834,12.80557834,74.36717129
2779,4,26,20,0.0,0.0,0.0,0.0,0.0,0.0,0.0
2780,4,26,21,0.0,0.0,0.0,0.0,0.0,0.0,0.0
2781,4,26,22,0.0,0.0,0.0,0.0,0.0,0.0,0.0
2782,4,26,23,0.0,0.0,0.0,0.0,0.0,0.0,0.0
2783,4,26,24,0.0,0.0,0.0,0.0,0.0,0.0,0.0
2784,4,27,1,0.0,0.0,0.0,0.0,0.0,0.0,0.0
2785,4,27,2,0.0,0.0,0.0,0.0,0.0,0.0,0.0
2786,4,27,3,0.0,0.0,0.0,0.0,0.0,0.0,0.0
2787,4,27,4,0.0,0.0,0.0,0.0,0.0,0.0,0.0
2788,4,27,5,0.0,0.0,0.0,0.0,0.0,0.0,0.0
2789,4,27,6,32.4339353,113.88054204998768,25.68660217859053,46.55871244,124.3437932,18.80071651,18.80071651
2790,4,27,7,280.5720268,540.2552622786984,143.0217685448664,144.9389187,610.3442651,95.93099113,95.93099113
2791,4,27,8,519.5437988,891.2818245778993,124.92619361028687,130.5522778,924.9833664,187.9704199,130.5522778
2792,4,27,9,721.9485135,1000.6460555085231,110.6667610934255,150.8707642,914.7641254,355.0962471,150.8707642
2793,4,27,10,852.2781272,1046.710441089028,69.80246290959724,150.0067032,759.6513324,482.8161956,150.0067032
2794,4,27,11,918.1459998,1032.718680855493,47.08864935607494,144.8243473,517.2402904,555.5842823,144.8243473
2795,4,27,12,922.2259632,1000.5610334477755,29.650252139482127,134.7236335,248.2869721,572.2069313,134.7236335
2796,4,27,13,874.0339843,950.7137200620743,27.80088127792207,131.607993,131.607993,543.6456783,265.1798364
2797,4,27,14,783.3214556,895.5806730214568,33.09914308016046,126.458538,126.458538,474.233867,470.0596832
2798,4,27,15,652.4943109,823.0100229674983,44.754594871054195,118.8023091,118.8023091,370.0325271,613.1754063
2799,4,27,16,509.7618029,766.2215790776604,50.71184185642332,103.1655427,103.1655427,248.1861357,698.5345456
2800,4,27,17,336.8229535,647.8621593078597,58.74463218667282,84.46500621,84.46500621,115.5657535,667.4846487
2801,4,27,18,162.7071029,446.8467242284209,55.29597746316651,106.5590059,58.08920341,58.08920341,486.7560606
2802,4,27,19,22.51707788,67.641558447612,19.44300964351038,30.48009048,13.34720566,13.34720566,74.05605966
2803,4,27,20,0.0,0.0,0.0,0.0,0.0,0.0,0.0
2804,4,27,21,0.0,0.0,0.0,0.0,0.0,0.0,0.0
2805,4,27,22,0.0,0.0,0.0,0.0,0.0,0.0,0.0
2806,4,27,23,0.0,0.0,0.0,0.0,0.0,0.0,0.0
2807,4,27,24,0.0,0.0,0.0,0.0,0.0,0.0,0.0
2808,4,28,1,0.0,0.0,0.0,0.0,0.0,0.0,0.0
2809,4,28,2,0.0,0.0,0.0,0.0,0.0,0.0,0.0
2810,4,28,3,0.0,0.0,0.0,0.0,0.0,0.0,0.0
2811,4,28,4,0.0,0.0,0.0,0.0,0.0,0.0,0.0
2812,4,28,5,0.0,0.0,0.0,0.0,0.0,0.0,0.0
2813,4,28,6,34.99511424,121.42923722188743,27.297556582108495,50.04078351,132.6455726,19.92971157,19.92971157
2814,4,28,7,274.9803592,564.2102828682799,129.14619224932684,149.3842571,633.2587838,95.94499994,95.94499994
2815,4,28,8,497.1525074,812.5483550019693,134.48915331951306,131.8166605,854.4502453,180.7834971,131.8166605
2816,4,28,9,678.2917981,936.1983999075821,103.31777790366108,143.6813948,857.0217284,330.6522836,143.6813948
2817,4,28,10,818.5948325,1008.3250198607369,61.809030725607805,141.9917208,727.994408,457.9562343,141.9917208
2818,4,28,11,899.1625797,1011.078814395171,43.603952858512216,140.5321181,504.0601768,537.8182328,140.5321181
2819,4,28,12,924.5450171,1000.3373222502827,29.65067964040098,135.0670536,247.823844,567.4854164,135.0670536
2820,4,28,13,823.9021506,846.5895146747372,68.33860449568336,146.1856841,146.1856841,508.5981095,265.4234575
2821,4,28,14,689.7525931,708.3635494200382,94.72475571815866,148.3408785,148.3408785,419.4883842,419.8292697
2822,4,28,15,535.4724312,558.1403351395332,122.02572893922165,143.7401525,143.7401525,310.9057626,478.0563973
2823,4,28,16,364.3531306,328.18795098615567,166.94106850664488,133.5049991,133.5049991,193.5201463,386.3244274
2824,4,28,17,206.349004,160.66359963553376,136.97456559020472,91.0876237,91.0876237,97.8949222,232.8309619
2825,4,28,18,83.40811603,46.682369539598845,72.0562223226256,46.43133127,41.47675102,41.47675102,83.44574825
2826,4,28,19,12.0,2.5726612243634963,11.875197566823045,6.204662013,6.204662013,6.204662013,6.204662013
2827,4,28,20,0.0,0.0,0.0,0.0,0.0,0.0,0.0
2828,4,28,21,0.0,0.0,0.0,0.0,0.0,0.0,0.0
2829,4,28,22,0.0,0.0,0.0,0.0,0.0,0.0,0.0
2830,4,28,23,0.0,0.0,0.0,0.0,0.0,0.0,0.0
2831,4,28,24,0.0,0.0,0.0,0.0,0.0,0.0,0.0
2832,4,29,1,0.0,0.0,0.0,0.0,0.0,0.0,0.0
2833,4,29,2,0.0,0.0,0.0,0.0,0.0,0.0,0.0
2834,4,29,3,0.0,0.0,0.0,0.0,0.0,0.0,0.0
2835,4,29,4,0.0,0.0,0.0,0.0,0.0,0.0,0.0
2836,4,29,5,0.0,0.0,0.0,0.0,0.0,0.0,0.0
2837,4,29,6,6.0,0.9250290052670282,5.937598783411523,3.065289083,3.065289083,3.065289083,3.065289083
2838,4,29,7,52.26651862,3.0610138713451565,51.463707504132465,27.25905205,28.1183991,27.15970329,27.15970329
2839,4,29,8,135.0820439,26.17754301434778,123.30672045049326,66.74358209,87.50870845,68.05720874,66.74358209
2840,4,29,9,246.4748888,100.76721428166543,184.2659785891579,111.3278288,185.7172372,130.4366077,111.3278288
2841,4,29,10,307.965248,117.28588477719873,219.59677832129427,135.3907766,201.6818355,170.6883367,135.3907766
2842,4,29,11,348.3165094,85.44992550434742,275.7832046150706,157.3912819,186.8163174,189.2496301,157.3912819
2843,4,29,12,369.0163068,88.88821886094296,289.27917087745743,166.1244722,175.7020454,202.6750997,166.1244722
2844,4,29,13,295.6329803,48.21053059090307,252.4940415303173,142.0113257,142.0113257,161.1720639,148.4074449
2845,4,29,14,210.208057,22.914727761637813,190.90767894952825,105.2460883,105.2460883,113.0156407,113.1290139
2846,4,29,15,125.741782,6.07126730605037,121.23055915134579,65.43524017,65.43524017,66.72238206,68.05136453
2847,4,29,16,100.0,2.882605513606144,98.25917538843068,52.49963512,52.49963512,52.71024563,53.41026169
2848,4,29,17,68.0,1.6281997547987102,67.29278621199725,35.60964943,35.60964943,35.60964943,35.60964943
2849,4,29,18,35.0,1.4799799206564839,34.635992903233884,18.14830202,18.14830202,18.14830202,18.14830202
2850,4,29,19,5.0,1.0085126562140778,4.947998986176269,2.553792722,2.553792722,2.553792722,2.553792722
2851,4,29,20,0.0,0.0,0.0,0.0,0.0,0.0,0.0
2852,4,29,21,0.0,0.0,0.0,0.0,0.0,0.0,0.0
2853,4,29,22,0.0,0.0,0.0,0.0,0.0,0.0,0.0
2854,4,29,23,0.0,0.0,0.0,0.0,0.0,0.0,0.0
2855,4,29,24,0.0,0.0,0.0,0.0,0.0,0.0,0.0
2856,4,30,1,0.0,0.0,0.0,0.0,0.0,0.0,0.0
2857,4,30,2,0.0,0.0,0.0,0.0,0.0,0.0,0.0
2858,4,30,3,0.0,0.0,0.0,0.0,0.0,0.0,0.0
2859,4,30,4,0.0,0.0,0.0,0.0,0.0,0.0,0.0
2860,4,30,5,0.0,0.0,0.0,0.0,0.0,0.0,0.0
2861,4,30,6,40.72619179,142.57193247487172,30.53944661580546,58.78989106,155.0078925,22.22370153,22.22370153
2862,4,30,7,282.1255611,520.0630600845963,143.79620894089044,151.6433566,591.5012234,98.50489287,98.50489287
2863,4,30,8,522.0347475,876.1961529077049,124.9047281328677,131.3277448,908.4347011,177.0028128,131.3277448
2864,4,30,9,728.6663698,1000.3600125621097,107.97321130508308,150.6788124,910.0795973,341.7869147,150.6788124
2865,4,30,10,873.3919989,1060.5865248039681,71.29239964869518,153.2792064,766.8845471,475.8771089,153.2792064
2866,4,30,11,957.5714553,1064.9821848402605,50.81534203584789,151.5922776,532.2814962,559.8676057,151.5922776
2867,4,30,12,980.6169374,1052.548244620869,33.90621762996349,144.4057347,261.5361137,589.0604734,144.4057347
2868,4,30,13,954.9393093,1038.4740451632774,23.34981581229091,135.8882056,135.8882056,570.4155372,283.0086882
2869,4,30,14,879.1925326,1009.4281957540682,26.738081690260724,126.7349395,126.7349395,503.5720692,514.1208127
2870,4,30,15,750.1314489,956.5154956369071,37.24347220317545,113.0273237,113.0273237,390.7670595,686.7230423
2871,4,30,16,580.6051346,913.9692041618216,26.49796949928297,88.02805998,88.02805998,247.6848873,796.7478641
2872,4,30,17,377.7975909,818.6452353894008,20.142977478943994,61.68261485,61.68261485,89.35141418,797.1116764
2873,4,30,18,181.6703861,587.3683380766547,35.581024148810066,122.9896492,51.05284497,51.05284497,613.9291761
2874,4,30,19,29.96482723,113.19134958837937,23.784704216123348,48.38519024,17.49849629,17.49849629,121.4583857
2875,4,30,20,0.0,0.0,0.0,0.0,0.0,0.0,0.0
2876,4,30,21,0.0,0.0,0.0,0.0,0.0,0.0,0.0
2877,4,30,22,0.0,0.0,0.0,0.0,0.0,0.0,0.0
2878,4,30,23,0.0,0.0,0.0,0.0,0.0,0.0,0.0
2879,4,30,24,0.0,0.0,0.0,0.0,0.0,0.0,0.0
2880,5,1,1,0.0,0.0,0.0,0.0,0.0,0.0,0.0
2881,5,1,2,0.0,0.0,0.0,0.0,0.0,0.0,0.0
2882,5,1,3,0.0,0.0,0.0,0.0,0.0,0.0,0.0
2883,5,1,4,0.0,0.0,0.0,0.0,0.0,0.0,0.0
2884,5,1,5,0.0,0.0,0.0,0.0,0.0,0.0,0.0
2885,5,1,6,46.00629609,158.29988084774496,34.07625392173034,65.76133643,172.489062,24.36345845,24.36345845
2886,5,1,7,292.9716519,541.255747130153,147.03721216956052,157.9113322,613.7505817,100.4595999,100.4595999
2887,5,1,8,529.8983203,880.5006880418857,127.87816654933083,133.2240304,913.202907,175.5821854,133.2240304
2888,5,1,9,730.5294687,987.2800281326278,114.95128281862421,153.6921112,901.8822356,338.0853285,153.6921112
2889,5,1,10,882.5445781,1059.9109972893634,78.02963162649749,158.0273962,769.9613025,475.6356597,158.0273962
2890,5,1,11,976.8756738,1075.6016043308236,58.36601957386457,158.4729611,541.9122821,565.7514724,158.4729611
2891,5,1,12,1010.082847,1074.1675176003318,41.416404065514314,153.1526142,271.9891862,601.743315,153.1526142
2892,5,1,13,985.1895711,1062.0894385886727,30.05678929019121,144.9360489,144.9360489,584.1402117,295.711219
2893,5,1,14,907.1449542,1029.3129725235178,35.65414305974024,136.2928246,136.2928246,515.5028444,531.2211565
2894,5,1,15,775.4031014,974.1205254344377,47.234009214057025,122.4187678,122.4187678,400.5402821,706.2350724
2895,5,1,16,595.6966812,922.5366264143324,34.245224809975205,95.88631598,95.88631598,252.6510181,810.5080427
2896,5,1,17,386.0119043,826.7536004123651,22.738459220011194,64.80357485,64.80357485,88.94502978,806.6602845
2897,5,1,18,186.3950005,587.6632567545998,38.61777809515204,127.8117218,53.24077094,53.24077094,615.7644832
2898,5,1,19,32.46571093,121.13182809469593,25.486008483696303,52.40632367,18.59973574,18.59973574,130.5737987
2899,5,1,20,0.0,0.0,0.0,0.0,0.0,0.0,0.0
2900,5,1,21,0.0,0.0,0.0,0.0,0.0,0.0,0.0
2901,5,1,22,0.0,0.0,0.0,0.0,0.0,0.0,0.0
2902,5,1,23,0.0,0.0,0.0,0.0,0.0,0.0,0.0
2903,5,1,24,0.0,0.0,0.0,0.0,0.0,0.0,0.0
2904,5,2,1,0.0,0.0,0.0,0.0,0.0,0.0,0.0
2905,5,2,2,0.0,0.0,0.0,0.0,0.0,0.0,0.0
2906,5,2,3,0.0,0.0,0.0,0.0,0.0,0.0,0.0
2907,5,2,4,0.0,0.0,0.0,0.0,0.0,0.0,0.0
2908,5,2,5,0.0,0.0,0.0,0.0,0.0,0.0,0.0
2909,5,2,6,48.73323321,164.82920787182883,35.679016735552715,69.19497535,179.6700954,25.47002363,25.47002363
2910,5,2,7,294.8285306,541.1963118653142,146.98591958779198,160.836393,613.8811555,101.3567724,101.3567724
2911,5,2,8,531.9468163,880.3196024759156,127.14169252493078,133.3369208,911.8915232,172.15231,133.3369208
2912,5,2,9,733.0502168,987.5831029921652,114.35841362792367,153.7865844,900.840914,334.0243917,153.7865844
2913,5,2,10,884.9379505,1060.01650147684,77.49424154519919,158.0865433,768.7965631,470.9609917,158.0865433
2914,5,2,11,978.2580905,1074.721499740911,57.862501748453774,158.400567,540.5158814,560.3193125,158.400567
2915,5,2,12,1011.286095,1073.2667241231322,40.987613404852695,153.0501565,271.1375166,596.1281599,153.0501565
2916,5,2,13,986.3139561,1061.1274385207707,29.74419456743285,144.8629946,144.8629946,578.5413519,295.7637599
2917,5,2,14,908.3037852,1028.2666914471556,35.501054550298164,136.2632718,136.2632718,510.1266782,530.6718405
2918,5,2,15,778.4366862,974.5954878862411,47.78486124032858,122.9921468,122.9921468,396.5967697,706.6328119
2919,5,2,16,598.766745,923.070589842651,34.86398496083175,96.6127763,96.6127763,249.1564699,810.9031047
2920,5,2,17,389.0374092,827.4218665325905,23.40997267827964,65.65128208,65.65128208,86.07643104,807.1990656
2921,5,2,18,189.3559263,590.1645027960503,39.338695340953215,131.4301545,54.00044216,54.00044216,618.1470664
2922,5,2,19,34.90092769,127.73011932994025,27.15706707775641,55.88858857,19.68719638,19.68719638,137.7422884
2923,5,2,20,0.0,0.0,0.0,0.0,0.0,0.0,0.0
2924,5,2,21,0.0,0.0,0.0,0.0,0.0,0.0,0.0
2925,5,2,22,0.0,0.0,0.0,0.0,0.0,0.0,0.0
2926,5,2,23,0.0,0.0,0.0,0.0,0.0,0.0,0.0
2927,5,2,24,0.0,0.0,0.0,0.0,0.0,0.0,0.0
2928,5,3,1,0.0,0.0,0.0,0.0,0.0,0.0,0.0
2929,5,3,2,0.0,0.0,0.0,0.0,0.0,0.0,0.0
2930,5,3,3,0.0,0.0,0.0,0.0,0.0,0.0,0.0
2931,5,3,4,0.0,0.0,0.0,0.0,0.0,0.0,0.0
2932,5,3,5,0.0,0.0,0.0,0.0,0.0,0.0,0.0
2933,5,3,6,52.49232134,172.07052814468716,38.218506328115154,73.30184974,187.8765924,27.04182543,27.04182543
2934,5,3,7,297.4804616,544.1381880105935,146.94399676755853,164.1316795,616.9129763,102.2965324,102.2965324
2935,5,3,8,534.3877664,881.0955256838758,126.42711935759125,133.4898959,911.4741326,168.829079,133.4898959
2936,5,3,9,735.4993624,987.8789769045869,113.77400951359414,153.8771794,899.807776,329.9879508,153.8771794
2937,5,3,10,887.2619054,1060.129280523326,76.96116527897054,158.1428372,767.6632314,466.323144,158.1428372
2938,5,3,11,979.5720757,1073.8516774618363,57.35791000930672,158.3254994,539.1624944,554.9408123,158.3254994
2939,5,3,12,1013.336073,1073.3694905322238,40.56361290582971,153.0356616,270.5334008,591.0721839,153.0356616
2940,5,3,13,972.5433866,1045.2559628176573,28.06658053674049,142.1458542,142.1458542,564.3532991,290.9997444
2941,5,3,14,882.0120794,998.7706938938696,32.15324671335801,131.1217133,131.1217133,489.5193549,514.0668978
2942,5,3,15,742.6629996,931.4789359727034,42.333778495185946,115.6002555,115.6002555,372.7370183,672.9721034
2943,5,3,16,569.7373167,877.8924107686938,31.43538932319456,90.79376187,90.79376187,231.8476118,769.4142533
2944,5,3,17,374.2369408,749.2998251028333,41.28103745038643,78.00402271,78.00402271,93.1740895,748.3456464
2945,5,3,18,184.4566974,528.7137582536212,48.626231505299046,129.407356,57.87137033,57.87137033,562.1483916
2946,5,3,19,35.71097263,122.66521241954266,27.907484444865812,55.44781303,20.22989022,20.22989022,133.3611241
2947,5,3,20,0.0,0.0,0.0,0.0,0.0,0.0,0.0
2948,5,3,21,0.0,0.0,0.0,0.0,0.0,0.0,0.0
2949,5,3,22,0.0,0.0,0.0,0.0,0.0,0.0,0.0
2950,5,3,23,0.0,0.0,0.0,0.0,0.0,0.0,0.0
2951,5,3,24,0.0,0.0,0.0,0.0,0.0,0.0,0.0
2952,5,4,1,0.0,0.0,0.0,0.0,0.0,0.0,0.0
2953,5,4,2,0.0,0.0,0.0,0.0,0.0,0.0,0.0
2954,5,4,3,0.0,0.0,0.0,0.0,0.0,0.0,0.0
2955,5,4,4,0.0,0.0,0.0,0.0,0.0,0.0,0.0
2956,5,4,5,0.0,0.0,0.0,0.0,0.0,0.0,0.0
2957,5,4,6,55.8057656,184.25467927976837,39.8443534348662,78.47340777,200.4971957,28.22724238,28.22724238
2958,5,4,7,300.5374976,545.1182416359171,147.8812942356165,167.2694318,618.106696,103.3093178,103.3093178
2959,5,4,8,536.760568,881.8328904426543,125.72941804902199,133.6370589,911.0220864,165.5202472,133.6370589
2960,5,4,9,737.2418086,987.1711436682583,113.19327030749808,153.9004946,897.9685641,325.740521,153.9004946
2961,5,4,10,880.3648298,1050.7123131690914,74.59248200935966,156.292339,759.193957,457.0935625,156.292339
2962,5,4,11,962.7429642,1055.3595240121438,53.96071752665176,154.6548211,528.0289939,539.6008063,154.6548211
2963,5,4,12,986.4200541,1045.0693959842922,37.03855233417101,147.8901605,261.7549738,569.4894282,147.8901605
2964,5,4,13,944.7094922,1015.3558719735225,25.149761453800814,136.8659715,136.8659715,542.2212809,281.619226
2965,5,4,14,854.7263074,968.0995100786978,28.977901773025213,125.8699314,125.8699314,468.7341455,496.8678835
2966,5,4,15,719.4414487,894.2656833705161,45.19939975610248,115.0814556,115.0814556,357.8001652,649.6664427
2967,5,4,16,532.187434,781.5996428680415,51.17175626273979,105.6704711,105.6704711,227.6785418,708.9211059
2968,5,4,17,338.6411283,591.8463490153858,74.20260402112156,94.07731501,94.07731501,103.478411,622.1447234
2969,5,4,18,165.9690303,350.1816711172431,75.06167038326663,115.8456011,67.22663175,67.22663175,399.3560717
2970,5,4,19,32.11199094,95.25150950683805,25.769375988496364,45.33504559,17.75288098,17.75288098,105.0735663
2971,5,4,20,0.0,0.0,0.0,0.0,0.0,0.0,0.0
2972,5,4,21,0.0,0.0,0.0,0.0,0.0,0.0,0.0
2973,5,4,22,0.0,0.0,0.0,0.0,0.0,0.0,0.0
2974,5,4,23,0.0,0.0,0.0,0.0,0.0,0.0,0.0
2975,5,4,24,0.0,0.0,0.0,0.0,0.0,0.0,0.0
2976,5,5,1,0.0,0.0,0.0,0.0,0.0,0.0,0.0
2977,5,5,2,0.0,0.0,0.0,0.0,0.0,0.0,0.0
2978,5,5,3,0.0,0.0,0.0,0.0,0.0,0.0,0.0
2979,5,5,4,0.0,0.0,0.0,0.0,0.0,0.0,0.0
2980,5,5,5,0.0,0.0,0.0,0.0,0.0,0.0,0.0
2981,5,5,6,55.312723,175.11012778245816,39.51460377061576,76.63363221,191.7744803,28.29218021,28.29218021
2982,5,5,7,264.1044016,489.24181319573285,125.47761834274738,155.3054335,557.6734951,96.07943475,96.07943475
2983,5,5,8,437.7088967,644.5955897967168,135.3144478419723,129.5627454,696.1594807,150.3145804,129.5627454
2984,5,5,9,561.6791109,678.2638217202777,131.0599970107141,144.3844283,654.147923,259.4995476,144.3844283
2985,5,5,10,652.4473454,680.2093696105258,129.12879292238404,157.5091058,546.5082483,348.994003,157.5091058
2986,5,5,11,692.6335151,616.2455263159707,160.58830726907826,167.2239632,384.2611887,388.7143366,167.2239632
2987,5,5,12,686.7834178,577.118736475091,161.29384021413676,169.0328923,231.4915057,398.624586,169.0328923
2988,5,5,13,676.4497891,573.1512520529171,156.216936087874,166.2146057,166.2146057,391.8134934,247.7849627
2989,5,5,14,629.9141978,558.4838127779539,152.42726147659167,158.4988628,158.4988628,353.2187297,371.8396151
2990,5,5,15,546.2457186,567.6583903371005,117.07149717544662,142.5882261,142.5882261,293.8033415,480.9729045
2991,5,5,16,375.067629,296.3815290585465,192.00848855437363,137.5139009,137.5139009,182.0887925,364.0662974
2992,5,5,17,216.3016034,164.62019442940544,142.34973848984006,94.77123786,94.77123786,96.65911507,239.2917707
2993,5,5,18,90.60452707,47.883332641747174,78.04594458124858,51.43551869,44.92853227,44.92853227,88.06956277
2994,5,5,19,18.0676739,3.3030627142360443,17.83797350434986,9.654970269,9.350584731,9.350584731,10.30072666
2995,5,5,20,0.0,0.0,0.0,0.0,0.0,0.0,0.0
2996,5,5,21,0.0,0.0,0.0,0.0,0.0,0.0,0.0
2997,5,5,22,0.0,0.0,0.0,0.0,0.0,0.0,0.0
2998,5,5,23,0.0,0.0,0.0,0.0,0.0,0.0,0.0
2999,5,5,24,0.0,0.0,0.0,0.0,0.0,0.0,0.0
3000,5,6,1,0.0,0.0,0.0,0.0,0.0,0.0,0.0
3001,5,6,2,0.0,0.0,0.0,0.0,0.0,0.0,0.0
3002,5,6,3,0.0,0.0,0.0,0.0,0.0,0.0,0.0
3003,5,6,4,0.0,0.0,0.0,0.0,0.0,0.0,0.0
3004,5,6,5,0.0,0.0,0.0,0.0,0.0,0.0,0.0
3005,5,6,6,20.09760722,2.8987508228268033,19.825918606816412,10.64836393,11.31597599,10.36264599,10.36264599
3006,5,6,7,75.45052431,24.16939827920382,68.52420200411058,41.62190624,59.77017004,38.85361947,38.85361947
3007,5,6,8,105.9502529,8.77498799782465,101.80799372167463,54.40022916,60.42587999,54.59462769,54.40022916
3008,5,6,9,102.0,2.5839005758894036,100.3526817103836,53.6085251,54.48925167,53.80291875,53.6085251
3009,5,6,10,188.0946986,18.875622338196617,173.52756371044225,94.78789223,104.430954,99.47053807,94.78789223
3010,5,6,11,282.5354125,44.01166229664408,244.440957594851,136.5522067,151.1668344,151.3131774,136.5522067
3011,5,6,12,372.7037299,87.87804615427933,292.5077301880428,167.964008,177.1527152,201.4833047,167.964008
3012,5,6,13,371.569119,88.05952933819079,291.4666343989517,167.470975,167.470975,200.7003432,179.6317807
3013,5,6,14,350.5458567,85.85931439886329,276.9695059692224,158.3040306,158.3040306,186.934497,190.0609922
3014,5,6,15,309.0146717,118.11270814649563,219.47447776198612,135.7302513,135.7302513,166.0614589,204.6861987
3015,5,6,16,247.4115577,101.8356115914274,184.28955466597654,111.6443647,111.6443647,126.2704348,188.075933
3016,5,6,17,171.8012722,78.6566931072927,136.2776054693671,80.6195444,80.6195444,81.18956975,148.3780307
3017,5,6,18,91.63197723,48.133241499944006,78.88008956439788,52.14157869,45.41910972,45.41910972,88.73631283
3018,5,6,19,19.06901394,3.43396975799479,18.820133872620374,10.21134211,9.871667706,9.871667706,10.91760095
3019,5,6,20,0.0,0.0,0.0,0.0,0.0,0.0,0.0
3020,5,6,21,0.0,0.0,0.0,0.0,0.0,0.0,0.0
3021,5,6,22,0.0,0.0,0.0,0.0,0.0,0.0,0.0
3022,5,6,23,0.0,0.0,0.0,0.0,0.0,0.0,0.0
3023,5,6,24,0.0,0.0,0.0,0.0,0.0,0.0,0.0
3024,5,7,1,0.0,0.0,0.0,0.0,0.0,0.0,0.0
3025,5,7,2,0.0,0.0,0.0,0.0,0.0,0.0,0.0
3026,5,7,3,0.0,0.0,0.0,0.0,0.0,0.0,0.0
3027,5,7,4,0.0,0.0,0.0,0.0,0.0,0.0,0.0
3028,5,7,5,0.0,0.0,0.0,0.0,0.0,0.0,0.0
3029,5,7,6,63.07239428,190.13910827325427,44.600448361838225,85.27867488,208.6289907,31.48037894,31.48037894
3030,5,7,7,307.0442551,552.8729071594415,146.86970701780456,176.1925145,625.2761892,105.282841,105.282841
3031,5,7,8,543.5105773,881.548124913677,124.8630333541292,134.447732,907.8660945,156.0450089,134.447732
3032,5,7,9,742.2910647,986.8869069001086,110.58475381625449,153.6071292,893.6213928,313.1882417,153.6071292
3033,5,7,10,869.2423524,1032.4587859034627,70.05280372498821,153.0526387,742.1125536,435.1933848,153.0526387
3034,5,7,11,932.6575459,1019.1970551676295,48.324798724843696,148.40891,506.5975279,506.4135314,148.40891
3035,5,7,12,936.4282886,987.6576237755078,33.147859213727884,140.3421156,246.7043512,525.2239223,140.3421156
3036,5,7,13,733.2896531,651.6712074973326,139.25215586235913,162.2834155,162.2834155,413.0280103,255.1278145
3037,5,7,14,520.1985319,283.12269202469764,277.0327121298342,187.1940366,187.1940366,282.6563475,294.3752176
3038,5,7,15,310.0912568,118.43726254495327,220.06640276115726,136.1414862,136.1414862,166.0508025,205.2154899
3039,5,7,16,367.7706744,278.16949016018367,194.7464039137358,138.1386928,138.1386928,177.5816349,350.1084322
3040,5,7,17,318.7451946,518.8351056776606,83.1895410757023,96.75591456,96.75591456,98.53149332,557.5673891
3041,5,7,18,192.325969,537.8300909127182,48.42261212233065,140.4048585,59.04329073,59.04329073,569.2522201
3042,5,7,19,43.08314442,150.44931562070641,31.740782478122167,68.87762198,23.16233262,23.16233262,162.0858774
3043,5,7,20,0.0,0.0,0.0,0.0,0.0,0.0,0.0
3044,5,7,21,0.0,0.0,0.0,0.0,0.0,0.0,0.0
3045,5,7,22,0.0,0.0,0.0,0.0,0.0,0.0,0.0
3046,5,7,23,0.0,0.0,0.0,0.0,0.0,0.0,0.0
3047,5,7,24,0.0,0.0,0.0,0.0,0.0,0.0,0.0
3048,5,8,1,0.0,0.0,0.0,0.0,0.0,0.0,0.0
3049,5,8,2,0.0,0.0,0.0,0.0,0.0,0.0,0.0
3050,5,8,3,0.0,0.0,0.0,0.0,0.0,0.0,0.0
3051,5,8,4,0.0,0.0,0.0,0.0,0.0,0.0,0.0
3052,5,8,5,0.0,0.0,0.0,0.0,0.0,0.0,0.0
3053,5,8,6,65.43306437,191.51572466116667,46.18805497922234,87.36923553,210.7442506,32.54625119,32.54625119
3054,5,8,7,231.4458315,372.56305647823183,122.37169156410238,141.7961147,442.0065426,92.77919406,92.77919406
3055,5,8,8,286.5051268,279.13828770904155,153.17062336218416,114.647084,357.2849362,120.3769972,114.647084
3056,5,8,9,253.2825405,100.69507333694013,188.5769367259715,114.107521,187.6296115,129.5914299,114.107521
3057,5,8,10,484.3852857,324.7629610349188,232.26768843502654,170.4229732,353.9938377,257.1354405,170.4229732
3058,5,8,11,741.9178116,683.4830336552266,147.47017266289674,164.8795713,404.1849132,401.5391136,164.8795713
3059,5,8,12,972.2422016,1023.7962339722874,33.93625984567094,144.5734897,254.4923191,538.9712859,144.5734897
3060,5,8,13,948.116993,1011.1807272922665,24.472637470266964,136.8492358,136.8492358,522.1613593,281.1460365
3061,5,8,14,876.274702,981.7437441521729,31.22852155769699,129.5576594,129.5576594,459.5880906,504.5669536
3062,5,8,15,752.8207147,929.2324924991277,44.664269551956636,117.7053382,117.7053382,353.5105049,670.8541061
3063,5,8,16,552.7839596,797.04195961488,55.309283505386915,105.5159027,105.5159027,216.2607584,717.6895863
3064,5,8,17,350.0375039,614.7108773341824,69.50493533273664,93.48962845,93.15470424,93.15470424,638.9031408
3065,5,8,18,173.4574454,362.5421809770312,75.50733200963016,124.7886038,68.80327283,68.80327283,410.896179
3066,5,8,19,39.36809059,114.40690122418226,30.412009649719696,55.89259767,20.92882073,20.92882073,125.834353
3067,5,8,20,0.0,0.0,0.0,0.0,0.0,0.0,0.0
3068,5,8,21,0.0,0.0,0.0,0.0,0.0,0.0,0.0
3069,5,8,22,0.0,0.0,0.0,0.0,0.0,0.0,0.0
3070,5,8,23,0.0,0.0,0.0,0.0,0.0,0.0,0.0
3071,5,8,24,0.0,0.0,0.0,0.0,0.0,0.0,0.0
3072,5,9,1,0.0,0.0,0.0,0.0,0.0,0.0,0.0
3073,5,9,2,0.0,0.0,0.0,0.0,0.0,0.0,0.0
3074,5,9,3,0.0,0.0,0.0,0.0,0.0,0.0,0.0
3075,5,9,4,0.0,0.0,0.0,0.0,0.0,0.0,0.0
3076,5,9,5,0.0,0.0,0.0,0.0,0.0,0.0,0.0
3077,5,9,6,22.10722725,2.8869474266101536,21.807735444475732,11.70281878,12.35627372,11.40705102,11.40705102
3078,5,9,7,96.98882352,43.5309233859859,84.11521247895979,53.86744677,87.01895618,48.27595593,48.27595593
3079,5,9,8,178.5936355,76.58159553628012,141.8079985400834,83.76800632,148.59932,85.02156206,83.76800632
3080,5,9,9,254.3586781,100.99315895430169,189.21805454005124,114.5445091,188.1691239,129.6810331,114.5445091
3081,5,9,10,314.8669703,117.7885814273776,223.1699202067885,137.9379547,203.491086,168.4721429,137.9379547
3082,5,9,11,354.1692341,85.19984633606524,279.89841483056483,159.8948898,188.7258389,188.1029091,159.8948898
3083,5,9,12,374.840019,88.9317018607177,293.1679426160983,168.5596496,177.7788313,201.3466027,168.5596496
3084,5,9,13,372.7832059,88.0934438249247,292.155260334111,167.974363,167.974363,200.0859509,180.132267
3085,5,9,14,351.7651126,85.79496537784887,277.75751537330876,158.8234209,158.8234209,186.3457956,190.4678273
3086,5,9,15,311.2410233,118.56060741113062,220.65642584197235,136.565287,136.565287,165.5225855,205.5536929
3087,5,9,16,202.2518537,35.746242799176294,179.86523732256998,98.66868945,98.66868945,103.1468779,124.135863
3088,5,9,17,106.914787,9.932109717631521,102.35894807572804,54.77418788,54.73905769,54.73905769,61.78430995
3089,5,9,18,39.0,1.2722487035316112,38.65297257970233,20.24862274,20.24862274,20.24862274,20.24862274
3090,5,9,19,9.0,0.9868153932850227,8.919916749162075,4.613030822,4.613030822,4.613030822,4.613030822
3091,5,9,20,0.0,0.0,0.0,0.0,0.0,0.0,0.0
3092,5,9,21,0.0,0.0,0.0,0.0,0.0,0.0,0.0
3093,5,9,22,0.0,0.0,0.0,0.0,0.0,0.0,0.0
3094,5,9,23,0.0,0.0,0.0,0.0,0.0,0.0,0.0
3095,5,9,24,0.0,0.0,0.0,0.0,0.0,0.0,0.0
3096,5,10,1,0.0,0.0,0.0,0.0,0.0,0.0,0.0
3097,5,10,2,0.0,0.0,0.0,0.0,0.0,0.0,0.0
3098,5,10,3,0.0,0.0,0.0,0.0,0.0,0.0,0.0
3099,5,10,4,0.0,0.0,0.0,0.0,0.0,0.0,0.0
3100,5,10,5,0.0,0.0,0.0,0.0,0.0,0.0,0.0
3101,5,10,6,63.82775874,179.43081543069414,44.64569577798604,84.78515381,198.8093717,32.22887639,32.22887639
3102,5,10,7,266.9519398,484.02525005397064,122.41404307022772,163.9349885,550.1757154,96.70415537,96.70415537
3103,5,10,8,440.1684302,638.4298806378036,131.84311022911544,129.344861,686.1774905,137.7464081,129.344861
3104,5,10,9,569.367251,683.4592061000442,126.94192074160044,143.8472049,653.292763,246.0489981,143.8472049
3105,5,10,10,688.037041,730.3499143411619,117.93171083717736,155.9445354,570.0158535,346.1090144,155.9445354
3106,5,10,11,762.979881,752.2739889231902,105.75401024011809,160.1889634,422.8180345,414.3729106,160.1889634
3107,5,10,12,792.1239737,715.3361504538567,133.88298288163335,163.9168875,240.2355372,432.8293475,163.9168875
3108,5,10,13,642.9900737,474.5240697809864,207.8370928082904,178.0012543,178.0012543,353.9948161,245.3417803
3109,5,10,14,478.9621761,239.93782330774778,271.55514261151114,180.2085071,180.2085071,257.926336,270.6093268
3110,5,10,15,311.3142202,118.36125873375416,220.65515378415694,136.5780491,136.5780491,165.0105058,205.3648621
3111,5,10,16,337.8722586,233.72767045558933,191.00918529285684,133.3623896,133.3623896,163.6328841,310.4951137
3112,5,10,17,288.9374978,363.4950764801917,121.3636734257097,109.426511,106.4580678,106.4580678,426.9111596
3113,5,10,18,175.9812409,367.90031497253534,74.68513947552348,128.4928947,69.01678174,69.01678174,415.2851204
3114,5,10,19,42.41643982,124.23575082071005,31.980580173508404,60.97236554,22.07026695,22.07026695,136.0024092
3115,5,10,20,0.0,0.0,0.0,0.0,0.0,0.0,0.0
3116,5,10,21,0.0,0.0,0.0,0.0,0.0,0.0,0.0
3117,5,10,22,0.0,0.0,0.0,0.0,0.0,0.0,0.0
3118,5,10,23,0.0,0.0,0.0,0.0,0.0,0.0,0.0
3119,5,10,24,0.0,0.0,0.0,0.0,0.0,0.0,0.0
3120,5,11,1,0.0,0.0,0.0,0.0,0.0,0.0,0.0
3121,5,11,2,0.0,0.0,0.0,0.0,0.0,0.0,0.0
3122,5,11,3,0.0,0.0,0.0,0.0,0.0,0.0,0.0
3123,5,11,4,0.0,0.0,0.0,0.0,0.0,0.0,0.0
3124,5,11,5,0.0,0.0,0.0,0.0,0.0,0.0,0.0
3125,5,11,6,35.67907852,26.29687639424043,32.78688350326955,25.56624314,40.78765376,18.42346456,18.42346456
3126,5,11,7,133.0839203,122.40219221029876,96.19051947697427,79.1984659,174.7334371,62.05261434,62.05261434
3127,5,11,8,209.9564969,111.65460228495479,155.75299276455598,93.60248809,188.6937817,94.63655206,93.60248809
3128,5,11,9,255.5027823,101.05429873718057,189.85932182734174,115.0053082,188.4478413,129.3761351,115.0053082
3129,5,11,10,365.8334434,158.745584155907,241.59537480708752,152.2851844,240.7349897,192.331387,152.2851844
3130,5,11,11,469.1616955,223.98049947436118,273.0632560885654,179.5121989,256.7123117,253.4160708,179.5121989
3131,5,11,12,553.6078562,285.1855095035789,290.68274278422166,198.0520895,228.178801,303.183098,198.0520895
3132,5,11,13,520.7771827,257.83089598360465,283.8927907533865,191.5343622,191.5343622,285.4629612,227.8410896
3133,5,11,14,462.9189606,223.85537993700575,269.0175648618148,177.2827418,177.2827418,248.8262614,261.4564249
3134,5,11,15,385.6773805,186.17940874394262,242.72220638912702,155.1897398,155.1897398,199.4770647,263.9775941
3135,5,11,16,281.104504,131.8763042219207,197.9683409883874,121.7697265,121.7697265,138.1808105,220.5984284
3136,5,11,17,176.092485,79.27530117412168,139.3648694565631,83.42922098,82.51706013,82.51706013,150.3717585
3137,5,11,18,84.93661903,35.802539770374366,74.98776231580015,48.43641811,42.88820631,42.88820631,74.46967935
3138,5,11,19,20.0,2.0497116809055735,19.822037220360166,10.3715835,10.3715835,10.3715835,10.3715835
3139,5,11,20,0.0,0.0,0.0,0.0,0.0,0.0,0.0
3140,5,11,21,0.0,0.0,0.0,0.0,0.0,0.0,0.0
3141,5,11,22,0.0,0.0,0.0,0.0,0.0,0.0,0.0
3142,5,11,23,0.0,0.0,0.0,0.0,0.0,0.0,0.0
3143,5,11,24,0.0,0.0,0.0,0.0,0.0,0.0,0.0
3144,5,12,1,0.0,0.0,0.0,0.0,0.0,0.0,0.0
3145,5,12,2,0.0,0.0,0.0,0.0,0.0,0.0,0.0
3146,5,12,3,0.0,0.0,0.0,0.0,0.0,0.0,0.0
3147,5,12,4,0.0,0.0,0.0,0.0,0.0,0.0,0.0
3148,5,12,5,0.0,0.0,0.0,0.0,0.0,0.0,0.0
3149,5,12,6,71.74529632,194.8263106899776,49.735487299773766,93.71030404,215.8375056,35.37900038,35.37900038
3150,5,12,7,311.0095438,611.4158669841156,125.06636605230993,191.544594,674.3063706,102.2896472,102.2896472
3151,5,12,8,545.9569835,864.8842981456187,123.99107636441195,135.07983,888.0345908,140.1221427,135.07983
3152,5,12,9,750.0299632,1013.2427565737316,89.63760253060495,148.6094871,902.5436731,292.441461,148.6094871
3153,5,12,10,866.7728996,1020.1584701753055,66.37284710141911,151.4529466,728.6296932,409.0467395,151.4529466
3154,5,12,11,918.5783999,996.2294893209801,44.57076649355058,145.3106928,492.3352016,473.8659845,145.3106928
3155,5,12,12,910.9523523,920.1349164500036,61.07060215817106,148.8053501,246.7907142,487.3134738,148.8053501
3156,5,12,13,875.5434288,888.717888254779,57.5315689958359,144.3981755,144.3981755,467.8010982,270.6292415
3157,5,12,14,797.3962117,871.6907171341956,40.83665589886449,133.7764463,133.7764463,412.2180945,465.0632511
3158,5,12,15,677.6132681,817.4148508395547,48.46010803016336,123.847772,123.847772,317.9483416,607.8744109
3159,5,12,16,501.1283011,682.1170991970977,69.7291408165673,114.7488141,114.7488141,198.7840393,635.6201071
3160,5,12,17,320.7108757,513.1903531965685,81.79395065343604,104.5450543,96.61180509,96.61180509,549.3302253
3161,5,12,18,167.7497827,251.25895621698322,97.29603186749759,113.0275773,70.94488787,70.94488787,305.3866431
3162,5,12,19,41.03491011,108.22904901203401,31.335343357397296,56.16512023,21.65635831,21.65635831,120.4710179
3163,5,12,20,0.0,0.0,0.0,0.0,0.0,0.0,0.0
3164,5,12,21,0.0,0.0,0.0,0.0,0.0,0.0,0.0
3165,5,12,22,0.0,0.0,0.0,0.0,0.0,0.0,0.0
3166,5,12,23,0.0,0.0,0.0,0.0,0.0,0.0,0.0
3167,5,12,24,0.0,0.0,0.0,0.0,0.0,0.0,0.0
3168,5,13,1,0.0,0.0,0.0,0.0,0.0,0.0,0.0
3169,5,13,2,0.0,0.0,0.0,0.0,0.0,0.0,0.0
3170,5,13,3,0.0,0.0,0.0,0.0,0.0,0.0,0.0
3171,5,13,4,0.0,0.0,0.0,0.0,0.0,0.0,0.0
3172,5,13,5,0.0,0.0,0.0,0.0,0.0,0.0,0.0
3173,5,13,6,37.8312956,28.331451061370014,34.548490847142205,27.36859162,43.66662068,19.44735262,19.44735262
3174,5,13,7,188.4256121,253.63399609906742,110.6261009401172,117.3643123,315.0768456,79.74008203,79.74008203
3175,5,13,8,415.1280387,577.7845745416896,131.8786415196671,127.3448448,628.8300343,128.6271414,127.3448448
3176,5,13,9,665.1249098,864.4754241994191,99.88043491319598,145.3842615,787.4213851,264.751078,145.3842615
3177,5,13,10,635.2770381,649.3713881545293,124.56381548819645,154.5557478,520.8699517,315.6936145,154.5557478
3178,5,13,11,525.8361887,275.33793835669053,283.79970629277193,190.8145471,285.6236045,279.5823408,190.8145471
3179,5,13,12,376.1064673,88.97542070262767,293.77756275863646,169.0739731,178.2434329,200.422245,169.0739731
3180,5,13,13,476.6868496,217.28909296077364,276.32982926306363,183.2059017,183.2059017,260.476723,213.6491591
3181,5,13,14,545.0106264,360.52094230817556,231.49625375421752,179.3064471,179.3064471,292.3412007,315.2790124
3182,5,13,15,553.1956269,577.9625271211726,107.2946365506762,138.3691137,138.3691137,273.1923419,479.6199128
3183,5,13,16,385.0285105,296.5583550623405,196.87852105852656,141.0268245,141.0268245,176.1880101,365.3646722
3184,5,13,17,224.8813799,167.9563158186285,146.31354484295406,100.8687555,97.73066388,97.73066388,243.6616763
3185,5,13,18,97.53718828,47.97069629632121,83.96628666254074,56.20131934,48.36946937,48.36946937,91.11307666
3186,5,13,19,24.09136374,4.55795392370477,23.67024722765633,13.18601457,12.4377282,12.4377282,14.55771531
3187,5,13,20,0.0,0.0,0.0,0.0,0.0,0.0,0.0
3188,5,13,21,0.0,0.0,0.0,0.0,0.0,0.0,0.0
3189,5,13,22,0.0,0.0,0.0,0.0,0.0,0.0,0.0
3190,5,13,23,0.0,0.0,0.0,0.0,0.0,0.0,0.0
3191,5,13,24,0.0,0.0,0.0,0.0,0.0,0.0,0.0
3192,5,14,1,0.0,0.0,0.0,0.0,0.0,0.0,0.0
3193,5,14,2,0.0,0.0,0.0,0.0,0.0,0.0,0.0
3194,5,14,3,0.0,0.0,0.0,0.0,0.0,0.0,0.0
3195,5,14,4,0.0,0.0,0.0,0.0,0.0,0.0,0.0
3196,5,14,5,0.0,0.0,0.0,0.0,0.0,0.0,0.0
3197,5,14,6,78.62585118,215.9455409371389,52.99705717619512,103.7698691,237.4566592,37.66910997,37.66910997
3198,5,14,7,321.9801321,577.2891668492313,143.4408102801628,195.7219331,645.555047,107.6852839,107.6852839
3199,5,14,8,555.7085226,881.0876004595927,121.77607462291584,136.6905603,900.4010497,135.5106884,135.5106884
3200,5,14,9,752.7387282,1012.5595251299374,88.62359395978162,148.6745559,899.8862861,284.7250926,148.6745559
3201,5,14,10,901.5402037,1054.8665485849156,69.99750353716507,157.2786789,752.3352994,415.2539996,157.2786789
3202,5,14,11,992.0589648,1068.8017804181725,50.73657248037252,157.0270866,528.3053875,500.7622755,157.0270866
3203,5,14,12,1024.823494,1067.4047028255545,35.45058861721422,151.743445,265.3020748,535.7945453,151.743445
3204,5,14,13,1000.590615,1054.3611081532474,26.713658233762494,144.2548,144.2548,519.6174473,293.4644173
3205,5,14,14,925.2807748,1033.4627371595698,24.856332494276472,133.7265238,133.7265238,455.8350812,525.3891554
3206,5,14,15,799.7592605,969.6317970597181,49.95143662496194,125.1169708,125.1169708,348.028298,697.6836365
3207,5,14,16,615.1430507,906.9289681077668,37.954652654631644,99.4806628,99.4806628,204.7115213,790.6553982
3208,5,14,17,407.7528219,788.9136591360076,36.96597089861339,95.40807391,77.75455497,77.75455497,773.256222
3209,5,14,18,209.2599756,566.9730164276672,47.462241673033,160.4564369,60.90860857,60.90860857,593.6532469
3210,5,14,19,57.06721209,183.3173850659515,39.62736980606649,88.861561,28.81710247,28.81710247,197.1944797
3211,5,14,20,0.0,0.0,0.0,0.0,0.0,0.0,0.0
3212,5,14,21,0.0,0.0,0.0,0.0,0.0,0.0,0.0
3213,5,14,22,0.0,0.0,0.0,0.0,0.0,0.0,0.0
3214,5,14,23,0.0,0.0,0.0,0.0,0.0,0.0,0.0
3215,5,14,24,0.0,0.0,0.0,0.0,0.0,0.0,0.0
3216,5,15,1,0.0,0.0,0.0,0.0,0.0,0.0,0.0
3217,5,15,2,0.0,0.0,0.0,0.0,0.0,0.0,0.0
3218,5,15,3,0.0,0.0,0.0,0.0,0.0,0.0,0.0
3219,5,15,4,0.0,0.0,0.0,0.0,0.0,0.0,0.0
3220,5,15,5,0.0,0.0,0.0,0.0,0.0,0.0,0.0
3221,5,15,6,81.7587402,223.50680666219802,54.62457050978717,107.8989179,245.3581711,38.77278151,38.77278151
3222,5,15,7,324.5595637,578.7519621115615,144.15293582409763,198.5038859,646.8154569,108.3410687,108.3410687
3223,5,15,8,556.310323,879.5424735433105,121.22211843750806,139.7697263,897.9668562,135.5001187,135.5001187
3224,5,15,9,754.6543198,1012.1437898929745,88.8465159171529,149.1294237,898.9683321,281.360342,149.1294237
3225,5,15,10,902.2427581,1054.0844767930937,69.47350848708336,157.2281538,751.034196,410.9180034,157.2281538
3226,5,15,11,993.4837504,1069.0785323855798,50.193732728923024,157.0210242,527.9580559,496.5748012,157.0210242
3227,5,15,12,1025.296683,1066.622918185506,35.00268420760545,151.6181293,265.0957477,531.1249762,151.6181293
3228,5,15,13,991.6983767,1043.883237317437,25.887329937069993,142.6615867,142.6615867,510.2363531,290.0200627
3229,5,15,14,909.9735976,1014.778388888804,24.187889135147074,131.4645695,131.4645695,443.9193151,515.4055773
3230,5,15,15,779.0528055,942.69026723296,48.425069450780896,121.9158127,121.9158127,335.1934994,677.7381756
3231,5,15,16,602.5069886,885.1090710879788,37.48145833629209,97.71415276,97.71415276,197.324689,771.2787328
3232,5,15,17,403.3640402,763.3185396192581,42.94029099546031,101.1187863,81.52893216,81.52893216,753.390616
3233,5,15,18,208.5084176,554.2838338931799,48.976645790309256,160.6131008,61.60557387,61.60557387,581.6310584
3234,5,15,19,57.57149941,185.45070304781984,39.42534627631901,90.27556056,28.95915426,28.95915426,199.2150642
3235,5,15,20,0.0,0.0,0.0,0.0,0.0,0.0,0.0
3236,5,15,21,0.0,0.0,0.0,0.0,0.0,0.0,0.0
3237,5,15,22,0.0,0.0,0.0,0.0,0.0,0.0,0.0
3238,5,15,23,0.0,0.0,0.0,0.0,0.0,0.0,0.0
3239,5,15,24,0.0,0.0,0.0,0.0,0.0,0.0,0.0
3240,5,16,1,0.0,0.0,0.0,0.0,0.0,0.0,0.0
3241,5,16,2,0.0,0.0,0.0,0.0,0.0,0.0,0.0
3242,5,16,3,0.0,0.0,0.0,0.0,0.0,0.0,0.0
3243,5,16,4,0.0,0.0,0.0,0.0,0.0,0.0,0.0
3244,5,16,5,0.0,0.0,0.0,0.0,0.0,0.0,0.0
3245,5,16,6,84.14533863,232.6516429791174,55.28917163587907,112.1904387,254.3458078,39.44138766,39.44138766
3246,5,16,7,326.2991384,582.5972947625186,143.32082566017561,201.2692911,649.8598048,108.5202972,108.5202972
3247,5,16,8,558.1889495,881.0363397642777,120.51528996835778,143.0880333,898.3337345,135.6254487,135.6254487
3248,5,16,9,755.6845814,1013.0651974716916,87.3816849655135,148.7869196,898.3219937,277.2756723,148.7869196
3249,5,16,10,903.5635106,1054.5652312895736,68.6439541105989,157.2526078,750.6330307,406.8610608,157.2526078
3250,5,16,11,993.8996187,1068.6785622199886,49.30479338801566,156.9259901,527.4805961,491.9926791,156.9259901
3251,5,16,12,1026.627328,1067.009924149457,34.3840837722124,151.5853908,265.4106574,526.9672571,151.5853908
3252,5,16,13,976.2762693,1026.2017023413493,25.28549740949274,140.4180207,140.4180207,497.9583799,284.6414215
3253,5,16,14,878.530724,978.4659594218394,22.896868512093793,126.646783,126.646783,424.4702609,496.0778004
3254,5,16,15,738.9299151,909.1620408339886,32.722523546840165,114.9255665,114.9255665,317.5654407,650.1928875
3255,5,16,16,587.1734804,847.7958294473467,44.34047980030098,100.9487126,100.9487126,193.601769,745.063394
3256,5,16,17,401.8898773,753.4607727157342,44.49589250142858,103.8803048,82.25364822,82.25364822,744.4635349
3257,5,16,18,213.3290317,571.1248499557335,47.56939127753764,165.0785713,61.4369138,61.4369138,596.627056
3258,5,16,19,60.40673775,191.9977908987552,41.104601313416474,94.07037338,30.07587996,30.07587996,206.1817954
3259,5,16,20,0.0,0.0,0.0,0.0,0.0,0.0,0.0
3260,5,16,21,0.0,0.0,0.0,0.0,0.0,0.0,0.0
3261,5,16,22,0.0,0.0,0.0,0.0,0.0,0.0,0.0
3262,5,16,23,0.0,0.0,0.0,0.0,0.0,0.0,0.0
3263,5,16,24,0.0,0.0,0.0,0.0,0.0,0.0,0.0
3264,5,17,1,0.0,0.0,0.0,0.0,0.0,0.0,0.0
3265,5,17,2,0.0,0.0,0.0,0.0,0.0,0.0,0.0
3266,5,17,3,0.0,0.0,0.0,0.0,0.0,0.0,0.0
3267,5,17,4,0.0,0.0,0.0,0.0,0.0,0.0,0.0
3268,5,17,5,0.0,0.0,0.0,0.0,0.0,0.0,0.0
3269,5,17,6,79.71339587,202.8235135163887,54.0419541416318,102.6219951,225.5022539,38.73664103,38.73664103
3270,5,17,7,312.9137396,601.0822842130519,122.76614373094692,200.4529342,661.2223401,102.7895541,102.7895541
3271,5,17,8,538.7347497,826.0367431344671,126.7208741070526,145.6894322,849.8720053,135.9673534,135.9673534
3272,5,17,9,736.3166673,986.9628146176776,83.46854086691751,144.950045,874.2022864,266.6834158,144.950045
3273,5,17,10,869.2069284,1015.2308054765514,63.794846107626604,151.1180022,721.6266189,387.7226682,151.1180022
3274,5,17,11,945.3867577,1017.453966534388,44.552366629810415,149.0552179,501.4180179,464.2564391,149.0552179
3275,5,17,12,963.7666325,1002.7724651300651,29.817840505611656,141.9350595,248.8207224,490.921196,141.9350595
3276,5,17,13,888.3886469,898.928644562282,54.03485422775095,143.0764456,143.0764456,452.7643809,269.1308794
3277,5,17,14,775.5416604,807.217445381792,68.41438905622178,140.5875304,140.5875304,383.142834,444.6841425
3278,5,17,15,631.8470806,705.2326359616085,82.85361463045405,132.1268531,132.1268531,286.6480283,546.3149493
3279,5,17,16,500.7706705,669.205668411788,71.02152573933208,115.3819274,115.3819274,186.1874124,622.6867345
3280,5,17,17,344.1464015,573.9480850499871,70.67975095911703,111.8974761,93.60817499,93.60817499,596.7160623
3281,5,17,18,186.6901465,384.25277979544046,74.24892218167776,141.4577114,70.82075519,70.82075519,429.1802855
3282,5,17,19,53.41691995,140.12523402866486,38.957950992932915,73.75372469,26.91181122,26.91181122,154.5965126
3283,5,17,20,0.0,0.0,0.0,0.0,0.0,0.0,0.0
3284,5,17,21,0.0,0.0,0.0,0.0,0.0,0.0,0.0
3285,5,17,22,0.0,0.0,0.0,0.0,0.0,0.0,0.0
3286,5,17,23,0.0,0.0,0.0,0.0,0.0,0.0,0.0
3287,5,17,24,0.0,0.0,0.0,0.0,0.0,0.0,0.0
3288,5,18,1,0.0,0.0,0.0,0.0,0.0,0.0,0.0
3289,5,18,2,0.0,0.0,0.0,0.0,0.0,0.0,0.0
3290,5,18,3,0.0,0.0,0.0,0.0,0.0,0.0,0.0
3291,5,18,4,0.0,0.0,0.0,0.0,0.0,0.0,0.0
3292,5,18,5,0.0,0.0,0.0,0.0,0.0,0.0,0.0
3293,5,18,6,80.80192169,201.972988465565,54.743827214740456,103.4611454,225.0103265,39.27970418,39.27970418
3294,5,18,7,308.890266,586.2031270568405,122.17135542840991,199.382593,646.1869038,102.3661958,102.3661958
3295,5,18,8,530.0704401,838.4148977701863,110.26478755548804,143.4144341,854.7397844,130.8178732,130.8178732
3296,5,18,9,723.4507267,968.6555344543549,81.05444553087379,142.4868658,857.2872353,258.6368492,142.4868658
3297,5,18,10,853.8004684,997.0002420124384,61.31449848815828,148.1710527,707.7439564,376.9621763,148.1710527
3298,5,18,11,927.5389143,997.9305922278327,42.56269500829826,145.9820117,491.1999023,451.4710213,145.9820117
3299,5,18,12,945.631132,980.8225699940285,30.76616266834668,141.0388574,245.5370884,478.7364007,141.0388574
3300,5,18,13,923.8373726,968.0134757056396,23.995223092564228,134.34697,134.34697,464.3690682,269.8410561
3301,5,18,14,856.0853672,948.8967180055967,23.418900451929222,125.1544,125.1544,407.0302079,482.2440302
3302,5,18,15,740.6663755,908.4918505643018,31.93812929131085,114.5650308,114.5650308,310.6533429,647.8095619
3303,5,18,16,556.8245705,785.7462957528772,50.77277523643946,107.4305964,107.4305964,188.0213942,702.5468217
3304,5,18,17,363.653731,614.6101922425847,69.52142218866595,116.2915024,94.79933798,94.79933798,632.8841371
3305,5,18,18,188.6485995,385.541107194732,74.92037393633079,143.4205826,71.4392325,71.4392325,430.501902
3306,5,18,19,54.63436632,140.98601060208216,39.71712940018155,74.97168217,27.46074142,27.46074142,155.7916769
3307,5,18,20,0.0,0.0,0.0,0.0,0.0,0.0,0.0
3308,5,18,21,0.0,0.0,0.0,0.0,0.0,0.0,0.0
3309,5,18,22,0.0,0.0,0.0,0.0,0.0,0.0,0.0
3310,5,18,23,0.0,0.0,0.0,0.0,0.0,0.0,0.0
3311,5,18,24,0.0,0.0,0.0,0.0,0.0,0.0,0.0
3312,5,19,1,0.0,0.0,0.0,0.0,0.0,0.0,0.0
3313,5,19,2,0.0,0.0,0.0,0.0,0.0,0.0,0.0
3314,5,19,3,0.0,0.0,0.0,0.0,0.0,0.0,0.0
3315,5,19,4,0.0,0.0,0.0,0.0,0.0,0.0,0.0
3316,5,19,5,0.0,0.0,0.0,0.0,0.0,0.0,0.0
3317,5,19,6,82.27760311,204.14323528517647,55.45859421879769,105.3063548,227.3808635,39.85741244,39.85741244
3318,5,19,7,302.4977022,564.250523407839,121.59056558950047,196.7571471,624.3715501,101.7057829,101.7057829
3319,5,19,8,504.5834741,772.3855112373896,116.41319015830521,144.9735746,796.7189084,130.9056332,130.9056332
3320,5,19,9,672.8600051,866.9912380550913,96.4676458712842,145.2107287,783.9483772,246.2072514,145.2107287
3321,5,19,10,791.1581594,897.8719119811988,76.14337914788472,150.430284,653.6415538,353.2665918,150.430284
3322,5,19,11,855.9355011,875.4210680284784,78.40193393984096,154.146619,456.538218,418.85418,154.146619
3323,5,19,12,868.7913899,855.1219974284508,70.03230597769323,152.1987891,243.2561236,443.3678491,152.1987891
3324,5,19,13,796.3796018,728.2891039138025,118.38315828830449,156.5533062,156.5533062,401.8914214,258.1086147
3325,5,19,14,690.0163597,638.8866469692391,128.44941547474613,150.8964723,150.8964723,338.0969888,390.4666117
3326,5,19,15,559.7795351,578.2790324397752,107.7151026866364,139.3470075,139.3470075,261.9966279,477.6451966
3327,5,19,16,446.7305329,524.8574771245903,107.7396588875807,123.1701698,123.1701698,175.2214574,519.3219464
3328,5,19,17,312.2300363,430.42082206251274,105.35248558913071,118.5512077,102.2510885,102.2510885,477.6153653
3329,5,19,18,176.262785,269.3388885568183,96.18463977991675,126.4645895,75.68240524,75.68240524,324.948327
3330,5,19,19,50.02124161,115.22009235841313,37.53216037129091,64.9577,25.9636362,25.9636362,130.3702832
3331,5,19,20,0.0,0.0,0.0,0.0,0.0,0.0,0.0
3332,5,19,21,0.0,0.0,0.0,0.0,0.0,0.0,0.0
3333,5,19,22,0.0,0.0,0.0,0.0,0.0,0.0,0.0
3334,5,19,23,0.0,0.0,0.0,0.0,0.0,0.0,0.0
3335,5,19,24,0.0,0.0,0.0,0.0,0.0,0.0,0.0
3336,5,20,1,0.0,0.0,0.0,0.0,0.0,0.0,0.0
3337,5,20,2,0.0,0.0,0.0,0.0,0.0,0.0,0.0
3338,5,20,3,0.0,0.0,0.0,0.0,0.0,0.0,0.0
3339,5,20,4,0.0,0.0,0.0,0.0,0.0,0.0,0.0
3340,5,20,5,0.0,0.0,0.0,0.0,0.0,0.0,0.0
3341,5,20,6,86.97478431,216.3031240295257,58.06859519913298,111.4190113,239.9809064,41.4524025,41.4524025
3342,5,20,7,322.9197451,621.4793074868888,122.41856700012966,210.7052049,679.3662265,104.1318183,104.1318183
3343,5,20,8,555.4209738,861.0040873042173,121.19538660649755,154.2582265,877.2685675,135.8704212,135.8704212
3344,5,20,9,762.0956976,1014.2235810719071,86.2378750718891,149.0695906,895.6418973,263.8998446,149.0695906
3345,5,20,10,908.7559914,1055.188643271153,66.97917878464246,157.0090951,747.8780409,391.8080764,157.0090951
3346,5,20,11,997.8901397,1068.7221778256028,47.267535916897344,156.2122827,525.2203735,475.7493088,156.2122827
3347,5,20,12,1029.612645,1066.1051771491077,32.40716620554623,150.7224314,264.341516,510.1236574,150.7224314
3348,5,20,13,997.1512827,1043.4369598919234,24.387087986540973,142.2310822,142.2310822,490.5328901,287.5315488
3349,5,20,14,915.8434417,1013.7870959947352,23.29701467327889,131.2583008,131.2583008,425.3825508,511.4000706
3350,5,20,15,785.5046752,941.6544097800621,47.87394691144983,121.8226177,121.8226177,318.7693708,672.6644736
3351,5,20,16,610.7750563,885.9578372437804,36.96200770394346,97.85332394,97.85332394,183.1716411,767.0721073
3352,5,20,17,412.3420079,768.0746533141868,41.60461563197456,112.793774,81.37884442,81.37884442,752.6420009
3353,5,20,18,217.5797205,563.5041963399352,48.74650344891056,171.4206558,62.78661791,62.78661791,587.8908551
3354,5,20,19,65.9398634,197.97882260188862,43.97509017794537,100.5272877,32.42391078,32.42391078,213.2439544
3355,5,20,20,0.0,0.0,0.0,0.0,0.0,0.0,0.0
3356,5,20,21,0.0,0.0,0.0,0.0,0.0,0.0,0.0
3357,5,20,22,0.0,0.0,0.0,0.0,0.0,0.0,0.0
3358,5,20,23,0.0,0.0,0.0,0.0,0.0,0.0,0.0
3359,5,20,24,0.0,0.0,0.0,0.0,0.0,0.0,0.0
3360,5,21,1,0.0,0.0,0.0,0.0,0.0,0.0,0.0
3361,5,21,2,0.0,0.0,0.0,0.0,0.0,0.0,0.0
3362,5,21,3,0.0,0.0,0.0,0.0,0.0,0.0,0.0
3363,5,21,4,0.0,0.0,0.0,0.0,0.0,0.0,0.0
3364,5,21,5,1.0,0.0,0.9911018610180083,0.507410333,0.507410333,0.507410333,0.507410333
3365,5,21,6,96.53340957,184.08387834113708,71.53310737687086,108.4989559,216.3487714,48.93574208,48.93574208
3366,5,21,7,336.9458667,606.2568960058026,140.19392574645687,215.2067926,669.4941856,109.5939972,109.5939972
3367,5,21,8,567.8773556,887.6570760722708,118.71670731342678,157.9620584,899.7716884,136.2663639,136.2663639
3368,5,21,9,763.3660314,1014.2643084975267,85.97427213643664,149.1165937,894.8600833,260.6565179,149.1165937
3369,5,21,10,895.7517898,1039.5992645977217,65.01874925476439,154.6499717,736.1962977,382.4751383,154.6499717
3370,5,21,11,968.0722878,1037.0104573448182,44.35654786293551,151.3993264,509.1934644,457.8822422,151.3993264
3371,5,21,12,983.3898308,1018.6453829378066,29.319112863464238,143.8504037,252.4925677,483.7240257,143.8504037
3372,5,21,13,949.2328854,993.5644936511871,21.688777820973545,135.1328442,135.1328442,463.3863966,273.0773613
3373,5,21,14,869.5343444,962.3702027621562,20.913855868072137,124.3665863,124.3665863,400.3798951,484.5404032
3374,5,21,15,744.3630415,908.8115876883261,31.039828336837402,114.3366869,114.3366869,301.566209,645.1906011
3375,5,21,16,541.4856925,739.3832711468854,61.294202954449204,112.2757597,112.2757597,181.2257717,669.6136771
3376,5,21,17,343.2698484,551.1741626433541,76.1167363418515,120.6742629,96.62952253,96.62952253,576.8966055
3377,5,21,18,179.1001505,273.5168411145226,96.53075737576054,129.3752008,76.36457739,76.36457739,328.879498
3378,5,21,19,52.38849145,117.56899632798391,39.0490349511441,67.42346809,27.05065285,27.05065285,133.3840253
3379,5,21,20,0.0,0.0,0.0,0.0,0.0,0.0,0.0
3380,5,21,21,0.0,0.0,0.0,0.0,0.0,0.0,0.0
3381,5,21,22,0.0,0.0,0.0,0.0,0.0,0.0,0.0
3382,5,21,23,0.0,0.0,0.0,0.0,0.0,0.0,0.0
3383,5,21,24,0.0,0.0,0.0,0.0,0.0,0.0,0.0
3384,5,22,1,0.0,0.0,0.0,0.0,0.0,0.0,0.0
3385,5,22,2,0.0,0.0,0.0,0.0,0.0,0.0,0.0
3386,5,22,3,0.0,0.0,0.0,0.0,0.0,0.0,0.0
3387,5,22,4,0.0,0.0,0.0,0.0,0.0,0.0,0.0
3388,5,22,5,1.0,0.0,0.9911018610180083,0.507411077,0.507411077,0.507411077,0.507411077
3389,5,22,6,93.59922663,246.72432883414197,59.57865121538146,124.242816,269.3259862,42.95348065,42.95348065
3390,5,22,7,327.4903161,631.2360128620685,121.477510494097,216.419749,687.4219906,104.5474776,104.5474776
3391,5,22,8,550.7206316,843.1981385845578,122.70687286387069,159.2199776,860.3156278,136.0658369,136.0658369
3392,5,22,9,742.4809109,987.6636123969563,81.46084757352382,144.7963121,870.2040107,250.2692734,144.7963121
3393,5,22,10,868.2360327,1008.7081151237394,60.90302497027541,149.5555636,713.2965991,367.2854884,149.5555636
3394,5,22,11,937.2422388,1004.2116312209603,41.540255435327516,146.4853519,492.7495254,439.8936605,146.4853519
3395,5,22,12,948.8371344,980.5954073595453,29.241732023987076,140.5232473,245.2226561,464.3804835,140.5232473
3396,5,22,13,744.5421873,656.0429475393519,131.27798518160984,159.3350836,159.3350836,373.5235377,249.9670917
3397,5,22,14,529.1775079,286.766861355966,275.9162493632062,187.7083113,187.7083113,268.2528991,293.794639
3398,5,22,15,318.08951,119.53531755811115,224.0837715813851,139.0675905,139.0675905,162.8167437,207.3079481
3399,5,22,16,258.4779926,103.431274767088,191.12438422362177,116.1353169,116.1353169,125.2542485,192.0854249
3400,5,22,17,184.1562544,80.89698684858446,144.78515620591443,89.54887794,85.91711479,85.91711479,154.1572177
3401,5,22,18,104.0362581,49.07466505493523,89.1119180382697,60.62846135,51.41641176,51.41641176,94.6908867
3402,5,22,19,30.34626211,14.251326913521265,28.693980488345183,20.30815913,16.03843359,16.03843359,27.19769858
3403,5,22,20,0.0,0.0,0.0,0.0,0.0,0.0,0.0
3404,5,22,21,0.0,0.0,0.0,0.0,0.0,0.0,0.0
3405,5,22,22,0.0,0.0,0.0,0.0,0.0,0.0,0.0
3406,5,22,23,0.0,0.0,0.0,0.0,0.0,0.0,0.0
3407,5,22,24,0.0,0.0,0.0,0.0,0.0,0.0,0.0
3408,5,23,1,0.0,0.0,0.0,0.0,0.0,0.0,0.0
3409,5,23,2,0.0,0.0,0.0,0.0,0.0,0.0,0.0
3410,5,23,3,0.0,0.0,0.0,0.0,0.0,0.0,0.0
3411,5,23,4,0.0,0.0,0.0,0.0,0.0,0.0,0.0
3412,5,23,5,1.0,0.0,0.9911018610180083,0.507411806,0.507411806,0.507411806,0.507411806
3413,5,23,6,90.45450683,222.49947919611517,59.33206145961312,116.4759187,246.293257,42.70537351,42.70537351
3414,5,23,7,320.1615474,607.0356193527094,120.9900582727131,213.0445217,663.5357278,103.7943293,103.7943293
3415,5,23,8,545.1505637,826.0603613267076,124.58096813621786,161.3628135,844.8803137,136.2334887,136.2334887
3416,5,23,9,743.5881726,987.6970679804064,81.22439513352772,144.8367283,869.5112297,247.2340428,144.8367283
3417,5,23,10,881.0875099,1021.4635839427767,62.31112341729589,151.7210314,722.0848604,368.9045071,151.7210314
3418,5,23,11,960.0840828,1026.89824235244,42.97621321879647,149.8085393,503.7137761,446.4643795,149.8085393
3419,5,23,12,984.4148404,1018.1860891799273,28.40952247231827,143.4243286,252.3012849,476.3463294,143.4243286
3420,5,23,13,925.4479774,964.6396833832742,22.55290396245469,133.8713506,133.8713506,446.2231093,266.8934221
3421,5,23,14,825.8750337,898.7775428116072,30.92135143310333,129.2835387,129.2835387,381.3232961,464.2505171
3422,5,23,15,690.870909,820.5388497994094,44.34853374211674,122.4034115,122.4034115,286.4556937,599.9652635
3423,5,23,16,489.835849,626.8510293893092,80.56189947991852,119.7023303,119.7023303,174.5693089,590.4788819
3424,5,23,17,305.2377741,382.64403069437236,118.2646978711637,126.449502,107.8019529,107.8019529,439.2344426
3425,5,23,18,150.1841099,156.8541536702285,102.13724460198635,97.71310122,66.82927279,66.82927279,210.0006014
3426,5,23,19,45.29640179,64.92067517997677,37.611211284282994,45.70552672,23.53963115,23.53963115,81.04741042
3427,5,23,20,0.0,0.0,0.0,0.0,0.0,0.0,0.0
3428,5,23,21,0.0,0.0,0.0,0.0,0.0,0.0,0.0
3429,5,23,22,0.0,0.0,0.0,0.0,0.0,0.0,0.0
3430,5,23,23,0.0,0.0,0.0,0.0,0.0,0.0,0.0
3431,5,23,24,0.0,0.0,0.0,0.0,0.0,0.0,0.0
3432,5,24,1,0.0,0.0,0.0,0.0,0.0,0.0,0.0
3433,5,24,2,0.0,0.0,0.0,0.0,0.0,0.0,0.0
3434,5,24,3,0.0,0.0,0.0,0.0,0.0,0.0,0.0
3435,5,24,4,0.0,0.0,0.0,0.0,0.0,0.0,0.0
3436,5,24,5,1.0,0.0,0.9911018610180083,0.50741252,0.50741252,0.50741252,0.50741252
3437,5,24,6,101.9808058,195.7897953456331,74.2233600171474,115.8419426,228.558108,50.89714903,50.89714903
3438,5,24,7,341.8576422,616.1531169542905,138.67578201461617,222.5651125,677.1497175,110.075008,110.075008
3439,5,24,8,572.422637,890.4138792652413,117.80796785023956,166.2353168,899.8088715,136.5545663,136.5545663
3440,5,24,9,766.4556276,1014.9518063633233,84.53072140879864,148.8511393,892.7723628,250.9769668,148.8511393
3441,5,24,10,903.7452636,1045.7454916429458,64.3089585690916,155.1850012,738.6350787,374.2317966,155.1850012
3442,5,24,11,982.9195001,1049.5602208937705,44.4348296457491,153.1257431,514.6998431,452.9584512,153.1257431
3443,5,24,12,1003.408319,1036.4545489528812,29.121531272488905,145.9830898,257.0193181,481.5529961,145.9830898
3444,5,24,13,970.2718696,1012.454046456577,21.450273879252794,137.4264091,137.4264091,462.0855117,276.5184168
3445,5,24,14,888.9715957,980.3057041557211,20.646187478679874,126.3776944,126.3776944,398.3568874,490.9996984
3446,5,24,15,762.145859,908.6638241638367,44.85603667159556,117.4314701,117.4314701,296.5123837,645.3954616
3447,5,24,16,598.3833871,850.8409050699019,41.43438436274549,99.97945528,99.97945528,172.2550911,738.6983143
3448,5,24,17,409.2557212,740.5690766879726,45.96561477398621,122.2048925,84.11505148,84.11505148,727.5949601
3449,5,24,18,221.2908956,550.5947239263623,51.44277722353083,176.2298894,64.76213589,64.76213589,575.04768
3450,5,24,19,69.9048015,205.94069254411025,45.03179868587131,106.6177097,33.84575598,33.84575598,221.3278804
3451,5,24,20,1.0,0.0,0.9911018610180083,0.50741252,0.50741252,0.50741252,0.50741252
3452,5,24,21,0.0,0.0,0.0,0.0,0.0,0.0,0.0
3453,5,24,22,0.0,0.0,0.0,0.0,0.0,0.0,0.0
3454,5,24,23,0.0,0.0,0.0,0.0,0.0,0.0,0.0
3455,5,24,24,0.0,0.0,0.0,0.0,0.0,0.0,0.0
3456,5,25,1,0.0,0.0,0.0,0.0,0.0,0.0,0.0
3457,5,25,2,0.0,0.0,0.0,0.0,0.0,0.0,0.0
3458,5,25,3,0.0,0.0,0.0,0.0,0.0,0.0,0.0
3459,5,25,4,0.0,0.0,0.0,0.0,0.0,0.0,0.0
3460,5,25,5,1.0,0.0,0.9911018610180083,0.50741322,0.50741322,0.50741322,0.50741322
3461,5,25,6,96.75408944,243.46495936207512,61.79871139682998,126.5237959,266.9740933,44.49605568,44.49605568
3462,5,25,7,324.4312265,616.429320089887,120.19262715889055,218.459569,671.3216833,104.1821096,104.1821096
3463,5,25,8,543.5165254,817.3685171448842,125.08602795359025,165.9111136,835.9906065,136.3544152,136.3544152
3464,5,25,9,732.1538321,969.858215437158,79.36983559901124,142.8436809,853.0600956,237.5432512,142.8436809
3465,5,25,10,861.0958906,997.7039867141101,59.14564364277081,147.955955,704.2115279,353.8743912,147.955955
3466,5,25,11,932.6284894,997.1545349180632,39.97760964009057,145.1515558,488.5888879,426.9024885,145.1515558
3467,5,25,12,950.5568818,980.2862705121283,28.048276754841677,140.0532348,245.3046689,454.3797676,140.0532348
3468,5,25,13,881.3929081,882.6640161541978,53.217586133791535,142.6954836,142.6954836,422.9428309,263.4236689
3469,5,25,14,776.2401251,802.075349704606,64.78216098190781,138.7698764,138.7698764,358.8278683,436.2640106
3470,5,25,15,640.5826889,709.2647505100706,79.6798763059091,131.4886284,131.4886284,269.2186425,542.5781461
3471,5,25,16,532.1811052,725.0405474424124,56.382540971153816,110.3323806,110.3323806,170.0336308,653.5623221
3472,5,25,17,383.4375728,661.1900536048006,57.838735797744945,126.5041842,90.94533744,90.94533744,664.3891522
3473,5,25,18,217.1373208,519.0898781673641,55.902348296832244,172.5527589,66.38026846,66.38026846,546.6631802
3474,5,25,19,69.15722769,197.34172570333442,44.857453465263426,103.929763,33.83431828,33.83431828,213.2197912
3475,5,25,20,1.0,0.0,0.9911018610180083,0.50741322,0.50741322,0.50741322,0.50741322
3476,5,25,21,0.0,0.0,0.0,0.0,0.0,0.0,0.0
3477,5,25,22,0.0,0.0,0.0,0.0,0.0,0.0,0.0
3478,5,25,23,0.0,0.0,0.0,0.0,0.0,0.0,0.0
3479,5,25,24,0.0,0.0,0.0,0.0,0.0,0.0,0.0
3480,5,26,1,0.0,0.0,0.0,0.0,0.0,0.0,0.0
3481,5,26,2,0.0,0.0,0.0,0.0,0.0,0.0,0.0
3482,5,26,3,0.0,0.0,0.0,0.0,0.0,0.0,0.0
3483,5,26,4,0.0,0.0,0.0,0.0,0.0,0.0,0.0
3484,5,26,5,1.0,0.0,0.9911018610180083,0.507413904,0.507413904,0.507413904,0.507413904
3485,5,26,6,98.40875996,246.73353895628907,62.56201139460865,128.7993239,270.2904421,45.06235634,45.06235634
3486,5,26,7,328.520312,627.0427515381222,119.83731962246388,222.4657161,680.8875112,104.5722767,104.5722767
3487,5,26,8,552.6970976,838.004390977085,122.63110456045656,169.078677,853.09439,136.446269,136.446269
3488,5,26,9,747.2079096,988.8052086842712,80.56294800639913,145.0103105,868.4665655,238.6832921,145.0103105
3489,5,26,10,896.3310608,1035.7505488280626,62.745763140592175,153.6524015,730.7364769,364.3135211,153.6524015
3490,5,26,11,992.8666548,1058.40075056155,44.357265621201755,154.2078565,518.680515,450.0399273,154.2078565
3491,5,26,12,1033.712096,1065.5640557862682,29.89189467784118,149.8075301,264.5098274,488.2552118,149.8075301
3492,5,26,13,958.9300039,999.1852549493071,20.349966539101555,135.531951,135.531951,449.9529123,271.6658184
3493,5,26,14,842.50786,919.1716409133692,26.06520284830209,127.0607279,127.0607279,376.794581,467.396886
3494,5,26,15,693.2145975,821.5416369137805,42.36975199216388,121.3748111,121.3748111,278.8417149,597.0239661
3495,5,26,16,568.1889709,796.1327023473871,44.4481715437287,104.6758547,104.6758547,168.2890884,700.4346594
3496,5,26,17,404.964975,718.4920966427625,49.815260620422976,126.4734599,86.19223787,86.19223787,708.6832855
3497,5,26,18,226.7242582,572.9035388050647,47.57525167499039,182.0134304,63.56547386,63.56547386,593.3614809
3498,5,26,19,73.61656041,168.35350082489086,52.49646397773567,98.9923916,39.23262272,39.23262272,191.2010974
3499,5,26,20,1.0,0.0,0.9911018610180083,0.507413904,0.507413904,0.507413904,0.507413904
3500,5,26,21,0.0,0.0,0.0,0.0,0.0,0.0,0.0
3501,5,26,22,0.0,0.0,0.0,0.0,0.0,0.0,0.0
3502,5,26,23,0.0,0.0,0.0,0.0,0.0,0.0,0.0
3503,5,26,24,0.0,0.0,0.0,0.0,0.0,0.0,0.0
3504,5,27,1,0.0,0.0,0.0,0.0,0.0,0.0,0.0
3505,5,27,2,0.0,0.0,0.0,0.0,0.0,0.0,0.0
3506,5,27,3,0.0,0.0,0.0,0.0,0.0,0.0,0.0
3507,5,27,4,0.0,0.0,0.0,0.0,0.0,0.0,0.0
3508,5,27,5,1.0,0.0,0.9911018610180083,0.507414572,0.507414572,0.507414572,0.507414572
3509,5,27,6,64.90369304,117.8171212528212,47.59590353995955,72.99133072,139.5306835,33.09945994,33.09945994
3510,5,27,7,251.6550135,420.7404966551512,111.04418311799752,171.0864437,476.5859533,91.06570171,91.06570171
3511,5,27,8,487.0551324,716.2471038274228,118.61616628020694,160.4353694,742.3285046,130.6132531,130.6132531
3512,5,27,9,733.89501,969.9305657968571,78.95687028610207,142.9045451,851.9667926,232.0376902,142.9045451
3513,5,27,10,785.6658812,880.9303464411126,75.84082605279998,150.0602759,640.4630504,326.6101116,150.0602759
3514,5,27,11,768.3076576,706.647327099853,134.37962279813817,161.624374,404.5996242,356.7602537,161.624374
3515,5,27,12,700.8513726,535.1823719623457,196.1723055788987,177.941911,235.5329828,345.8153053,177.941911
3516,5,27,13,644.8235276,464.1997803926015,208.29791448100815,179.195392,179.195392,323.3556759,241.8972177
3517,5,27,14,565.5450411,388.2891353523351,220.1935296199512,176.0682837,176.0682837,279.9452417,318.7243549
3518,5,27,15,464.7277674,308.31394297251666,220.05221400832977,163.5176242,163.5176242,221.3923697,340.3674571
3519,5,27,16,338.9304724,222.51780573819872,192.1926553544903,134.4529796,134.4529796,151.5185611,298.8814721
3520,5,27,17,214.8094887,113.34051412742916,158.57901789727097,102.1200422,95.68001064,95.68001064,191.3802841
3521,5,27,18,107.4568113,50.241155402867776,91.64299071671557,62.91074487,52.94660291,52.94660291,97.04118093
3522,5,27,19,33.38158875,15.022625633558244,31.46286388492857,22.28118295,17.60704005,17.60704005,29.42214505
3523,5,27,20,0.0,0.0,0.0,0.0,0.0,0.0,0.0
3524,5,27,21,0.0,0.0,0.0,0.0,0.0,0.0,0.0
3525,5,27,22,0.0,0.0,0.0,0.0,0.0,0.0,0.0
3526,5,27,23,0.0,0.0,0.0,0.0,0.0,0.0,0.0
3527,5,27,24,0.0,0.0,0.0,0.0,0.0,0.0,0.0
3528,5,28,1,0.0,0.0,0.0,0.0,0.0,0.0,0.0
3529,5,28,2,0.0,0.0,0.0,0.0,0.0,0.0,0.0
3530,5,28,3,0.0,0.0,0.0,0.0,0.0,0.0,0.0
3531,5,28,4,0.0,0.0,0.0,0.0,0.0,0.0,0.0
3532,5,28,5,0.0,0.0,0.0,0.0,0.0,0.0,0.0
3533,5,28,6,34.60025143,12.096959670280212,32.804693771711285,21.85527416,27.6764085,18.32102839,18.32102839
3534,5,28,7,128.7596734,74.06986013346874,103.90879625102758,74.64023999,126.5238364,60.80679447,60.80679447
3535,5,28,8,254.6848715,182.1075729550463,160.80423591807772,116.1591971,261.6341588,108.1967088,108.1967088
3536,5,28,9,396.5402773,284.2804337374158,204.3036036239011,146.1761475,352.0795146,171.3003706,146.1761475
3537,5,28,10,480.1751861,313.93914792901387,226.93281748857282,168.4127356,341.8528669,229.999297,168.4127356
3538,5,28,11,536.2386257,289.24964587100243,276.504110488932,188.5904386,287.2932351,267.0305079,188.5904386
3539,5,28,12,560.7291335,295.83332584111554,281.4899804062751,194.7041182,226.4638194,286.1493036,194.7041182
3540,5,28,13,556.336708,293.7851116554967,279.7728597465418,193.5492191,193.5492191,283.5475896,232.8534183
3541,5,28,14,524.8148032,285.57710908306177,270.48996838028495,184.5957382,184.5957382,259.9651462,288.8642453
3542,5,28,15,464.7371821,308.5565254698452,219.45693843125503,163.2509115,163.2509115,220.4284866,339.9277412
3543,5,28,16,339.7419008,223.28488341267308,192.15118111566656,134.539594,134.539594,151.1687696,299.2944121
3544,5,28,17,215.8881703,113.7160975886056,159.2682325190954,102.8137335,96.12408953,96.12408953,192.0185938
3545,5,28,18,108.479017,50.66687225021902,92.4290744128598,63.56064085,53.41905546,53.41905546,97.84915605
3546,5,28,19,33.51770646,15.417124272652417,31.51427349934172,22.49566888,17.64271591,17.64271591,29.84033397
3547,5,28,20,0.0,0.0,0.0,0.0,0.0,0.0,0.0
3548,5,28,21,0.0,0.0,0.0,0.0,0.0,0.0,0.0
3549,5,28,22,0.0,0.0,0.0,0.0,0.0,0.0,0.0
3550,5,28,23,0.0,0.0,0.0,0.0,0.0,0.0,0.0
3551,5,28,24,0.0,0.0,0.0,0.0,0.0,0.0,0.0
3552,5,29,1,0.0,0.0,0.0,0.0,0.0,0.0,0.0
3553,5,29,2,0.0,0.0,0.0,0.0,0.0,0.0,0.0
3554,5,29,3,0.0,0.0,0.0,0.0,0.0,0.0,0.0
3555,5,29,4,0.0,0.0,0.0,0.0,0.0,0.0,0.0
3556,5,29,5,1.0,0.0,0.9911018610180083,0.507415862,0.507415862,0.507415862,0.507415862
3557,5,29,6,66.99734317,119.69735474886139,49.05885514899486,75.17079055,141.987912,34.10092378,34.10092378
3558,5,29,7,199.2738622,255.99254563917154,113.07403923838173,132.5979983,315.8528109,82.89223155,82.89223155
3559,5,29,8,314.7587571,307.00112319173735,156.17242261696023,134.402292,380.2566086,120.1044253,120.1044253
3560,5,29,9,397.3464535,285.1612029299098,204.25463043629443,146.255979,352.6599592,170.6991913,146.255979
3561,5,29,10,523.8738981,375.64100638949145,220.54637938450676,169.5624831,377.3208865,242.3368292,169.5624831
3562,5,29,11,627.7467384,460.40692313676226,213.94477918357376,178.7087496,336.6298546,302.9103434,178.7087496
3563,5,29,12,700.832756,532.5364305870062,197.7108783025352,178.8797752,236.5745315,342.9534344,178.8797752
3564,5,29,13,645.5055127,463.9174491784001,208.33714914923323,179.3887739,179.3887739,320.9744706,241.4443823
3565,5,29,14,565.9737833,388.67269053671754,219.40375440092168,175.7770706,175.7770706,277.7920217,317.8958146
3566,5,29,15,464.5400964,309.1801837513665,218.36120508025607,162.7120096,162.7120096,219.2958893,339.4365456
3567,5,29,16,339.8911684,223.0577665514237,192.1112307477296,134.5595902,134.5595902,150.7001521,298.8992235
3568,5,29,17,216.4661541,113.09775275930232,159.95608494371027,103.384156,96.51715547,96.51715547,191.7481546
3569,5,29,18,108.8190568,51.19492528228986,92.50070783986122,63.82702043,53.48540024,53.48540024,98.36431821
3570,5,29,19,34.52644932,16.132902726829823,32.39483754203005,23.27617923,18.14747291,18.14747291,30.96933128
3571,5,29,20,0.0,0.0,0.0,0.0,0.0,0.0,0.0
3572,5,29,21,0.0,0.0,0.0,0.0,0.0,0.0,0.0
3573,5,29,22,0.0,0.0,0.0,0.0,0.0,0.0,0.0
3574,5,29,23,0.0,0.0,0.0,0.0,0.0,0.0,0.0
3575,5,29,24,0.0,0.0,0.0,0.0,0.0,0.0,0.0
3576,5,30,1,0.0,0.0,0.0,0.0,0.0,0.0,0.0
3577,5,30,2,0.0,0.0,0.0,0.0,0.0,0.0,0.0
3578,5,30,3,0.0,0.0,0.0,0.0,0.0,0.0,0.0
3579,5,30,4,0.0,0.0,0.0,0.0,0.0,0.0,0.0
3580,5,30,5,1.0,0.0,0.9911018610180083,0.507416482,0.507416482,0.507416482,0.507416482
3581,5,30,6,53.13797448,61.36812988771925,43.85857770413374,48.3337336,81.77032188,27.53367649,27.53367649
3582,5,30,7,148.9054066,125.32737074803794,106.5617048972603,93.46285547,181.7935468,69.10388436,69.10388436
3583,5,30,8,222.781245,112.1834939708087,164.72272762449063,104.7744612,192.7525006,99.36290225,99.36290225
3584,5,30,9,265.0433593,101.72688110316146,196.07521353210677,119.2201638,191.6130435,127.5397315,119.2201638
3585,5,30,10,479.2310711,313.58040698992784,225.77483874051475,167.7988297,340.9170028,227.628407,167.7988297
3586,5,30,11,713.8758731,626.0178902461358,150.74931904029424,165.8758739,381.1551034,333.4547488,165.8758739
3587,5,30,12,922.1221422,918.3683565079482,53.732326053444204,146.6658517,246.8443385,428.0279812,146.6658517
3588,5,30,13,930.4826002,964.7612688303765,20.460229058804362,133.3489034,133.3489034,426.5482206,262.2532256
3589,5,30,14,888.5883796,973.9499324085238,19.092208940452142,125.2875182,125.2875182,380.0079933,482.4939676
3590,5,30,15,794.7660489,940.1492777852148,44.99578742491612,120.6791971,120.6791971,291.9440075,661.0929173
3591,5,30,16,629.7626768,895.2174249114181,35.33248497457194,98.43450348,98.43450348,162.1247897,764.416816
3592,5,30,17,434.7088993,802.8532189510692,32.18131966289975,127.9850883,76.52478106,76.52478106,768.7705508
3593,5,30,18,237.7086829,616.3365993623139,40.05965954387509,192.5901301,60.62958502,60.62958502,628.214733
3594,5,30,19,78.52779647,215.78964643704077,49.555867894889296,117.8963591,39.35988773,39.35988773,234.7165054
3595,5,30,20,1.0,0.0,0.9911018610180083,0.507416482,0.507416482,0.507416482,0.507416482
3596,5,30,21,0.0,0.0,0.0,0.0,0.0,0.0,0.0
3597,5,30,22,0.0,0.0,0.0,0.0,0.0,0.0,0.0
3598,5,30,23,0.0,0.0,0.0,0.0,0.0,0.0,0.0
3599,5,30,24,0.0,0.0,0.0,0.0,0.0,0.0,0.0
3600,5,31,1,0.0,0.0,0.0,0.0,0.0,0.0,0.0
3601,5,31,2,0.0,0.0,0.0,0.0,0.0,0.0,0.0
3602,5,31,3,0.0,0.0,0.0,0.0,0.0,0.0,0.0
3603,5,31,4,0.0,0.0,0.0,0.0,0.0,0.0,0.0
3604,5,31,5,1.0,0.0,0.9911018610180083,0.507417086,0.507417086,0.507417086,0.507417086
3605,5,31,6,112.085825,211.10040861118503,79.9012769905135,128.1853552,244.9668667,54.68629831,54.68629831
3606,5,31,7,352.3680763,634.0329728057093,137.48344448380746,238.2924376,690.8465685,111.4804709,111.4804709
3607,5,31,8,579.9542571,894.6709653123468,116.13812642654732,183.3786345,898.9414252,137.0146363,137.0146363
3608,5,31,9,772.8880483,1016.2778530074451,83.09227765263954,149.1241896,890.0501481,231.750237,149.1241896
3609,5,31,10,916.6604355,1054.7779918011383,63.36742957652096,156.3346555,742.7924942,356.3406259,156.3346555
3610,5,31,11,1004.685708,1067.643546003118,43.540025944402664,155.2671269,523.3119458,438.8672311,155.2671269
3611,5,31,12,1036.609657,1065.7101023340329,28.075960733664648,149.3061467,266.0767211,473.1937242,149.3061467
3612,5,31,13,1013.46947,1051.386995627872,20.808323056355576,142.0807962,142.0807962,459.0540552,281.7992168
3613,5,31,14,942.06949,1030.5144959499607,21.001271162392083,132.6991745,132.6991745,399.8657163,509.6979304
3614,5,31,15,818.8229702,966.886733199802,46.5334842834536,124.0798869,124.0798869,298.1800902,678.8428617
3615,5,31,16,649.6315355,921.4549236031806,36.439840231086265,101.2908888,101.2908888,165.0772009,785.7627728
3616,5,31,17,446.6015873,837.5677074525586,25.264287063887767,126.9678688,71.82005261,71.82005261,793.2001452
3617,5,31,18,243.6810627,646.8712313105398,35.016250027869845,197.5338604,57.98722346,57.98722346,653.2176926
3618,5,31,19,79.95769436,243.38675014996136,46.773681926794474,127.7354101,38.57636187,38.57636187,259.3126623
3619,5,31,20,1.0,0.0,0.9911018610180083,0.507417086,0.507417086,0.507417086,0.507417086
3620,5,31,21,0.0,0.0,0.0,0.0,0.0,0.0,0.0
3621,5,31,22,0.0,0.0,0.0,0.0,0.0,0.0,0.0
3622,5,31,23,0.0,0.0,0.0,0.0,0.0,0.0,0.0
3623,5,31,24,0.0,0.0,0.0,0.0,0.0,0.0,0.0
3624,6,1,1,0.0,0.0,0.0,0.0,0.0,0.0,0.0
3625,6,1,2,0.0,0.0,0.0,0.0,0.0,0.0,0.0
3626,6,1,3,0.0,0.0,0.0,0.0,0.0,0.0,0.0
3627,6,1,4,0.0,0.0,0.0,0.0,0.0,0.0,0.0
3628,6,1,5,0.0,0.0,0.0,0.0,0.0,0.0,0.0
3629,6,1,6,15.15498792,0.7879787233854717,15.033937001285903,8.542261623,9.104863018,8.184141263,8.184141263
3630,6,1,7,68.02316588,3.1580430955209837,66.94979278302516,35.82119293,38.38329602,35.09211068,35.09211068
3631,6,1,8,153.201999,24.825968153648933,140.3115069018275,76.75202604,97.04507337,75.37205975,75.37205975
3632,6,1,9,265.0866137,98.3762434726871,198.24451549518062,119.2292023,191.4513736,127.0444637,119.2292023
3633,6,1,10,494.4038001,327.63642821697744,229.13832614559394,169.7722174,352.3661663,231.2352729,169.7722174
3634,6,1,11,746.971923,669.8102883520785,143.53211921135022,164.2259916,395.4672774,340.6366552,164.2259916
3635,6,1,12,971.6420714,998.0723988929137,26.391828197686156,141.4388351,251.3182657,442.4195791,141.4388351
3636,6,1,13,944.0359434,978.4765745346534,19.386084199365797,133.7249406,133.7249406,426.5097624,263.0516191
3637,6,1,14,871.1053849,950.90314278322,20.23518368863462,124.6258627,124.6258627,369.1554205,471.7001161
3638,6,1,15,754.5465487,904.933051554587,30.652564547230053,115.0326075,115.0326075,276.2747386,633.623346
3639,6,1,16,609.5565739,853.502195255419,40.37333654959199,99.89735266,99.89735266,157.4726591,733.3843127
3640,6,1,17,429.6093328,776.6705284614775,37.63301792128751,132.4032084,79.96157581,79.96157581,748.548449
3641,6,1,18,239.1472548,612.5224057528973,40.43025515552248,194.0819146,60.79663893,60.79663893,624.9118691
3642,6,1,19,79.54529422,217.90799595417602,49.39228737266696,120.9183563,39.49882055,39.49882055,240.1885636
3643,6,1,20,1.0,0.0,1.0,0.507417673,0.507417673,0.507417673,0.507417673
3644,6,1,21,0.0,0.0,0.0,0.0,0.0,0.0,0.0
3645,6,1,22,0.0,0.0,0.0,0.0,0.0,0.0,0.0
3646,6,1,23,0.0,0.0,0.0,0.0,0.0,0.0,0.0
3647,6,1,24,0.0,0.0,0.0,0.0,0.0,0.0,0.0
3648,6,2,1,0.0,0.0,0.0,0.0,0.0,0.0,0.0
3649,6,2,2,0.0,0.0,0.0,0.0,0.0,0.0,0.0
3650,6,2,3,0.0,0.0,0.0,0.0,0.0,0.0,0.0
3651,6,2,4,0.0,0.0,0.0,0.0,0.0,0.0,0.0
3652,6,2,5,1.0,0.0,1.0,0.507418244,0.507418244,0.507418244,0.507418244
3653,6,2,6,106.7740374,257.2318188531798,66.9821445494596,140.9118991,285.4151647,47.91271601,47.91271601
3654,6,2,7,330.775802,614.0666534276511,121.51999904095592,231.8992315,669.5487477,105.4996853,105.4996853
3655,6,2,8,544.2230113,838.1019388179607,108.43313962958086,179.369604,846.6120547,131.9082014,131.9082014
3656,6,2,9,725.285582,942.5234906045977,84.2812333905204,144.6472498,832.0520779,216.8299305,144.6472498
3657,6,2,10,870.5729793,999.3241664772582,60.889629514948375,150.0490109,705.9670492,334.7879607,150.0490109
3658,6,2,11,965.9334467,1024.158788425306,42.629785208988416,150.7067943,504.367684,417.8674269,150.7067943
3659,6,2,12,1007.602377,1033.5289593394418,28.06495901386382,146.4807283,260.7996331,455.7269482,146.4807283
3660,6,2,13,966.6344808,1000.8904040914438,19.995691330425977,136.6893877,136.6893877,433.959751,268.2059077
3661,6,2,14,882.6730744,962.936940362925,20.09780716421071,125.7182328,125.7182328,371.3617902,476.2737641
3662,6,2,15,754.5100691,904.2453893972003,30.10805691029458,114.5993604,114.5993604,274.0147662,631.842896
3663,6,2,16,492.5759828,594.5818861002624,95.23836569916017,121.1639742,121.1639742,160.2744295,561.9857695
3664,6,2,17,274.7638707,261.3194403088626,142.46080774773077,126.5782008,108.4974824,108.4974824,333.6503478
3665,6,2,18,109.9092546,47.155924922355474,94.52566547454683,64.50965397,54.05200965,54.05200965,97.9936228
3666,6,2,19,35.55952492,12.627609834308899,33.78717152542243,23.62510163,18.71375331,18.71375331,30.77024099
3667,6,2,20,1.0,0.0,1.0,0.507418244,0.507418244,0.507418244,0.507418244
3668,6,2,21,0.0,0.0,0.0,0.0,0.0,0.0,0.0
3669,6,2,22,0.0,0.0,0.0,0.0,0.0,0.0,0.0
3670,6,2,23,0.0,0.0,0.0,0.0,0.0,0.0,0.0
3671,6,2,24,0.0,0.0,0.0,0.0,0.0,0.0,0.0
3672,6,3,1,0.0,0.0,0.0,0.0,0.0,0.0,0.0
3673,6,3,2,0.0,0.0,0.0,0.0,0.0,0.0,0.0
3674,6,3,3,0.0,0.0,0.0,0.0,0.0,0.0,0.0
3675,6,3,4,0.0,0.0,0.0,0.0,0.0,0.0,0.0
3676,6,3,5,1.0,0.0,1.0,0.507418797,0.507418797,0.507418797,0.507418797
3677,6,3,6,105.6512647,249.1894526370798,66.85913118309863,138.4218867,277.6930176,47.83072911,47.83072911
3678,6,3,7,333.5293712,617.7662599370011,122.51727568884685,234.6316918,673.1363927,106.1674644,106.1674644
3679,6,3,8,556.2103748,827.0761776267482,125.60458077130555,186.3538987,842.5845848,137.6774678,137.6774678
3680,6,3,9,752.3238458,983.6664716308568,82.77318940390586,146.6094034,863.7140232,219.6883878,146.6094034
3681,6,3,10,881.1164443,1010.5299948073699,61.80756926226653,151.6997314,713.8304138,336.1643675,151.6997314
3682,6,3,11,954.4790334,1012.0112718979475,41.556238586331126,148.9469572,498.6803526,410.6011602,148.9469572
3683,6,3,12,972.7548872,998.4410723910067,25.831267699506732,141.3862081,252.3716012,437.8896833,141.3862081
3684,6,3,13,920.5599133,948.2691090225404,22.959782150294092,134.8656766,134.8656766,414.5075756,258.7166835
3685,6,3,14,827.4037137,889.3524783795021,29.90854336081697,129.0472097,129.0472097,354.1961005,451.9750901
3686,6,3,15,697.1958754,818.886262542307,40.245534604062016,120.186753,120.186753,263.1078125,587.7633886
3687,6,3,16,542.9528028,736.6217472651845,49.70160352671325,107.0359534,107.0359534,154.3008125,652.2069823
3688,6,3,17,372.6050198,601.8471728771738,66.9571484095139,137.542544,95.12534023,95.12534023,612.0925818
3689,6,3,18,207.3324009,391.55071753322363,78.90899417724387,162.7487835,76.45102174,76.45102174,436.6401773
3690,6,3,19,70.79302459,163.06353460101232,47.59188249567555,97.32996555,35.96949127,35.96949127,186.0299574
3691,6,3,20,1.0,0.0,1.0,0.507418797,0.507418797,0.507418797,0.507418797
3692,6,3,21,0.0,0.0,0.0,0.0,0.0,0.0,0.0
3693,6,3,22,0.0,0.0,0.0,0.0,0.0,0.0,0.0
3694,6,3,23,0.0,0.0,0.0,0.0,0.0,0.0,0.0
3695,6,3,24,0.0,0.0,0.0,0.0,0.0,0.0,0.0
3696,6,4,1,0.0,0.0,0.0,0.0,0.0,0.0,0.0
3697,6,4,2,0.0,0.0,0.0,0.0,0.0,0.0,0.0
3698,6,4,3,0.0,0.0,0.0,0.0,0.0,0.0,0.0
3699,6,4,4,0.0,0.0,0.0,0.0,0.0,0.0,0.0
3700,6,4,5,1.0,0.0,1.0,0.507419334,0.507419334,0.507419334,0.507419334
3701,6,4,6,108.6562831,261.49440931574173,67.71565155534556,144.0477179,289.43758330000003,48.4980366,48.4980366
3702,6,4,7,320.0813418,570.8127486369457,124.69626323053892,225.4971792,629.1403618,105.6177006,105.6177006
3703,6,4,8,506.045126,749.2710956700424,115.5052551078005,176.8100571,769.3244016,131.1075894,131.1075894
3704,6,4,9,648.4888799,802.9964397135196,101.50511943588354,145.2970778,730.5646721,203.1897932,145.2970778
3705,6,4,10,719.3424062,756.3307209205974,105.76455140449113,153.8933463,574.7235883,290.2979775,153.8933463
3706,6,4,11,732.6393912,647.4981953814273,148.20548024453493,165.6504092,389.7100883,331.7030524,165.6504092
3707,6,4,12,701.1631637,523.8011608923536,204.07446653574354,181.4722863,240.0485571,336.0290289,181.4722863
3708,6,4,13,790.2194598,710.6154906064123,117.05321466153389,155.4182483,155.4182483,363.6202235,247.6816305
3709,6,4,14,826.3982321,887.0973279549985,30.122759961122988,129.1625803,129.1625803,352.113592,450.4178126
3710,6,4,15,798.33009,958.2023253056947,28.55737657595208,117.7533828,117.7533828,283.3886991,663.8476023
3711,6,4,16,640.0224579,898.2692523784517,37.35104568024137,100.6349682,100.6349682,156.9339612,764.4303238
3712,6,4,17,447.041572,821.4061553992423,28.641756114910308,133.4496037,74.5013192,74.5013192,779.0031513
3713,6,4,18,247.2568398,645.0456018556495,34.58626563772718,200.6382849,57.86748686,57.86748686,650.0943567
3714,6,4,19,82.29325793,251.24130745492232,46.075335036375215,133.5013915,38.86305417,38.86305417,269.5032135
3715,6,4,20,1.0,0.0,1.0,0.507419334,0.507419334,0.507419334,0.507419334
3716,6,4,21,0.0,0.0,0.0,0.0,0.0,0.0,0.0
3717,6,4,22,0.0,0.0,0.0,0.0,0.0,0.0,0.0
3718,6,4,23,0.0,0.0,0.0,0.0,0.0,0.0,0.0
3719,6,4,24,0.0,0.0,0.0,0.0,0.0,0.0,0.0
3720,6,5,1,0.0,0.0,0.0,0.0,0.0,0.0,0.0
3721,6,5,2,0.0,0.0,0.0,0.0,0.0,0.0,0.0
3722,6,5,3,0.0,0.0,0.0,0.0,0.0,0.0,0.0
3723,6,5,4,0.0,0.0,0.0,0.0,0.0,0.0,0.0
3724,6,5,5,1.0,0.0,1.0,0.507419852,0.507419852,0.507419852,0.507419852
3725,6,5,6,116.9932828,210.97269643278676,83.79342045377841,134.1638461,251.1096818,56.54010154,56.54010154
3726,6,5,7,355.551336,630.7043614811164,139.26302888610977,245.8656189,690.1873628,112.1645627,112.1645627
3727,6,5,8,582.2395593,886.2458360302348,119.84630260375394,194.1754558,892.709445,138.2938442,138.2938442
3728,6,5,9,774.4202789,1009.9170702183281,86.03613173698159,150.5415715,886.3148988,221.2014909,150.5415715
3729,6,5,10,918.2655696,1050.0980092317368,65.91629139226029,157.8707388,742.1009345,344.9738167,157.8707388
3730,6,5,11,1005.838915,1064.03183311315,44.94223647237141,156.4865647,524.8762327,426.9910017,156.4865647
3731,6,5,12,1036.906204,1061.9385316731957,28.52951390095296,150.1866243,269.487429,461.1058979,150.1866243
3732,6,5,13,1015.352077,1048.5575243025773,21.322574491585776,143.139714,143.139714,448.2678572,278.3631883
3733,6,5,14,943.2007012,1025.4686844140908,21.827891298334436,133.6912363,133.6912363,389.6446189,504.0516235
3734,6,5,15,821.3764545,984.5510653179698,29.384946814332636,120.7552909,120.7552909,289.4195996,680.8423785
3735,6,5,16,652.8697959,914.8503825773918,37.90651498000027,102.3302087,102.3302087,158.4111825,777.4218513
3736,6,5,17,451.3586897,832.4131438632415,26.12089494550551,133.4852673,72.74602476,72.74602476,785.8598812
3737,6,5,18,248.5839543,645.8783532753894,34.56400755497962,201.6337777,58.00148603,58.00148603,650.4402767
3738,6,5,19,83.90717754,253.0542504802872,46.96798871405678,135.0678951,39.51338256,39.51338256,271.6484586
3739,6,5,20,1.0,0.0,1.0,0.507419852,0.507419852,0.507419852,0.507419852
3740,6,5,21,0.0,0.0,0.0,0.0,0.0,0.0,0.0
3741,6,5,22,0.0,0.0,0.0,0.0,0.0,0.0,0.0
3742,6,5,23,0.0,0.0,0.0,0.0,0.0,0.0,0.0
3743,6,5,24,0.0,0.0,0.0,0.0,0.0,0.0,0.0
3744,6,6,1,0.0,0.0,0.0,0.0,0.0,0.0,0.0
3745,6,6,2,0.0,0.0,0.0,0.0,0.0,0.0,0.0
3746,6,6,3,0.0,0.0,0.0,0.0,0.0,0.0,0.0
3747,6,6,4,0.0,0.0,0.0,0.0,0.0,0.0,0.0
3748,6,6,5,1.0,0.0,1.0,0.507420353,0.507420353,0.507420353,0.507420353
3749,6,6,6,118.2685151,210.13551121706178,85.05059166237758,134.8010293,250.7414988,57.10460379,57.10460379
3750,6,6,7,356.1848116,632.0228121672011,139.091812335319,247.4008954,691.0387332,112.222622,112.222622
3751,6,6,8,583.5441408,886.1466243247173,120.80795978776648,196.4306872,892.7570365,138.7974341,138.7974341
3752,6,6,9,774.7093478,1009.97451779279,85.89907757399389,150.5501228,886.1968302,219.1607008,150.5501228
3753,6,6,10,904.194562,1034.5622735752331,64.06735421315443,155.4938752,731.185558,337.715692,155.4938752
3754,6,6,11,974.8945767,1032.3682689810341,42.15716320567401,151.6875006,509.496227,412.0648826,151.6875006
3755,6,6,12,988.5085016,1013.4576261276857,25.641428453717452,143.2596968,257.7543908,438.0237551,143.2596968
3756,6,6,13,801.7189997,728.4438917248503,110.67510895082285,152.8279668,152.8279668,363.5676881,246.17905
3757,6,6,14,598.9598072,432.0456533452196,210.4100898931207,173.4624173,173.4624173,280.723986,329.2546957
3758,6,6,15,396.0285701,181.73109056850564,249.6528431732898,158.5891543,158.5891543,189.5718723,262.1565571
3759,6,6,16,392.1645952,297.68343404059743,191.69283541822392,138.7245584,138.7245584,156.6309381,358.5119763
3760,6,6,17,325.3154874,418.29642734591664,111.02786310172573,137.846886,106.8348739,106.8348739,465.1372139
3761,6,6,18,209.4508647,391.25722384767397,79.17085830563808,164.495189,77.03069881,77.03069881,435.9423409
3762,6,6,19,72.42875398,164.67215378836298,48.10108066018582,99.04259608,36.63022296,36.63022296,187.8164698
3763,6,6,20,1.0,0.0,1.0,0.507420353,0.507420353,0.507420353,0.507420353
3764,6,6,21,0.0,0.0,0.0,0.0,0.0,0.0,0.0
3765,6,6,22,0.0,0.0,0.0,0.0,0.0,0.0,0.0
3766,6,6,23,0.0,0.0,0.0,0.0,0.0,0.0,0.0
3767,6,6,24,0.0,0.0,0.0,0.0,0.0,0.0,0.0
3768,6,7,1,0.0,0.0,0.0,0.0,0.0,0.0,0.0
3769,6,7,2,0.0,0.0,0.0,0.0,0.0,0.0,0.0
3770,6,7,3,0.0,0.0,0.0,0.0,0.0,0.0,0.0
3771,6,7,4,0.0,0.0,0.0,0.0,0.0,0.0,0.0
3772,6,7,5,1.0,0.0,1.0,0.507420837,0.507420837,0.507420837,0.507420837
3773,6,7,6,118.3689156,211.00135064296316,84.88229902765832,135.4977594,251.3789462,57.1234712,57.1234712
3774,6,7,7,357.4264575,630.9895113049427,140.38691702341603,248.8457929,690.2305882,112.7365045,112.7365045
3775,6,7,8,583.7919625,886.2155244058357,120.68815082397911,198.1311743,892.4903289,138.8075499,138.8075499
3776,6,7,9,775.9441967,1010.4515747603435,86.48418478369467,151.009772,886.8817603,217.6881738,151.009772
3777,6,7,10,871.4381434,998.7508885226093,60.07077546188841,149.9843203,705.8886787,323.9538153,149.9843203
3778,6,7,11,901.9317612,925.473317787453,65.42559869238524,151.0404619,472.1977952,382.7069134,151.0404619
3779,6,7,12,875.9076912,856.7337907845608,61.5305942620129,148.5514331,245.9139604,396.1931539,148.5514331
3780,6,7,13,802.9931992,729.9878971945714,110.02866104734672,152.620158,152.620158,362.5843498,245.5380339
3781,6,7,14,700.1980621,630.8932894862717,132.31369285743042,154.0568357,154.0568357,309.6356304,380.7838134
3782,6,7,15,571.9493405,519.1339773306685,153.29334832748611,150.4843752,150.4843752,238.0455031,444.9494828
3783,6,7,16,494.1313783,588.7236350806364,96.95487207580739,122.4275336,122.4275336,157.1060152,555.8365123
3784,6,7,17,372.2143632,586.5077055746254,70.93675315280356,141.4345523,97.39571121,97.39571121,598.9351587
3785,6,7,18,223.3090965,449.1119397799558,73.06174209449935,176.84397,76.0909328,76.0909328,487.6165523
3786,6,7,19,77.01025501,194.31147682968555,47.973043928502975,110.8596542,37.12224494,37.12224494,215.2824022
3787,6,7,20,1.0,0.0,1.0,0.507420837,0.507420837,0.507420837,0.507420837
3788,6,7,21,0.0,0.0,0.0,0.0,0.0,0.0,0.0
3789,6,7,22,0.0,0.0,0.0,0.0,0.0,0.0,0.0
3790,6,7,23,0.0,0.0,0.0,0.0,0.0,0.0,0.0
3791,6,7,24,0.0,0.0,0.0,0.0,0.0,0.0,0.0
3792,6,8,1,0.0,0.0,0.0,0.0,0.0,0.0,0.0
3793,6,8,2,0.0,0.0,0.0,0.0,0.0,0.0,0.0
3794,6,8,3,0.0,0.0,0.0,0.0,0.0,0.0,0.0
3795,6,8,4,0.0,0.0,0.0,0.0,0.0,0.0,0.0
3796,6,8,5,1.0,0.0,1.0,0.507421302,0.507421302,0.507421302,0.507421302
3797,6,8,6,38.80035517,12.747081376859509,36.77050341750586,25.29131477,32.49501807,20.37605139,20.37605139
3798,6,8,7,132.971565,72.29289084691543,108.07639251650892,78.51181095,129.3168638,62.66578738,62.66578738
3799,6,8,8,258.116459,178.55265927643225,164.75710638789567,122.0469583,262.0144676,109.7296599,109.7296599
3800,6,8,9,400.5995255,288.90779534727596,203.39442013701748,145.2497579,356.0397736,163.8149953,145.2497579
3801,6,8,10,603.2236118,525.1077294773396,176.4942985057011,165.7502675,458.335946,256.312736,165.7502675
3802,6,8,11,796.7145395,785.1627786263591,86.77133733283114,154.598508,427.4347348,349.7423985,154.598508
3803,6,8,12,954.1892709,953.3388103252659,47.564286291933655,145.7756574,254.760956,419.6879818,145.7756574
3804,6,8,13,778.8064454,693.6503417466514,119.92810161938671,156.2309747,156.2309747,354.669871,243.919006
3805,6,8,14,588.3131785,416.37644702126465,213.2017299518852,173.8704777,173.8704777,276.0465945,323.20631
3806,6,8,15,397.1905572,182.0823856169645,250.1746998757879,158.9848456,158.9848456,189.5632121,262.379517
3807,6,8,16,343.9033614,221.95620646146244,193.90491047328743,134.9934143,134.9934143,147.864608,298.5456435
3808,6,8,17,260.9848485,202.39047881102002,156.7475420985086,121.5754562,106.156733,106.156733,279.5204395
3809,6,8,18,160.1559761,151.3218012466635,109.3031488598851,105.2124045,71.02906171,71.02906171,210.0729387
3810,6,8,19,54.26061173,61.87277500302808,44.91290713445042,51.63616427,27.95692462,27.95692462,85.03897008
3811,6,8,20,1.0,0.0,1.0,0.507421302,0.507421302,0.507421302,0.507421302
3812,6,8,21,0.0,0.0,0.0,0.0,0.0,0.0,0.0
3813,6,8,22,0.0,0.0,0.0,0.0,0.0,0.0,0.0
3814,6,8,23,0.0,0.0,0.0,0.0,0.0,0.0,0.0
3815,6,8,24,0.0,0.0,0.0,0.0,0.0,0.0,0.0
3816,6,9,1,0.0,0.0,0.0,0.0,0.0,0.0,0.0
3817,6,9,2,0.0,0.0,0.0,0.0,0.0,0.0,0.0
3818,6,9,3,0.0,0.0,0.0,0.0,0.0,0.0,0.0
3819,6,9,4,0.0,0.0,0.0,0.0,0.0,0.0,0.0
3820,6,9,5,1.0,0.0,1.0,0.507421749,0.507421749,0.507421749,0.507421749
3821,6,9,6,57.40661467,62.22530517543411,47.469808918037366,52.95938984,87.00396395,29.53318879,29.53318879
3822,6,9,7,152.4670437,122.15538315018192,110.36186813702383,97.69264402,182.9538916,70.81082103,70.81082103
3823,6,9,8,225.4204137,107.70225616174467,169.0811705235496,108.5313156,192.9650546,100.8936558,100.8936558
3824,6,9,9,266.4949596,98.29581545593054,199.37977727650247,119.9759014,191.9905068,126.1444867,119.9759014
3825,6,9,10,375.4696111,151.86294826754815,252.02509010204614,157.6817293,242.6302918,183.6978999,157.6817293
3826,6,9,11,478.1285527,227.87408711434296,272.02000059140966,179.2447615,258.741125,235.6383106,179.2447615
3827,6,9,12,562.1638411,301.0186281065032,275.7746557697429,190.7092993,225.4017381,276.8820327,190.7092993
3828,6,9,13,424.6181983,106.70713340337855,323.20115556147664,186.553516,186.553516,217.122863,200.0350213
3829,6,9,14,275.7194707,39.94837670771809,239.70089143970387,132.9287111,132.9287111,142.8092471,147.4052936
3830,6,9,15,132.4244101,6.550971854746005,127.1289876469374,68.20380781,68.20380781,69.34928487,72.09577691
3831,6,9,16,109.0299753,4.35406480340743,106.08260059050168,56.37977544,56.37977544,56.64678174,59.82390897
3832,6,9,17,79.54806873,2.673008144597172,78.16789842219801,41.37910528,41.14889743,41.14889743,43.70828946
3833,6,9,18,46.67435443,1.7046567291055246,46.0989992708176,24.45710929,24.00604297,24.00604297,25.83409803
3834,6,9,19,15.15230938,0.7869423761609678,15.032173319913507,8.563308605,8.183967903,8.183967903,9.096602815
3835,6,9,20,0.0,0.0,0.0,0.0,0.0,0.0,0.0
3836,6,9,21,0.0,0.0,0.0,0.0,0.0,0.0,0.0
3837,6,9,22,0.0,0.0,0.0,0.0,0.0,0.0,0.0
3838,6,9,23,0.0,0.0,0.0,0.0,0.0,0.0,0.0
3839,6,9,24,0.0,0.0,0.0,0.0,0.0,0.0,0.0
3840,6,10,1,0.0,0.0,0.0,0.0,0.0,0.0,0.0
3841,6,10,2,0.0,0.0,0.0,0.0,0.0,0.0,0.0
3842,6,10,3,0.0,0.0,0.0,0.0,0.0,0.0,0.0
3843,6,10,4,0.0,0.0,0.0,0.0,0.0,0.0,0.0
3844,6,10,5,0.0,0.0,0.0,0.0,0.0,0.0,0.0
3845,6,10,6,16.16072442,0.7830549168694014,16.035392796418027,8.617334115,9.156617726,8.243254609,8.243254609
3846,6,10,7,46.69095911,1.710299334655155,46.10102962290113,24.44926998,25.83291001,24.00853853,24.00853853
3847,6,10,8,79.57111517,2.6757287059296804,78.17099284693488,41.37364821,43.70392792,41.15739468,41.15739468
3848,6,10,9,109.0497655,4.321000732664617,106.09883447471114,56.39978947,59.79008144,56.68241184,56.39978947
3849,6,10,10,132.4397703,6.538954814970855,127.12337921401466,68.21636584,72.04826939,69.37801351,68.21636584
3850,6,10,11,147.7145515,8.379435223439287,140.13345839434277,75.84060531,78.87650934,77.97722849,75.84060531
3851,6,10,12,155.8553832,9.712756919735275,146.6111498830804,79.83492844,80.99762348,82.6897739,79.83492844
3852,6,10,13,290.3615613,42.25913005371347,250.17557759081535,139.667296,139.667296,151.7954226,145.0026728
3853,6,10,14,402.403256,102.60354703230043,309.8213291325332,177.5088748,177.5088748,202.5872581,214.3271674
3854,6,10,15,466.6263975,313.1537466933543,213.21202831550215,159.4003045,159.4003045,211.2369531,336.2696519
3855,6,10,16,379.8294004,280.1281762284356,189.90028773397046,136.6695788,136.6695788,152.4087341,342.4235685
3856,6,10,17,273.7661375,258.33209299806487,140.05458368473094,127.4459551,107.4061827,107.4061827,328.0345191
3857,6,10,18,161.3479135,151.42113776089062,110.02696137229177,105.9120556,71.52335067,71.52335067,210.4503451
3858,6,10,19,55.30774425,62.0564078759767,45.739742972509475,52.29072457,28.47914249,28.47914249,85.6687909
3859,6,10,20,1.0,0.0,1.0,0.507422178,0.507422178,0.507422178,0.507422178
3860,6,10,21,0.0,0.0,0.0,0.0,0.0,0.0,0.0
3861,6,10,22,0.0,0.0,0.0,0.0,0.0,0.0,0.0
3862,6,10,23,0.0,0.0,0.0,0.0,0.0,0.0,0.0
3863,6,10,24,0.0,0.0,0.0,0.0,0.0,0.0,0.0
3864,6,11,1,0.0,0.0,0.0,0.0,0.0,0.0,0.0
3865,6,11,2,0.0,0.0,0.0,0.0,0.0,0.0,0.0
3866,6,11,3,0.0,0.0,0.0,0.0,0.0,0.0,0.0
3867,6,11,4,0.0,0.0,0.0,0.0,0.0,0.0,0.0
3868,6,11,5,2.0,0.0,2.0,1.018805392,1.018805392,1.018805392,1.018805392
3869,6,11,6,120.7706287,208.2800579211438,87.37645003201705,136.8944866,249.4328334,58.23215976,58.23215976
3870,6,11,7,358.9618059,634.4781645402404,140.00785473784953,253.8761261,692.2887412,112.8733776,112.8733776
3871,6,11,8,584.1850961,884.182524395601,121.4341566770469,204.3797052,890.2280427,139.2038242,139.2038242
3872,6,11,9,776.6762133,1010.0846114092167,86.77938012869384,151.4018564,886.9581931,211.1225751,151.4018564
3873,6,11,10,911.0536179,1041.1087618942984,64.4767727281374,156.7323103,737.2208721,330.9999212,156.7323103
3874,6,11,11,988.0890113,1045.0319680951939,42.41416707354871,153.6987426,518.3427736,408.3829297,153.6987426
3875,6,11,12,1008.417731,1032.6312787350296,25.26427468416113,145.7497325,266.0373083,437.7747872,145.7497325
3876,6,11,13,986.7628266,1017.757330668817,18.44336605337317,138.3280757,138.3280757,425.3001545,264.1951793
3877,6,11,14,917.8380999,994.9012767491135,19.451349410574704,129.0454454,129.0454454,369.4426856,482.5367322
3878,6,11,15,800.470536,954.9583317641458,26.870000424550934,116.5336254,116.5336254,273.4953542,654.0257431
3879,6,11,16,633.5206341,881.4531731590138,34.969478345910375,97.96900888,97.96900888,146.759406,743.276377
3880,6,11,17,438.7106519,781.963892892197,33.02105819813513,138.167929,77.1843432,77.1843432,743.0086055
3881,6,11,18,243.2281523,594.6301616692739,40.88550056257804,196.4779251,61.7268911,61.7268911,604.6432281
3882,6,11,19,84.92031386,230.72185295240666,49.01082780737818,129.0638103,41.09602904,41.09602904,252.0748853
3883,6,11,20,2.0,0.0,2.0,1.018805392,1.018805392,1.018805392,1.018805392
3884,6,11,21,0.0,0.0,0.0,0.0,0.0,0.0,0.0
3885,6,11,22,0.0,0.0,0.0,0.0,0.0,0.0,0.0
3886,6,11,23,0.0,0.0,0.0,0.0,0.0,0.0,0.0
3887,6,11,24,0.0,0.0,0.0,0.0,0.0,0.0,0.0
3888,6,12,1,0.0,0.0,0.0,0.0,0.0,0.0,0.0
3889,6,12,2,0.0,0.0,0.0,0.0,0.0,0.0,0.0
3890,6,12,3,0.0,0.0,0.0,0.0,0.0,0.0,0.0
3891,6,12,4,0.0,0.0,0.0,0.0,0.0,0.0,0.0
3892,6,12,5,2.0,0.0,2.0,1.01880696,1.01880696,1.01880696,1.01880696
3893,6,12,6,120.7915972,208.42601230892998,87.33369239558631,137.2356232,249.4428006,58.23502503,58.23502503
3894,6,12,7,355.1711778,623.4648636779654,139.96217136071476,251.9447114,681.6225311,112.4909701,112.4909701
3895,6,12,8,573.5454861,857.5823723341267,124.68924244421558,203.7844504,867.6268321,139.3002176,139.3002176
3896,6,12,9,754.5721395,983.0208211524495,83.13699849634746,147.4250399,863.3651889,204.0891374,147.4250399
3897,6,12,10,901.7578668,1031.1019625693605,63.25001348818831,155.1716475,730.426849,326.2706527,155.1716475
3898,6,12,11,997.4447641,1054.4535132451126,43.080086685342415,155.1713933,523.6922584,410.694257,155.1713933
3899,6,12,12,1038.418254,1062.414928068612,26.60449876253217,149.9626126,274.5302294,449.0499898,149.9626126
3900,6,12,13,963.214104,993.5606877655218,17.47119898323936,135.1456672,135.1456672,414.1895382,257.1093153
3901,6,12,14,848.2753826,912.8503159152474,23.40536677099371,125.8925026,125.8925026,345.6167351,449.3506857
3902,6,12,15,700.1276476,819.2052995782801,35.828612297980364,117.2987942,117.2987942,251.3256583,577.6188651
3903,6,12,16,486.3675037,556.6712088665471,107.80223697095776,127.5813001,127.5813001,158.0690942,534.8245357
3904,6,12,17,292.4688241,299.3740202615068,136.80208740335289,131.2083222,107.6786814,107.6786814,362.8022198
3905,6,12,18,137.9214506,104.43067859677696,102.24976852964072,89.33271303,65.49306945,65.49306945,161.3307743
3906,6,12,19,47.41065311,26.585741930070764,43.23581899144188,34.54369171,24.20298336,24.20298336,48.97578947
3907,6,12,20,1.0,0.0,1.0,0.50742298,0.50742298,0.50742298,0.50742298
3908,6,12,21,0.0,0.0,0.0,0.0,0.0,0.0,0.0
3909,6,12,22,0.0,0.0,0.0,0.0,0.0,0.0,0.0
3910,6,12,23,0.0,0.0,0.0,0.0,0.0,0.0,0.0
3911,6,12,24,0.0,0.0,0.0,0.0,0.0,0.0,0.0
3912,6,13,1,0.0,0.0,0.0,0.0,0.0,0.0,0.0
3913,6,13,2,0.0,0.0,0.0,0.0,0.0,0.0,0.0
3914,6,13,3,0.0,0.0,0.0,0.0,0.0,0.0,0.0
3915,6,13,4,0.0,0.0,0.0,0.0,0.0,0.0,0.0
3916,6,13,5,1.0,0.0,1.0,0.507423354,0.507423354,0.507423354,0.507423354
3917,6,13,6,97.26761358,210.60067878862642,63.43758937751843,126.0433706,238.8544081,46.0735982,46.0735982
3918,6,13,7,306.7427519,504.95433312323325,132.43435713666938,220.6834253,567.9135536,107.0265576,107.0265576
3919,6,13,8,532.8714623,806.090217569492,110.9938821745053,193.9138552,816.6748404,132.184056,132.184056
3920,6,13,9,740.5226118,963.6361562030594,82.35996707979312,145.6685484,847.6272392,199.8806987,145.6685484
3921,6,13,10,872.1526599,998.8344807964485,59.868017814688756,150.3194402,707.9432317,314.7198219,150.3194402
3922,6,13,11,949.5974096,1005.7724457664194,39.17886878893499,147.8845053,499.9800587,390.3284202,147.8845053
3923,6,13,12,973.3317062,997.667144713905,22.933993108203385,140.6628354,258.4160677,420.3550119,140.6628354
3924,6,13,13,898.9140035,896.0632056519964,45.606443508198986,139.8616349,139.8616349,390.6466951,249.0387161
3925,6,13,14,786.8189959,809.361443204154,54.98242583383998,133.0792117,133.0792117,327.2510015,419.1165442
3926,6,13,15,647.4302088,705.0936302018309,75.11427681641322,129.2945599,129.2945599,244.2098615,524.8983351
3927,6,13,16,533.2217676,703.9278017505163,53.83893721784232,108.9908671,108.9908671,147.1748743,623.1675099
3928,6,13,17,385.4001472,616.390593976034,64.20444438588233,143.4366018,94.83311466,94.83311466,618.9017308
3929,6,13,18,226.3477306,467.2433128598834,66.16498429537309,179.45704,73.23279633,73.23279633,499.5177148
3930,6,13,19,78.6504894,197.37485630256478,47.394123069427785,112.8187483,37.44684982,37.44684982,217.8592646
3931,6,13,20,1.0,0.0,1.0,0.507423354,0.507423354,0.507423354,0.507423354
3932,6,13,21,0.0,0.0,0.0,0.0,0.0,0.0,0.0
3933,6,13,22,0.0,0.0,0.0,0.0,0.0,0.0,0.0
3934,6,13,23,0.0,0.0,0.0,0.0,0.0,0.0,0.0
3935,6,13,24,0.0,0.0,0.0,0.0,0.0,0.0,0.0
3936,6,14,1,0.0,0.0,0.0,0.0,0.0,0.0,0.0
3937,6,14,2,0.0,0.0,0.0,0.0,0.0,0.0,0.0
3938,6,14,3,0.0,0.0,0.0,0.0,0.0,0.0,0.0
3939,6,14,4,0.0,0.0,0.0,0.0,0.0,0.0,0.0
3940,6,14,5,1.0,0.0,1.0,0.507423708,0.507423708,0.507423708,0.507423708
3941,6,14,6,58.41519261,63.631935730619965,48.191966932576634,54.38408977,88.56774521,29.99612922,29.99612922
3942,6,14,7,220.7551985,309.4442167413794,113.95481190900875,159.4247676,371.8697155,89.3336057,89.3336057
3943,6,14,8,450.7444561,592.7747570314104,140.56720267486597,181.3722946,638.7167421,135.1892689,135.1892689
3944,6,14,9,711.8916738,914.6542836193878,87.26532623374396,145.2845637,811.7500793,195.5649666,145.2845637
3945,6,14,10,850.6963676,970.6119280144981,61.39309286182431,149.1254919,691.3952977,307.6775467,149.1254919
3946,6,14,11,937.6779808,993.5847269187555,38.22019817402111,146.1296837,494.56737,384.4787166,146.1296837
3947,6,14,12,973.4985132,997.8598082529353,22.70624970433256,140.6534699,259.2225773,419.3452653,140.6534699
3948,6,14,13,936.3556319,964.307119660221,17.695998787329316,132.8855947,132.8855947,401.8961624,249.4753926
3949,6,14,14,856.7620732,923.3309813157634,21.35594291211542,124.8874372,124.8874372,345.7267375,450.2853685
3950,6,14,15,735.6893748,863.519159212181,34.13931448800695,115.8240499,115.8240499,256.065076,599.434125
3951,6,14,16,593.9275075,802.5828648559453,46.62348684206665,102.4749794,102.4749794,145.689901,688.0149987
3952,6,14,17,419.2108853,722.5066703793186,41.9475743973852,139.1125085,81.95795697,81.95795697,695.6389847
3953,6,14,18,238.6912476,549.8445806240153,49.539058956326635,191.3710713,66.31527837,66.31527837,567.5276339
3954,6,14,19,83.99234853,215.62105949583778,49.57462211782051,123.8456146,41.49662907,41.49662907,238.4977292
3955,6,14,20,2.0,0.0,2.0,1.01880987,1.01880987,1.01880987,1.01880987
3956,6,14,21,0.0,0.0,0.0,0.0,0.0,0.0,0.0
3957,6,14,22,0.0,0.0,0.0,0.0,0.0,0.0,0.0
3958,6,14,23,0.0,0.0,0.0,0.0,0.0,0.0,0.0
3959,6,14,24,0.0,0.0,0.0,0.0,0.0,0.0,0.0
3960,6,15,1,0.0,0.0,0.0,0.0,0.0,0.0,0.0
3961,6,15,2,0.0,0.0,0.0,0.0,0.0,0.0,0.0
3962,6,15,3,0.0,0.0,0.0,0.0,0.0,0.0,0.0
3963,6,15,4,0.0,0.0,0.0,0.0,0.0,0.0,0.0
3964,6,15,5,2.0,0.0,2.0,1.018811211,1.018811211,1.018811211,1.018811211
3965,6,15,6,121.6017057,204.05579520822363,88.82925878229341,136.83523,245.6580773,58.73089064,58.73089064
3966,6,15,7,360.0867094,633.7875736647612,141.4283770375285,257.5480107,691.3629065,113.3675233,113.3675233
3967,6,15,8,584.7416959,881.7328661768892,123.50745400779238,209.7758077,888.7137289,140.0429717,140.0429717
3968,6,15,9,776.6149736,1009.6799922934225,87.24050202495839,151.7662475,887.6779032,206.068317,151.7662475
3969,6,15,10,919.5888541,1050.0675350205734,65.75406005108925,158.5331478,745.6594949,328.8715657,158.5331478
3970,6,15,11,1005.809432,1063.5073601159986,43.02014205233177,156.2657017,529.905304,410.2688721,156.2657017
3971,6,15,12,1036.999312,1061.3183066729268,25.556274401267366,149.4882532,276.4563606,444.9031082,149.4882532
3972,6,15,13,998.6690643,1029.014611195269,18.011852814156242,139.591291,139.591291,425.8578964,263.0484123
3973,6,15,14,915.263216,990.1791562230728,18.855413519316162,128.3294695,128.3294695,364.5689892,476.345001
3974,6,15,15,786.3418389,912.9282656051007,44.0062823893721,118.3829383,118.3829383,266.256904,628.8549681
3975,6,15,16,626.196901,868.4258128103643,33.23391787165325,95.7657411,95.7657411,142.2715386,728.6110404
3976,6,15,17,437.8029122,773.7353816889561,33.00279688288046,138.3610293,77.02759057,77.02759057,733.6819705
3977,6,15,18,244.5562746,594.459000974409,39.38659533894938,196.1889441,60.96116685,60.96116685,602.4951707
3978,6,15,19,85.37086665,237.83193073906367,47.124052985490444,131.4778959,40.68240708,40.68240708,257.8267147
3979,6,15,20,2.0,0.0,2.0,1.018811211,1.018811211,1.018811211,1.018811211
3980,6,15,21,0.0,0.0,0.0,0.0,0.0,0.0,0.0
3981,6,15,22,0.0,0.0,0.0,0.0,0.0,0.0,0.0
3982,6,15,23,0.0,0.0,0.0,0.0,0.0,0.0,0.0
3983,6,15,24,0.0,0.0,0.0,0.0,0.0,0.0,0.0
3984,6,16,1,0.0,0.0,0.0,0.0,0.0,0.0,0.0
3985,6,16,2,0.0,0.0,0.0,0.0,0.0,0.0,0.0
3986,6,16,3,0.0,0.0,0.0,0.0,0.0,0.0,0.0
3987,6,16,4,0.0,0.0,0.0,0.0,0.0,0.0,0.0
3988,6,16,5,1.0,0.0,1.0,0.507424359,0.507424359,0.507424359,0.507424359
3989,6,16,6,87.60386287,169.35629017474852,60.427753841842616,106.6218742,196.5942707,41.68743647,41.68743647
3990,6,16,7,262.5458739,416.0393364209172,119.09697385420068,190.5674982,474.9088427,95.4253745,95.4253745
3991,6,16,8,438.6867523,579.9740879462252,135.43388484883502,175.7763234,621.9048941,129.243687,129.243687
3992,6,16,9,592.6361085,685.053657687164,125.041358677758,146.7203746,646.3603464,182.8283422,146.7203746
3993,6,16,10,574.4029803,483.20505247168586,181.55766045360986,165.7242486,436.3563011,243.6755703,165.7242486
3994,6,16,11,497.7349509,252.01301805923836,269.59085840886047,180.098669,269.0231657,240.1982955,180.098669
3995,6,16,12,380.4045462,82.59493683820284,301.67961481756333,172.2483901,182.2791955,195.3587859,172.2483901
3996,6,16,13,305.2514111,48.2685165563918,259.236326953289,145.3198348,145.3198348,158.8789018,151.135859
3997,6,16,14,219.1508963,24.419721011057266,197.03181847686878,108.20281,108.20281,114.1290634,116.9273092
3998,6,16,15,133.254567,7.557910331166733,127.1039123989411,68.29488883,68.29488883,69.57114809,72.70247889
3999,6,16,16,161.4675484,17.220165723022834,149.69529389672297,80.59993151,80.59993151,81.54411996,93.47898802
4000,6,16,17,154.8111335,46.80102950381873,130.28071287221206,79.13570963,75.38060963,75.38060963,115.5206694
4001,6,16,18,112.8437411,46.76758433837285,96.65263391116325,66.09524303,55.32434743,55.32434743,98.44170702
4002,6,16,19,37.97029084,12.610839618864038,35.92810925987515,24.89940264,19.91588599,19.91588599,31.83415536
4003,6,16,20,1.0,0.0,1.0,0.507424359,0.507424359,0.507424359,0.507424359
4004,6,16,21,0.0,0.0,0.0,0.0,0.0,0.0,0.0
4005,6,16,22,0.0,0.0,0.0,0.0,0.0,0.0,0.0
4006,6,16,23,0.0,0.0,0.0,0.0,0.0,0.0,0.0
4007,6,16,24,0.0,0.0,0.0,0.0,0.0,0.0,0.0
4008,6,17,1,0.0,0.0,0.0,0.0,0.0,0.0,0.0
4009,6,17,2,0.0,0.0,0.0,0.0,0.0,0.0,0.0
4010,6,17,3,0.0,0.0,0.0,0.0,0.0,0.0,0.0
4011,6,17,4,0.0,0.0,0.0,0.0,0.0,0.0,0.0
4012,6,17,5,1.0,0.0,1.0,0.507424656,0.507424656,0.507424656,0.507424656
4013,6,17,6,58.56594008,64.96115115180767,48.15604550403196,55.09631494,89.69770828,29.99595108,29.99595108
4014,6,17,7,220.9583543,310.4616470889361,113.99845606634835,160.6872908,372.616303,89.33653018,89.33653018
4015,6,17,8,450.832947,591.4937490931125,141.7275711512562,183.6529319,638.0976841,135.590271,135.590271
4016,6,17,9,712.0108333,915.7524029713948,87.1796584356343,145.333567,813.3285191,192.6826361,145.333567
4017,6,17,10,799.6528608,897.4052028493682,70.2159335821261,149.0532465,651.731221,292.8815901,149.0532465
4018,6,17,11,826.6137941,830.1114729179938,75.16557858002162,151.0149777,443.8111106,347.8269046,151.0149777
4019,6,17,12,804.5052634,719.3948033155588,118.74419535197936,158.4681398,245.747932,357.6622869,158.4681398
4020,6,17,13,640.0899734,447.60892794721144,213.25520782410314,180.9982136,180.9982136,305.1111778,233.9237756
4021,6,17,14,461.0472437,214.87687267851027,266.31706987299935,174.8147328,174.8147328,226.0478928,250.1560742
4022,6,17,15,284.9139976,53.83737789724936,241.06715166921717,133.872165,133.872165,142.6661541,164.2357379
4023,6,17,16,192.2108332,27.744292325767205,173.22216894509162,93.98764599,93.98764599,95.49515116,114.5599713
4024,6,17,17,110.1491498,9.493776423711541,105.1643761847397,56.63913834,55.85197865,55.85197865,64.26399992
4025,6,17,18,47.04100167,2.7128930224278243,46.099058940741635,24.72597978,24.04414173,24.04414173,26.77386926
4026,6,17,19,16.16278357,0.787120558729486,16.034488728761005,8.623859915,8.243314512,8.243314512,9.153636821
4027,6,17,20,0.0,0.0,0.0,0.0,0.0,0.0,0.0
4028,6,17,21,0.0,0.0,0.0,0.0,0.0,0.0,0.0
4029,6,17,22,0.0,0.0,0.0,0.0,0.0,0.0,0.0
4030,6,17,23,0.0,0.0,0.0,0.0,0.0,0.0,0.0
4031,6,17,24,0.0,0.0,0.0,0.0,0.0,0.0,0.0
4032,6,18,1,0.0,0.0,0.0,0.0,0.0,0.0,0.0
4033,6,18,2,0.0,0.0,0.0,0.0,0.0,0.0,0.0
4034,6,18,3,0.0,0.0,0.0,0.0,0.0,0.0,0.0
4035,6,18,4,0.0,0.0,0.0,0.0,0.0,0.0,0.0
4036,6,18,5,1.0,0.0,1.0,0.507424934,0.507424934,0.507424934,0.507424934
4037,6,18,6,39.96000008,14.778938717176404,37.5961238314847,26.73545264,34.77895405,20.87326816,20.87326816
4038,6,18,7,115.1626546,49.69516234527338,98.05903596007522,67.79229409,102.005357,56.20934998,56.20934998
4039,6,18,8,194.0551756,77.84873091848542,153.39989405205677,96.70716279,156.8842058,90.26339785,90.26339785
4040,6,18,9,267.140689,99.60823735726487,199.20687850251934,119.9972195,193.1302346,125.0897326,119.9972195
4041,6,18,10,416.8166017,200.47572960327324,253.90728300422006,162.8581192,275.6186678,194.926526,162.8581192
4042,6,18,11,569.259113,380.5464744061496,224.80778122289092,177.9660295,312.6223543,268.0246491,177.9660295
4043,6,18,12,701.641169,515.7285673605069,209.98998599239522,185.4525544,248.4912036,328.0220518,185.4525544
4044,6,18,13,725.5853228,562.7918446980703,188.77874347834646,176.7614906,176.7614906,332.519666,242.7634581
4045,6,18,14,708.9514208,642.0738702034416,126.80997293861428,151.9488291,151.9488291,304.4957904,375.9327845
4046,6,18,15,647.1757523,704.1349747598109,73.29208852981444,128.1645651,128.1645651,241.7871178,520.1410379
4047,6,18,16,394.94139,341.0879760610709,161.24272070966472,134.0535678,134.0535678,152.2642041,382.2043248
4048,6,18,17,186.0917556,71.00884929095241,148.74691056738462,92.92827978,87.25852665,87.25852665,147.9102636
4049,6,18,18,46.69591198,1.713579914818497,46.09932239649779,24.4639582,24.00980111,24.00980111,25.8289899
4050,6,18,19,16.16377903,0.7883946319310544,16.034501672774066,8.623623997,8.243312701,8.243312701,9.153554289
4051,6,18,20,0.0,0.0,0.0,0.0,0.0,0.0,0.0
4052,6,18,21,0.0,0.0,0.0,0.0,0.0,0.0,0.0
4053,6,18,22,0.0,0.0,0.0,0.0,0.0,0.0,0.0
4054,6,18,23,0.0,0.0,0.0,0.0,0.0,0.0,0.0
4055,6,18,24,0.0,0.0,0.0,0.0,0.0,0.0,0.0
4056,6,19,1,0.0,0.0,0.0,0.0,0.0,0.0,0.0
4057,6,19,2,0.0,0.0,0.0,0.0,0.0,0.0,0.0
4058,6,19,3,0.0,0.0,0.0,0.0,0.0,0.0,0.0
4059,6,19,4,0.0,0.0,0.0,0.0,0.0,0.0,0.0
4060,6,19,5,1.0,0.0,1.0,0.507425192,0.507425192,0.507425192,0.507425192
4061,6,19,6,63.3505934,77.24143880999733,51.02510333875917,61.79099069,102.7096697,31.84294019,31.84294019
4062,6,19,7,268.0162328,430.4706808399865,120.04068213834873,195.9050678,488.7605213,96.26330375,96.26330375
4063,6,19,8,584.6137134,883.4772997243771,123.59397143386146,213.3879445,890.5938379,140.0756432,140.0756432
4064,6,19,9,769.4151761,1002.9888863383076,85.72402886985208,150.4084587,882.752083,200.5908297,150.4084587
4065,6,19,10,902.5923842,1033.1761315535593,63.28753974328267,155.646094,735.5074752,319.6569898,155.646094
4066,6,19,11,977.7505037,1036.1280622779288,40.03197367447178,151.8392677,518.7449217,396.0962175,151.8392677
4067,6,19,12,989.1191039,1014.7818062143308,21.681931815027685,142.1563349,266.9479732,421.9483716,142.1563349
4068,6,19,13,951.4029183,981.713821701233,14.815863024573085,132.1685251,132.1685251,403.3586103,246.3113347
4069,6,19,14,868.4455104,937.8726483832826,17.75825739755991,122.6355233,122.6355233,345.2317719,448.8276493
4070,6,19,15,758.4525674,898.4023206302327,25.74497395303948,111.3357492,111.3357492,256.2828151,610.6330229
4071,6,19,16,605.829853,826.5156460558319,38.96411706037822,98.12521987,98.12521987,142.3014563,698.0814374
4072,6,19,17,424.208348,733.1333764041093,38.048358775790305,137.4491685,79.56598304,79.56598304,700.1948589
4073,6,19,18,243.4932615,582.8919724559659,40.043374902090314,193.5612213,61.32208567,61.32208567,591.5468133
4074,6,19,19,86.83432987,250.87124613698148,45.46918222932429,135.9101881,40.35658609,40.35658609,269.237508
4075,6,19,20,2.0,0.0,2.0,1.018815807,1.018815807,1.018815807,1.018815807
4076,6,19,21,0.0,0.0,0.0,0.0,0.0,0.0,0.0
4077,6,19,22,0.0,0.0,0.0,0.0,0.0,0.0,0.0
4078,6,19,23,0.0,0.0,0.0,0.0,0.0,0.0,0.0
4079,6,19,24,0.0,0.0,0.0,0.0,0.0,0.0,0.0
4080,6,20,1,0.0,0.0,0.0,0.0,0.0,0.0,0.0
4081,6,20,2,0.0,0.0,0.0,0.0,0.0,0.0,0.0
4082,6,20,3,0.0,0.0,0.0,0.0,0.0,0.0,0.0
4083,6,20,4,0.0,0.0,0.0,0.0,0.0,0.0,0.0
4084,6,20,5,2.0,0.0,2.0,1.018816762,1.018816762,1.018816762,1.018816762
4085,6,20,6,121.1022413,199.41508735041612,89.37233872719803,135.8815047,241.0274308,58.63581971,58.63581971
4086,6,20,7,359.8627973,630.7546236337168,143.34585431432475,260.1582407,688.6501677,113.7272937,113.7272937
4087,6,20,8,584.7269071,884.3813198632816,123.65069470446576,214.1410137,891.5816242,140.1038299,140.1038299
4088,6,20,9,776.4816898,1011.8355444896006,87.17197939100558,151.8438362,891.0799211,201.7806591,151.8438362
4089,6,20,10,919.1004585,1051.8684226658058,64.92979313846956,158.2625157,749.2538187,324.6143457,158.2625157
4090,6,20,11,1005.201266,1064.463942443968,42.014492430258706,155.9851899,533.7222729,406.4012357,155.9851899
4091,6,20,12,959.4584927,984.4326695351648,20.958548254340293,138.6878491,260.5887617,409.7491723,138.6878491
4092,6,20,13,865.6040211,856.0770143480848,48.73296177408466,139.6576156,139.6576156,375.9896856,238.4180242
4093,6,20,14,738.3625723,735.39779334874,71.07449532210981,139.8084053,139.8084053,314.3590269,394.9802484
4094,6,20,15,689.2716119,800.8354149674798,35.73018263486008,116.257313,116.257313,245.5603176,560.7259777
4095,6,20,16,584.6467875,782.9933845306604,47.124648891748805,101.8006056,101.8006056,143.8354468,669.6955655
4096,6,20,17,431.9648738,755.2241079936256,33.60094097987569,136.2652031,76.88421274,76.88421274,715.8629645
4097,6,20,18,228.4272137,452.7736524722195,70.02307561896197,178.5298912,75.92772505,75.92772505,487.9099173
4098,6,20,19,75.09828713,141.6809987012593,51.6184695396063,90.2918638,36.25584493,36.25584493,165.8264015
4099,6,20,20,1.0,0.0,1.0,0.507425431,0.507425431,0.507425431,0.507425431
4100,6,20,21,0.0,0.0,0.0,0.0,0.0,0.0,0.0
4101,6,20,22,0.0,0.0,0.0,0.0,0.0,0.0,0.0
4102,6,20,23,0.0,0.0,0.0,0.0,0.0,0.0,0.0
4103,6,20,24,0.0,0.0,0.0,0.0,0.0,0.0,0.0
4104,6,21,1,0.0,0.0,0.0,0.0,0.0,0.0,0.0
4105,6,21,2,0.0,0.0,0.0,0.0,0.0,0.0,0.0
4106,6,21,3,0.0,0.0,0.0,0.0,0.0,0.0,0.0
4107,6,21,4,0.0,0.0,0.0,0.0,0.0,0.0,0.0
4108,6,21,5,2.0,0.0,2.0,1.018817639,1.018817639,1.018817639,1.018817639
4109,6,21,6,108.5466136,247.9215366803265,69.23080471975214,145.1383574,275.3545192,49.15823507,49.15823507
4110,6,21,7,306.4708183,498.57085947375367,135.60434634632875,223.9152186,562.3949039,107.8065227,107.8065227
4111,6,21,8,486.0036273,691.7621947599699,125.71544854052595,191.6341854,721.3599133,133.2714323,133.2714323
4112,6,21,9,515.4940412,503.3246821930864,172.83568818654788,151.9487046,520.2070213,176.5194956,151.9487046
4113,6,21,10,468.2810696,305.04238978134623,220.67672105323246,163.3131329,335.1977226,211.4920892,163.3131329
4114,6,21,11,361.4663445,81.90398441916227,287.37168795352994,163.1585363,192.5276021,182.5554567,163.1585363
4115,6,21,12,520.300498,260.1039237026487,272.34296534825364,185.107458,217.6148075,256.8274661,185.107458
4116,6,21,13,653.340221,465.00048326942033,209.57250366890597,180.5464373,180.5464373,308.9890296,233.8158245
4117,6,21,14,738.5402554,735.4365341805812,70.99063226529803,139.8015674,139.8015674,314.4208222,394.3528605
4118,6,21,15,683.4242491,792.2407651529628,36.52753301371942,116.3124328,116.3124328,244.4043681,555.4179473
4119,6,21,16,577.031113,766.9586384847794,50.057617177800005,102.9683785,102.9683785,144.400986,658.7880621
4120,6,21,17,423.7352352,732.6775408085399,36.75378567051493,135.8307299,78.5285729,78.5285729,698.1553487
4121,6,21,18,223.2394114,431.9862386269016,71.7827055365361,173.6216838,75.92549206,75.92549206,468.9450641
4122,6,21,19,72.81888509,122.87059653162405,52.36266776146682,83.25118935,36.41180046,36.41180046,148.8746425
4123,6,21,20,1.0,0.0,1.0,0.50742565,0.50742565,0.50742565,0.50742565
4124,6,21,21,0.0,0.0,0.0,0.0,0.0,0.0,0.0
4125,6,21,22,0.0,0.0,0.0,0.0,0.0,0.0,0.0
4126,6,21,23,0.0,0.0,0.0,0.0,0.0,0.0,0.0
4127,6,21,24,0.0,0.0,0.0,0.0,0.0,0.0,0.0
4128,6,22,1,0.0,0.0,0.0,0.0,0.0,0.0,0.0
4129,6,22,2,0.0,0.0,0.0,0.0,0.0,0.0,0.0
4130,6,22,3,0.0,0.0,0.0,0.0,0.0,0.0,0.0
4131,6,22,4,0.0,0.0,0.0,0.0,0.0,0.0,0.0
4132,6,22,5,2.0,0.0,2.0,1.018818436,1.018818436,1.018818436,1.018818436
4133,6,22,6,112.8218139,263.44528983875273,71.20473718573056,152.3511113,290.5185528,50.22089706,50.22089706
4134,6,22,7,334.3800506,602.7056434493451,128.19932163501335,248.8811457,657.6127249,108.2275935,108.2275935
4135,6,22,8,545.5769344,836.6582708554237,110.31268878474103,204.2157055,844.5699322,133.1923799,133.1923799
4136,6,22,9,726.701832,944.19843096055,84.37882561082212,145.5087541,836.250214,191.1206014,145.5087541
4137,6,22,10,861.5888705,990.7092112180701,57.810323914600055,148.4643922,706.3776293,304.2913805,148.4643922
4138,6,22,11,942.8325825,1002.4569632782711,36.198767561431076,145.903312,503.1874835,381.094143,145.903312
4139,6,22,12,972.5384083,999.5350906414321,19.753794435719016,139.254074,264.7456401,414.084813,139.254074
4140,6,22,13,952.5874908,983.5137537231903,13.883775383144522,131.7255641,131.7255641,403.1462858,243.3989487
4141,6,22,14,885.7096679,958.5794852121039,15.355578816195166,121.912981,121.912981,349.6543721,452.8277297
4142,6,22,15,782.6315243,908.823609701757,40.15474088318037,115.3147385,115.3147385,262.5546848,618.3786373
4143,6,22,16,631.7913168,875.5074090146305,29.752858865461555,93.39394735,93.39394735,141.0692823,727.3311862
4144,6,22,17,444.8224531,794.1735708767093,24.852292787602735,132.4494473,70.75101812,70.75101812,742.0530479
4145,6,22,18,244.9536086,593.5034945266751,36.46055748614523,192.9153492,59.107163,59.107163,598.6497421
4146,6,22,19,85.38267752,227.3622611944236,47.37381072255545,127.4804696,41.17977509,41.17977509,248.7191177
4147,6,22,20,2.0,0.0,2.0,1.018818436,1.018818436,1.018818436,1.018818436
4148,6,22,21,0.0,0.0,0.0,0.0,0.0,0.0,0.0
4149,6,22,22,0.0,0.0,0.0,0.0,0.0,0.0,0.0
4150,6,22,23,0.0,0.0,0.0,0.0,0.0,0.0,0.0
4151,6,22,24,0.0,0.0,0.0,0.0,0.0,0.0,0.0
4152,6,23,1,0.0,0.0,0.0,0.0,0.0,0.0,0.0
4153,6,23,2,0.0,0.0,0.0,0.0,0.0,0.0,0.0
4154,6,23,3,0.0,0.0,0.0,0.0,0.0,0.0,0.0
4155,6,23,4,0.0,0.0,0.0,0.0,0.0,0.0,0.0
4156,6,23,5,2.0,0.0,2.0,1.018819155,1.018819155,1.018819155,1.018819155
4157,6,23,6,120.2632482,192.40914240419153,89.99959797232457,133.3934596,234.4682159,58.50435876,58.50435876
4158,6,23,7,359.3172453,626.6831868357516,145.3639942568881,260.6266144,685.4542863,114.0573913,114.0573913
4159,6,23,8,584.2415063,883.7807717429008,125.02928165508143,215.9190523,892.2874009,140.5045628,140.5045628
4160,6,23,9,775.7594625,1012.877591220169,87.27646504795568,151.859109,893.382497,200.4196854,151.859109
4161,6,23,10,917.9803434,1052.00807921671,64.92140547315299,158.2440848,751.4111329,323.438414,158.2440848
4162,6,23,11,1005.389576,1065.729138678686,41.8278636503139,156.084754,536.774088,405.9687547,156.084754
4163,6,23,12,882.6910016,869.2403583110681,54.201424371097644,145.7898114,255.6844731,384.8014796,145.7898114
4164,6,23,13,717.4084667,552.7320459982924,189.82318727410396,176.6922496,176.6922496,329.4193449,239.0079615
4165,6,23,14,537.2373903,349.90020620145117,219.45959388350502,172.1993748,172.1993748,255.5561968,292.877578
4166,6,23,15,564.4629711,499.52741983116056,156.17606759135444,151.5126216,151.5126216,232.7171139,427.868335
4167,6,23,16,521.1922157,669.884471371311,60.2139135882664,111.920701,111.920701,148.7662256,596.7095326
4168,6,23,17,411.4036041,698.1019371091885,41.83112613580794,134.8766006,81.06014722,81.06014722,671.0077407
4169,6,23,18,237.5010267,530.5012937393822,50.81139614000164,186.3315327,67.04241156,67.04241156,549.3693695
4170,6,23,19,84.13094618,219.55824647816547,47.292586789890876,124.2612515,41.05574829,41.05574829,241.520966
4171,6,23,20,2.0,0.0,2.0,1.018819155,1.018819155,1.018819155,1.018819155
4172,6,23,21,0.0,0.0,0.0,0.0,0.0,0.0,0.0
4173,6,23,22,0.0,0.0,0.0,0.0,0.0,0.0,0.0
4174,6,23,23,0.0,0.0,0.0,0.0,0.0,0.0,0.0
4175,6,23,24,0.0,0.0,0.0,0.0,0.0,0.0,0.0
4176,6,24,1,0.0,0.0,0.0,0.0,0.0,0.0,0.0
4177,6,24,2,0.0,0.0,0.0,0.0,0.0,0.0,0.0
4178,6,24,3,0.0,0.0,0.0,0.0,0.0,0.0,0.0
4179,6,24,4,0.0,0.0,0.0,0.0,0.0,0.0,0.0
4180,6,24,5,2.0,0.0,2.0,1.018819795,1.018819795,1.018819795,1.018819795
4181,6,24,6,119.8045515,188.74778893103874,90.25993304162876,131.9922955,231.0768481,58.43895491,58.43895491
4182,6,24,7,358.5024583,625.0123946591848,145.58880329146726,260.3969816,683.9668766,113.9743327,113.9743327
4183,6,24,8,584.1815555,884.6292907782082,125.14511530731733,216.3098174,893.3753748,140.5234665,140.5234665
4184,6,24,9,775.2133072,1012.8814935491729,87.33700350897828,151.8387524,893.9478932,200.1395005,151.8387524
4185,6,24,10,918.3463624,1053.0423209032692,64.94473783694579,158.3179643,752.8248358,323.517123,158.3179643
4186,6,24,11,1005.085728,1065.7987288220772,41.79630742892346,156.088769,537.6697265,405.9596612,156.088769
4187,6,24,12,1015.548159,1042.7747372964757,21.809020958605757,145.6111262,278.3335129,432.414078,145.6111262
4188,6,24,13,972.7830624,1004.3819858692945,14.064937716273883,134.2547505,134.2547505,411.8219959,246.5260643
4189,6,24,14,885.9701951,958.8696126675515,14.941906851117343,121.6130375,121.6130375,350.1065934,451.0721184
4190,6,24,15,767.9746677,892.096376222798,38.52092263443483,112.7079077,112.7079077,258.1087543,605.305168
4191,6,24,16,609.2239223,834.1282736867086,34.84601630577927,95.28970117,95.28970117,141.6947052,698.4502575
4192,6,24,17,422.9276145,731.214800742333,35.44255771741172,133.2936158,77.43976969,77.43976969,695.1476501
4193,6,24,18,241.6631592,568.1960509923352,41.39479315734604,189.388536,62.05397398,62.05397398,578.5598006
4194,6,24,19,85.89445073,236.3060619255693,46.12003151533462,130.1109129,40.75114219,40.75114219,256.4964957
4195,6,24,20,2.0,0.0,2.0,1.018819795,1.018819795,1.018819795,1.018819795
4196,6,24,21,0.0,0.0,0.0,0.0,0.0,0.0,0.0
4197,6,24,22,0.0,0.0,0.0,0.0,0.0,0.0,0.0
4198,6,24,23,0.0,0.0,0.0,0.0,0.0,0.0,0.0
4199,6,24,24,0.0,0.0,0.0,0.0,0.0,0.0,0.0
4200,6,25,1,0.0,0.0,0.0,0.0,0.0,0.0,0.0
4201,6,25,2,0.0,0.0,0.0,0.0,0.0,0.0,0.0
4202,6,25,3,0.0,0.0,0.0,0.0,0.0,0.0,0.0
4203,6,25,4,0.0,0.0,0.0,0.0,0.0,0.0,0.0
4204,6,25,5,2.0,0.0,2.0,1.018820355,1.018820355,1.018820355,1.018820355
4205,6,25,6,119.647595,186.9142114608238,90.54537689006875,131.3089334,229.3847711,58.40177823,58.40177823
4206,6,25,7,357.9933259,624.2869518805313,145.83504642866257,260.3594161,683.4000739,113.9217683,113.9217683
4207,6,25,8,583.562067,884.4641398379913,125.27604821392077,216.4703062,893.5850774,140.4882767,140.4882767
4208,6,25,9,775.3076161,1013.8803945317898,87.41009455809306,151.8848797,895.3447873,200.0822963,151.8848797
4209,6,25,10,917.867444,1053.0690775813187,64.9825975245533,158.3102735,753.615519,323.4751291,158.3102735
4210,6,25,11,1004.750092,1065.8582703402976,41.78067204329812,156.0932348,538.5760475,406.0729379,156.0932348
4211,6,25,12,1014.375445,1042.1703956883969,21.39739570400162,145.267425,278.8114684,432.1281127,145.267425
4212,6,25,13,972.7224172,1004.7303408462221,13.676185225790041,133.9914525,133.9914525,412.0184666,245.4360575
4213,6,25,14,886.0037358,959.1152860097172,14.601775668098744,121.3072139,121.3072139,350.3578754,450.1053227
4214,6,25,15,777.0278395,903.5393215789436,37.95094604970064,113.2266424,113.2266424,261.0755736,611.5733029
4215,6,25,16,622.6404282,862.2361745838335,28.562894357777644,91.49112985,91.49112985,140.094284,714.581907
4216,6,25,17,437.2189977,771.7335217295882,27.904272782490033,131.0229392,72.68886666,72.68886666,724.4231226
4217,6,25,18,247.601155,610.237448655549,32.22008486858124,192.6030606,56.35804679,56.35804679,611.0193556
4218,6,25,19,86.82959891,254.37900713557505,43.897449235393545,135.8407068,39.87588515,39.87588515,272.1145749
4219,6,25,20,2.0,0.0,2.0,1.018820355,1.018820355,1.018820355,1.018820355
4220,6,25,21,0.0,0.0,0.0,0.0,0.0,0.0,0.0
4221,6,25,22,0.0,0.0,0.0,0.0,0.0,0.0,0.0
4222,6,25,23,0.0,0.0,0.0,0.0,0.0,0.0,0.0
4223,6,25,24,0.0,0.0,0.0,0.0,0.0,0.0,0.0
4224,6,26,1,0.0,0.0,0.0,0.0,0.0,0.0,0.0
4225,6,26,2,0.0,0.0,0.0,0.0,0.0,0.0,0.0
4226,6,26,3,0.0,0.0,0.0,0.0,0.0,0.0,0.0
4227,6,26,4,0.0,0.0,0.0,0.0,0.0,0.0,0.0
4228,6,26,5,2.0,0.0,2.0,1.018820836,1.018820836,1.018820836,1.018820836
4229,6,26,6,119.0154555,181.9012666490821,90.85804053688403,129.3264995,224.7640464,58.31506056,58.31506056
4230,6,26,7,357.1109109,622.5061746087815,146.10345105242297,259.9774448,681.8634391,113.8317553,113.8317553
4231,6,26,8,582.9033151,884.2854352995255,125.4217751244776,216.5370875,893.8181186,140.4509613,140.4509613
4232,6,26,9,774.6861628,1013.873391496709,87.49693896817509,151.8618034,895.9703493,200.0179519,151.8618034
4233,6,26,10,917.354925,1053.0885945168366,65.03458687792688,158.3020764,754.4268571,323.5510844,158.3020764
4234,6,26,11,1005.285909,1066.9086024328433,41.779968543821155,156.1884081,539.9417579,406.6340997,156.1884081
4235,6,26,12,1036.314735,1063.9522575201258,22.80853726160732,148.746741,285.9963615,441.9571505,148.746741
4236,6,26,13,1014.075568,1046.1806371204157,15.505298794949107,140.1954213,140.1954213,430.1894968,255.3532367
4237,6,26,14,944.242815,1020.3035195453822,17.12785915218088,130.1072323,130.1072323,374.4124041,479.1152929
4238,6,26,15,823.4962102,955.6579636941808,41.54792314472902,120.4332408,120.4332408,277.5274828,646.9594459
4239,6,26,16,656.6174416,909.520886898894,29.644486967691105,95.83765326,95.83765326,147.8657166,752.7357388
4240,6,26,17,455.5245166,825.3036583493415,17.46414126842777,126.5692077,64.91878728,64.91878728,761.706338
4241,6,26,18,252.5999142,641.2621910268027,26.003968890669903,194.5753342,51.98684847,51.98684847,634.8408493
4242,6,26,19,87.24374661,262.8307755250681,42.786441898581614,138.34329,39.43008627,39.43008627,279.4292154
4243,6,26,20,2.0,0.0,2.0,1.018820836,1.018820836,1.018820836,1.018820836
4244,6,26,21,0.0,0.0,0.0,0.0,0.0,0.0,0.0
4245,6,26,22,0.0,0.0,0.0,0.0,0.0,0.0,0.0
4246,6,26,23,0.0,0.0,0.0,0.0,0.0,0.0,0.0
4247,6,26,24,0.0,0.0,0.0,0.0,0.0,0.0,0.0
4248,6,27,1,0.0,0.0,0.0,0.0,0.0,0.0,0.0
4249,6,27,2,0.0,0.0,0.0,0.0,0.0,0.0,0.0
4250,6,27,3,0.0,0.0,0.0,0.0,0.0,0.0,0.0
4251,6,27,4,0.0,0.0,0.0,0.0,0.0,0.0,0.0
4252,6,27,5,2.0,0.0,2.0,1.018821236,1.018821236,1.018821236,1.018821236
4253,6,27,6,117.377588,180.1302653188287,89.66975691459191,128.0565978,222.5603222,57.70947316,57.70947316
4254,6,27,7,357.1964948,619.1790426818145,147.89749967739323,259.6575588,679.4369418,114.2243543,114.2243543
4255,6,27,8,582.69012,882.8351164929209,126.71596653203166,216.8356206,893.4399976,140.8454399,140.8454399
4256,6,27,9,774.0286523,1013.8606572589129,87.59716275390483,151.8374298,896.6240662,200.062704,151.8374298
4257,6,27,10,916.8094533,1053.10062847357,65.10091640877997,158.2933694,755.2573958,323.7454345,158.2933694
4258,6,27,11,1003.887461,1066.3100599938437,41.37209639237496,155.8166769,540.2582978,406.4661117,155.8166769
4259,6,27,12,1035.076457,1063.3361275929078,22.419052929388275,148.4071261,286.485841,441.9255295,148.4071261
4260,6,27,13,1014.94808,1047.3246504664917,15.36467193478845,140.2930701,140.2930701,431.218121,254.7091993
4261,6,27,14,943.3016142,1019.5873860079286,16.756869266100527,129.7118926,129.7118926,374.5954693,477.7341371
4262,6,27,15,780.484398,908.0181963874164,37.32983144911008,113.1775042,113.1775042,263.2137431,612.9441043
4263,6,27,16,590.3730959,797.2986118156842,40.52447208343703,97.76094098,97.76094098,144.1152312,673.3555921
4264,6,27,17,393.615524,635.5105934141143,56.07748252227925,135.3864497,88.519203,88.519203,625.1324645
4265,6,27,18,229.4532751,483.55298600457826,58.419920480502306,177.7937316,70.69151713,70.69151713,510.4673377
4266,6,27,19,81.30887879,202.05908796353523,47.07130115927015,116.6966253,40.77616188,40.77616188,225.5140696
4267,6,27,20,2.0,0.0,2.0,1.018821236,1.018821236,1.018821236,1.018821236
4268,6,27,21,0.0,0.0,0.0,0.0,0.0,0.0,0.0
4269,6,27,22,0.0,0.0,0.0,0.0,0.0,0.0,0.0
4270,6,27,23,0.0,0.0,0.0,0.0,0.0,0.0,0.0
4271,6,27,24,0.0,0.0,0.0,0.0,0.0,0.0,0.0
4272,6,28,1,0.0,0.0,0.0,0.0,0.0,0.0,0.0
4273,6,28,2,0.0,0.0,0.0,0.0,0.0,0.0,0.0
4274,6,28,3,0.0,0.0,0.0,0.0,0.0,0.0,0.0
4275,6,28,4,0.0,0.0,0.0,0.0,0.0,0.0,0.0
4276,6,28,5,2.0,0.0,2.0,1.018821557,1.018821557,1.018821557,1.018821557
4277,6,28,6,116.8870934,175.80895522280494,90.02744345888624,126.3193205,218.596749,57.63349968,57.63349968
4278,6,28,7,356.2510123,617.2702429503178,148.2133112293315,259.1182131,677.8318395,114.1272676,114.1272676
4279,6,28,8,582.471709,883.6251943528492,126.8927712006872,216.8505161,894.617789,140.8556077,140.8556077
4280,6,28,9,773.3359136,1013.8420427852684,87.71086989087132,151.8117784,897.3047883,200.2171621,151.8117784
4281,6,28,10,916.231655,1053.1049680753797,65.18176395146118,158.2841482,756.1056619,324.0585677,158.2841482
4282,6,28,11,1003.458344,1066.3377654049218,41.405538522437396,155.8220338,541.1867934,406.947582,155.8220338
4283,6,28,12,1018.433746,1047.4928137839438,21.158382245514662,145.7749548,282.6847435,435.5130845,145.7749548
4284,6,28,13,983.0271765,1015.9518050642089,13.49928861456121,135.3105834,135.3105834,418.2288451,245.476628
4285,6,28,14,899.7976872,974.3595237005392,14.315237698202779,122.6743059,122.6743059,357.5148951,454.5760658
4286,6,28,15,631.7316047,675.8424249985164,78.49000992507501,130.1850727,130.1850727,242.5251706,501.8824985
4287,6,28,16,391.7209718,334.74086142643773,160.78948634533063,133.6168473,133.6168473,153.4491739,375.496746
4288,6,28,17,190.4660667,78.31434151340619,148.84915594093815,93.49078299,87.75645801,87.75645801,154.3649301
4289,6,28,18,161.9448459,178.70336263145734,98.68891840866806,111.4665849,71.97037969,71.97037969,234.9507194
4290,6,28,19,71.13295637,123.81926818217732,50.12607499903253,81.6666727,35.16763976,35.16763976,148.6663369
4291,6,28,20,2.0,0.0,2.0,1.018821557,1.018821557,1.018821557,1.018821557
4292,6,28,21,0.0,0.0,0.0,0.0,0.0,0.0,0.0
4293,6,28,22,0.0,0.0,0.0,0.0,0.0,0.0,0.0
4294,6,28,23,0.0,0.0,0.0,0.0,0.0,0.0,0.0
4295,6,28,24,0.0,0.0,0.0,0.0,0.0,0.0,0.0
4296,6,29,1,0.0,0.0,0.0,0.0,0.0,0.0,0.0
4297,6,29,2,0.0,0.0,0.0,0.0,0.0,0.0,0.0
4298,6,29,3,0.0,0.0,0.0,0.0,0.0,0.0,0.0
4299,6,29,4,0.0,0.0,0.0,0.0,0.0,0.0,0.0
4300,6,29,5,2.0,0.0,2.0,1.018821798,1.018821798,1.018821798,1.018821798
4301,6,29,6,115.3902141,174.7927722422271,88.8801933801843,125.3207008,217.1071301,57.03833961,57.03833961
4302,6,29,7,354.9398987,614.3033497856728,148.55155338653267,258.2339808,675.251643,113.9933141,113.9933141
4303,6,29,8,581.1864776,882.400732367108,127.0856270977512,216.4951109,894.0079686,140.7607167,140.7607167
4304,6,29,9,772.6087578,1013.8174185708252,87.83814090705592,151.7848679,898.0113348,200.4818827,151.7848679
4305,6,29,10,916.4292775,1054.1021876252898,65.27634217661532,158.3551223,757.6197188,324.7294555,158.3551223
4306,6,29,11,1002.998895,1066.3542088800002,41.45602503519678,155.8277083,542.1192559,407.5519947,155.8277083
4307,6,29,12,1034.507128,1063.5100389332235,22.317097231988342,148.433023,288.330614,443.3292342,148.433023
4308,6,29,13,1013.684069,1046.8400522412342,14.833260188927392,139.9434216,139.9434216,432.3104842,252.6331198
4309,6,29,14,943.213669,1019.9737049887341,16.278657174834155,129.4056401,129.4056401,376.2081318,476.1622447
4310,6,29,15,814.1497437,946.4599540560554,39.274538260814346,118.024045,118.024045,276.3148088,637.9891378
4311,6,29,16,642.5405355,892.4061959906553,26.71871927604301,92.00448979,92.00448979,145.8038933,735.6940739
4312,6,29,17,441.8926291,790.4916147840372,21.64756917189925,124.1526681,67.61776537,67.61776537,734.8320082
4313,6,29,18,244.709662,600.1587491671256,32.15189478166171,187.6256671,56.06537395,56.06537395,601.8747696
4314,6,29,19,84.26238816,232.17416485585338,44.84158207933937,126.8100902,40.10548025,40.10548025,252.4524548
4315,6,29,20,2.0,0.0,2.0,1.018821798,1.018821798,1.018821798,1.018821798
4316,6,29,21,0.0,0.0,0.0,0.0,0.0,0.0,0.0
4317,6,29,22,0.0,0.0,0.0,0.0,0.0,0.0,0.0
4318,6,29,23,0.0,0.0,0.0,0.0,0.0,0.0,0.0
4319,6,29,24,0.0,0.0,0.0,0.0,0.0,0.0,0.0
4320,6,30,1,0.0,0.0,0.0,0.0,0.0,0.0,0.0
4321,6,30,2,0.0,0.0,0.0,0.0,0.0,0.0,0.0
4322,6,30,3,0.0,0.0,0.0,0.0,0.0,0.0,0.0
4323,6,30,4,0.0,0.0,0.0,0.0,0.0,0.0,0.0
4324,6,30,5,2.0,0.0,2.0,1.018821958,1.018821958,1.018821958,1.018821958
4325,6,30,6,114.5877064,168.14797281731975,89.28377689329311,122.6172943,211.0119283,56.92759796,56.92759796
4326,6,30,7,353.936189,612.2779937882082,148.9111144983372,257.5411943,673.5866071,113.8897385,113.8897385
4327,6,30,8,580.3808367,882.1625314639315,127.29286087384254,216.1814027,894.3225631,140.7153477,140.7153477
4328,6,30,9,772.5221664,1014.7871471054223,87.9783340321531,151.8241352,899.5468823,200.9732293,151.8241352
4329,6,30,10,915.7879011,1054.0906541920326,65.38660069985932,158.3447859,758.499743,325.2815519,158.3447859
4330,6,30,11,1002.509424,1066.3592195088536,41.523709842740665,155.8336707,543.0540052,408.2793342,155.8336707
4331,6,30,12,1034.127261,1063.8592316656886,21.976061194070564,148.191196,289.019167,444.0357247,148.191196
4332,6,30,13,1012.501317,1046.2113799032636,14.442098681205712,139.5908759,139.5908759,432.7437931,251.4102884
4333,6,30,14,942.157302,1019.2767951233848,15.897963520160927,129.0066809,129.0066809,376.7139557,474.8728027
4334,6,30,15,821.7356268,955.1027819476238,39.72116019469865,119.1475845,119.1475845,279.9875256,643.4293053
4335,6,30,16,653.9796599,908.0774870949776,27.223283863800724,93.63335667,93.63335667,149.4819007,748.4182774
4336,6,30,17,453.2457545,823.0922713250503,15.544084682607595,120.7331639,62.88527207,62.88527207,757.5984882
4337,6,30,18,250.0462258,636.4172262493507,24.567951689230014,189.3116001,50.58773694,50.58773694,629.4739022
4338,6,30,19,85.9962235,254.9508637092771,42.695590817200554,134.1905678,39.30537606,39.30537606,272.5252532
4339,6,30,20,2.0,0.0,2.0,1.018821958,1.018821958,1.018821958,1.018821958
4340,6,30,21,0.0,0.0,0.0,0.0,0.0,0.0,0.0
4341,6,30,22,0.0,0.0,0.0,0.0,0.0,0.0,0.0
4342,6,30,23,0.0,0.0,0.0,0.0,0.0,0.0,0.0
4343,6,30,24,0.0,0.0,0.0,0.0,0.0,0.0,0.0
4344,7,1,1,0.0,0.0,0.0,0.0,0.0,0.0,0.0
4345,7,1,2,0.0,0.0,0.0,0.0,0.0,0.0,0.0
4346,7,1,3,0.0,0.0,0.0,0.0,0.0,0.0,0.0
4347,7,1,4,0.0,0.0,0.0,0.0,0.0,0.0,0.0
4348,7,1,5,2.0,0.0,2.0,1.018822039,1.018822039,1.018822039,1.018822039
4349,7,1,6,108.4065802,249.02572802337588,71.24182232228887,148.157372,282.1544242,48.73377743,48.73377743
4350,7,1,7,340.5773996,628.2014289695392,130.95657629021548,256.9611392,687.8752392,108.5314151,108.5314151
4351,7,1,8,561.0562018,837.798995273154,131.64005172507,211.2375368,858.9021085,139.5879252,139.5879252
4352,7,1,9,771.7276162,1012.9324441698143,89.35741340283012,151.7946677,900.3021302,201.4603462,151.7946677
4353,7,1,10,914.3102199,1051.9408922999173,66.42292870960031,158.2533466,758.7418489,325.7136667,158.2533466
4354,7,1,11,1000.99022,1065.0797082621361,41.75516492050953,155.4614652,543.3784939,408.5994134,155.4614652
4355,7,1,12,985.6374762,1016.7136930644397,18.729860172323974,140.3431291,275.7998566,424.0833323,140.3431291
4356,7,1,13,966.0060185,1000.4234746333811,11.84722289313064,132.1124703,132.1124703,413.5115184,238.3116579
4357,7,1,14,897.5436387,964.1092667950503,21.49709400677511,123.8332936,123.8332936,359.3323173,450.5064144
4358,7,1,15,755.7047184,875.7144898995635,38.6752530595302,111.4372495,111.4372495,260.1173201,592.1355707
4359,7,1,16,583.8757881,786.5739674451568,40.921145854644536,97.09550275,97.09550275,146.5550067,664.7453658
4360,7,1,17,418.6312364,725.8795302634062,32.56183654201365,124.5914052,74.47087359,74.47087359,687.9442861
4361,7,1,18,238.132216,560.0698711162394,39.67562834742281,182.0434576,60.32836916,60.32836916,571.4237707
4362,7,1,19,80.01832322,203.4915665093662,45.464484529735095,116.5745293,39.68092444,39.68092444,229.4065727
4363,7,1,20,2.0,0.0,2.0,1.018822039,1.018822039,1.018822039,1.018822039
4364,7,1,21,0.0,0.0,0.0,0.0,0.0,0.0,0.0
4365,7,1,22,0.0,0.0,0.0,0.0,0.0,0.0,0.0
4366,7,1,23,0.0,0.0,0.0,0.0,0.0,0.0,0.0
4367,7,1,24,0.0,0.0,0.0,0.0,0.0,0.0,0.0
4368,7,2,1,0.0,0.0,0.0,0.0,0.0,0.0,0.0
4369,7,2,2,0.0,0.0,0.0,0.0,0.0,0.0,0.0
4370,7,2,3,0.0,0.0,0.0,0.0,0.0,0.0,0.0
4371,7,2,4,0.0,0.0,0.0,0.0,0.0,0.0,0.0
4372,7,2,5,1.0,0.0,1.0,0.50742675,0.50742675,0.50742675,0.50742675
4373,7,2,6,107.6260434,244.85384391970402,71.40474038562321,146.3565415,278.3852434,48.59549449,48.59549449
4374,7,2,7,338.903678,624.4416308610696,131.30417420191748,255.6903827,684.6665948,108.3752374,108.3752374
4375,7,2,8,560.7153909,836.1677759919219,133.05968325205131,211.0759288,858.537818,139.9748,139.9748
4376,7,2,9,770.9009267,1012.8831774891984,89.52794095567748,151.7639883,901.0795092,202.0591732,151.7639883
4377,7,2,10,914.4138182,1052.9103137561,66.56388399561739,158.3225029,760.2979321,326.7450083,158.3225029
4378,7,2,11,1000.441541,1065.060062076426,41.85808690706164,155.4675917,544.3120846,409.5715214,155.4675917
4379,7,2,12,1003.515,1034.7589441726154,19.878008229465273,143.2066573,281.9062286,433.0563326,143.2066573
4380,7,2,13,930.5900963,963.0259095888302,12.346613815443824,129.1227758,129.1227758,401.1036624,230.6614091
4381,7,2,14,646.8466361,541.5599986680525,154.82068696529663,160.8540704,160.8540704,294.432496,344.8814798
4382,7,2,15,569.7274079,512.0118723685383,150.51074419014643,147.9905727,147.9905727,236.0366922,430.2085784
4383,7,2,16,516.1869901,663.5608780341762,58.132513111240776,109.8534599,109.8534599,152.5426812,589.0239412
4384,7,2,17,389.369504,629.2085337595832,54.70265428956314,129.5340882,86.91960464,86.91960464,619.4206474
4385,7,2,18,209.1065367,383.60202708273926,73.19000345206152,158.1793566,74.89712705,74.89712705,426.9562198
4386,7,2,19,77.79756635,190.4474910582012,45.48130500916016,111.2746081,39.45864565,39.45864565,217.380854
4387,7,2,20,1.0,0.0,1.0,0.50742675,0.50742675,0.50742675,0.50742675
4388,7,2,21,0.0,0.0,0.0,0.0,0.0,0.0,0.0
4389,7,2,22,0.0,0.0,0.0,0.0,0.0,0.0,0.0
4390,7,2,23,0.0,0.0,0.0,0.0,0.0,0.0,0.0
4391,7,2,24,0.0,0.0,0.0,0.0,0.0,0.0,0.0
4392,7,3,1,0.0,0.0,0.0,0.0,0.0,0.0,0.0
4393,7,3,2,0.0,0.0,0.0,0.0,0.0,0.0,0.0
4394,7,3,3,0.0,0.0,0.0,0.0,0.0,0.0,0.0
4395,7,3,4,0.0,0.0,0.0,0.0,0.0,0.0,0.0
4396,7,3,5,1.0,0.0,1.0,0.50742673,0.50742673,0.50742673,0.50742673
4397,7,3,6,15.14594261,0.0,15.14594261,8.570356254,9.094091341,8.183551487,8.183551487
4398,7,3,7,323.3476066,566.9268591860421,135.59634084129956,241.6752575,632.306017,108.0200187,108.0200187
4399,7,3,8,537.8729259,827.4406357240582,115.63401924024465,203.3726331,844.8196071,133.5531979,133.5531979
4400,7,3,9,720.3924092,943.2504344464833,86.79757248245389,145.3463491,844.0168857,192.8820516,145.3463491
4401,7,3,10,769.0598021,860.157484788257,77.12272477775753,149.1623373,641.9667701,287.5835462,149.1623373
4402,7,3,11,670.6518908,510.3677206011374,211.62791997657462,180.028509,368.0414447,303.1255745,180.028509
4403,7,3,12,697.7864304,517.9168847445087,205.69102255525405,181.7553564,252.0287733,328.3436149,181.7553564
4404,7,3,13,787.1067584,711.9576718437901,108.46563137477303,150.6897956,150.6897956,353.1194596,225.43629
4405,7,3,14,442.8023185,198.35036945889004,262.6272416903483,169.4109433,169.4109433,219.4929091,237.9159657
4406,7,3,15,643.439033,721.9057715210994,52.42619742802254,123.2681379,123.2681379,247.9268468,519.2418875
4407,7,3,16,582.8079778,786.0551346277555,40.22588229181218,96.56516734,96.56516734,148.2651964,663.6406471
4408,7,3,17,417.0281024,724.2407046571117,31.848158870844912,121.709988,73.79960411,73.79960411,686.0507668
4409,7,3,18,238.4559893,575.4343057957069,34.62899393508241,180.3465493,56.97057417,56.97057417,582.2496498
4410,7,3,19,79.64508007,207.89726778428405,44.41026139671595,117.0874067,39.15739424,39.15739424,233.0633391
4411,7,3,20,1.0,0.0,1.0,0.50742673,0.50742673,0.50742673,0.50742673
4412,7,3,21,0.0,0.0,0.0,0.0,0.0,0.0,0.0
4413,7,3,22,0.0,0.0,0.0,0.0,0.0,0.0,0.0
4414,7,3,23,0.0,0.0,0.0,0.0,0.0,0.0,0.0
4415,7,3,24,0.0,0.0,0.0,0.0,0.0,0.0,0.0
4416,7,4,1,0.0,0.0,0.0,0.0,0.0,0.0,0.0
4417,7,4,2,0.0,0.0,0.0,0.0,0.0,0.0,0.0
4418,7,4,3,0.0,0.0,0.0,0.0,0.0,0.0,0.0
4419,7,4,4,0.0,0.0,0.0,0.0,0.0,0.0,0.0
4420,7,4,5,1.0,0.0,1.0,0.50742669,0.50742669,0.50742669,0.50742669
4421,7,4,6,108.3859036,252.43480465134726,71.7525898972564,149.0721568,285.6147263,48.53899008,48.53899008
4422,7,4,7,348.6596891,594.2294935925133,152.66041656995196,253.2067613,663.7476599,113.3444073,113.3444073
4423,7,4,8,576.2938094,874.2343151350545,131.22352063122307,214.0181339,893.272312,140.846617,140.846617
4424,7,4,9,769.1540226,1012.7644417465201,89.9104073959733,151.6990544,902.6954755,203.5932322,151.6990544
4425,7,4,10,911.9213742,1052.299417313288,66.31281159499557,157.8816814,761.4145341,328.185522,157.8816814
4426,7,4,11,972.3898686,1038.8328267853608,38.753698449098906,150.5458169,531.6258435,400.641954,150.5458169
4427,7,4,12,1002.606957,1035.078849260105,19.636614908639544,142.9787337,283.3508409,435.4163465,142.9787337
4428,7,4,13,948.7036119,985.0153336061247,10.109223165175534,128.9026591,128.9026591,409.6459573,231.4182681
4429,7,4,14,837.7818559,902.8304175353738,17.86911066526027,120.6922445,120.6922445,344.9055086,425.1144819
4430,7,4,15,643.3428518,721.9677978983683,52.372670687896736,123.2702249,123.2702249,249.0562028,519.0641123
4431,7,4,16,230.9327896,73.46473680150682,180.23014221830348,106.0421344,106.0421344,111.2625844,161.9551061
4432,7,4,17,325.5362938,419.2575285084351,102.6061005386635,130.0446476,102.8060096,102.8060096,459.4318114
4433,7,4,18,220.5812215,436.14031356985356,66.17240514820598,166.412813,73.18476699,73.18476699,473.1236412
4434,7,4,19,79.09574987,204.8108190212909,44.443429526448774,115.6043948,39.10215426,39.10215426,230.3254541
4435,7,4,20,1.0,0.0,1.0,0.50742669,0.50742669,0.50742669,0.50742669
4436,7,4,21,0.0,0.0,0.0,0.0,0.0,0.0,0.0
4437,7,4,22,0.0,0.0,0.0,0.0,0.0,0.0,0.0
4438,7,4,23,0.0,0.0,0.0,0.0,0.0,0.0,0.0
4439,7,4,24,0.0,0.0,0.0,0.0,0.0,0.0,0.0
4440,7,5,1,0.0,0.0,0.0,0.0,0.0,0.0,0.0
4441,7,5,2,0.0,0.0,0.0,0.0,0.0,0.0,0.0
4442,7,5,3,0.0,0.0,0.0,0.0,0.0,0.0,0.0
4443,7,5,4,0.0,0.0,0.0,0.0,0.0,0.0,0.0
4444,7,5,5,1.0,0.0,1.0,0.50742663,0.50742663,0.50742663,0.50742663
4445,7,5,6,14.14300043,0.0,14.14300043,8.019797883,8.54555398,7.634084712,7.634084712
4446,7,5,7,45.32793055,0.0,45.32793055,23.67591389,24.35986867,23.44406009,23.44406009
4447,7,5,8,191.7449485,80.38268122911391,150.9222299338584,94.89525941,160.8387337,87.87585057,87.87585057
4448,7,5,9,264.1082793,102.77687252223946,195.28762227240156,116.4730973,196.0408967,122.06755,116.4730973
4449,7,5,10,320.9089661,118.04625695386824,226.15350404386294,137.7776153,208.0668627,157.7161077,137.7776153
4450,7,5,11,360.0906918,85.66553521492862,283.15966692823923,159.3020217,192.616616,181.2280932,159.3020217
4451,7,5,12,377.5427977,87.95288490592506,294.06347996879765,166.6564877,179.3165624,193.0117488,166.6564877
4452,7,5,13,155.8564322,7.64634592124913,148.57326096926178,79.82572805,79.82572805,82.72348573,80.87203156
4453,7,5,14,147.7225082,6.2986699971159625,142.00391446022743,75.83585988,75.83585988,78.02830273,78.78980822
4454,7,5,15,318.4425463,116.0375774076956,223.48034571775236,136.3735626,136.3735626,157.5118398,202.2352191
4455,7,5,16,260.6493565,99.09037404848775,192.2762910721046,114.768684,114.768684,121.9041899,189.3445016
4456,7,5,17,187.0551432,74.6403412364889,147.38051953047744,90.73745897,85.77022336,85.77022336,152.5281112
4457,7,5,18,108.7120959,42.58680091756452,93.64585241064553,62.77466058,52.91686148,52.91686148,95.54600178
4458,7,5,19,50.86174749,47.66264556644908,42.81557096651748,45.26138947,26.41885121,26.41885121,73.74363591
4459,7,5,20,1.0,0.0,1.0,0.50742663,0.50742663,0.50742663,0.50742663
4460,7,5,21,0.0,0.0,0.0,0.0,0.0,0.0,0.0
4461,7,5,22,0.0,0.0,0.0,0.0,0.0,0.0,0.0
4462,7,5,23,0.0,0.0,0.0,0.0,0.0,0.0,0.0
4463,7,5,24,0.0,0.0,0.0,0.0,0.0,0.0,0.0
4464,7,6,1,0.0,0.0,0.0,0.0,0.0,0.0,0.0
4465,7,6,2,0.0,0.0,0.0,0.0,0.0,0.0,0.0
4466,7,6,3,0.0,0.0,0.0,0.0,0.0,0.0,0.0
4467,7,6,4,0.0,0.0,0.0,0.0,0.0,0.0,0.0
4468,7,6,5,1.0,0.0,1.0,0.50742655,0.50742655,0.50742655,0.50742655
4469,7,6,6,34.70723594,9.108385151155383,33.4132541575296,23.19153851,29.95394373,18.25073848,18.25073848
4470,7,6,7,111.20356,49.39919042058155,95.04954756685011,66.30010355,103.3099604,53.82448025,53.82448025
4471,7,6,8,190.7030177,79.94882627291004,150.20348021375534,94.3363391,160.0853465,87.4316658,87.4316658
4472,7,6,9,503.5076743,493.9162012454004,173.32284357134523,149.5577955,518.9940868,176.0343043,149.5577955
4473,7,6,10,700.8323824,736.0475976316386,110.68473986752882,154.2757946,578.5264595,275.3314749,154.2757946
4474,7,6,11,771.5360208,757.5803307102033,91.75186532295062,155.0628063,434.7073406,339.7219542,155.0628063
4475,7,6,12,696.0740874,518.2942470583604,204.42978756945018,180.9196385,252.435349,329.7685256,180.9196385
4476,7,6,13,554.8743483,298.3519583226984,270.81470034568287,186.2037143,186.2037143,273.4257305,217.3422979
4477,7,6,14,646.0761709,543.5210245216207,152.77227483650637,159.8104512,159.8104512,297.1698558,343.415452
4478,7,6,15,567.8901852,512.9282858311044,148.24161120532557,146.6844509,146.6844509,238.1631696,428.8161444
4479,7,6,16,579.3577955,784.4136787576715,38.27631732811328,94.94263308,94.94263308,150.456682,660.7844873
4480,7,6,17,302.6367016,355.1870163443254,113.92858490124878,127.8418543,105.9235414,105.9235414,408.9195643
4481,7,6,18,173.2850737,247.79216302783286,85.70513739491425,125.1337882,72.52421559,72.52421559,301.9614672
4482,7,6,19,74.11740696,189.1477371721935,42.27417579149218,104.8150824,34.70084524,34.70084524,211.6871319
4483,7,6,20,1.0,0.0,1.0,0.50742655,0.50742655,0.50742655,0.50742655
4484,7,6,21,0.0,0.0,0.0,0.0,0.0,0.0,0.0
4485,7,6,22,0.0,0.0,0.0,0.0,0.0,0.0,0.0
4486,7,6,23,0.0,0.0,0.0,0.0,0.0,0.0,0.0
4487,7,6,24,0.0,0.0,0.0,0.0,0.0,0.0,0.0
4488,7,7,1,0.0,0.0,0.0,0.0,0.0,0.0,0.0
4489,7,7,2,0.0,0.0,0.0,0.0,0.0,0.0,0.0
4490,7,7,3,0.0,0.0,0.0,0.0,0.0,0.0,0.0
4491,7,7,4,0.0,0.0,0.0,0.0,0.0,0.0,0.0
4492,7,7,5,1.0,0.0,1.0,0.507426449,0.507426449,0.507426449,0.507426449
4493,7,7,6,83.76775343,178.87941510306786,58.644343088218484,112.4838704,210.4787731,41.21628201,41.21628201
4494,7,7,7,251.4333924,401.926962294744,120.59813785122957,186.8562484,467.0034019,93.013103,93.013103
4495,7,7,8,474.1494595,675.0672819645897,133.07912893639315,188.1261049,717.0302941,133.4193317,133.4193317
4496,7,7,9,502.1223088,493.3718087547191,172.86678711283687,149.1557339,518.6557108,176.1922237,149.1557339
4497,7,7,10,478.8942796,319.2176846493295,223.2562970216174,163.9455535,350.2371329,217.449855,163.9455535
4498,7,7,11,358.9155546,129.8837510457341,242.46870728824146,150.6432654,200.1789273,183.477056,150.6432654
4499,7,7,12,376.4346667,88.42241360839317,292.6109908636371,165.8747484,178.733561,192.6474519,165.8747484
4500,7,7,13,853.8015599,848.8650438742521,45.97966381704744,137.3704706,137.3704706,383.4847702,224.238474
4501,7,7,14,793.8942895,847.1529070772668,25.30139352233822,123.3837223,123.3837223,338.0371426,407.9699404
4502,7,7,15,567.582476,513.4203106053611,147.6772217001993,146.3778553,146.3778553,238.8839393,428.6856238
4503,7,7,16,512.6391409,662.0361613220423,56.15612346243821,108.4354476,108.4354476,156.5464727,586.4493498
4504,7,7,17,385.1129439,625.1408963366571,53.18176598007184,122.8964121,85.71836707,85.71836707,615.4982039
4505,7,7,18,217.1000257,433.1932091797794,64.17183852358204,162.3120764,71.89431327,71.89431327,469.7444634
4506,7,7,19,76.73009484,197.89594785596654,43.52333559835387,111.3888807,38.3770682,38.3770682,223.6498234
4507,7,7,20,1.0,0.0,1.0,0.507426449,0.507426449,0.507426449,0.507426449
4508,7,7,21,0.0,0.0,0.0,0.0,0.0,0.0,0.0
4509,7,7,22,0.0,0.0,0.0,0.0,0.0,0.0,0.0
4510,7,7,23,0.0,0.0,0.0,0.0,0.0,0.0,0.0
4511,7,7,24,0.0,0.0,0.0,0.0,0.0,0.0,0.0
4512,7,8,1,0.0,0.0,0.0,0.0,0.0,0.0,0.0
4513,7,8,2,0.0,0.0,0.0,0.0,0.0,0.0,0.0
4514,7,8,3,0.0,0.0,0.0,0.0,0.0,0.0,0.0
4515,7,8,4,0.0,0.0,0.0,0.0,0.0,0.0,0.0
4516,7,8,5,1.0,0.0,1.0,0.507426329,0.507426329,0.507426329,0.507426329
4517,7,8,6,101.1019784,234.4244208605866,68.5696026599061,139.0948586,267.4391724,46.23375039,46.23375039
4518,7,8,7,342.3745736,579.3051049264758,154.69050874319015,247.1539466,651.3719239,112.6872445,112.6872445
4519,7,8,8,571.2391992,870.8168439819398,132.46255904663846,209.991971,893.1082867,140.5168225,140.5168225
4520,7,8,9,728.3410638,964.7376754020693,85.65682368697752,145.3590477,864.3650757,199.1547355,145.3590477
4521,7,8,10,883.8052587,1026.7512667782173,62.56843133129122,152.7905082,745.5044607,324.2418113,152.7905082
4522,7,8,11,951.0965978,1020.9599899778639,36.57110652171715,146.7060483,524.7710569,398.3611911,146.7060483
4523,7,8,12,981.2131279,1016.8073480413145,17.924314747337206,139.3072637,280.1872122,432.8837576,139.3072637
4524,7,8,13,961.4553301,1000.4496305464274,9.86385206550177,130.6226628,130.6226628,422.2537157,232.385966
4525,7,8,14,892.5157063,963.8572289120239,18.414217963617435,121.57243,121.57243,367.543618,444.9539782
4526,7,8,15,777.5512825,912.4509601788808,31.603046620794146,109.0488258,109.0488258,274.3983348,608.2063399
4527,7,8,16,606.4567111,844.8101327496929,24.235093262827032,86.44625987,86.44625987,149.3851317,695.7533302
4528,7,8,17,400.6547751,685.9010560609786,36.73153789230206,115.6521235,76.19035079,76.19035079,657.1761513
4529,7,8,18,216.5477078,432.1452391179709,64.2038544785934,161.2676209,71.84716267,71.84716267,469.006327
4530,7,8,19,70.48624798,168.42892311043937,42.331926663450915,96.36138556,34.32412163,34.32412163,192.6151376
4531,7,8,20,1.0,0.0,1.0,0.507426329,0.507426329,0.507426329,0.507426329
4532,7,8,21,0.0,0.0,0.0,0.0,0.0,0.0,0.0
4533,7,8,22,0.0,0.0,0.0,0.0,0.0,0.0,0.0
4534,7,8,23,0.0,0.0,0.0,0.0,0.0,0.0,0.0
4535,7,8,24,0.0,0.0,0.0,0.0,0.0,0.0,0.0
4536,7,9,1,0.0,0.0,0.0,0.0,0.0,0.0,0.0
4537,7,9,2,0.0,0.0,0.0,0.0,0.0,0.0,0.0
4538,7,9,3,0.0,0.0,0.0,0.0,0.0,0.0,0.0
4539,7,9,4,0.0,0.0,0.0,0.0,0.0,0.0,0.0
4540,7,9,5,1.0,0.0,1.0,0.507426189,0.507426189,0.507426189,0.507426189
4541,7,9,6,99.46876845,231.16026250454925,67.78912270759301,137.0486307,264.061684,45.66884724,45.66884724
4542,7,9,7,341.5161797,642.9036104630559,134.2472573813692,256.8194657,705.4315922,108.7171276,108.7171276
4543,7,9,8,569.6555991,869.4239577098585,132.8084950441279,208.681078,892.639053,140.4051279,140.4051279
4544,7,9,9,763.2723525,1011.9807033893129,90.34929341287928,151.0604756,906.2849007,208.921168,151.0604756
4545,7,9,10,907.6957257,1051.9362938213612,67.38762456061093,157.8087733,766.1061466,335.1347112,157.8087733
4546,7,9,11,967.8993115,1038.177595903972,38.81197561301304,149.8911208,535.228716,407.5895207,149.8911208
4547,7,9,12,998.8192524,1034.7989904696337,19.16910294948551,142.1854541,286.2669702,442.8579057,142.1854541
4548,7,9,13,960.9212953,1000.7912409372761,9.530485835746967,130.3580286,130.3580286,423.9728304,231.6476551
4549,7,9,14,878.135409,950.1094877294491,16.91307140686474,118.8872186,118.8872186,363.2030481,437.3429832
4550,7,9,15,763.3671392,898.2121807977595,29.410715690988862,106.0277143,106.0277143,270.5927556,597.3034508
4551,7,9,16,614.5910856,863.8398410140961,19.601936136824566,83.18499286,83.18499286,149.2647872,706.282144
4552,7,9,17,418.3065101,741.5408013177774,25.207204123384667,109.8275692,68.64064498,68.64064498,696.7033938
4553,7,9,18,229.4287313,543.8248294013473,38.02840834660837,169.6333328,58.51464448,58.51464448,556.9094222
4554,7,9,19,69.08992256,165.65702795901225,41.51984113936764,94.4872938,33.7632254,33.7632254,189.5925572
4555,7,9,20,1.0,0.0,1.0,0.507426189,0.507426189,0.507426189,0.507426189
4556,7,9,21,0.0,0.0,0.0,0.0,0.0,0.0,0.0
4557,7,9,22,0.0,0.0,0.0,0.0,0.0,0.0,0.0
4558,7,9,23,0.0,0.0,0.0,0.0,0.0,0.0,0.0
4559,7,9,24,0.0,0.0,0.0,0.0,0.0,0.0,0.0
4560,7,10,1,0.0,0.0,0.0,0.0,0.0,0.0,0.0
4561,7,10,2,0.0,0.0,0.0,0.0,0.0,0.0,0.0
4562,7,10,3,0.0,0.0,0.0,0.0,0.0,0.0,0.0
4563,7,10,4,0.0,0.0,0.0,0.0,0.0,0.0,0.0
4564,7,10,5,1.0,0.0,1.0,0.507426029,0.507426029,0.507426029,0.507426029
4565,7,10,6,97.70495524,226.89219390940065,67.01499586601267,134.5887572,259.75996,45.08805245,45.08805245
4566,7,10,7,339.3234444,637.7800104792474,134.74781056048386,254.6802097,701.1299981,108.508993,108.508993
4567,7,10,8,568.0474024,868.0156897002282,133.16834801404403,207.2759702,892.1775704,140.291964,140.291964
4568,7,10,9,741.6071088,989.7741573055698,84.69169650943896,146.0928408,885.6741986,204.1891689,146.0928408
4569,7,10,10,881.0208524,1026.0385094598253,62.48057290778761,152.3350299,746.6061162,327.0197167,152.3350299
4570,7,10,11,948.6252453,1020.1116929156303,36.5849769939755,146.3244887,525.8075387,401.4096597,146.3244887
4571,7,10,12,963.6021307,1001.1680075383025,16.48719887586234,136.1280189,276.182249,428.9651363,136.1280189
4572,7,10,13,897.7847282,929.2063802206076,14.970480482140843,129.3679717,129.3679717,403.8579465,222.9837681
4573,7,10,14,642.1938141,542.9475416551396,150.30207998984665,158.2393558,158.2393558,299.6062569,340.8936477
4574,7,10,15,564.7086481,513.3531535848475,145.4610639008581,144.982339,144.982339,240.5729675,427.103899
4575,7,10,16,372.8788766,272.97233416143564,184.9901360652063,132.5914137,132.5914137,154.3651687,332.5166709
4576,7,10,17,185.5630914,76.26530332774925,145.1750269712527,88.91184747,84.60278848,84.60278848,152.8430994
4577,7,10,18,106.0088147,42.02339967441996,91.24627783448904,60.86241241,51.55383786,51.55383786,93.73578314
4578,7,10,19,47.63677877,43.91955178165826,40.36329759834725,41.92387142,24.90329784,24.90329784,68.84189044
4579,7,10,20,1.0,0.0,1.0,0.507426029,0.507426029,0.507426029,0.507426029
4580,7,10,21,0.0,0.0,0.0,0.0,0.0,0.0,0.0
4581,7,10,22,0.0,0.0,0.0,0.0,0.0,0.0,0.0
4582,7,10,23,0.0,0.0,0.0,0.0,0.0,0.0,0.0
4583,7,10,24,0.0,0.0,0.0,0.0,0.0,0.0,0.0
4584,7,11,1,0.0,0.0,0.0,0.0,0.0,0.0,0.0
4585,7,11,2,0.0,0.0,0.0,0.0,0.0,0.0,0.0
4586,7,11,3,0.0,0.0,0.0,0.0,0.0,0.0,0.0
4587,7,11,4,0.0,0.0,0.0,0.0,0.0,0.0,0.0
4588,7,11,5,1.0,0.0,1.0,0.50742585,0.50742585,0.50742585,0.50742585
4589,7,11,6,32.39873659,6.673090489184451,31.508379258583883,21.12786957,26.70072742,17.16968604,17.16968604
4590,7,11,7,43.31872063,0.0,43.31872063,22.61345162,23.30853331,22.38790962,22.38790962
4591,7,11,8,76.4992505,0.0,76.4992505,40.04139485,40.82922697,39.96605127,39.96605127
4592,7,11,9,392.6006343,288.07799746766267,201.77387463152942,142.0890273,360.8036214,159.7253117,142.0890273
4593,7,11,10,318.823072,120.04753177001764,223.18333495756073,136.0558106,208.1887089,157.448384,136.0558106
4594,7,11,11,357.4301803,131.13535726239738,240.30478368403496,149.3571717,199.8056668,183.4569439,149.3571717
4595,7,11,12,376.0801028,91.37452400434236,289.70572163566004,164.4916154,178.0104644,192.8279583,164.4916154
4596,7,11,13,552.4072904,297.09427151983925,270.32590605763204,185.7658848,185.7658848,275.4666403,216.0121058
4597,7,11,14,641.8770488,543.456583560633,149.81064056287136,157.9850789,157.9850789,300.6529147,340.6762272
4598,7,11,15,637.7655029,720.1152727396268,50.01946515131252,121.6204774,121.6204774,256.7306527,515.7433809
4599,7,11,16,574.9475559,782.5934327895119,36.69794897164875,93.6884756,93.6884756,156.9163036,658.8782652
4600,7,11,17,408.0669698,716.8762440750353,28.86716671230881,107.7285712,70.86781566,70.86781566,678.8591092
4601,7,11,18,212.6660923,426.0111800035127,63.32707023423713,156.6817301,71.00869835,71.00869835,463.4229581
4602,7,11,19,70.38067781,180.36619426731804,40.67446311231088,101.5731463,36.26976369,36.26976369,205.894631
4603,7,11,20,1.0,0.0,1.0,0.50742585,0.50742585,0.50742585,0.50742585
4604,7,11,21,0.0,0.0,0.0,0.0,0.0,0.0,0.0
4605,7,11,22,0.0,0.0,0.0,0.0,0.0,0.0,0.0
4606,7,11,23,0.0,0.0,0.0,0.0,0.0,0.0,0.0
4607,7,11,24,0.0,0.0,0.0,0.0,0.0,0.0,0.0
4608,7,12,1,0.0,0.0,0.0,0.0,0.0,0.0,0.0
4609,7,12,2,0.0,0.0,0.0,0.0,0.0,0.0,0.0
4610,7,12,3,0.0,0.0,0.0,0.0,0.0,0.0,0.0
4611,7,12,4,0.0,0.0,0.0,0.0,0.0,0.0,0.0
4612,7,12,5,1.0,0.0,1.0,0.50742565,0.50742565,0.50742565,0.50742565
4613,7,12,6,81.48483665,181.4059009815451,57.62346627104879,111.3319623,212.5166763,39.98022863,39.98022863
4614,7,12,7,315.9850726,559.2295479199136,138.50742293024808,233.8577564,628.6539016,106.985099,106.985099
4615,7,12,8,565.2625317,863.7576183375727,135.12585095176823,204.5190865,890.534089,140.4955646,140.4955646
4616,7,12,9,739.4569217,989.58560842634,85.25115809038043,146.0093541,887.4926957,207.4503934,146.0093541
4617,7,12,10,863.5881824,1010.5219129208829,59.652720039889914,148.7999081,736.0118709,324.6009144,148.7999081
4618,7,12,11,932.1249635,1005.8568380382621,34.663156118559044,143.0992784,518.9336025,398.6601092,143.0992784
4619,7,12,12,941.9059699,977.2235251474236,18.907298490709202,135.9658039,273.892001,425.9356426,135.9658039
4620,7,12,13,850.6748668,848.6845279427145,45.425347510690735,137.0502117,137.0502117,391.545984,221.896964
4621,7,12,14,439.7486814,201.36069815184126,257.54480757432725,166.6581989,166.6581989,220.9038263,235.4911814
4622,7,12,15,459.1105308,306.2848751747774,209.29670396039805,155.6494078,155.6494078,214.5027292,325.292339
4623,7,12,16,257.9399726,101.48018114379933,188.20467915953117,112.5828404,112.5828404,121.3603244,188.9554063
4624,7,12,17,318.7986312,414.32731708072396,99.91989931661708,121.3472565,100.8212879,100.8212879,454.5641995
4625,7,12,18,223.0078877,514.6593137368258,43.01743249763406,163.1995238,61.06349927,61.06349927,534.1483204
4626,7,12,19,68.15656481,172.37698140393044,39.938619364856926,94.92797552,32.80949382,32.80949382,195.1976298
4627,7,12,20,1.0,0.0,1.0,0.50742565,0.50742565,0.50742565,0.50742565
4628,7,12,21,0.0,0.0,0.0,0.0,0.0,0.0,0.0
4629,7,12,22,0.0,0.0,0.0,0.0,0.0,0.0,0.0
4630,7,12,23,0.0,0.0,0.0,0.0,0.0,0.0,0.0
4631,7,12,24,0.0,0.0,0.0,0.0,0.0,0.0,0.0
4632,7,13,1,0.0,0.0,0.0,0.0,0.0,0.0,0.0
4633,7,13,2,0.0,0.0,0.0,0.0,0.0,0.0,0.0
4634,7,13,3,0.0,0.0,0.0,0.0,0.0,0.0,0.0
4635,7,13,4,0.0,0.0,0.0,0.0,0.0,0.0,0.0
4636,7,13,5,1.0,0.0,1.0,0.507425431,0.507425431,0.507425431,0.507425431
4637,7,13,6,81.9788891,186.38685615998799,57.82390840105076,112.9806658,217.3375019,39.95793632,39.95793632
4638,7,13,7,321.0781255,581.0106143349524,137.71395883227336,237.9720805,649.4206081,107.1103786,107.1103786
4639,7,13,8,563.0828572,863.6984380320575,134.32876516851556,202.5001111,890.8263526,139.9438942,139.9438942
4640,7,13,9,737.3440841,989.081634889814,84.81304494782141,145.5046234,887.6379562,208.7573288,145.5046234
4641,7,13,10,847.3225528,991.8526565659658,59.37993713625752,146.9239988,724.2535573,321.4965845,146.9239988
4642,7,13,11,882.9119531,940.9740648381764,44.24506973928878,144.5799873,497.0086706,385.7613928,144.5799873
4643,7,13,12,865.2522091,858.0381461914071,55.51485014464416,144.736545,266.4322152,401.4855941,144.736545
4644,7,13,13,684.4548837,516.7264721675185,194.52975486151718,175.1348058,175.1348058,332.112423,226.8847076
4645,7,13,14,146.8070458,5.272491682616198,142.03945155515254,75.74181038,75.74181038,77.80472489,78.33533892
4646,7,13,15,130.6282639,3.308003587029646,127.93220409105398,67.63518471,67.63518471,68.7475837,70.8029572
4647,7,13,16,227.8797298,74.54144130639219,176.7055474529401,104.0875038,104.0875038,110.7912142,160.8572137
4648,7,13,17,317.5550806,413.8178175257049,99.26067855932635,119.9304799,100.3645822,100.3645822,453.9130886
4649,7,13,18,210.3038878,423.8968868823307,62.44055093029585,153.778375,70.31621687,70.31621687,461.4393773
4650,7,13,19,66.56897412,168.64746555689848,39.14563609189125,92.66793399,32.22152717,32.22152717,191.2887798
4651,7,13,20,1.0,0.0,1.0,0.507425431,0.507425431,0.507425431,0.507425431
4652,7,13,21,0.0,0.0,0.0,0.0,0.0,0.0,0.0
4653,7,13,22,0.0,0.0,0.0,0.0,0.0,0.0,0.0
4654,7,13,23,0.0,0.0,0.0,0.0,0.0,0.0,0.0
4655,7,13,24,0.0,0.0,0.0,0.0,0.0,0.0,0.0
4656,7,14,1,0.0,0.0,0.0,0.0,0.0,0.0,0.0
4657,7,14,2,0.0,0.0,0.0,0.0,0.0,0.0,0.0
4658,7,14,3,0.0,0.0,0.0,0.0,0.0,0.0,0.0
4659,7,14,4,0.0,0.0,0.0,0.0,0.0,0.0,0.0
4660,7,14,5,1.0,0.0,1.0,0.507425192,0.507425192,0.507425192,0.507425192
4661,7,14,6,88.61277989,208.77936914504858,61.97110741904282,123.2765797,240.5581193,41.88293889,41.88293889
4662,7,14,7,331.093081,618.7666407162995,136.9318727585008,245.9782206,685.4939633,107.7271037,107.7271037
4663,7,14,8,561.8890472,860.8176593611412,135.94493093631698,201.0613494,889.6284204,140.2596743,140.2596743
4664,7,14,9,756.7136272,1011.0544463527862,91.0909453621736,150.3905958,910.1583919,217.0532856,150.3905958
4665,7,14,10,902.5908154,1051.868734894725,68.21308286653155,157.3792042,770.7155949,344.7910535,157.3792042
4666,7,14,11,962.705504,1037.2876976433542,39.227498810249266,149.2219816,538.4807037,417.4237006,149.2219816
4667,7,14,12,994.2923018,1034.0008240954082,19.36599728951306,141.6528823,288.7641392,453.2766465,141.6528823
4668,7,14,13,956.8399668,1001.0535710817626,8.439774020327931,129.4688579,129.4688579,434.1160963,228.7881599
4669,7,14,14,873.145438,950.3818355314867,14.412605113935857,116.9637119,116.9637119,371.9644877,434.5582986
4670,7,14,15,686.8810722,811.5446454608951,26.00884193144878,109.0488933,109.0488933,266.9262063,553.125489
4671,7,14,16,450.3822359,500.3504582460172,107.24616582616369,123.4906633,123.4906633,167.5711553,486.7829412
4672,7,14,17,316.7630263,412.8947350140282,99.3014042123447,118.8633288,100.3011117,100.3011117,453.3398838
4673,7,14,18,223.0249895,532.3326289536112,37.86560991793379,161.1591489,57.87139003,57.87139003,547.812133
4674,7,14,19,64.98068039,164.92550377877004,38.357684812752865,90.41435582,31.63119085,31.63119085,187.384328
4675,7,14,20,1.0,0.0,1.0,0.507425192,0.507425192,0.507425192,0.507425192
4676,7,14,21,0.0,0.0,0.0,0.0,0.0,0.0,0.0
4677,7,14,22,0.0,0.0,0.0,0.0,0.0,0.0,0.0
4678,7,14,23,0.0,0.0,0.0,0.0,0.0,0.0,0.0
4679,7,14,24,0.0,0.0,0.0,0.0,0.0,0.0,0.0
4680,7,15,1,0.0,0.0,0.0,0.0,0.0,0.0,0.0
4681,7,15,2,0.0,0.0,0.0,0.0,0.0,0.0,0.0
4682,7,15,3,0.0,0.0,0.0,0.0,0.0,0.0,0.0
4683,7,15,4,0.0,0.0,0.0,0.0,0.0,0.0,0.0
4684,7,15,5,1.0,0.0,1.0,0.507424934,0.507424934,0.507424934,0.507424934
4685,7,15,6,86.89953188,204.51323219564455,61.21884525029905,120.7619009,236.2758738,41.29332135,41.29332135
4686,7,15,7,328.8586169,613.3759126776678,137.52281830126572,243.5176266,681.0106307,107.5127728,107.5127728
4687,7,15,8,560.1705079,859.324154669605,136.37339865859565,199.1953044,889.1772999,140.139675,140.139675
4688,7,15,9,755.5259216,1010.9275029350277,91.42382353976053,150.3445885,911.1009664,219.1102511,150.3445885
4689,7,15,10,901.5319973,1051.7404352565936,68.53145162092298,157.3589346,771.6326032,347.1245927,157.3589346
4690,7,15,11,990.4740839,1064.5657297975563,43.80393327360615,154.9597409,555.3027692,432.7887513,154.9597409
4691,7,15,12,992.5008591,1033.1723088396116,19.261409482497875,141.3079662,288.8419581,455.2492251,141.3079662
4692,7,15,13,956.0760498,1001.3743921938286,8.145949842871051,129.1963689,129.1963689,436.4313014,228.2632969
4693,7,15,14,828.9158798,902.0617518176574,14.495839523089224,118.106703,118.106703,362.4088388,419.4979754
4694,7,15,15,685.3131108,810.9246551174906,25.538592880492356,108.587085,108.587085,268.382245,552.4728173
4695,7,15,16,543.050983,721.4257323518825,48.877746737696086,99.28492354,99.28492354,164.4129573,621.656857
4696,7,15,17,415.2415958,752.2613780958446,19.73160756523586,95.70086328,63.88776968,63.88776968,703.5003978
4697,7,15,18,223.0222827,546.5193722244622,33.51730621002856,159.701715,54.93662169,54.93662169,558.1958438
4698,7,15,19,67.41122875,177.08724857348028,39.0508181502913,97.66227579,34.98285853,34.98285853,202.2376687
4699,7,15,20,1.0,0.0,1.0,0.507424934,0.507424934,0.507424934,0.507424934
4700,7,15,21,0.0,0.0,0.0,0.0,0.0,0.0,0.0
4701,7,15,22,0.0,0.0,0.0,0.0,0.0,0.0,0.0
4702,7,15,23,0.0,0.0,0.0,0.0,0.0,0.0,0.0
4703,7,15,24,0.0,0.0,0.0,0.0,0.0,0.0,0.0
4704,7,16,1,0.0,0.0,0.0,0.0,0.0,0.0,0.0
4705,7,16,2,0.0,0.0,0.0,0.0,0.0,0.0,0.0
4706,7,16,3,0.0,0.0,0.0,0.0,0.0,0.0,0.0
4707,7,16,4,0.0,0.0,0.0,0.0,0.0,0.0,0.0
4708,7,16,5,1.0,0.0,1.0,0.507424656,0.507424656,0.507424656,0.507424656
4709,7,16,6,84.32123647,201.20368405823913,59.4753480885123,118.1311934,232.3408875,40.28437446,40.28437446
4710,7,16,7,327.2393406,609.9269927401966,138.13107619693986,241.4947028,678.3951448,107.3593617,107.3593617
4711,7,16,8,557.9400975,856.8149419912088,136.8140001124606,197.1232779,887.8079059,139.9691751,139.9691751
4712,7,16,9,753.6582965,1009.7956721926633,91.7671197875243,150.2319308,911.2287453,221.1421679,150.2319308
4713,7,16,10,899.6567435,1050.6067748772184,68.86081881386816,157.2588716,771.8766396,349.3116022,157.2588716
4714,7,16,11,988.6348304,1063.4097301388485,44.11949426918728,154.8752892,555.5896231,435.0759898,154.8752892
4715,7,16,12,992.6764387,1033.8194816199243,19.77189760882986,141.6910541,289.8281668,458.5089449,141.6910541
4716,7,16,13,920.5736213,963.4903188501319,9.291984241580346,126.8059434,126.8059434,424.9156679,221.893178
4717,7,16,14,828.257247,902.2473712225851,14.367943649219676,118.0942948,118.0942948,364.7882294,419.5265938
4718,7,16,15,684.70105,811.0689787598393,25.45022964696642,108.5664583,108.5664583,270.4953448,552.7210915
4719,7,16,16,254.4599291,100.86458308789034,185.45537748185836,110.9414332,110.9414332,120.6873782,187.0177921
4720,7,16,17,181.8883039,75.69732129608384,142.16464497510214,86.03230543,82.84766842,82.84766842,150.8625874
4721,7,16,18,212.7269545,472.04598052965383,49.5945782832129,153.2957192,63.71682308,63.71682308,499.7042303
4722,7,16,19,62.96279997,159.5611331172185,37.62734251747597,87.20506025,30.9823913,30.9823913,182.1054878
4723,7,16,20,1.0,0.0,1.0,0.507424656,0.507424656,0.507424656,0.507424656
4724,7,16,21,0.0,0.0,0.0,0.0,0.0,0.0,0.0
4725,7,16,22,0.0,0.0,0.0,0.0,0.0,0.0,0.0
4726,7,16,23,0.0,0.0,0.0,0.0,0.0,0.0,0.0
4727,7,16,24,0.0,0.0,0.0,0.0,0.0,0.0,0.0
4728,7,17,1,0.0,0.0,0.0,0.0,0.0,0.0,0.0
4729,7,17,2,0.0,0.0,0.0,0.0,0.0,0.0,0.0
4730,7,17,3,0.0,0.0,0.0,0.0,0.0,0.0,0.0
4731,7,17,4,0.0,0.0,0.0,0.0,0.0,0.0,0.0
4732,7,17,5,1.0,0.0,1.0,0.507424359,0.507424359,0.507424359,0.507424359
4733,7,17,6,82.7511579,197.947086245502,58.7287885191576,115.9877789,229.0037768,39.70401025,39.70401025
4734,7,17,7,324.6088088,607.5900692141685,137.39578116282354,239.1494267,676.2623217,106.7102973,106.7102973
4735,7,17,8,556.1830725,855.2900196554386,137.2663023548449,195.0794021,887.3528181,139.8466538,139.8466538
4736,7,17,9,752.4234821,1009.6592667714945,92.12033160682304,150.1838643,912.1743905,223.4175306,150.1838643
4737,7,17,10,898.5478233,1050.468570473533,69.20018714125735,157.2372684,772.7722715,351.872205,157.2372684
4738,7,17,11,960.9170979,1037.5021820959078,40.54635035845247,149.6151398,541.3135171,425.6966305,149.6151398
4739,7,17,12,990.8789645,1032.7169523753612,19.99411729624787,141.6161302,290.0721243,460.8786645,141.6161302
4740,7,17,13,954.5927665,1001.4180689242708,8.299548104556875,129.4777506,129.4777506,441.9999168,228.1034108
4741,7,17,14,827.5561402,902.4348166825414,14.242642861507758,118.0808453,118.0808453,367.2461522,419.5957505
4742,7,17,15,558.2109102,515.7537693626508,139.43609797104725,141.3031288,141.3031288,246.1385171,425.2002327
4743,7,17,16,106.3636538,1.0029363239330669,105.67845101060864,55.32541049,55.32541049,55.65444901,57.82526341
4744,7,17,17,180.8435836,75.2868621759701,141.41586298914703,85.3649292,82.3966653,82.3966653,150.1122573
4745,7,17,18,174.5609367,274.84560980126815,79.92151654800661,121.6351797,69.69134724,69.69134724,325.9693313
4746,7,17,19,48.67505257,79.76894842931195,36.12561061534688,53.79381564,25.26267763,25.26267763,102.5306911
4747,7,17,20,1.0,0.0,1.0,0.507424359,0.507424359,0.507424359,0.507424359
4748,7,17,21,0.0,0.0,0.0,0.0,0.0,0.0,0.0
4749,7,17,22,0.0,0.0,0.0,0.0,0.0,0.0,0.0
4750,7,17,23,0.0,0.0,0.0,0.0,0.0,0.0,0.0
4751,7,17,24,0.0,0.0,0.0,0.0,0.0,0.0,0.0
4752,7,18,1,0.0,0.0,0.0,0.0,0.0,0.0,0.0
4753,7,18,2,0.0,0.0,0.0,0.0,0.0,0.0,0.0
4754,7,18,3,0.0,0.0,0.0,0.0,0.0,0.0,0.0
4755,7,18,4,0.0,0.0,0.0,0.0,0.0,0.0,0.0
4756,7,18,5,1.0,0.0,1.0,0.507424043,0.507424043,0.507424043,0.507424043
4757,7,18,6,80.18976631,194.62752335466817,56.99308204334623,113.3301619,225.0569498,38.68842727,38.68842727
4758,7,18,7,311.7191613,562.847317448997,139.39794828821633,227.4900341,634.6924251,105.8223112,105.8223112
4759,7,18,8,537.3904168,811.357858369454,141.40290847203667,189.7699544,849.5361271,139.1674892,139.1674892
4760,7,18,9,730.1125594,986.5100854819162,86.44306820216865,145.1392391,890.6628047,219.0749469,145.1392391
4761,7,18,10,872.8603694,1025.1235671551033,64.86078681140546,152.1700176,753.7835366,344.7548138,152.1700176
4762,7,18,11,907.438753,979.0126778657935,40.05629935973723,143.7862569,514.1140471,406.9828721,143.7862569
4763,7,18,12,955.5200284,999.2893381961895,17.049401401256436,135.2435009,279.3168429,446.9529293,135.2435009
4764,7,18,13,938.3874808,986.3978675506946,7.179330657218727,126.5761009,126.5761009,437.1427516,223.5623768
4765,7,18,14,884.0587931,965.2033577387231,15.022596762641948,119.5636349,119.5636349,388.729954,442.1155036
4766,7,18,15,765.1509864,910.8364023079008,26.412609220029534,105.1948251,105.1948251,291.9772113,604.5168835
4767,7,18,16,613.3389352,876.9531178302693,15.087884770293076,79.99270687,79.99270687,165.9499396,715.6674129
4768,7,18,17,416.6632509,769.6752764919127,14.468404643060907,86.08012713,59.32915502,59.32915502,715.389056
4769,7,18,18,221.1562444,561.9566125573422,28.404533066856068,154.787107,51.09969342,51.09969342,569.9379777
4770,7,18,19,63.80013854,176.14623164817135,36.361857738928336,94.2463877,33.12846871,33.12846871,199.9321911
4771,7,18,20,1.0,0.0,1.0,0.507424043,0.507424043,0.507424043,0.507424043
4772,7,18,21,0.0,0.0,0.0,0.0,0.0,0.0,0.0
4773,7,18,22,0.0,0.0,0.0,0.0,0.0,0.0,0.0
4774,7,18,23,0.0,0.0,0.0,0.0,0.0,0.0,0.0
4775,7,18,24,0.0,0.0,0.0,0.0,0.0,0.0,0.0
4776,7,19,1,0.0,0.0,0.0,0.0,0.0,0.0,0.0
4777,7,19,2,0.0,0.0,0.0,0.0,0.0,0.0,0.0
4778,7,19,3,0.0,0.0,0.0,0.0,0.0,0.0,0.0
4779,7,19,4,0.0,0.0,0.0,0.0,0.0,0.0,0.0
4780,7,19,5,1.0,0.0,1.0,0.507423708,0.507423708,0.507423708,0.507423708
4781,7,19,6,78.63751581,191.38515344717518,56.251179852280345,111.1752413,221.7370319,38.10506724,38.10506724
4782,7,19,7,320.7080857,598.4421158460337,138.68628530341863,234.3029135,668.9325333,106.3345298,106.3345298
4783,7,19,8,552.6389779,849.728996275151,139.42970702835066,190.9677778,884.70258,139.9834696,139.9834696
4784,7,19,9,749.580422,1007.7286605746124,93.62325190851111,150.4136828,913.1645861,228.4987194,150.4136828
4785,7,19,10,896.4663788,1049.6910297146694,70.50491129260604,157.535478,774.5885884,357.5850694,157.535478
4786,7,19,11,985.6101402,1062.9155228321488,45.12354007769042,154.886536,557.6982857,443.6597625,154.886536
4787,7,19,12,1017.818277,1059.8277738263462,23.58192973568708,147.1793716,300.41291,480.8704335,147.1793716
4788,7,19,13,998.9368988,1046.9403299004123,11.566977607032243,137.8764376,137.8764376,470.5285686,240.6977785
4789,7,19,14,924.8324557,1007.1166469651392,18.996010403751463,127.5779976,127.5779976,411.3212131,464.2719041
4790,7,19,15,778.7445882,926.41222887006,28.275051252469645,108.2513808,108.2513808,300.8541116,616.4752533
4791,7,19,16,611.6550561,876.0769343915058,14.94327272915693,79.84147284,79.84147284,168.1261789,715.4341964
4792,7,19,17,425.4039137,800.2758863421315,8.201343741902688,79.66894366,53.96876552,53.96876552,736.6205629
4793,7,19,18,222.9281022,590.1681420274911,21.339349150470785,152.9680389,45.6081773,45.6081773,590.7382406
4794,7,19,19,62.69765329,183.2885646103422,34.44840402498841,95.08088011,32.01638634,32.01638634,205.5060682
4795,7,19,20,1.0,0.0,1.0,0.507423708,0.507423708,0.507423708,0.507423708
4796,7,19,21,0.0,0.0,0.0,0.0,0.0,0.0,0.0
4797,7,19,22,0.0,0.0,0.0,0.0,0.0,0.0,0.0
4798,7,19,23,0.0,0.0,0.0,0.0,0.0,0.0,0.0
4799,7,19,24,0.0,0.0,0.0,0.0,0.0,0.0,0.0
4800,7,20,1,0.0,0.0,0.0,0.0,0.0,0.0,0.0
4801,7,20,2,0.0,0.0,0.0,0.0,0.0,0.0,0.0
4802,7,20,3,0.0,0.0,0.0,0.0,0.0,0.0,0.0
4803,7,20,4,0.0,0.0,0.0,0.0,0.0,0.0,0.0
4804,7,20,5,1.0,0.0,1.0,0.507423354,0.507423354,0.507423354,0.507423354
4805,7,20,6,76.09484473,188.06027729465245,54.52168261473448,108.4967695,217.7803734,37.08334406,37.08334406
4806,7,20,7,318.0516603,596.0127616460946,137.9819553864048,231.7826962,666.7406408,105.6812521,105.6812521
4807,7,20,8,550.8293844,848.1472849195188,139.9184032600269,188.6665708,884.2212255,139.8573453,139.8573453
4808,7,20,9,748.2779129,1007.578308947465,94.00496040016154,150.3629415,914.1027413,231.0957145,150.3629415
4809,7,20,10,894.496477,1048.541236835529,70.87202882744302,157.4335863,774.7761604,360.2098177,157.4335863
4810,7,20,11,984.6596695,1062.3658078153721,45.926004889907674,155.1889017,558.5072787,446.9388991,155.1889017
4811,7,20,12,1016.838038,1059.7075261451232,23.843329354082094,147.203361,300.8022794,484.0313612,147.203361
4812,7,20,13,997.0510581,1046.0325746072888,11.577112897008881,137.7900617,137.7900617,473.2501836,240.442599
4813,7,20,14,924.8757436,1008.0247019032615,19.214433574940006,127.9740661,127.9740661,414.9323929,465.1357227
4814,7,20,15,799.0983585,949.1748899643571,31.172343756429438,112.754458,112.754458,312.8547012,633.8905438
4815,7,20,16,627.7978293,897.4787308563638,17.53758866790591,84.14550945,84.14550945,177.1255099,735.9119868
4816,7,20,17,423.7652349,799.3628944562026,8.084097861115794,77.33177263,53.81424897,53.81424897,736.4007981
4817,7,20,18,221.3434872,588.3035070430795,21.279931916213034,150.9898923,45.45744245,45.45744245,589.4892816
4818,7,20,19,61.20495378,181.199570510419,33.5926961614715,93.27493376,31.36356001,31.36356001,203.077517
4819,7,20,20,1.0,0.0,1.0,0.507423354,0.507423354,0.507423354,0.507423354
4820,7,20,21,0.0,0.0,0.0,0.0,0.0,0.0,0.0
4821,7,20,22,0.0,0.0,0.0,0.0,0.0,0.0,0.0
4822,7,20,23,0.0,0.0,0.0,0.0,0.0,0.0,0.0
4823,7,20,24,0.0,0.0,0.0,0.0,0.0,0.0,0.0
4824,7,21,1,0.0,0.0,0.0,0.0,0.0,0.0,0.0
4825,7,21,2,0.0,0.0,0.0,0.0,0.0,0.0,0.0
4826,7,21,3,0.0,0.0,0.0,0.0,0.0,0.0,0.0
4827,7,21,4,0.0,0.0,0.0,0.0,0.0,0.0,0.0
4828,7,21,5,1.0,0.0,1.0,0.50742298,0.50742298,0.50742298,0.50742298
4829,7,21,6,73.44967982,183.71781425252075,52.79641718290683,105.4280276,212.8650089,36.04580422,36.04580422
4830,7,21,7,316.0862424,591.3060483334781,138.66226466891212,229.2178366,662.9670392,105.4901719,105.4901719
4831,7,21,8,548.0360601,844.5498809174045,140.41625077960177,186.0740619,881.8868097,139.6333093,139.6333093
4832,7,21,9,746.304186,1006.4251008239083,94.39382151826406,150.246289,914.2145506,233.6519089,150.246289
4833,7,21,10,893.2879559,1048.3888859689375,71.24677732592082,157.4095971,775.6130106,363.2134843,157.4095971
4834,7,21,11,938.5650509,1018.6070399617754,39.746144642246335,146.3295744,533.6603522,429.1397476,146.3295744
4835,7,21,12,968.0784258,1013.5334153547616,19.4699669166528,138.4425729,285.6703713,463.7098331,138.4425729
4836,7,21,13,934.8114108,985.5097868440067,7.3813336565093275,126.7576917,126.7576917,445.795399,223.432124
4837,7,21,14,823.4207762,902.183184547434,13.789603846746129,117.9259348,117.9259348,377.4578273,419.853988
4838,7,21,15,678.1570098,799.0573013410279,32.56115824872477,110.7407463,110.7407463,281.5993991,549.899293
4839,7,21,16,534.1561788,718.4037837851063,46.5371399664347,97.43616778,97.43616778,174.0198846,620.2255027
4840,7,21,17,341.8484518,551.0163212309527,56.0764353219295,101.0523402,86.31713891,86.31713891,558.6708276
4841,7,21,18,207.3796458,499.240941563723,38.401070721115055,145.1896932,56.75538628,56.75538628,519.8522119
4842,7,21,19,55.06383195,141.29049982285184,33.79196766698903,76.19795475,27.98904088,27.98904088,162.8243643
4843,7,21,20,0.0,0.0,0.0,0.0,0.0,0.0,0.0
4844,7,21,21,0.0,0.0,0.0,0.0,0.0,0.0,0.0
4845,7,21,22,0.0,0.0,0.0,0.0,0.0,0.0,0.0
4846,7,21,23,0.0,0.0,0.0,0.0,0.0,0.0,0.0
4847,7,21,24,0.0,0.0,0.0,0.0,0.0,0.0,0.0
4848,7,22,1,0.0,0.0,0.0,0.0,0.0,0.0,0.0
4849,7,22,2,0.0,0.0,0.0,0.0,0.0,0.0,0.0
4850,7,22,3,0.0,0.0,0.0,0.0,0.0,0.0,0.0
4851,7,22,4,0.0,0.0,0.0,0.0,0.0,0.0,0.0
4852,7,22,5,0.0,0.0,0.0,0.0,0.0,0.0,0.0
4853,7,22,6,65.72481668,159.6188769596678,48.153270047029395,93.51686426,187.6927346,33.44320417,33.44320417
4854,7,22,7,290.5484302,507.54188952555205,139.3253259434854,208.1093383,583.1184461,102.9408762,102.9408762
4855,7,22,8,529.4262863,802.9302531175748,143.38982898284698,180.6177872,845.5254027,138.5912107,138.5912107
4856,7,22,9,744.3105904,1005.2691900873863,94.78956245882681,150.1288396,914.3187632,236.3084554,150.1288396
4857,7,22,10,892.2708671,1047.7392091727381,72.23311968791342,157.7298584,776.4922382,366.5747394,157.7298584
4858,7,22,11,954.9356439,1035.3419494884088,42.653471421004625,149.8308037,544.1779372,440.5534045,149.8308037
4859,7,22,12,967.0666417,1013.424377278903,19.718824372725013,138.4581525,285.9639808,466.9220814,138.4581525
4860,7,22,13,933.8330105,985.6010276088327,7.387961873339683,126.7547028,126.7547028,448.916146,223.4477031
4861,7,22,14,847.5708638,927.7094943507595,16.046179126492856,117.4839511,117.4839511,387.2409668,428.2028099
4862,7,22,15,677.2723765,799.2095024862425,32.48296315442676,110.7183101,110.7183101,284.0466272,550.3723986
4863,7,22,16,440.3130135,508.1158932953391,96.08369339388426,116.6703059,116.6703059,172.5008721,487.8962851
4864,7,22,17,340.1761352,551.9796634600185,54.715634270308215,98.54973013,85.34583911,85.34583911,559.030054
4865,7,22,18,205.238997,497.61886200155084,37.64827244792107,142.8988638,56.07038478,56.07038478,518.1999399
4866,7,22,19,54.96435442,147.67783092888786,33.01514306950828,77.48680642,27.53224289,27.53224289,168.4570369
4867,7,22,20,0.0,0.0,0.0,0.0,0.0,0.0,0.0
4868,7,22,21,0.0,0.0,0.0,0.0,0.0,0.0,0.0
4869,7,22,22,0.0,0.0,0.0,0.0,0.0,0.0,0.0
4870,7,22,23,0.0,0.0,0.0,0.0,0.0,0.0,0.0
4871,7,22,24,0.0,0.0,0.0,0.0,0.0,0.0,0.0
4872,7,23,1,0.0,0.0,0.0,0.0,0.0,0.0,0.0
4873,7,23,2,0.0,0.0,0.0,0.0,0.0,0.0,0.0
4874,7,23,3,0.0,0.0,0.0,0.0,0.0,0.0,0.0
4875,7,23,4,0.0,0.0,0.0,0.0,0.0,0.0,0.0
4876,7,23,5,0.0,0.0,0.0,0.0,0.0,0.0,0.0
4877,7,23,6,67.98868636,172.97886954719198,49.35654276452793,98.52338155,201.080321,33.93703483,33.93703483
4878,7,23,7,310.8476136,582.0027826650535,138.68087857465684,223.4529443,654.9376776,104.5811483,104.5811483
4879,7,23,8,544.857886,839.7918154654908,142.68755319249746,181.4227142,880.0142429,139.8093835,139.8093835
4880,7,23,9,742.2973029,1004.1109884962657,95.19151921585586,150.0105919,914.414018,239.0640301,150.0105919
4881,7,23,10,891.0123117,1047.5829366535522,72.62184624887975,157.7048338,777.2921546,369.7934987,157.7048338
4882,7,23,11,980.4029063,1060.8411971002577,47.02376280383505,155.1088641,559.8146838,456.4499312,155.1088641
4883,7,23,12,985.1514196,1031.5090943765306,22.118138743096928,142.278323,292.6821729,480.0000677,142.278323
4884,7,23,13,932.8128093,985.6864877392209,7.404823282192435,126.7506673,126.7506673,452.120964,223.5043891
4885,7,23,14,846.5488853,927.9066024147553,15.913497654116991,117.4573224,117.4573224,390.2172387,428.5222179
4886,7,23,15,731.8060145,871.2736400614477,29.945940830608297,105.3639107,105.3639107,297.0164188,585.0928276
4887,7,23,16,557.4386845,775.5750299457998,33.07434400557463,90.47737908,90.47737908,177.7466537,655.8051976
4888,7,23,17,156.7812634,51.34962313592447,130.30506070485907,75.96498733,74.8036284,74.8036284,122.2167335
4889,7,23,18,164.8968123,273.02093559056084,73.43171605639986,112.6559077,65.32455971,65.32455971,321.5040644
4890,7,23,19,21.28877221,0.0,21.28877221,12.16278324,11.50673747,11.50673747,13.37387821
4891,7,23,20,0.0,0.0,0.0,0.0,0.0,0.0,0.0
4892,7,23,21,0.0,0.0,0.0,0.0,0.0,0.0,0.0
4893,7,23,22,0.0,0.0,0.0,0.0,0.0,0.0,0.0
4894,7,23,23,0.0,0.0,0.0,0.0,0.0,0.0,0.0
4895,7,23,24,0.0,0.0,0.0,0.0,0.0,0.0,0.0
4896,7,24,1,0.0,0.0,0.0,0.0,0.0,0.0,0.0
4897,7,24,2,0.0,0.0,0.0,0.0,0.0,0.0,0.0
4898,7,24,3,0.0,0.0,0.0,0.0,0.0,0.0,0.0
4899,7,24,4,0.0,0.0,0.0,0.0,0.0,0.0,0.0
4900,7,24,5,0.0,0.0,0.0,0.0,0.0,0.0,0.0
4901,7,24,6,63.44367871,159.3005860437664,46.6682431250409,91.52942079,186.779403,32.3386928,32.3386928
4902,7,24,7,297.8707088,544.4569205892191,137.98945135825494,212.7277646,618.9002236,102.8927122,102.8927122
4903,7,24,8,514.9406579,818.1704929263753,124.69524587707546,170.926761,854.4987903,132.7631323,132.7631323
4904,7,24,9,705.7412551,952.9415500409364,93.22025543003468,145.3542513,871.8814074,232.7967274,145.3542513
4905,7,24,10,834.6037642,986.7048911651481,65.23790408754903,147.9197873,732.3048456,350.8549261,147.9197873
4906,7,24,11,935.3476955,1017.7884157182896,41.198714091315466,146.6279548,535.4512208,439.121505,146.6279548
4907,7,24,12,949.8216069,997.9279129165154,19.36055530602502,136.1577962,281.8752005,466.240447,136.1577962
4908,7,24,13,913.5835407,963.7925148710522,9.869139318930667,127.4220983,127.4220983,448.7733602,222.1241304
4909,7,24,14,845.4784655,928.1004997632333,15.787956436799432,117.428971,117.428971,393.2641254,428.882741
4910,7,24,15,549.8242964,565.0922093202236,95.34123675965192,132.1921123,132.1921123,258.6302904,444.5034885
4911,7,24,16,104.3450892,0.8196092008767372,103.79213274839508,54.30213039,54.30213039,54.67819006,56.67608469
4912,7,24,17,176.4187769,72.8280448699816,138.98709703181657,82.23579268,80.8433165,80.8433165,146.9749987
4913,7,24,18,204.1244417,513.0220597844728,33.211824253031935,139.7361433,53.05163529,53.05163529,530.4495773
4914,7,24,19,52.80781767,147.48795219080841,31.49596576295191,75.53081935,26.41693385,26.41693385,167.466833
4915,7,24,20,0.0,0.0,0.0,0.0,0.0,0.0,0.0
4916,7,24,21,0.0,0.0,0.0,0.0,0.0,0.0,0.0
4917,7,24,22,0.0,0.0,0.0,0.0,0.0,0.0,0.0
4918,7,24,23,0.0,0.0,0.0,0.0,0.0,0.0,0.0
4919,7,24,24,0.0,0.0,0.0,0.0,0.0,0.0,0.0
4920,7,25,1,0.0,0.0,0.0,0.0,0.0,0.0,0.0
4921,7,25,2,0.0,0.0,0.0,0.0,0.0,0.0,0.0
4922,7,25,3,0.0,0.0,0.0,0.0,0.0,0.0,0.0
4923,7,25,4,0.0,0.0,0.0,0.0,0.0,0.0,0.0
4924,7,25,5,0.0,0.0,0.0,0.0,0.0,0.0,0.0
4925,7,25,6,63.30010084,159.43689726230443,46.89947834876581,91.12296731,187.2007035,32.23761937,32.23761937
4926,7,25,7,306.1902512,574.522910007316,138.74092722884853,217.9569734,648.6747274,103.7268876,103.7268876
4927,7,25,8,540.145398,834.4608006112114,143.75460086270778,175.9098352,877.0704413,139.4512682,139.4512682
4928,7,25,9,738.853863,1002.7886935886402,96.01241681044203,149.8358587,915.3975928,245.0254242,149.8358587
4929,7,25,10,887.6386749,1046.2708664262618,73.41224807619436,157.5743611,778.1610994,376.2614687,157.5743611
4930,7,25,11,978.1242009,1060.1099614261789,48.23730529577943,155.4144325,561.0029225,463.7445744,155.4144325
4931,7,25,12,1010.532411,1057.790376258203,25.59227212058722,147.5005463,302.1596769,501.0772249,147.5005463
4932,7,25,13,964.097525,1018.8104970602274,10.04735039965361,133.1379542,133.1379542,476.2933557,233.3880866
4933,7,25,14,875.2282497,964.3688883677479,14.332130568401961,119.4969866,119.4969866,409.3106597,443.4921604
4934,7,25,15,792.3395286,949.1284684903023,30.27986989910732,112.3276289,112.3276289,327.2146441,636.0990827
4935,7,25,16,618.3555116,894.5249527284285,16.210406140558476,82.79032693,82.79032693,188.949762,736.0127942
4936,7,25,17,412.5953617,790.818493638522,7.492420209170676,64.68119695,52.75188857,52.75188857,732.0261205
4937,7,25,18,210.8057114,573.0828442376634,21.00225265257759,139.5520261,44.44557442,44.44557442,577.7176984
4938,7,25,19,52.22704331,145.13783942443925,31.574795526957015,74.32660048,26.33978878,26.33978878,165.4346397
4939,7,25,20,0.0,0.0,0.0,0.0,0.0,0.0,0.0
4940,7,25,21,0.0,0.0,0.0,0.0,0.0,0.0,0.0
4941,7,25,22,0.0,0.0,0.0,0.0,0.0,0.0,0.0
4942,7,25,23,0.0,0.0,0.0,0.0,0.0,0.0,0.0
4943,7,25,24,0.0,0.0,0.0,0.0,0.0,0.0,0.0
4944,7,26,1,0.0,0.0,0.0,0.0,0.0,0.0,0.0
4945,7,26,2,0.0,0.0,0.0,0.0,0.0,0.0,0.0
4946,7,26,3,0.0,0.0,0.0,0.0,0.0,0.0,0.0
4947,7,26,4,0.0,0.0,0.0,0.0,0.0,0.0,0.0
4948,7,26,5,0.0,0.0,0.0,0.0,0.0,0.0,0.0
4949,7,26,6,58.0447426,149.56044840396706,43.03005908333613,83.52243065,174.2710085,28.69431819,28.69431819
4950,7,26,7,293.3511995,536.9130902412712,138.0572877708381,207.3446118,612.5051625,102.0504408,102.0504408
4951,7,26,8,537.7708622,831.7698216429172,144.29984591980573,173.0446235,875.5707948,139.2707898,139.2707898
4952,7,26,9,736.7805203,1001.6261144748618,96.42895451572714,149.7150269,915.4588592,248.072531,149.7150269
4953,7,26,10,885.5261644,1045.1167290024475,73.81188379888512,157.4691627,778.2266941,379.5013014,157.4691627
4954,7,26,11,976.8779268,1059.9398096186155,48.61879398294233,155.4156251,561.4691438,467.445232,155.4156251
4955,7,26,12,1009.334362,1057.6677650809875,25.887683339896927,147.5232662,302.3128146,504.8190495,147.5232662
4956,7,26,13,990.5357625,1046.2527438724403,12.125180326242589,138.1022387,138.1022387,494.1534639,241.2477138
4957,7,26,14,916.2637279,1007.2575102387261,18.41004882455277,127.6184567,127.6184567,433.7682774,466.4903355
4958,7,26,15,790.1679655,948.315266330998,30.113107670761213,112.167175,112.167175,330.0219331,636.1533692
4959,7,26,16,616.2067977,893.6648633517757,16.06054017749888,82.60245891,82.60245891,191.5189404,736.0321231
4960,7,26,17,400.7684757,757.2353816014322,14.230648843253398,67.60151104,58.47211443,58.47211443,709.936003
4961,7,26,18,208.9814166,571.2620014158553,20.946617291059095,137.4560901,44.27193473,44.27193473,576.5572121
4962,7,26,19,49.69277049,134.59986488430687,30.84932419789321,69.84848197,25.63302887,25.63302887,155.0166517
4963,7,26,20,0.0,0.0,0.0,0.0,0.0,0.0,0.0
4964,7,26,21,0.0,0.0,0.0,0.0,0.0,0.0,0.0
4965,7,26,22,0.0,0.0,0.0,0.0,0.0,0.0,0.0
4966,7,26,23,0.0,0.0,0.0,0.0,0.0,0.0,0.0
4967,7,26,24,0.0,0.0,0.0,0.0,0.0,0.0,0.0
4968,7,27,1,0.0,0.0,0.0,0.0,0.0,0.0,0.0
4969,7,27,2,0.0,0.0,0.0,0.0,0.0,0.0,0.0
4970,7,27,3,0.0,0.0,0.0,0.0,0.0,0.0,0.0
4971,7,27,4,0.0,0.0,0.0,0.0,0.0,0.0,0.0
4972,7,27,5,0.0,0.0,0.0,0.0,0.0,0.0,0.0
4973,7,27,6,55.53000663,143.13159928332342,41.51934206389162,79.81327606,167.3958965,27.67648298,27.67648298
4974,7,27,7,244.8456116,389.3816638530909,133.09938094316416,171.163945,468.0724986,95.61769965,95.61769965
4975,7,27,8,498.7400658,790.9008688146971,126.18349312085824,160.9065424,832.1054874,131.3294644,131.3294644
4976,7,27,9,687.8129865,925.8588724530475,97.5374345953081,145.2676593,854.2165337,239.3292566,145.2676593
4977,7,27,10,843.7952145,1003.7513172804446,65.78791613516134,148.806668,745.7264937,365.569639,148.806668
4978,7,27,11,929.99507,1015.3344497671582,42.251034745453005,146.4402378,535.8484124,448.9994214,146.4402378
4979,7,27,12,946.479427,997.3641307723486,20.44642343475721,136.4769766,282.5318996,477.0089439,136.4769766
4980,7,27,13,943.6325732,1000.8652529104496,8.995330264566341,129.9368739,129.9368739,474.0932324,228.8305672
4981,7,27,14,858.0721089,949.7485254987645,12.789800795197458,116.6155202,116.6155202,408.563893,436.5782027
4982,7,27,15,750.8084034,907.4435856072953,24.866028239026193,104.1523426,104.1523426,315.675515,606.1894327
4983,7,27,16,576.6122015,831.4838125294585,19.60815020719269,81.82803805,81.82803805,185.8889605,690.6861893
4984,7,27,17,330.6190739,537.4736035702798,57.272089654648006,90.56969988,85.73486281,85.73486281,550.0189016
4985,7,27,18,133.6659326,153.86860369946186,83.34668912008365,85.69839805,60.44115544,60.44115544,207.5109267
4986,7,27,19,29.07875683,22.695631188501903,25.95572214429716,24.10009459,15.94493909,15.94493909,40.04118221
4987,7,27,20,0.0,0.0,0.0,0.0,0.0,0.0,0.0
4988,7,27,21,0.0,0.0,0.0,0.0,0.0,0.0,0.0
4989,7,27,22,0.0,0.0,0.0,0.0,0.0,0.0,0.0
4990,7,27,23,0.0,0.0,0.0,0.0,0.0,0.0,0.0
4991,7,27,24,0.0,0.0,0.0,0.0,0.0,0.0,0.0
4992,7,28,1,0.0,0.0,0.0,0.0,0.0,0.0,0.0
4993,7,28,2,0.0,0.0,0.0,0.0,0.0,0.0,0.0
4994,7,28,3,0.0,0.0,0.0,0.0,0.0,0.0,0.0
4995,7,28,4,0.0,0.0,0.0,0.0,0.0,0.0,0.0
4996,7,28,5,0.0,0.0,0.0,0.0,0.0,0.0,0.0
4997,7,28,6,49.45714322,122.91887996817536,37.736732508986535,69.81304454,145.8573508,25.23299664,25.23299664
4998,7,28,7,243.1183816,388.7620743043343,132.435377928545,169.267513,467.4606356,95.04854877,95.04854877
4999,7,28,8,468.4834128,722.1072451475248,129.7942004528283,154.1655209,770.6707736,129.5205776,129.5205776
5000,7,28,9,612.7042974,789.4333846140397,110.82242542173572,143.5742446,749.4040525,226.590685,143.5742446
5001,7,28,10,742.4195962,850.5396371516175,84.53001408485716,148.5426105,655.3518618,335.4311398,148.5426105
5002,7,28,11,866.2935229,934.881154303197,50.261382395770134,145.2004026,504.2357448,427.3247482,145.2004026
5003,7,28,12,895.9899953,935.5615219049525,28.63716706656423,137.8317741,274.9180091,460.8030522,137.8317741
5004,7,28,13,927.2047358,985.6226654143546,8.159399214407083,127.2891767,127.2891767,469.7907536,224.9418408
5005,7,28,14,839.9297106,927.5274818646918,15.757066535890278,117.5507863,117.5507863,405.9791651,430.5450603
5006,7,28,15,544.8254922,570.39785028967,89.40532731494038,128.421456,128.421456,263.6958949,445.2520344
5007,7,28,16,102.9967199,1.641237796361889,101.90012578404568,53.35012571,53.35012571,53.87099622,56.32320055
5008,7,28,17,172.127485,70.0596237779872,136.63442787279317,79.75911895,79.32568846,79.32568846,143.4107615
5009,7,28,18,132.1720894,152.44138913320177,82.65779761095239,84.48425982,59.91432084,59.91432084,205.8484958
5010,7,28,19,34.71893209,34.1851900800019,30.09977849830839,30.41658892,18.54360756,18.54360756,53.97473929
5011,7,28,20,0.0,0.0,0.0,0.0,0.0,0.0,0.0
5012,7,28,21,0.0,0.0,0.0,0.0,0.0,0.0,0.0
5013,7,28,22,0.0,0.0,0.0,0.0,0.0,0.0,0.0
5014,7,28,23,0.0,0.0,0.0,0.0,0.0,0.0,0.0
5015,7,28,24,0.0,0.0,0.0,0.0,0.0,0.0,0.0
5016,7,29,1,0.0,0.0,0.0,0.0,0.0,0.0,0.0
5017,7,29,2,0.0,0.0,0.0,0.0,0.0,0.0,0.0
5018,7,29,3,0.0,0.0,0.0,0.0,0.0,0.0,0.0
5019,7,29,4,0.0,0.0,0.0,0.0,0.0,0.0,0.0
5020,7,29,5,0.0,0.0,0.0,0.0,0.0,0.0,0.0
5021,7,29,6,47.27444663,119.32271680907249,36.20297931040279,67.16591401,141.5787709,24.22667469,24.22667469
5022,7,29,7,240.3823901,389.45873393468696,130.39801755638956,167.0627692,467.517279,93.97800816,93.97800816
5023,7,29,8,494.2605796,785.9950973923803,127.2165779880761,155.1518491,829.4364514,131.0079824,131.0079824
5024,7,29,9,683.8292706,923.5386781485234,98.37086813582157,145.0485725,854.1420669,245.3856138,145.0485725
5025,7,29,10,826.333224,982.1226484539457,68.2676908738617,148.2615226,733.8484325,367.5845183,148.2615226
5026,7,29,11,912.3712665,998.7641831734684,42.07436798512451,144.3235242,528.2096519,449.4669324,144.3235242
5027,7,29,12,943.0973653,996.1709631856367,20.977634073085838,136.4063746,282.3727174,484.0383666,136.4063746
5028,7,29,13,940.1559725,999.9530136352992,9.176505761591063,129.8299573,129.8299573,481.0379702,229.2169864
5029,7,29,14,855.5193675,949.8310098999234,12.949891163096108,116.867719,116.867719,415.6532498,437.9229245
5030,7,29,15,735.9594306,892.7201114247466,24.643456870326812,102.7765143,102.7765143,317.090795,598.1224485
5031,7,29,16,546.4655075,771.427456297129,32.43802392369314,89.63919494,89.63919494,191.3873171,656.3711774
5032,7,29,17,381.5719144,714.693317848937,20.964140795539098,64.97535216,63.08235824,63.08235824,680.6958996
5033,7,29,18,193.0028521,502.5791187868456,30.920641157693503,128.0726722,50.41582111,50.41582111,521.2175314
5034,7,29,19,41.79203869,111.40457179720747,27.025870484185166,58.36413117,22.59027608,22.59027608,130.4342841
5035,7,29,20,0.0,0.0,0.0,0.0,0.0,0.0,0.0
5036,7,29,21,0.0,0.0,0.0,0.0,0.0,0.0,0.0
5037,7,29,22,0.0,0.0,0.0,0.0,0.0,0.0,0.0
5038,7,29,23,0.0,0.0,0.0,0.0,0.0,0.0,0.0
5039,7,29,24,0.0,0.0,0.0,0.0,0.0,0.0,0.0
5040,7,30,1,0.0,0.0,0.0,0.0,0.0,0.0,0.0
5041,7,30,2,0.0,0.0,0.0,0.0,0.0,0.0,0.0
5042,7,30,3,0.0,0.0,0.0,0.0,0.0,0.0,0.0
5043,7,30,4,0.0,0.0,0.0,0.0,0.0,0.0,0.0
5044,7,30,5,0.0,0.0,0.0,0.0,0.0,0.0,0.0
5045,7,30,6,48.64202638,129.61994998254946,36.95117871703193,70.81243985,152.1124163,24.65784914,24.65784914
5046,7,30,7,292.0032041,553.7034359489545,136.92450402811176,202.3159508,630.044736,100.7285531,100.7285531
5047,7,30,8,510.9806924,781.2551857491825,147.7695029172841,158.4935394,833.0253817,137.2023081,137.2023081
5048,7,30,9,708.4657607,970.6693428018477,94.92111847495723,145.784314,891.8793533,254.7806151,145.784314
5049,7,30,10,854.1926249,1017.5208871971839,70.49506687530366,152.1474618,759.5660295,383.2546077,152.1474618
5050,7,30,11,943.560865,1031.3756914747257,46.42923368081151,150.2502164,547.0667686,469.3926185,150.2502164
5051,7,30,12,941.8902203,995.820286474626,21.56069402037311,136.7018075,282.6021171,488.0877382,136.7018075
5052,7,30,13,923.6745413,984.7009544846377,8.351869908389244,127.1747923,127.1747923,476.762099,225.3949323
5053,7,30,14,710.4459334,736.9534603293135,57.86155962665,129.9872485,129.9872485,364.80039,379.8398619
5054,7,30,15,541.301289,572.0007936744013,86.5046980191623,126.4137063,126.4137063,266.1229407,445.0867182
5055,7,30,16,427.0348804,515.0639824531288,84.8068598753446,109.0731278,109.0731278,178.9770529,489.1385583
5056,7,30,17,291.286949,427.9847085658948,76.25473390054744,91.79214888,91.79214888,92.0450793,463.9137944
5057,7,30,18,37.63371272,0.14246325647824845,37.588109676286635,19.56347487,19.26106137,19.26106137,21.13374775
5058,7,30,19,15.25342512,0.14293012067171051,15.234861740487442,8.814432715,8.195625047,8.195625047,10.08052631
5059,7,30,20,0.0,0.0,0.0,0.0,0.0,0.0,0.0
5060,7,30,21,0.0,0.0,0.0,0.0,0.0,0.0,0.0
5061,7,30,22,0.0,0.0,0.0,0.0,0.0,0.0,0.0
5062,7,30,23,0.0,0.0,0.0,0.0,0.0,0.0,0.0
5063,7,30,24,0.0,0.0,0.0,0.0,0.0,0.0,0.0
5064,7,31,1,0.0,0.0,0.0,0.0,0.0,0.0,0.0
5065,7,31,2,0.0,0.0,0.0,0.0,0.0,0.0,0.0
5066,7,31,3,0.0,0.0,0.0,0.0,0.0,0.0,0.0
5067,7,31,4,0.0,0.0,0.0,0.0,0.0,0.0,0.0
5068,7,31,5,0.0,0.0,0.0,0.0,0.0,0.0,0.0
5069,7,31,6,42.30145516,104.98287611271037,33.10767325506474,59.41888129,126.2037827,22.13622287,22.13622287
5070,7,31,7,268.0567847,484.8804192424439,133.39389315931996,184.5998448,562.1029199,97.1427402,97.1427402
5071,7,31,8,509.092218,779.4634534020461,148.3477599618356,155.5151269,832.2876219,137.0711248,137.0711248
5072,7,31,9,706.340065,969.5217339124198,95.33430738927458,145.6622488,891.8444775,258.1814028,145.6622488
5073,7,31,10,876.1452178,1041.388984263822,75.82511782575175,157.0874419,779.5165056,397.6997549,157.0874419
5074,7,31,11,924.0285677,1013.4466690265568,44.08272963136756,146.6388048,536.8790164,464.2601795,146.6388048
5075,7,31,12,920.9810843,971.2035832075547,24.873268830459196,137.2501526,279.4996255,483.8271198,137.2501526
5076,7,31,13,831.1298363,847.1689353835762,44.946286131856,135.4067354,135.4067354,439.6804981,220.3101119
5077,7,31,14,769.0977431,845.5632434300484,21.70522519336635,120.750706,120.750706,393.0947305,407.7250091
5078,7,31,15,662.7919551,796.270205572608,31.08700755059035,109.265513,109.265513,306.2163317,552.6298607
5079,7,31,16,350.9721864,313.1811605733685,143.50055362115754,119.6085795,119.6085795,163.5118731,352.6814107
5080,7,31,17,241.0530799,247.11683718701207,117.44224772928628,91.79113178,91.79113178,92.76178931,308.9881489
5081,7,31,18,90.02777138,33.7114793982812,79.32040449510504,50.12059054,44.54701016,44.54701016,79.82594271
5082,7,31,19,7.0,0.0,7.0,3.577416782,3.577416782,3.577416782,3.577416782
5083,7,31,20,0.0,0.0,0.0,0.0,0.0,0.0,0.0
5084,7,31,21,0.0,0.0,0.0,0.0,0.0,0.0,0.0
5085,7,31,22,0.0,0.0,0.0,0.0,0.0,0.0,0.0
5086,7,31,23,0.0,0.0,0.0,0.0,0.0,0.0,0.0
5087,7,31,24,0.0,0.0,0.0,0.0,0.0,0.0,0.0
5088,8,1,1,0.0,0.0,0.0,0.0,0.0,0.0,0.0
5089,8,1,2,0.0,0.0,0.0,0.0,0.0,0.0,0.0
5090,8,1,3,0.0,0.0,0.0,0.0,0.0,0.0,0.0
5091,8,1,4,0.0,0.0,0.0,0.0,0.0,0.0,0.0
5092,8,1,5,0.0,0.0,0.0,0.0,0.0,0.0,0.0
5093,8,1,6,41.13442462,100.36801164966906,32.61020422598715,58.12369483,124.691982,21.59901997,21.59901997
5094,8,1,7,276.3635228,506.775481152284,136.82304705601814,188.7297333,588.9951714,98.36639065,98.36639065
5095,8,1,8,508.0379986,779.4391863398295,148.9560834133412,152.2677304,835.2927818,136.6427765,136.6427765
5096,8,1,9,654.914149,878.5943838847272,102.87727218752492,143.5221653,821.9836055,249.0980523,143.5221653
5097,8,1,10,733.3753552,845.6504841527787,84.93721312829756,147.1600621,654.016523,346.2633482,147.1600621
5098,8,1,11,747.5889272,757.9966095029262,90.6593760967403,149.315353,442.1668236,390.5795202,149.315353
5099,8,1,12,775.6812716,763.1029409928402,72.77234337058577,145.4678959,257.3990701,421.4469942,145.4678959
5100,8,1,13,764.0295575,760.4441037839621,59.531769892501266,138.4506148,138.4506148,414.9006436,215.0857862
5101,8,1,14,708.6443444,739.3217517689185,56.39967657523205,128.5071267,128.5071267,369.8604552,380.3715939
5102,8,1,15,511.3395257,482.013395443607,129.82986640201693,131.0613006,131.0613006,252.9789277,401.940521
5103,8,1,16,327.2916618,236.7833072539711,170.9165072937956,120.423312,120.423312,154.9938777,299.6788256
5104,8,1,17,169.3195219,66.59342279614503,136.16198352995193,78.27630108,78.27630108,78.80389343,141.8320668
5105,8,1,18,85.67292518,28.339738374084046,76.74469448944231,47.59614519,42.62677854,42.62677854,74.80215567
5106,8,1,19,15.24167912,0.0,15.24167912,8.802832518,8.195449823,8.195449823,10.08560259
5107,8,1,20,0.0,0.0,0.0,0.0,0.0,0.0,0.0
5108,8,1,21,0.0,0.0,0.0,0.0,0.0,0.0,0.0
5109,8,1,22,0.0,0.0,0.0,0.0,0.0,0.0,0.0
5110,8,1,23,0.0,0.0,0.0,0.0,0.0,0.0,0.0
5111,8,1,24,0.0,0.0,0.0,0.0,0.0,0.0,0.0
5112,8,2,1,0.0,0.0,0.0,0.0,0.0,0.0,0.0
5113,8,2,2,0.0,0.0,0.0,0.0,0.0,0.0,0.0
5114,8,2,3,0.0,0.0,0.0,0.0,0.0,0.0,0.0
5115,8,2,4,0.0,0.0,0.0,0.0,0.0,0.0,0.0
5116,8,2,5,0.0,0.0,0.0,0.0,0.0,0.0,0.0
5117,8,2,6,36.22404978,82.26418238504864,29.45690648060359,49.5435974,105.178833,19.55571469,19.55571469
5118,8,2,7,258.0252769,457.0446775405458,133.27328279428735,175.3405307,539.3766576,95.33691293,95.33691293
5119,8,2,8,474.4562479,754.9154875394294,128.2882099169088,140.7652746,805.3562,128.5113557,128.5113557
5120,8,2,9,625.6557601,826.1106592290562,108.18141852325252,142.8569724,781.9257473,245.4529574,142.8569724
5121,8,2,10,715.7532293,819.6988221413499,88.6485376302807,147.1360044,639.0783122,343.5302289,147.1360044
5122,8,2,11,746.4740973,758.3006830050675,90.52526285869182,149.0360864,442.198777,393.5488592,149.0360864
5123,8,2,12,623.4233837,466.0779528538897,194.85664953332144,166.7195367,235.6065844,338.6645056,166.7195367
5124,8,2,13,470.3769957,230.50069106377498,257.21149014539714,169.3594367,169.3594367,256.4060578,193.3394174
5125,8,2,14,305.2342775,56.2952530263884,255.66744754781388,140.5318242,140.5318242,161.4332615,162.1343843
5126,8,2,15,362.7616975,168.37037603092693,229.81928225275524,143.177418,143.177418,187.8582914,241.1632889
5127,8,2,16,358.2336187,328.67392079768956,141.87229158587314,118.8530501,118.8530501,167.535317,365.4814383
5128,8,2,17,286.5103144,429.80857032335393,73.53002645416476,89.4652841,89.4652841,94.04855725,465.9222726
5129,8,2,18,148.5587611,264.4281184780205,65.9569671403349,97.2438759,59.03792532,59.03792532,312.2782436
5130,8,2,19,27.05993709,22.813392241033206,24.2921141680278,23.12607637,14.79365269,14.79365269,41.01209139
5131,8,2,20,0.0,0.0,0.0,0.0,0.0,0.0,0.0
5132,8,2,21,0.0,0.0,0.0,0.0,0.0,0.0,0.0
5133,8,2,22,0.0,0.0,0.0,0.0,0.0,0.0,0.0
5134,8,2,23,0.0,0.0,0.0,0.0,0.0,0.0,0.0
5135,8,2,24,0.0,0.0,0.0,0.0,0.0,0.0,0.0
5136,8,3,1,0.0,0.0,0.0,0.0,0.0,0.0,0.0
5137,8,3,2,0.0,0.0,0.0,0.0,0.0,0.0,0.0
5138,8,3,3,0.0,0.0,0.0,0.0,0.0,0.0,0.0
5139,8,3,4,0.0,0.0,0.0,0.0,0.0,0.0,0.0
5140,8,3,5,0.0,0.0,0.0,0.0,0.0,0.0,0.0
5141,8,3,6,33.72662454,54.43659634849459,29.395121958828458,38.36208912,77.46615283,17.66633532,17.66633532
5142,8,3,7,254.5183061,455.7361414459584,131.2250330751728,172.2485681,537.5372228,94.18343519,94.18343519
5143,8,3,8,471.7504249,751.3990845706081,128.81944615307137,137.5835511,802.9703906,128.3056903,128.3056903
5144,8,3,9,641.0180684,857.8292150664951,105.34310364705804,143.0494541,807.2493629,253.0265316,143.0494541
5145,8,3,10,755.8522394,884.7192061885966,80.57779921221237,147.0546955,678.2630004,362.6052968,147.0546955
5146,8,3,11,812.3270196,851.4052629866645,77.26824051241866,147.349314,476.4282269,425.2663136,147.349314
5147,8,3,12,666.9812259,575.9981059349732,138.2893737182639,153.7376039,238.3729501,367.6699773,153.7376039
5148,8,3,13,491.9482852,256.86751154153313,254.83286219103857,170.4191766,170.4191766,268.1966217,197.1956716
5149,8,3,14,304.1763076,56.10776686125897,254.87571596721196,140.066014,140.066014,161.1531692,161.6529753
5150,8,3,15,326.372861,134.08715118590806,220.76535292701814,135.0444248,135.0444248,171.4667562,213.8889
5151,8,3,16,304.462921,201.29892900504876,172.39510082386147,118.7375876,118.7375876,149.7744775,272.4086214
5152,8,3,17,237.4353617,244.8853092996331,116.69404494959409,90.4487838,90.4487838,93.95697607,308.5118339
5153,8,3,18,124.1041244,144.9646329764362,79.21920672798508,77.76468274,56.81595995,56.81595995,199.0787772
5154,8,3,19,21.4584618,0.0,21.4584618,12.72981273,11.53856676,11.53856676,15.32944342
5155,8,3,20,0.0,0.0,0.0,0.0,0.0,0.0,0.0
5156,8,3,21,0.0,0.0,0.0,0.0,0.0,0.0,0.0
5157,8,3,22,0.0,0.0,0.0,0.0,0.0,0.0,0.0
5158,8,3,23,0.0,0.0,0.0,0.0,0.0,0.0,0.0
5159,8,3,24,0.0,0.0,0.0,0.0,0.0,0.0,0.0
5160,8,4,1,0.0,0.0,0.0,0.0,0.0,0.0,0.0
5161,8,4,2,0.0,0.0,0.0,0.0,0.0,0.0,0.0
5162,8,4,3,0.0,0.0,0.0,0.0,0.0,0.0,0.0
5163,8,4,4,0.0,0.0,0.0,0.0,0.0,0.0,0.0
5164,8,4,5,0.0,0.0,0.0,0.0,0.0,0.0,0.0
5165,8,4,6,32.65475039,53.4344581124122,28.547964191542196,37.32342696,76.1488632,17.15714987,17.15714987
5166,8,4,7,269.8403835,503.1148961246458,134.95563211756206,180.6325875,585.8974862,96.50618731,96.50618731
5167,8,4,8,499.8556915,771.537203999651,149.41819808849925,142.0811993,830.1210579,135.6163667,135.6163667
5168,8,4,9,677.1871866,928.2492184073604,99.36529969183222,143.8527483,862.9832134,266.6255721,143.8527483
5169,8,4,10,797.2024804,951.2287134804642,72.88362963271285,147.0179334,718.4383216,382.7138538,147.0179334
5170,8,4,11,855.3033584,933.0678420003649,51.34017463837465,143.9067788,504.3542297,452.1894474,143.9067788
5171,8,4,12,815.4961383,820.6806186138172,63.605332918373534,143.2658982,263.161396,450.2683604,143.2658982
5172,8,4,13,734.1158074,726.042387342406,65.16880731824145,138.9311941,138.9311941,411.8839821,213.2589806
5173,8,4,14,617.8737321,570.8503632608898,117.34591075956821,137.6491633,137.6491633,331.48939,334.2080095
5174,8,4,15,574.4258878,669.0855029424314,48.82418891677539,115.4288786,115.4288786,291.3102551,491.2806858
5175,8,4,16,478.3449954,664.7234504993236,43.75430499072836,96.36811727,96.36811727,198.380541,590.1599481
5176,8,4,17,336.2021437,603.26104376337,40.304496530819314,73.68643841,73.68643841,84.25430494,601.0412731
5177,8,4,18,165.9841867,401.84409901348573,42.704003759520475,109.3789345,54.55205675,54.55205675,436.34563
5178,8,4,19,29.33649833,29.9438703295382,25.88784322579317,26.23679826,15.79122657,15.79122657,49.41731033
5179,8,4,20,0.0,0.0,0.0,0.0,0.0,0.0,0.0
5180,8,4,21,0.0,0.0,0.0,0.0,0.0,0.0,0.0
5181,8,4,22,0.0,0.0,0.0,0.0,0.0,0.0,0.0
5182,8,4,23,0.0,0.0,0.0,0.0,0.0,0.0,0.0
5183,8,4,24,0.0,0.0,0.0,0.0,0.0,0.0,0.0
5184,8,5,1,0.0,0.0,0.0,0.0,0.0,0.0,0.0
5185,8,5,2,0.0,0.0,0.0,0.0,0.0,0.0,0.0
5186,8,5,3,0.0,0.0,0.0,0.0,0.0,0.0,0.0
5187,8,5,4,0.0,0.0,0.0,0.0,0.0,0.0,0.0
5188,8,5,5,0.0,0.0,0.0,0.0,0.0,0.0,0.0
5189,8,5,6,30.39442517,46.73935128308032,26.929975837576116,33.91396158,68.73838143,16.17085528,16.17085528
5190,8,5,7,275.6836037,526.4865846654196,135.82626225200144,182.9943969,609.5695323,97.08162347,97.08162347
5191,8,5,8,511.7725059,805.9724393300347,147.47028494867646,139.5680677,862.1571948,136.0998543,136.0998543
5192,8,5,9,715.6991288,961.9161048157912,118.83652134423784,152.6657308,899.2174725,284.0400157,152.6657308
5193,8,5,10,866.6724455,1040.9628387990208,75.93787251196233,155.4155723,781.2263715,417.8296034,155.4155723
5194,8,5,11,959.3120535,1057.0506766665803,50.37111941713353,153.5580152,561.9668688,507.3593478,153.5580152
5195,8,5,12,984.5058953,1047.5049192273273,26.62228923975117,144.6779122,297.2372583,540.5261992,144.6779122
5196,8,5,13,956.747534,1028.308569129756,11.15269759769816,133.5753431,133.5753431,523.7002992,239.2434113
5197,8,5,14,873.8378124,982.7779946695233,14.023389040924968,120.7605036,120.7605036,456.7154346,458.231994
5198,8,5,15,747.4420345,923.6916239291393,23.794840210586038,104.3657742,104.3657742,350.4423087,623.5170887
5199,8,5,16,574.8775157,866.4655743637204,10.439041627289125,74.37801656,74.37801656,210.3161031,717.8716798
5200,8,5,17,374.9976904,742.3736889813516,12.825718900491443,55.50482507,55.50482507,71.08454371,703.9151464
5201,8,5,18,179.7283794,515.6956642757234,23.030324011037262,111.4859248,43.16027769,43.16027769,531.4835512
5202,8,5,19,31.05295776,59.739194311790754,24.364558476624683,35.83681818,16.86064707,16.86064707,78.67128226
5203,8,5,20,0.0,0.0,0.0,0.0,0.0,0.0,0.0
5204,8,5,21,0.0,0.0,0.0,0.0,0.0,0.0,0.0
5205,8,5,22,0.0,0.0,0.0,0.0,0.0,0.0,0.0
5206,8,5,23,0.0,0.0,0.0,0.0,0.0,0.0,0.0
5207,8,5,24,0.0,0.0,0.0,0.0,0.0,0.0,0.0
5208,8,6,1,0.0,0.0,0.0,0.0,0.0,0.0,0.0
5209,8,6,2,0.0,0.0,0.0,0.0,0.0,0.0,0.0
5210,8,6,3,0.0,0.0,0.0,0.0,0.0,0.0,0.0
5211,8,6,4,0.0,0.0,0.0,0.0,0.0,0.0,0.0
5212,8,6,5,0.0,0.0,0.0,0.0,0.0,0.0,0.0
5213,8,6,6,26.1720142,34.386521158758896,23.71786534533567,27.6393218,54.47436531,14.23421002,14.23421002
5214,8,6,7,263.0295118,496.82880477614157,132.28024239694676,173.7749091,579.3812242,94.61413999,94.61413999
5215,8,6,8,493.115938,764.4388206726642,149.28681384884487,134.78483,824.6835462,134.6753956,134.6753956
5216,8,6,9,692.4174203,962.6562353213493,97.0363680011662,144.0990903,891.3892368,279.6040595,144.0990903
5217,8,6,10,841.0940328,1015.9148328051608,71.28330349239724,150.3066565,761.5158613,410.8686827,150.3066565
5218,8,6,11,930.8023479,1030.0499343636245,46.919952328755976,148.4372982,546.4989308,497.7642815,148.4372982
5219,8,6,12,946.4132708,1011.1887056020223,23.540882416481594,138.2014712,285.1733161,524.752683,138.2014712
5220,8,6,13,911.8732232,984.527718087642,8.361291753631358,125.7476007,125.7476007,503.4632297,227.5377795
5221,8,6,14,824.1060439,927.4118756562808,14.57885107785365,115.9011842,115.9011842,436.7839634,435.2338512
5222,8,6,15,699.0625972,855.4001066779215,30.794677145185847,104.6403257,104.6403257,335.9991383,586.5574823
5223,8,6,16,533.6719606,778.4332992299337,28.482974761251956,85.96433593,85.96433593,211.1474508,665.654457
5224,8,6,17,345.5514845,650.3826905203032,30.029955384583612,67.34072536,67.34072536,83.32488637,637.1629858
5225,8,6,18,166.4251014,441.60255194955255,33.57266631326869,106.3613326,49.17406024,49.17406024,469.047969
5226,8,6,19,27.0464356,26.937410260068276,24.119387160208404,24.02814728,14.68697385,14.68697385,45.48146212
5227,8,6,20,0.0,0.0,0.0,0.0,0.0,0.0,0.0
5228,8,6,21,0.0,0.0,0.0,0.0,0.0,0.0,0.0
5229,8,6,22,0.0,0.0,0.0,0.0,0.0,0.0,0.0
5230,8,6,23,0.0,0.0,0.0,0.0,0.0,0.0,0.0
5231,8,6,24,0.0,0.0,0.0,0.0,0.0,0.0,0.0
5232,8,7,1,0.0,0.0,0.0,0.0,0.0,0.0,0.0
5233,8,7,2,0.0,0.0,0.0,0.0,0.0,0.0,0.0
5234,8,7,3,0.0,0.0,0.0,0.0,0.0,0.0,0.0
5235,8,7,4,0.0,0.0,0.0,0.0,0.0,0.0,0.0
5236,8,7,5,0.0,0.0,0.0,0.0,0.0,0.0,0.0
5237,8,7,6,20.96790399,20.34612508778356,19.572203734856693,20.25021674,37.64097284,11.7369855,11.7369855
5238,8,7,7,218.4426236,366.4359371599338,122.92201775879987,144.5880385,447.722947,87.33034681,87.33034681
5239,8,7,8,420.4573269,647.3058964669573,130.7642019431253,123.4386158,708.6930495,126.0979152,123.4386158
5240,8,7,9,552.0237881,704.3000972009991,117.8667311181425,139.2316057,687.9956395,241.7312588,139.2316057
5241,8,7,10,626.084654,679.8354510248807,112.22808932613863,144.4726757,555.059647,322.4346892,144.4726757
5242,8,7,11,643.5833154,584.1460039408144,143.39548582177216,151.1399433,378.2109032,353.0307651,151.1399433
5243,8,7,12,755.4405288,748.5928268142217,73.59776504348761,143.5372401,252.3183441,433.6297242,143.5372401
5244,8,7,13,827.7284967,879.40565229188,22.36578143222812,129.241052,129.241052,470.6094971,220.7968837
5245,8,7,14,838.6411607,949.9239402592497,11.417798075857455,114.7040952,114.7040952,447.3322237,442.6719683
5246,8,7,15,711.7738045,882.2643631935074,24.519194606056068,101.3749684,101.3749684,343.4928266,599.3562613
5247,8,7,16,544.5267279,808.7494107137774,21.704312870961797,81.64567103,81.64567103,214.7506005,684.7955074
5248,8,7,17,352.4774884,681.1553173838527,23.9404179694872,63.24903021,63.24903021,82.43225041,660.6931344
5249,8,7,18,167.3958181,464.64405314385044,29.053337250376273,104.8055828,46.26331112,46.26331112,488.2550806
5250,8,7,19,24.91040276,23.980072249857784,22.385906363011504,21.95296655,13.62212852,13.62212852,41.42473232
5251,8,7,20,0.0,0.0,0.0,0.0,0.0,0.0,0.0
5252,8,7,21,0.0,0.0,0.0,0.0,0.0,0.0,0.0
5253,8,7,22,0.0,0.0,0.0,0.0,0.0,0.0,0.0
5254,8,7,23,0.0,0.0,0.0,0.0,0.0,0.0,0.0
5255,8,7,24,0.0,0.0,0.0,0.0,0.0,0.0,0.0
5256,8,8,1,0.0,0.0,0.0,0.0,0.0,0.0,0.0
5257,8,8,2,0.0,0.0,0.0,0.0,0.0,0.0,0.0
5258,8,8,3,0.0,0.0,0.0,0.0,0.0,0.0,0.0
5259,8,8,4,0.0,0.0,0.0,0.0,0.0,0.0,0.0
5260,8,8,5,0.0,0.0,0.0,0.0,0.0,0.0,0.0
5261,8,8,6,3.0,0.0,3.0,1.526934401,1.526934401,1.526934401,1.526934401
5262,8,8,7,33.51987334,0.0,33.51987334,17.44328791,19.05727485,17.1486338,17.1486338
5263,8,8,8,67.34113284,0.0,67.34113284,34.69221608,37.37563482,34.71724794,34.69221608
5264,8,8,9,145.5428205,11.632687033487924,138.39599612755575,72.56083558,85.84710304,75.11625467,72.56083558
5265,8,8,10,241.3432055,36.09048772117119,214.1335926885771,115.0232675,140.9000237,126.427102,115.0232675
5266,8,8,11,342.4433072,123.94654880689971,236.5421964577328,144.3162571,194.7813958,189.780577,144.3162571
5267,8,8,12,361.1446618,130.00010152587168,242.98005547293627,150.3259167,170.0663161,203.7173287,150.3259167
5268,8,8,13,362.2684027,131.6346385084791,241.97539015973285,150.3953657,150.3953657,204.5830998,164.8631514
5269,8,8,14,340.7840426,124.80888160546353,232.36143106067794,142.9250884,142.9250884,189.4651952,188.3935699
5270,8,8,15,298.448761,111.25836429834781,212.0425700320297,127.9442719,127.9442719,160.7634896,194.6023823
5271,8,8,16,237.8048766,92.46226339677757,178.27261655565778,105.1451826,105.1451826,121.8455462,179.2200249
5272,8,8,17,161.7334222,63.43543655702533,131.32054410807558,75.28644244,75.28644244,77.51322557,136.8008573
5273,8,8,18,81.35342611,28.38020561018519,72.9940622683333,44.7189782,40.51790984,40.51790984,73.16790155
5274,8,8,19,9.097588935,0.0,9.097588935,5.174308903,4.891910721,4.891910721,5.846231247
5275,8,8,20,0.0,0.0,0.0,0.0,0.0,0.0,0.0
5276,8,8,21,0.0,0.0,0.0,0.0,0.0,0.0,0.0
5277,8,8,22,0.0,0.0,0.0,0.0,0.0,0.0,0.0
5278,8,8,23,0.0,0.0,0.0,0.0,0.0,0.0,0.0
5279,8,8,24,0.0,0.0,0.0,0.0,0.0,0.0,0.0
5280,8,9,1,0.0,0.0,0.0,0.0,0.0,0.0,0.0
5281,8,9,2,0.0,0.0,0.0,0.0,0.0,0.0,0.0
5282,8,9,3,0.0,0.0,0.0,0.0,0.0,0.0,0.0
5283,8,9,4,0.0,0.0,0.0,0.0,0.0,0.0,0.0
5284,8,9,5,0.0,0.0,0.0,0.0,0.0,0.0,0.0
5285,8,9,6,7.064530863,0.0,7.064530863,4.103090584,4.750013907,3.799423521,3.799423521
5286,8,9,7,81.60430213,33.40306721067246,73.06519019961542,46.26879811,79.10921886,40.48214863,40.48214863
5287,8,9,8,163.4543474,66.75644311745465,133.88168695704707,76.37048543,142.8460948,77.31395604,76.37048543
5288,8,9,9,373.6719211,343.51791381192805,163.34014793901753,129.0608134,400.552161,182.8117518,129.0608134
5289,8,9,10,634.3750584,698.8608140690438,108.85216068408761,143.3756943,565.9163943,332.7151565,143.3756943
5290,8,9,11,891.6794513,993.1637140165882,44.99838594759655,143.123262,527.0153844,493.6000426,143.123262
5291,8,9,12,721.3575664,708.927053763589,78.33519440077768,142.9111953,245.4257611,424.1990211,142.9111953
5292,8,9,13,514.8078898,339.19889628475687,205.51934665358436,161.8973836,161.8973836,298.6828324,198.2630577
5293,8,9,14,300.9237945,55.03324281484992,253.23627863459535,138.9374401,138.9374401,161.238987,160.5280431
5294,8,9,15,395.2183683,266.4571932223098,188.9236806553036,138.2083925,138.2083925,215.1400577,292.523477
5295,8,9,16,404.3002795,528.4572516714869,65.46820979758047,102.8937994,102.8937994,194.3202259,499.9589329
5296,8,9,17,323.297361,598.1417970162308,38.31043291461355,71.16864461,71.16864461,92.42575798,598.3570046
5297,8,9,18,153.6650415,390.4632515904301,39.93339338964945,98.10314983,51.4260118,51.4260118,425.2669401
5298,8,9,19,18.46972236,13.64027288048816,17.129658058642043,15.3872339,10.3891992,10.3891992,27.49643577
5299,8,9,20,0.0,0.0,0.0,0.0,0.0,0.0,0.0
5300,8,9,21,0.0,0.0,0.0,0.0,0.0,0.0,0.0
5301,8,9,22,0.0,0.0,0.0,0.0,0.0,0.0,0.0
5302,8,9,23,0.0,0.0,0.0,0.0,0.0,0.0,0.0
5303,8,9,24,0.0,0.0,0.0,0.0,0.0,0.0,0.0
5304,8,10,1,0.0,0.0,0.0,0.0,0.0,0.0,0.0
5305,8,10,2,0.0,0.0,0.0,0.0,0.0,0.0,0.0
5306,8,10,3,0.0,0.0,0.0,0.0,0.0,0.0,0.0
5307,8,10,4,0.0,0.0,0.0,0.0,0.0,0.0,0.0
5308,8,10,5,0.0,0.0,0.0,0.0,0.0,0.0,0.0
5309,8,10,6,16.12497956,0.0,16.12497956,10.29150902,13.79502402,8.682317104,8.682317104
5310,8,10,7,258.5661432,502.80756084213897,131.30727461736447,164.5679203,586.472741,92.92123883,92.92123883
5311,8,10,8,496.387653,788.0706000216558,149.08977214863378,134.464689,849.1862473,148.1407151,134.464689
5312,8,10,9,701.3452901,954.5906677527245,118.87547233520027,151.0276919,895.7965761,302.756652,151.0276919
5313,8,10,10,854.1211222,1036.1319499453475,77.0389430561222,154.4593505,779.6432704,439.3113785,154.4593505
5314,8,10,11,948.2502987,1053.8095062760883,51.91129376493781,153.222749,560.5540255,530.1094165,153.222749
5315,8,10,12,973.1452029,1044.2984805674498,27.985264395354427,144.4096092,294.6308307,562.6818215,144.4096092
5316,8,10,13,946.8293653,1026.9158704980491,12.598301029280348,133.6465933,133.6465933,545.9217733,242.8150034
5317,8,10,14,862.4661767,980.7907232492662,14.79864856670272,120.5644436,120.5644436,476.7262579,462.2764373
5318,8,10,15,734.7143694,920.7917025634076,24.114653150180228,103.8972692,103.8972692,367.9815216,627.0941144
5319,8,10,16,561.0824797,861.2249620828795,11.26756125037755,74.29380796,74.29380796,226.0713107,719.9071772
5320,8,10,17,361.1615975,732.2179909870943,14.534192857050181,56.09317673,56.09317673,84.77928574,701.0926
5321,8,10,18,166.3744226,500.21098920172295,22.357241640800485,99.03483454,41.26502526,41.26502526,518.6331511
5322,8,10,19,18.54134547,15.28712267707682,17.095185595751424,15.81448086,10.3772903,10.3772903,29.2319412
5323,8,10,20,0.0,0.0,0.0,0.0,0.0,0.0,0.0
5324,8,10,21,0.0,0.0,0.0,0.0,0.0,0.0,0.0
5325,8,10,22,0.0,0.0,0.0,0.0,0.0,0.0,0.0
5326,8,10,23,0.0,0.0,0.0,0.0,0.0,0.0,0.0
5327,8,10,24,0.0,0.0,0.0,0.0,0.0,0.0,0.0
5328,8,11,1,0.0,0.0,0.0,0.0,0.0,0.0,0.0
5329,8,11,2,0.0,0.0,0.0,0.0,0.0,0.0,0.0
5330,8,11,3,0.0,0.0,0.0,0.0,0.0,0.0,0.0
5331,8,11,4,0.0,0.0,0.0,0.0,0.0,0.0,0.0
5332,8,11,5,0.0,0.0,0.0,0.0,0.0,0.0,0.0
5333,8,11,6,13.11784982,0.0,13.11784982,7.702870017,9.018773732,7.111760202,7.111760202
5334,8,11,7,254.6190643,500.4148430446611,129.24537623436694,160.7938736,583.5651977,91.71121973,91.71121973
5335,8,11,8,491.9602769,783.8321421912233,148.34686835656768,133.6939143,845.4344572,150.8839938,133.6939143
5336,8,11,9,698.9312591,953.3341352000724,119.26199172886894,150.8966383,895.3922563,306.912926,150.8966383
5337,8,11,10,851.5724681,1035.099163710316,77.35298209830204,154.3362551,779.243148,443.8493393,154.3362551
5338,8,11,11,945.5883564,1052.805459606541,52.185311011624684,153.1181181,559.9767487,534.6732574,153.1181181
5339,8,11,12,953.6526737,1026.7110716983552,26.48135191569796,141.2001777,288.4106207,557.2412098,141.2001777
5340,8,11,13,910.4911338,991.6144760801877,10.490542346247636,127.5104499,127.5104499,530.146354,233.7246496
5341,8,11,14,813.217994,925.0344636795392,15.883294906899593,116.1147565,116.1147565,456.1418341,439.4447928
5342,8,11,15,583.3176884,709.8861504899811,37.2964925963731,108.65837,108.65837,315.4278441,513.2995403
5343,8,11,16,369.4795123,431.58605745229636,95.17664415652716,107.9034121,107.9034121,186.3110311,434.6617196
5344,8,11,17,193.6097351,138.33601721815577,128.55713823029802,84.11499582,84.11499582,90.3354205,211.9566582
5345,8,11,18,94.95701152,74.17925200248035,73.85542391496921,55.28772198,46.30438054,46.30438054,122.9882812
5346,8,11,19,8.086430093,0.0,8.086430093,4.617847247,4.345176282,4.345176282,5.303393577
5347,8,11,20,0.0,0.0,0.0,0.0,0.0,0.0,0.0
5348,8,11,21,0.0,0.0,0.0,0.0,0.0,0.0,0.0
5349,8,11,22,0.0,0.0,0.0,0.0,0.0,0.0,0.0
5350,8,11,23,0.0,0.0,0.0,0.0,0.0,0.0,0.0
5351,8,11,24,0.0,0.0,0.0,0.0,0.0,0.0,0.0
5352,8,12,1,0.0,0.0,0.0,0.0,0.0,0.0,0.0
5353,8,12,2,0.0,0.0,0.0,0.0,0.0,0.0,0.0
5354,8,12,3,0.0,0.0,0.0,0.0,0.0,0.0,0.0
5355,8,12,4,0.0,0.0,0.0,0.0,0.0,0.0,0.0
5356,8,12,5,0.0,0.0,0.0,0.0,0.0,0.0,0.0
5357,8,12,6,4.0,0.0,4.0,2.039214983,2.039214983,2.039214983,2.039214983
5358,8,12,7,78.24790399,31.366986553682878,70.46989624492697,43.97053488,75.76962348,38.97898207,38.97898207
5359,8,12,8,159.3851998,63.851929162886,131.54315137242213,74.88120196,138.9625463,76.75511238,74.88120196
5360,8,12,9,188.7188886,51.40828708428963,157.57125216896299,90.09799203,135.0298986,99.78000803,90.09799203
5361,8,12,10,179.4689974,15.57064683670262,167.85456199303331,88.85841526,101.5597093,94.84170329,88.85841526
5362,8,12,11,138.3871812,4.470188728050941,134.60282603208358,70.88343813,74.1096327,73.9502604,70.88343813
5363,8,12,12,273.3052617,36.458288625938906,240.45690023662993,130.6411916,136.7797631,148.2543426,130.6411916
5364,8,12,13,401.4960464,164.27598739802303,252.75713500240158,159.6516657,159.6516657,229.9040992,178.1183337
5365,8,12,14,490.826728,347.2443394999242,192.34688325319564,151.7352626,151.7352626,282.9051199,275.364988
5366,8,12,15,496.0263101,537.5024831697906,84.01221634207066,119.4846001,119.4846001,278.8683329,427.61243
5367,8,12,16,435.624415,611.5338497911534,48.737938332925296,95.02341702,95.02341702,208.0039915,556.4489721
5368,8,12,17,314.0986193,594.6233895816642,36.39469488737315,68.92274546,68.92274546,96.77096568,595.666418
5369,8,12,18,145.9741404,382.04453377851314,38.643184974541505,91.27428136,49.65027742,49.65027742,417.190781
5370,8,12,19,11.16512785,0.0,11.16512785,6.53601912,5.997319765,5.997319765,7.916313198
5371,8,12,20,0.0,0.0,0.0,0.0,0.0,0.0,0.0
5372,8,12,21,0.0,0.0,0.0,0.0,0.0,0.0,0.0
5373,8,12,22,0.0,0.0,0.0,0.0,0.0,0.0,0.0
5374,8,12,23,0.0,0.0,0.0,0.0,0.0,0.0,0.0
5375,8,12,24,0.0,0.0,0.0,0.0,0.0,0.0,0.0
5376,8,13,1,0.0,0.0,0.0,0.0,0.0,0.0,0.0
5377,8,13,2,0.0,0.0,0.0,0.0,0.0,0.0,0.0
5378,8,13,3,0.0,0.0,0.0,0.0,0.0,0.0,0.0
5379,8,13,4,0.0,0.0,0.0,0.0,0.0,0.0,0.0
5380,8,13,5,0.0,0.0,0.0,0.0,0.0,0.0,0.0
5381,8,13,6,8.05322183,0.0,8.05322183,4.635929024,5.305215573,4.348802568,4.348802568
5382,8,13,7,247.2405985,491.78836221961814,126.56434523885612,153.1697206,574.5970389,89.73484724,89.73484724
5383,8,13,8,484.9705104,776.5841931644949,148.17540406796041,132.7223523,839.5927677,157.0415157,132.7223523
5384,8,13,9,692.4267964,949.8510820379083,118.99465200384303,150.0971021,893.1626404,314.6790938,150.0971021
5385,8,13,10,845.3847918,1032.594856106556,77.29944698124098,153.6491018,777.6079625,452.5175783,153.6491018
5386,8,13,11,940.999879,1051.8436001503985,52.69671213323722,152.9897896,559.1902175,544.4179164,152.9897896
5387,8,13,12,975.8187273,1052.383550230857,29.86168792159169,146.0965523,295.9184264,582.6268332,146.0965523
5388,8,13,13,957.4852015,1043.65066747129,14.888453001170904,136.6882795,136.6882795,570.2453786,250.2734657
5389,8,13,14,880.0311246,1005.8323061908409,17.91530561459846,125.1515742,125.1515742,503.9425106,479.0521224
5390,8,13,15,735.9560133,929.8052707244257,25.7447676506455,105.5710588,105.5710588,384.1718098,637.6978872
5391,8,13,16,550.7196493,853.0380441181459,13.603835649261768,75.61280024,75.61280024,236.3060997,718.9657328
5392,8,13,17,345.5058191,705.0989489160368,18.539399329015865,58.20402928,58.20402928,93.87109842,682.7595528
5393,8,13,18,154.3327489,475.19094856936005,22.549871850486873,89.87821567,40.05332353,40.05332353,495.802465
5394,8,13,19,10.15725544,0.0,10.15725544,5.980454057,5.448475859,5.448475859,7.370003877
5395,8,13,20,0.0,0.0,0.0,0.0,0.0,0.0,0.0
5396,8,13,21,0.0,0.0,0.0,0.0,0.0,0.0,0.0
5397,8,13,22,0.0,0.0,0.0,0.0,0.0,0.0,0.0
5398,8,13,23,0.0,0.0,0.0,0.0,0.0,0.0,0.0
5399,8,13,24,0.0,0.0,0.0,0.0,0.0,0.0,0.0
5400,8,14,1,0.0,0.0,0.0,0.0,0.0,0.0,0.0
5401,8,14,2,0.0,0.0,0.0,0.0,0.0,0.0,0.0
5402,8,14,3,0.0,0.0,0.0,0.0,0.0,0.0,0.0
5403,8,14,4,0.0,0.0,0.0,0.0,0.0,0.0,0.0
5404,8,14,5,0.0,0.0,0.0,0.0,0.0,0.0,0.0
5405,8,14,6,8.050333932,0.0,8.050333932,4.632464543,5.307524605,4.349666656,4.349666656
5406,8,14,7,219.7168318,422.15649968669464,117.2241526098244,136.7216066,501.8180441,84.12362765,84.12362765
5407,8,14,8,438.6509431,722.6748339570919,126.94867720213527,122.9879664,780.9699268,149.0662732,122.9879664
5408,8,14,9,594.8125959,807.8860343351095,108.86589931629769,139.2108251,771.9667927,283.2152684,139.2108251
5409,8,14,10,690.9315343,810.4328896362413,89.80885333464899,144.6967164,635.1664391,383.5644007,144.6967164
5410,8,14,11,725.3478501,757.9353664976531,86.84451569394683,144.0641393,437.1639889,430.3936126,144.0641393
5411,8,14,12,723.0751655,723.9979293238977,73.86023734833007,140.0559365,242.928525,444.4948884,140.0559365
5412,8,14,13,681.8497867,683.2674595820346,66.31712436686887,133.4372205,133.4372205,421.1729339,208.5826624
5413,8,14,14,601.3493689,622.1325247401579,69.67485530559412,125.4639458,125.4639458,363.2430301,345.6979032
5414,8,14,15,483.6683441,522.6636056336521,85.89616025320805,119.1210271,119.1210271,278.707152,420.2945748
5415,8,14,16,352.3266352,400.3800539100191,101.4592734447399,109.1184337,109.1184337,186.9064249,414.4977928
5416,8,14,17,218.5436209,237.84581158606272,109.05660148741414,84.21709594,84.21709594,97.46722016,300.1073595
5417,8,14,18,105.8665766,130.46885187206126,70.16614281164452,63.69052749,49.90726918,49.90726918,180.7108544
5418,8,14,19,4.0,0.0,4.0,2.038430311,2.038430311,2.038430311,2.038430311
5419,8,14,20,0.0,0.0,0.0,0.0,0.0,0.0,0.0
5420,8,14,21,0.0,0.0,0.0,0.0,0.0,0.0,0.0
5421,8,14,22,0.0,0.0,0.0,0.0,0.0,0.0,0.0
5422,8,14,23,0.0,0.0,0.0,0.0,0.0,0.0,0.0
5423,8,14,24,0.0,0.0,0.0,0.0,0.0,0.0,0.0
5424,8,15,1,0.0,0.0,0.0,0.0,0.0,0.0,0.0
5425,8,15,2,0.0,0.0,0.0,0.0,0.0,0.0,0.0
5426,8,15,3,0.0,0.0,0.0,0.0,0.0,0.0,0.0
5427,8,15,4,0.0,0.0,0.0,0.0,0.0,0.0,0.0
5428,8,15,5,0.0,0.0,0.0,0.0,0.0,0.0,0.0
5429,8,15,6,8.047421744,0.0,8.047421744,4.629062914,5.309962548,4.350667426,4.350667426
5430,8,15,7,239.897337,483.0696075719565,123.87763831184422,145.5348397,565.4588079,87.75224733,87.75224733
5431,8,15,8,477.5223786,768.2829575062797,147.9828405833572,131.7030002,832.6450001,163.1961006,131.7030002
5432,8,15,9,685.8331692,946.3929783704021,118.68143118548386,149.2907733,890.8095302,322.6256128,149.2907733
5433,8,15,10,840.0730647,1030.6275532334316,77.83174279803796,153.3934918,776.5842247,461.9764376,153.3934918
5434,8,15,11,935.4135451,1049.9464256641663,53.155370860768,152.7715247,557.8019927,553.9135107,152.7715247
5435,8,15,12,969.9598827,1050.4008166149526,30.380338640348494,145.8979817,294.2333797,591.8554434,145.8979817
5436,8,15,13,952.2240738,1042.4759946810298,15.557663905967887,136.51621,136.51621,579.5452655,251.8758194
5437,8,15,14,874.4481511,1004.7510097134367,18.383450088608814,124.8824298,124.8824298,512.5188958,480.841403
5438,8,15,15,742.4493199,942.3021934444814,28.00045066205002,108.1146268,108.1146268,398.7440461,650.10683
5439,8,15,16,561.6111742,879.2568371556256,13.467135982408172,76.7892166,76.7892166,249.7018894,742.5974873
5440,8,15,17,353.3552989,748.8699310335957,11.22848789696216,52.36055782,52.36055782,96.04581635,717.6127094
5441,8,15,18,154.2834843,501.8348212258974,18.86014914845286,86.06052637,37.14799674,37.14799674,519.5392033
5442,8,15,19,8.070553434,0.0,8.070553434,4.604794758,4.345644525,4.345644525,5.308901173
5443,8,15,20,0.0,0.0,0.0,0.0,0.0,0.0,0.0
5444,8,15,21,0.0,0.0,0.0,0.0,0.0,0.0,0.0
5445,8,15,22,0.0,0.0,0.0,0.0,0.0,0.0,0.0
5446,8,15,23,0.0,0.0,0.0,0.0,0.0,0.0,0.0
5447,8,15,24,0.0,0.0,0.0,0.0,0.0,0.0,0.0
5448,8,16,1,0.0,0.0,0.0,0.0,0.0,0.0,0.0
5449,8,16,2,0.0,0.0,0.0,0.0,0.0,0.0,0.0
5450,8,16,3,0.0,0.0,0.0,0.0,0.0,0.0,0.0
5451,8,16,4,0.0,0.0,0.0,0.0,0.0,0.0,0.0
5452,8,16,5,0.0,0.0,0.0,0.0,0.0,0.0,0.0
5453,8,16,6,7.044485181,0.0,7.044485181,4.076471579,4.763273236,3.802550445,3.802550445
5454,8,16,7,219.576366,430.11153223030686,117.40444138874757,133.13633,510.3633354,83.66757565,83.66757565
5455,8,16,8,442.8130446,740.6753360217804,126.8962355045195,123.1435439,798.8005277,157.1218992,123.1435439
5456,8,16,9,642.0153021,904.2364276339247,102.16183833680458,140.8271087,849.4611786,310.9055061,140.8271087
5457,8,16,10,794.1471584,979.820088481109,71.61101000547949,145.5231823,738.0832039,443.8345281,145.5231823
5458,8,16,11,891.0648413,1007.0768681309601,47.02106286432199,144.4539504,532.6369778,534.2380598,144.4539504
5459,8,16,12,924.6573902,1006.8905808299585,26.274933212569746,138.03128,279.5900725,570.4603274,138.03128
5460,8,16,13,906.7700012,997.677908526844,12.772475270684204,128.8363729,128.8363729,557.636598,240.1792131
5461,8,16,14,831.5190078,961.4417228917562,14.902397560644518,117.197737,117.197737,492.5880469,458.9867998
5462,8,16,15,662.5973342,829.1418237282123,36.372472066541235,105.5587725,105.5587725,365.0958972,583.8887293
5463,8,16,16,472.5486553,690.8806572788391,44.07558043725597,91.31751377,91.31751377,230.3522709,616.5580004
5464,8,16,17,281.7547341,521.4995006649998,45.3553724835631,71.32356411,71.32356411,103.9289383,537.2083554
5465,8,16,18,130.0898449,318.97991624799545,45.24093599468823,79.83808684,49.6429899,49.6429899,359.6779632
5466,8,16,19,6.066419633,0.0,6.066419633,3.509311901,3.253639936,3.253639936,4.218119214
5467,8,16,20,0.0,0.0,0.0,0.0,0.0,0.0,0.0
5468,8,16,21,0.0,0.0,0.0,0.0,0.0,0.0,0.0
5469,8,16,22,0.0,0.0,0.0,0.0,0.0,0.0,0.0
5470,8,16,23,0.0,0.0,0.0,0.0,0.0,0.0,0.0
5471,8,16,24,0.0,0.0,0.0,0.0,0.0,0.0,0.0
5472,8,17,1,0.0,0.0,0.0,0.0,0.0,0.0,0.0
5473,8,17,2,0.0,0.0,0.0,0.0,0.0,0.0,0.0
5474,8,17,3,0.0,0.0,0.0,0.0,0.0,0.0,0.0
5475,8,17,4,0.0,0.0,0.0,0.0,0.0,0.0,0.0
5476,8,17,5,0.0,0.0,0.0,0.0,0.0,0.0,0.0
5477,8,17,6,6.041524122,0.0,6.041524122,3.524813892,4.217576376,3.255437139,3.255437139
5478,8,17,7,168.2190391,320.66902209037005,92.89031204094464,103.6055461,387.376783,68.22596399,68.22596399
5479,8,17,8,357.6263616,554.2022479773221,122.58702185423195,113.1090761,620.6238833,141.3829406,113.1090761
5480,8,17,9,561.9997672,758.7663844390537,110.72120132729954,136.6336387,732.4645457,283.4088869,136.6336387
5481,8,17,10,746.1037028,906.8184249915014,79.398948443628,144.9599323,693.7295727,425.8206379,144.9599323
5482,8,17,11,888.0890919,1006.5521116779074,46.716606291782426,144.0048512,531.6831452,538.6888607,144.0048512
5483,8,17,12,928.0335112,1012.6658771603786,26.839222047558096,138.8512567,280.5718768,578.8143456,138.8512567
5484,8,17,13,916.4658956,1009.9922227678047,13.940859807757361,130.8855261,130.8855261,569.9301354,244.5876045
5485,8,17,14,844.926634,978.3117426928711,16.639088902662056,120.1025214,120.1025214,506.7125699,469.1482817
5486,8,17,15,707.6431079,907.970000031696,24.60522286321022,101.7736734,101.7736734,389.9099469,626.6334369
5487,8,17,16,528.4732414,826.3839990873811,18.699280991547578,77.94300291,77.94300291,247.4815261,706.4793042
5488,8,17,17,329.523409,682.1423175058814,22.779677087295326,60.19489712,60.19489712,105.4404025,668.9069637
5489,8,17,18,141.9614076,448.7294605990581,24.364621728080138,80.33973309,39.87974867,39.87974867,473.2380458
5490,8,17,19,7.062224343,0.0,7.062224343,4.051648751,3.799494302,3.799494302,4.765178653
5491,8,17,20,0.0,0.0,0.0,0.0,0.0,0.0,0.0
5492,8,17,21,0.0,0.0,0.0,0.0,0.0,0.0,0.0
5493,8,17,22,0.0,0.0,0.0,0.0,0.0,0.0,0.0
5494,8,17,23,0.0,0.0,0.0,0.0,0.0,0.0,0.0
5495,8,17,24,0.0,0.0,0.0,0.0,0.0,0.0,0.0
5496,8,18,1,0.0,0.0,0.0,0.0,0.0,0.0,0.0
5497,8,18,2,0.0,0.0,0.0,0.0,0.0,0.0,0.0
5498,8,18,3,0.0,0.0,0.0,0.0,0.0,0.0,0.0
5499,8,18,4,0.0,0.0,0.0,0.0,0.0,0.0,0.0
5500,8,18,5,0.0,0.0,0.0,0.0,0.0,0.0,0.0
5501,8,18,6,7.038538406,0.0,7.038538406,4.069195631,4.767974051,3.804431297,3.804431297
5502,8,18,7,229.9831799,464.8578240641902,122.01387587752309,134.3304654,547.5575294,85.47784325,85.47784325
5503,8,18,8,469.4120148,764.61572839187,146.9998131244041,130.2817361,830.0284424,173.0995772,130.2817361
5504,8,18,9,677.9393334,945.7645035380502,117.6161114252448,148.0960508,890.5759693,335.7495192,148.0960508
5505,8,18,10,832.798209,1030.83465689158,77.22017661529298,152.410845,776.0378584,476.8720032,152.410845
5506,8,18,11,929.0811517,1050.6297609131175,53.236761514602364,152.3554904,556.7140992,569.74802,152.3554904
5507,8,18,12,956.0714288,1043.4163488270037,29.976333659201504,144.221788,289.5570202,602.8170221,144.221788
5508,8,18,13,928.7266704,1025.2947683429486,15.133048579458517,133.1982312,133.1982312,583.9664614,249.6445841
5509,8,18,14,843.2672824,979.2372174966162,16.922044797993845,120.0797275,120.0797275,511.7227721,470.7243906
5510,8,18,15,667.036809,845.3715630195172,33.68710278468462,104.2086547,104.2086547,376.4252316,594.3478466
5511,8,18,16,471.1713713,697.8906297093458,43.02586743495316,90.50012791,90.50012791,236.8903009,623.2375226
5512,8,18,17,277.7137108,517.2959749875042,47.0160346828643,71.82830281,71.82830281,108.3351252,535.7092571
5513,8,18,18,126.4809822,307.83482192507915,47.043124140825824,76.66660662,49.82672894,49.82672894,350.3512147
5514,8,18,19,5.057969849,0.0,5.057969849,2.957493905,2.708896268,2.708896268,3.675766845
5515,8,18,20,0.0,0.0,0.0,0.0,0.0,0.0,0.0
5516,8,18,21,0.0,0.0,0.0,0.0,0.0,0.0,0.0
5517,8,18,22,0.0,0.0,0.0,0.0,0.0,0.0,0.0
5518,8,18,23,0.0,0.0,0.0,0.0,0.0,0.0,0.0
5519,8,18,24,0.0,0.0,0.0,0.0,0.0,0.0,0.0
5520,8,19,1,0.0,0.0,0.0,0.0,0.0,0.0,0.0
5521,8,19,2,0.0,0.0,0.0,0.0,0.0,0.0,0.0
5522,8,19,3,0.0,0.0,0.0,0.0,0.0,0.0,0.0
5523,8,19,4,0.0,0.0,0.0,0.0,0.0,0.0,0.0
5524,8,19,5,0.0,0.0,0.0,0.0,0.0,0.0,0.0
5525,8,19,6,5.035527844,0.0,5.035527844,2.969857523,3.674703259,2.709771609,2.709771609
5526,8,19,7,182.3363041,316.5350942554342,109.65870408153373,108.9590414,394.858054,77.00146003,77.00146003
5527,8,19,8,386.781118,630.1539305797103,122.61385471269993,115.7598855,693.0870772,154.283279,115.7598855
5528,8,19,9,590.7052329,819.3336719407838,107.18873726648229,137.8883737,781.6549925,304.7598794,137.8883737
5529,8,19,10,761.1630693,938.5797348937966,75.33488402906514,144.3627008,712.3087614,444.7293896,144.3627008
5530,8,19,11,884.6734542,1008.1837231151574,46.53203990689902,143.6783874,531.2843515,549.3494992,143.6783874
5531,8,19,12,860.5744899,935.7548844137801,32.293302459081936,136.0586294,265.7707204,552.1407836,136.0586294
5532,8,19,13,789.894335,856.6808047816677,28.772988669535465,129.0877209,129.0877209,510.1867064,227.302576
5533,8,19,14,676.2230453,761.0947483311335,36.13037353253789,120.7621036,120.7621036,429.088268,394.5329749
5534,8,19,15,519.5340931,628.1919428728007,50.8703576738478,110.1786665,110.1786665,315.6124607,475.8391616
5535,8,19,16,359.2082932,436.75724667927074,92.7772722274186,104.8175386,104.8175386,198.8848059,440.9330637
5536,8,19,17,209.6421508,227.3586576755119,109.10823003200646,83.02523285,83.02523285,100.3601237,291.6483809
5537,8,19,18,97.71353704,121.9702247963553,66.73746645881735,57.59777583,47.05075175,47.05075175,170.7960079
5538,8,19,19,4.0,0.0,4.0,2.039357994,2.039357994,2.039357994,2.039357994
5539,8,19,20,0.0,0.0,0.0,0.0,0.0,0.0,0.0
5540,8,19,21,0.0,0.0,0.0,0.0,0.0,0.0,0.0
5541,8,19,22,0.0,0.0,0.0,0.0,0.0,0.0,0.0
5542,8,19,23,0.0,0.0,0.0,0.0,0.0,0.0,0.0
5543,8,19,24,0.0,0.0,0.0,0.0,0.0,0.0,0.0
5544,8,20,1,0.0,0.0,0.0,0.0,0.0,0.0,0.0
5545,8,20,2,0.0,0.0,0.0,0.0,0.0,0.0,0.0
5546,8,20,3,0.0,0.0,0.0,0.0,0.0,0.0,0.0
5547,8,20,4,0.0,0.0,0.0,0.0,0.0,0.0,0.0
5548,8,20,5,0.0,0.0,0.0,0.0,0.0,0.0,0.0
5549,8,20,6,6.032492211,0.0,6.032492211,3.512917006,4.223877676,3.257573423,3.257573423
5550,8,20,7,216.0345349,432.8199388577312,117.81338147292958,123.5738957,514.3536584,82.40472053,82.40472053
5551,8,20,8,448.7442414,728.0219791194218,145.3490898885954,127.544095,795.3532515,175.8386998,127.544095
5552,8,20,9,639.1063045,886.3979696206707,118.09202066325615,144.4493773,841.3487572,329.651484,144.4493773
5553,8,20,10,775.4002058,965.1893304383252,72.34912544809688,144.203213,728.1425373,458.0993821,144.203213
5554,8,20,11,849.4391856,965.4316096682703,49.09964322713868,141.9143846,512.7562599,535.4464179,141.9143846
5555,8,20,12,762.4342611,785.7934789818098,68.82712479111014,140.7013009,249.2239991,494.6318182,140.7013009
5556,8,20,13,634.1166974,581.8040052795974,118.75845801093664,140.3678533,140.3678533,403.3402148,207.9860855
5557,8,20,14,481.1214907,340.1123067621641,196.07389304995294,152.0962925,152.0962925,293.6812802,276.7845205
5558,8,20,15,372.9785636,245.3714729540792,190.70818709124427,136.2578283,136.2578283,219.4968395,282.736887
5559,8,20,16,257.7544822,153.06659796509132,164.92252989158163,109.7208287,109.7208287,144.5250241,231.8550166
5560,8,20,17,147.4114003,55.65277119335617,123.0177408256554,69.98761979,69.98761979,74.88671768,125.9714495
5561,8,20,18,67.69691374,22.262130869192283,62.1358459683266,36.48633772,34.26638668,34.26638668,61.62963803
5562,8,20,19,2.0,0.0,2.0,1.01646012,1.01646012,1.01646012,1.01646012
5563,8,20,20,0.0,0.0,0.0,0.0,0.0,0.0,0.0
5564,8,20,21,0.0,0.0,0.0,0.0,0.0,0.0,0.0
5565,8,20,22,0.0,0.0,0.0,0.0,0.0,0.0,0.0
5566,8,20,23,0.0,0.0,0.0,0.0,0.0,0.0,0.0
5567,8,20,24,0.0,0.0,0.0,0.0,0.0,0.0,0.0
5568,8,21,1,0.0,0.0,0.0,0.0,0.0,0.0,0.0
5569,8,21,2,0.0,0.0,0.0,0.0,0.0,0.0,0.0
5570,8,21,3,0.0,0.0,0.0,0.0,0.0,0.0,0.0
5571,8,21,4,0.0,0.0,0.0,0.0,0.0,0.0,0.0
5572,8,21,5,0.0,0.0,0.0,0.0,0.0,0.0,0.0
5573,8,21,6,2.0,0.0,2.0,1.016763381,1.016763381,1.016763381,1.016763381
5574,8,21,7,67.48119586,25.559838407521124,61.74935931375134,36.82224639,65.35131054,33.99952036,33.99952036
5575,8,21,8,149.1418459,58.073185748624454,125.08499401516035,70.89872423,130.3030103,75.52991529,70.89872423
5576,8,21,9,263.9438513,126.40170025968754,189.9459721910746,112.7375338,217.8275248,141.3595504,112.7375338
5577,8,21,10,384.3555936,247.82964607496558,204.41307018562702,142.7363754,296.4443678,226.7117588,142.7363754
5578,8,21,11,492.4521566,340.7333027234877,210.7975365785273,158.8755802,291.8096983,301.9078033,158.8755802
5579,8,21,12,594.1088214,506.4974866481693,148.3056137269686,151.2753682,221.2493199,383.3274916,151.2753682
5580,8,21,13,660.0149909,663.8006756062889,73.83011630219806,135.1232512,135.1232512,437.7594627,212.7712035
5581,8,21,14,671.7043095,759.7750324328591,37.20521597628109,120.7175672,120.7175672,435.9286917,396.0588305
5582,8,21,15,595.5630527,753.0628467551946,38.639158486599264,107.4682745,107.4682745,360.4811109,547.6926954
5583,8,21,16,468.1931888,708.7234579146135,40.92815722924519,88.72323312,88.72323312,246.6300119,633.058076
5584,8,21,17,303.6489095,627.9067207005658,30.89888972934653,63.69922415,63.69922415,115.6290862,628.4596979
5585,8,21,18,128.5682092,384.3651375806487,34.18328981950469,73.13325031,44.27369004,44.27369004,419.0643094
5586,8,21,19,5.044874774,0.0,5.044874774,2.946650328,2.708959646,2.708959646,3.67926341
5587,8,21,20,0.0,0.0,0.0,0.0,0.0,0.0,0.0
5588,8,21,21,0.0,0.0,0.0,0.0,0.0,0.0,0.0
5589,8,21,22,0.0,0.0,0.0,0.0,0.0,0.0,0.0
5590,8,21,23,0.0,0.0,0.0,0.0,0.0,0.0,0.0
5591,8,21,24,0.0,0.0,0.0,0.0,0.0,0.0,0.0
5592,8,22,1,0.0,0.0,0.0,0.0,0.0,0.0,0.0
5593,8,22,2,0.0,0.0,0.0,0.0,0.0,0.0,0.0
5594,8,22,3,0.0,0.0,0.0,0.0,0.0,0.0,0.0
5595,8,22,4,0.0,0.0,0.0,0.0,0.0,0.0,0.0
5596,8,22,5,0.0,0.0,0.0,0.0,0.0,0.0,0.0
5597,8,22,6,5.026344702,0.0,5.026344702,2.957008026,3.680326234,2.711332238,2.711332238
5598,8,22,7,209.7528642,420.57430926253113,116.5705624300713,116.5805231,502.0751607,80.90104638,80.90104638
5599,8,22,8,442.809888,726.3592220479508,143.73478619516277,126.2744327,793.6621912,182.1030526,126.2744327
5600,8,22,9,653.3682257,924.096082202458,114.597955560961,144.5919726,871.5208144,347.4235186,144.5919726
5601,8,22,10,814.8906038,1022.8943608320691,74.6156107206853,149.4836296,768.1728293,492.9830555,149.4836296
5602,8,22,11,919.8754628,1052.0538611442391,52.786186297001045,151.5378036,554.7272691,591.39083,151.5378036
5603,8,22,12,940.3199623,1037.574428430023,29.742543394621556,142.5566374,284.0735536,619.8178624,142.5566374
5604,8,22,13,907.84543,1013.7214579786215,15.472551305510367,130.5972389,130.5972389,596.7048042,249.9370537
5605,8,22,14,816.9312901,962.1520040289141,16.35942337327932,116.2115855,116.2115855,519.7509882,465.8716694
5606,8,22,15,684.9132375,897.914389431582,23.882962486691547,98.59141443,98.59141443,404.2337237,624.448433
5607,8,22,16,511.5868215,818.4281291360624,21.204211320709888,78.13805227,78.13805227,263.8717154,707.2342512
5608,8,22,17,314.635739,676.8304303022228,23.35089610957588,58.88815049,58.88815049,117.6354611,668.2057086
5609,8,22,18,130.5578291,425.18074817095305,27.98341054091372,70.84184453,40.66128492,40.66128492,454.94164
5610,8,22,19,5.040407335,0.0,5.040407335,2.943213589,2.709237722,2.709237722,3.68064008
5611,8,22,20,0.0,0.0,0.0,0.0,0.0,0.0,0.0
5612,8,22,21,0.0,0.0,0.0,0.0,0.0,0.0,0.0
5613,8,22,22,0.0,0.0,0.0,0.0,0.0,0.0,0.0
5614,8,22,23,0.0,0.0,0.0,0.0,0.0,0.0,0.0
5615,8,22,24,0.0,0.0,0.0,0.0,0.0,0.0,0.0
5616,8,23,1,0.0,0.0,0.0,0.0,0.0,0.0,0.0
5617,8,23,2,0.0,0.0,0.0,0.0,0.0,0.0,0.0
5618,8,23,3,0.0,0.0,0.0,0.0,0.0,0.0,0.0
5619,8,23,4,0.0,0.0,0.0,0.0,0.0,0.0,0.0
5620,8,23,5,0.0,0.0,0.0,0.0,0.0,0.0,0.0
5621,8,23,6,2.0,0.0,2.0,1.016996653,1.016996653,1.016996653,1.016996653
5622,8,23,7,65.19852195,23.951793446443435,59.956499508037915,35.34057415,62.79592846,32.97410171,32.97410171
5623,8,23,8,146.6142816,56.59341640403638,123.45492678333498,69.90635898,128.0514285,75.10401731,69.90635898
5624,8,23,9,260.8789095,123.61051027178429,189.11001966857236,112.0551793,215.0663921,141.4909499,112.0551793
5625,8,23,10,380.7982586,244.42432391024377,204.49367504385157,142.3997811,294.0327065,227.9463906,142.3997811
5626,8,23,11,490.2174419,337.8097454791531,212.63296497329287,159.5503504,291.0797879,305.0338478,159.5503504
5627,8,23,12,459.9501867,232.12939033860312,256.8407665558722,166.90028,199.3306101,278.1345583,166.90028
5628,8,23,13,403.7828805,165.24279418488175,258.7898514310692,162.4058262,162.4058262,242.5546232,182.8851037
5629,8,23,14,328.0036061,116.6839484062276,231.27882329017655,140.6143067,140.6143067,193.0049421,185.6473776
5630,8,23,15,359.0572662,224.80095474336142,194.3339187200797,136.3423742,136.3423742,216.0945396,272.0355823
5631,8,23,16,331.1181577,330.79555621751877,134.15816426405965,111.109306,111.109306,188.8478534,369.8844436
5632,8,23,17,241.1144877,398.1626390009533,71.38625488169872,81.24066904,81.24066904,117.7721349,443.2857339
5633,8,23,18,107.2039988,210.68452130033003,57.299972003495846,62.29706801,47.87881149,47.87881149,257.8272177
5634,8,23,19,3.0,0.0,3.0,1.527986842,1.527986842,1.527986842,1.527986842
5635,8,23,20,0.0,0.0,0.0,0.0,0.0,0.0,0.0
5636,8,23,21,0.0,0.0,0.0,0.0,0.0,0.0,0.0
5637,8,23,22,0.0,0.0,0.0,0.0,0.0,0.0,0.0
5638,8,23,23,0.0,0.0,0.0,0.0,0.0,0.0,0.0
5639,8,23,24,0.0,0.0,0.0,0.0,0.0,0.0,0.0
5640,8,24,1,0.0,0.0,0.0,0.0,0.0,0.0,0.0
5641,8,24,2,0.0,0.0,0.0,0.0,0.0,0.0,0.0
5642,8,24,3,0.0,0.0,0.0,0.0,0.0,0.0,0.0
5643,8,24,4,0.0,0.0,0.0,0.0,0.0,0.0,0.0
5644,8,24,5,0.0,0.0,0.0,0.0,0.0,0.0,0.0
5645,8,24,6,5.020093557,0.0,5.020093557,2.948752606,3.684573059,2.712974014,2.712974014
5646,8,24,7,209.5156953,428.7534569749638,116.8430262472462,112.2266889,510.7641703,80.39926523,80.39926523
5647,8,24,8,449.8300487,756.6412147126186,142.1157156443282,126.2946121,822.2094779,192.5278931,126.2946121
5648,8,24,9,660.2695927,944.7576978715927,114.04743048302393,145.1403731,888.7640399,362.6783007,145.1403731
5649,8,24,10,817.4276539,1031.1816045380774,76.14142566109821,150.7341879,774.1916094,508.1115908,150.7341879
5650,8,24,11,915.1619038,1052.4574115611597,52.981963015313816,151.4443155,553.7595155,602.6115322,151.4443155
5651,8,24,12,950.7433252,1053.5383707199223,31.727799443537158,145.2272225,287.2871681,640.8291706,145.2272225
5652,8,24,13,932.5903974,1044.4068251845565,19.199044349639927,136.2446618,136.2446618,627.2516743,261.4566073
5653,8,24,14,852.2206943,1005.3285199263703,22.057064822034487,124.42091,124.42091,556.1517894,492.5793641
5654,8,24,15,716.6373562,941.9452851343909,29.724404463055492,106.4218904,106.4218904,436.0390592,661.0791665
5655,8,24,16,532.9568706,876.2403820938983,14.592993564534366,74.34588622,74.34588622,280.9606721,750.4336406
5656,8,24,17,325.4209562,739.1696313527384,13.403542049936776,51.09389984,51.09389984,121.4155552,718.1896283
5657,8,24,18,130.1554714,461.9330638492445,22.795966800011097,65.95880944,36.9005914,36.9005914,487.584341
5658,8,24,19,5.031333903,0.0,5.031333903,2.936756463,2.710329687,2.710329687,3.68385375
5659,8,24,20,0.0,0.0,0.0,0.0,0.0,0.0,0.0
5660,8,24,21,0.0,0.0,0.0,0.0,0.0,0.0,0.0
5661,8,24,22,0.0,0.0,0.0,0.0,0.0,0.0,0.0
5662,8,24,23,0.0,0.0,0.0,0.0,0.0,0.0,0.0
5663,8,24,24,0.0,0.0,0.0,0.0,0.0,0.0,0.0
5664,8,25,1,0.0,0.0,0.0,0.0,0.0,0.0,0.0
5665,8,25,2,0.0,0.0,0.0,0.0,0.0,0.0,0.0
5666,8,25,3,0.0,0.0,0.0,0.0,0.0,0.0,0.0
5667,8,25,4,0.0,0.0,0.0,0.0,0.0,0.0,0.0
5668,8,25,5,0.0,0.0,0.0,0.0,0.0,0.0,0.0
5669,8,25,6,3.935967079,0.0,3.935967079,2.886369266,4.484029029,2.389601447,2.389601447
5670,8,25,7,198.6842265,400.3181619942199,113.24775015153983,105.6565938,480.8964339,78.05421739,78.05421739
5671,8,25,8,432.7362064,721.2873641309549,141.2432862668881,124.2421213,788.4528224,191.3271099,124.2421213
5672,8,25,9,637.4500277,910.6368607708918,113.20374782138126,142.595499,859.683902,357.2747083,142.595499
5673,8,25,10,791.7719894,1006.9780879175961,70.37113498330298,145.1720976,753.7352407,499.5687284,145.1720976
5674,8,25,11,887.4143708,1027.2367249217173,48.52029877272108,145.969748,538.0667771,591.7589792,145.969748
5675,8,25,12,930.0263096,1035.4430463452993,29.614589064729124,141.5351705,280.3213995,634.0395504,141.5351705
5676,8,25,13,920.7568284,1034.9718041744736,18.67959539391185,134.3198392,134.3198392,626.2624884,259.5268971
5677,8,25,14,849.2731301,1005.1304637428223,22.538900916778505,124.2914508,124.2914508,561.0068106,493.7692577
5678,8,25,15,713.5009603,941.8367307434431,30.032070162680455,106.2117431,106.2117431,440.3105171,662.2771115
5679,8,25,16,529.7292123,876.1914059104186,14.818120300699434,74.07234385,74.07234385,284.6398209,751.5291504
5680,8,25,17,321.2543078,736.2310305840454,13.59232046956774,50.70810255,50.70810255,123.8880401,716.2854796
5681,8,25,18,127.9905451,457.56565061530205,23.714612820343316,64.13144497,37.18687751,37.18687751,484.3818646
5682,8,25,19,3.968113998,0.0,3.968113998,2.841335172,2.402795077,2.402795077,4.322795006
5683,8,25,20,0.0,0.0,0.0,0.0,0.0,0.0,0.0
5684,8,25,21,0.0,0.0,0.0,0.0,0.0,0.0,0.0
5685,8,25,22,0.0,0.0,0.0,0.0,0.0,0.0,0.0
5686,8,25,23,0.0,0.0,0.0,0.0,0.0,0.0,0.0
5687,8,25,24,0.0,0.0,0.0,0.0,0.0,0.0,0.0
5688,8,26,1,0.0,0.0,0.0,0.0,0.0,0.0,0.0
5689,8,26,2,0.0,0.0,0.0,0.0,0.0,0.0,0.0
5690,8,26,3,0.0,0.0,0.0,0.0,0.0,0.0,0.0
5691,8,26,4,0.0,0.0,0.0,0.0,0.0,0.0,0.0
5692,8,26,5,0.0,0.0,0.0,0.0,0.0,0.0,0.0
5693,8,26,6,3.923592684,0.0,3.923592684,2.887199831,4.554554733,2.384455207,2.384455207
5694,8,26,7,202.7870194,413.6657581818461,115.63248707003866,105.1029009,495.5189069,78.83081437,78.83081437
5695,8,26,8,443.5444668,754.8983828979304,140.4107980447188,124.9783327,820.2220789,199.275023,124.9783327
5696,8,26,9,653.1919569,943.5021192961427,112.37918670971189,143.9061929,886.8965927,371.4587708,143.9061929
5697,8,26,10,810.7262842,1030.6266028808082,74.96379284446527,149.6770565,772.3766951,518.0404148,149.6770565
5698,8,26,11,910.0717717,1053.333962895724,52.603025606601435,151.0014775,552.514289,613.7890244,151.0014775
5699,8,26,12,937.3767552,1045.6439170574733,30.995962599836524,143.4011657,282.7106776,646.2861525,143.4011657
5700,8,26,13,909.7795455,1026.5256796935823,18.162995792609863,132.4701463,132.4701463,625.7560382,257.7782067
5701,8,26,14,821.9432278,979.3712171762796,19.642776608552584,118.782031,118.782031,549.2415045,480.1197209
5702,8,26,15,697.9700907,926.8545779212376,28.749079127915735,103.4384212,103.4384212,436.6880492,652.0847068
5703,8,26,16,521.9759295,869.4247433785663,14.500344668797565,72.77592228,72.77592228,285.675069,746.3777181
5704,8,26,17,318.8965945,736.1321435791824,14.441910915840564,51.13085406,51.13085406,127.466878,717.7751632
5705,8,26,18,124.6405392,451.1259530091788,23.901581063362553,61.54195344,36.81042082,36.81042082,478.4070789
5706,8,26,19,3.953980832,0.0,3.953980832,2.844773067,2.397087237,2.397087237,4.393884723
5707,8,26,20,0.0,0.0,0.0,0.0,0.0,0.0,0.0
5708,8,26,21,0.0,0.0,0.0,0.0,0.0,0.0,0.0
5709,8,26,22,0.0,0.0,0.0,0.0,0.0,0.0,0.0
5710,8,26,23,0.0,0.0,0.0,0.0,0.0,0.0,0.0
5711,8,26,24,0.0,0.0,0.0,0.0,0.0,0.0,0.0
5712,8,27,1,0.0,0.0,0.0,0.0,0.0,0.0,0.0
5713,8,27,2,0.0,0.0,0.0,0.0,0.0,0.0,0.0
5714,8,27,3,0.0,0.0,0.0,0.0,0.0,0.0,0.0
5715,8,27,4,0.0,0.0,0.0,0.0,0.0,0.0,0.0
5716,8,27,5,0.0,0.0,0.0,0.0,0.0,0.0,0.0
5717,8,27,6,3.909978882,0.0,3.909978882,2.888657307,4.633577542,2.378798985,2.378798985
5718,8,27,7,190.9387411,386.6006759102451,110.54705400577816,98.42666623,466.2039862,75.96907258,75.96907258
5719,8,27,8,426.1978002,718.5101058380055,139.53732560449868,122.8975039,785.3996925,197.6052035,122.8975039
5720,8,27,9,626.9210619,901.3458620597426,112.54402775484573,141.4028422,851.5151432,363.8125924,141.4028422
5721,8,27,10,776.4041334,996.8819061321257,67.2624545112576,142.1640062,744.1265834,503.8478354,142.1640062
5722,8,27,11,864.9884134,1010.3689431289441,45.165903617132884,141.8144372,526.3134734,591.0786455,141.8144372
5723,8,27,12,888.6806804,999.0312414903411,25.529095543082565,134.0787029,266.34274,619.7798116,134.0787029
5724,8,27,13,860.4316858,966.4356039156766,23.983381676164935,126.7727561,126.7727561,596.3536557,245.8312624
5725,8,27,14,775.6741642,926.1199940509453,20.127442577967518,113.9383465,113.9383465,525.7392498,456.9277029
5726,8,27,15,597.3290286,783.1780705332143,34.7536144393605,104.1686181,104.1686181,389.6963466,569.194853
5727,8,27,16,407.7098718,608.4033266047517,55.05313955431678,94.52059469,94.52059469,246.7659553,568.325996
5728,8,27,17,232.8958561,381.70281438132355,76.69630191962493,82.08581442,82.08581442,123.7664077,432.0791363
5729,8,27,18,99.71004848,195.3029451687783,57.00635523736268,56.34371993,46.17597582,46.17597582,242.7187713
5730,8,27,19,3.0,0.0,3.0,1.530165379,1.530165379,1.530165379,1.530165379
5731,8,27,20,0.0,0.0,0.0,0.0,0.0,0.0,0.0
5732,8,27,21,0.0,0.0,0.0,0.0,0.0,0.0,0.0
5733,8,27,22,0.0,0.0,0.0,0.0,0.0,0.0,0.0
5734,8,27,23,0.0,0.0,0.0,0.0,0.0,0.0,0.0
5735,8,27,24,0.0,0.0,0.0,0.0,0.0,0.0,0.0
5736,8,28,1,0.0,0.0,0.0,0.0,0.0,0.0,0.0
5737,8,28,2,0.0,0.0,0.0,0.0,0.0,0.0,0.0
5738,8,28,3,0.0,0.0,0.0,0.0,0.0,0.0,0.0
5739,8,28,4,0.0,0.0,0.0,0.0,0.0,0.0,0.0
5740,8,28,5,0.0,0.0,0.0,0.0,0.0,0.0,0.0
5741,8,28,6,3.895033973,0.0,3.895033973,2.890586927,4.721073052,2.372635464,2.372635464
5742,8,28,7,194.7271613,398.60703197493694,112.93633849023014,97.66274653,479.4803078,76.71116782,76.71116782
5743,8,28,8,435.9731671,750.1025403132367,138.6647145788793,123.5272889,815.2015132,205.6306118,123.5272889
5744,8,28,9,646.5438597,943.2801349430887,110.6381694935318,142.7125571,885.7397438,380.6199424,142.7125571
5745,8,28,10,804.850051,1030.6137204831982,74.36542493165065,149.0545613,771.2070154,528.6875388,149.0545613
5746,8,28,11,903.9695727,1053.2684052643988,52.168560158198204,150.4618293,550.7244839,624.5409685,150.4618293
5747,8,28,12,931.0331304,1045.16157898116,31.035461428223442,142.8863589,280.4078356,656.6292372,142.8863589
5748,8,28,13,904.1043776,1026.2062172444525,19.14529923227841,132.2850999,132.2850999,636.2385613,259.8138131
5749,8,28,14,815.9228935,954.7808026062346,40.28327275179712,123.0182175,123.0182175,552.7300113,478.1606485
5750,8,28,15,672.0265315,903.8619609193833,26.176452213911624,98.3154521,98.3154521,432.0907887,636.1184399
5751,8,28,16,489.149717,807.2663284944267,24.54686208046305,77.85406692,77.85406692,283.0831376,706.2109349
5752,8,28,17,290.1760651,647.5678673875269,28.05261394110458,59.41271619,59.41271619,132.2945927,648.6185386
5753,8,28,18,114.2409917,371.9137639001134,34.6742908053339,59.0972741,41.69904295,41.69904295,408.4656569
5754,8,28,19,2.969450464,0.0,2.969450464,2.140461652,1.807113674,1.807113674,3.352435892
5755,8,28,20,0.0,0.0,0.0,0.0,0.0,0.0,0.0
5756,8,28,21,0.0,0.0,0.0,0.0,0.0,0.0,0.0
5757,8,28,22,0.0,0.0,0.0,0.0,0.0,0.0,0.0
5758,8,28,23,0.0,0.0,0.0,0.0,0.0,0.0,0.0
5759,8,28,24,0.0,0.0,0.0,0.0,0.0,0.0,0.0
5760,8,29,1,0.0,0.0,0.0,0.0,0.0,0.0,0.0
5761,8,29,2,0.0,0.0,0.0,0.0,0.0,0.0,0.0
5762,8,29,3,0.0,0.0,0.0,0.0,0.0,0.0,0.0
5763,8,29,4,0.0,0.0,0.0,0.0,0.0,0.0,0.0
5764,8,29,5,0.0,0.0,0.0,0.0,0.0,0.0,0.0
5765,8,29,6,2.95019647,0.0,2.95019647,2.150624263,3.443373468,1.799761592,1.799761592
5766,8,29,7,191.1731545,396.1164969168912,110.98807033814622,93.57011281,476.1740087,75.51921288,75.51921288
5767,8,29,8,434.0310343,749.8341764315566,138.79790590280024,122.9618734,814.6749421,210.2611365,122.9618734
5768,8,29,9,644.2881671,942.2232605641294,111.40743926674442,142.1656206,884.0397177,386.3842553,142.1656206
5769,8,29,10,802.2578882,1028.85326030793,75.70567095483119,148.5461155,768.4640685,534.6465779,148.5461155
5770,8,29,11,901.9341322,1051.94389657271,54.078098188943876,150.4135042,548.0194237,630.8794141,150.4135042
5771,8,29,12,937.4848045,1053.5650095962553,33.34058530067712,144.6646424,280.2377361,668.7551053,144.6646424
5772,8,29,13,899.1356163,1013.0080633835257,28.797495190403684,134.7619981,134.7619981,637.2122676,263.8980542
5773,8,29,14,802.0129102,945.2859883919679,37.40393881282911,120.7656158,120.7656158,549.9177967,475.0361014
5774,8,29,15,656.7959417,886.805864221593,26.543740151011274,98.29465705,98.29465705,428.9160644,628.1053114
5775,8,29,16,477.5613542,789.495788943868,26.489475999171265,79.38184745,79.38184745,282.6909559,695.5890199
5776,8,29,17,283.1244993,632.4784622929152,29.956229993203603,60.87438819,60.87438819,133.9863313,637.5360184
5777,8,29,18,110.7603966,335.88535544960433,40.50582630821019,58.47618862,43.66004986,43.66004986,376.4226002
5778,8,29,19,2.952041297,0.0,2.952041297,2.148415894,1.800465792,1.800465792,3.434699327
5779,8,29,20,0.0,0.0,0.0,0.0,0.0,0.0,0.0
5780,8,29,21,0.0,0.0,0.0,0.0,0.0,0.0,0.0
5781,8,29,22,0.0,0.0,0.0,0.0,0.0,0.0,0.0
5782,8,29,23,0.0,0.0,0.0,0.0,0.0,0.0,0.0
5783,8,29,24,0.0,0.0,0.0,0.0,0.0,0.0,0.0
5784,8,30,1,0.0,0.0,0.0,0.0,0.0,0.0,0.0
5785,8,30,2,0.0,0.0,0.0,0.0,0.0,0.0,0.0
5786,8,30,3,0.0,0.0,0.0,0.0,0.0,0.0,0.0
5787,8,30,4,0.0,0.0,0.0,0.0,0.0,0.0,0.0
5788,8,30,5,0.0,0.0,0.0,0.0,0.0,0.0,0.0
5789,8,30,6,3.0,0.0,3.0,1.533277455,1.533277455,1.533277455,1.533277455
5790,8,30,7,187.8429632,387.931339010592,110.39084586886264,90.2016445,467.8098113,74.72922677,74.72922677
5791,8,30,8,430.278826,747.4241600230968,137.9707278464118,122.2346999,812.0647374,213.5199158,122.2346999
5792,8,30,9,640.9542282,942.0695253022625,110.6098525918265,141.5625418,883.2959371,391.0984787,141.5625418
5793,8,30,10,771.1877845,976.3825974431034,84.27194304766594,146.458727,734.6216401,518.5213204,146.458727
5794,8,30,11,832.9424057,978.9383229777494,46.64635198999667,138.7873197,508.0235371,591.2383055,138.7873197
5795,8,30,12,831.9440191,933.7008868091472,33.451771405466154,133.7071492,252.9330241,603.2530457,133.7071492
5796,8,30,13,801.3180834,908.0147444765258,24.14370419565164,125.6081044,125.6081044,580.7600153,242.4970472
5797,8,30,14,718.1851212,851.7695406701021,32.261886884679505,117.5765005,117.5765005,508.6015529,438.0569749
5798,8,30,15,592.1405638,791.2414216938392,32.90137317828965,102.9071582,102.9071582,401.8537589,577.0892634
5799,8,30,16,449.8091565,726.3435854275497,37.906226338700336,84.93665416,84.93665416,275.4578487,653.4674419
5800,8,30,17,277.4770323,617.7702847537066,33.016688042425116,62.38687877,62.38687877,136.498064,626.7617228
5801,8,30,18,109.2668077,361.9607693543837,35.30851667565343,55.67062153,41.24011283,41.24011283,399.4153423
5802,8,30,19,3.0,0.0,3.0,1.533549886,1.533549886,1.533549886,1.533549886
5803,8,30,20,0.0,0.0,0.0,0.0,0.0,0.0,0.0
5804,8,30,21,0.0,0.0,0.0,0.0,0.0,0.0,0.0
5805,8,30,22,0.0,0.0,0.0,0.0,0.0,0.0,0.0
5806,8,30,23,0.0,0.0,0.0,0.0,0.0,0.0,0.0
5807,8,30,24,0.0,0.0,0.0,0.0,0.0,0.0,0.0
5808,8,31,1,0.0,0.0,0.0,0.0,0.0,0.0,0.0
5809,8,31,2,0.0,0.0,0.0,0.0,0.0,0.0,0.0
5810,8,31,3,0.0,0.0,0.0,0.0,0.0,0.0,0.0
5811,8,31,4,0.0,0.0,0.0,0.0,0.0,0.0,0.0
5812,8,31,5,0.0,0.0,0.0,0.0,0.0,0.0,0.0
5813,8,31,6,3.0,0.0,3.0,1.533889204,1.533889204,1.533889204,1.533889204
5814,8,31,7,170.0818501,329.21254721795407,105.26978446036843,82.53570177,406.6738788,71.25865276,71.25865276
5815,8,31,8,402.4007468,683.0268259819851,137.09602969390903,119.0929505,750.4241296,206.5387045,119.0929505
5816,8,31,9,606.3951872,880.7979704741608,112.85809703838645,139.0109625,832.7922795,377.4845828,139.0109625
5817,8,31,10,710.7760419,906.6965114051061,75.31794113692409,139.3597112,685.0712997,489.9614033,139.3597112
5818,8,31,11,747.3172036,856.2924474278565,61.9481628185721,139.5637947,462.1042955,540.3644543,139.5637947
5819,8,31,12,723.35384,761.10497394656,74.77636773240319,139.9120612,236.4754851,527.4689195,139.9120612
5820,8,31,13,639.9941354,650.8693674283202,85.07011713745823,138.6489954,138.6489954,469.3383828,223.5303172
5821,8,31,14,526.4850548,473.56121918097165,146.85207906650174,142.6753953,142.6753953,364.3201119,323.057627
5822,8,31,15,397.1070348,294.26247003545143,190.29655539571013,137.971232,137.971232,252.9468114,318.5175944
5823,8,31,16,301.3523922,280.8521871835203,143.29570684215568,112.0563509,112.0563509,188.5014248,336.714534
5824,8,31,17,190.1941698,204.49047289634814,110.22080145928189,80.66922543,80.66922543,106.8570905,273.4527297
5825,8,31,18,77.42801547,83.1884925201022,60.83740900762706,40.97441723,37.77351648,37.77351648,126.5515415
5826,8,31,19,2.0,0.0,2.0,1.018690189,1.018690189,1.018690189,1.018690189
5827,8,31,20,0.0,0.0,0.0,0.0,0.0,0.0,0.0
5828,8,31,21,0.0,0.0,0.0,0.0,0.0,0.0,0.0
5829,8,31,22,0.0,0.0,0.0,0.0,0.0,0.0,0.0
5830,8,31,23,0.0,0.0,0.0,0.0,0.0,0.0,0.0
5831,8,31,24,0.0,0.0,0.0,0.0,0.0,0.0,0.0
5832,9,1,1,0.0,0.0,0.0,0.0,0.0,0.0,0.0
5833,9,1,2,0.0,0.0,0.0,0.0,0.0,0.0,0.0
5834,9,1,3,0.0,0.0,0.0,0.0,0.0,0.0,0.0
5835,9,1,4,0.0,0.0,0.0,0.0,0.0,0.0,0.0
5836,9,1,5,0.0,0.0,0.0,0.0,0.0,0.0,0.0
5837,9,1,6,3.0,0.0,3.0,1.533880407,1.533880407,1.533880407,1.533880407
5838,9,1,7,176.7013201,365.3839324617212,105.7893442773229,81.73202029,455.0274922,71.04462214,71.04462214
5839,9,1,8,420.1006997,744.6964003368153,132.83844598192454,118.4843928,813.5687925,219.0949866,118.4843928
5840,9,1,9,613.1658618,910.2284062881763,105.55449023897307,135.8570542,855.8589313,388.6586104,135.8570542
5841,9,1,10,726.3872255,943.9998499702009,67.3510942813713,135.6980148,704.5207258,506.8386166,135.6980148
5842,9,1,11,836.04664,981.8980699372621,52.959047590666856,138.2615942,507.6720371,603.791273,138.2615942
5843,9,1,12,783.0829028,877.0444437827,38.418238118129715,131.4595257,241.7395521,582.6640757,131.4595257
5844,9,1,13,767.5492691,872.1619421779811,26.897053549208817,123.2978513,123.2978513,570.1672647,237.9685245
5845,9,1,14,699.3555186,835.5861261204797,32.5942695348191,114.9927368,114.9927368,507.5951684,432.3094676
5846,9,1,15,631.6692208,865.3549576421086,26.987115796001664,95.16075915,95.16075915,430.7347983,616.9214067
5847,9,1,16,428.8762661,694.9185562976774,40.83652141653701,83.91319077,83.91319077,273.0827772,631.5640855
5848,9,1,17,267.0105237,607.9335035522204,32.106537128808725,59.86112626,59.86112626,138.311435,618.781683
5849,9,1,18,102.3796227,342.24170334589076,35.818526339024174,50.76450847,39.81055195,39.81055195,384.0237871
5850,9,1,19,3.0,0.0,3.0,1.533880407,1.533880407,1.533880407,1.533880407
5851,9,1,20,0.0,0.0,0.0,0.0,0.0,0.0,0.0
5852,9,1,21,0.0,0.0,0.0,0.0,0.0,0.0,0.0
5853,9,1,22,0.0,0.0,0.0,0.0,0.0,0.0,0.0
5854,9,1,23,0.0,0.0,0.0,0.0,0.0,0.0,0.0
5855,9,1,24,0.0,0.0,0.0,0.0,0.0,0.0,0.0
5856,9,2,1,0.0,0.0,0.0,0.0,0.0,0.0,0.0
5857,9,2,2,0.0,0.0,0.0,0.0,0.0,0.0,0.0
5858,9,2,3,0.0,0.0,0.0,0.0,0.0,0.0,0.0
5859,9,2,4,0.0,0.0,0.0,0.0,0.0,0.0,0.0
5860,9,2,5,0.0,0.0,0.0,0.0,0.0,0.0,0.0
5861,9,2,6,2.0,0.0,2.0,1.018682336,1.018682336,1.018682336,1.018682336
5862,9,2,7,153.3790107,283.646541042916,99.1259860102217,73.23590142,369.3546206,66.57493748,66.57493748
5863,9,2,8,365.0413706,650.444800625594,115.8922445627656,108.4045061,715.7808399,200.1398728,108.4045061
5864,9,2,9,574.2193897,834.7383799748052,110.94626890328577,134.0701669,795.2250465,371.1386017,134.0701669
5865,9,2,10,766.296196,988.8609347638734,78.66563336178721,142.758225,738.4142372,537.4373399,142.758225
5866,9,2,11,886.4986766,1055.212115540491,48.01458811208122,144.6970067,540.5620676,650.6314188,144.6970067
5867,9,2,12,898.062485,1030.6960446749317,26.178384744220526,134.5755906,262.8803582,669.891232,134.5755906
5868,9,2,13,860.8335082,992.4918006329851,21.402958523123537,124.5768893,124.5768893,638.1137644,256.3482706
5869,9,2,14,798.2692355,961.8142308383404,34.401072919488755,117.7075409,117.7075409,574.4568591,484.3846997
5870,9,2,15,663.1617377,922.8750889434759,22.074998307346743,94.59029655,94.59029655,456.7704952,652.2562562
5871,9,2,16,468.1879705,808.700404121037,20.20480333542931,72.30594057,72.30594057,295.5202827,709.0553013
5872,9,2,17,282.2522262,694.9672449054926,17.0178787613378,49.56024085,49.56024085,141.9444961,687.2463992
5873,9,2,18,103.5175713,405.49645430055415,26.68246110128902,46.32599412,35.1606701,35.1606701,439.8009677
5874,9,2,19,2.0,0.0,2.0,1.018682336,1.018682336,1.018682336,1.018682336
5875,9,2,20,0.0,0.0,0.0,0.0,0.0,0.0,0.0
5876,9,2,21,0.0,0.0,0.0,0.0,0.0,0.0,0.0
5877,9,2,22,0.0,0.0,0.0,0.0,0.0,0.0,0.0
5878,9,2,23,0.0,0.0,0.0,0.0,0.0,0.0,0.0
5879,9,2,24,0.0,0.0,0.0,0.0,0.0,0.0,0.0
5880,9,3,1,0.0,0.0,0.0,0.0,0.0,0.0,0.0
5881,9,3,2,0.0,0.0,0.0,0.0,0.0,0.0,0.0
5882,9,3,3,0.0,0.0,0.0,0.0,0.0,0.0,0.0
5883,9,3,4,0.0,0.0,0.0,0.0,0.0,0.0,0.0
5884,9,3,5,0.0,0.0,0.0,0.0,0.0,0.0,0.0
5885,9,3,6,2.0,0.0,2.0,1.01867836,1.01867836,1.01867836,1.01867836
5886,9,3,7,168.7325062,348.5691489858736,103.04342322419274,74.83653342,436.9812498,68.90230678,68.90230678
5887,9,3,8,412.9606408,740.8864370935447,131.18298413669376,117.0437283,809.0659804,225.9521732,117.0437283
5888,9,3,9,624.3994514,945.9295810394567,101.98055901404211,135.607803,883.0720085,409.2490579,135.607803
5889,9,3,10,783.8683299,1009.8919728799945,84.43339830620367,147.2974741,755.2024741,556.3187994,147.2974741
5890,9,3,11,883.67278,1055.3808219915925,48.17650451900518,144.6015571,539.5629516,656.5462597,144.6015571
5891,9,3,12,920.7472888,1057.486376078931,29.580940197254893,139.6298361,270.0575487,694.7183852,139.6298361
5892,9,3,13,900.2127578,1035.500017437972,28.021931803525664,133.6064847,133.6064847,675.0819086,272.5686814
5893,9,3,14,817.5487984,985.7354062395808,38.450565987434395,122.4231843,122.4231843,595.6743702,499.8424097
5894,9,3,15,678.5556818,945.500363633741,25.69231553539656,99.10936425,99.10936425,474.8416675,672.1157042
5895,9,3,16,493.2839585,877.5002950639897,11.139602488024831,66.77597292,66.77597292,312.7400332,758.3245964
5896,9,3,17,286.037621,723.0176178329907,13.571489753845741,46.83784544,46.83784544,146.0200178,710.787512
5897,9,3,18,99.96645002,396.2746981883934,26.88101254995744,43.94692482,34.68841633,34.68841633,430.940501
5898,9,3,19,2.0,0.0,2.0,1.01867836,1.01867836,1.01867836,1.01867836
5899,9,3,20,0.0,0.0,0.0,0.0,0.0,0.0,0.0
5900,9,3,21,0.0,0.0,0.0,0.0,0.0,0.0,0.0
5901,9,3,22,0.0,0.0,0.0,0.0,0.0,0.0,0.0
5902,9,3,23,0.0,0.0,0.0,0.0,0.0,0.0,0.0
5903,9,3,24,0.0,0.0,0.0,0.0,0.0,0.0,0.0
5904,9,4,1,0.0,0.0,0.0,0.0,0.0,0.0,0.0
5905,9,4,2,0.0,0.0,0.0,0.0,0.0,0.0,0.0
5906,9,4,3,0.0,0.0,0.0,0.0,0.0,0.0,0.0
5907,9,4,4,0.0,0.0,0.0,0.0,0.0,0.0,0.0
5908,9,4,5,0.0,0.0,0.0,0.0,0.0,0.0,0.0
5909,9,4,6,2.0,0.0,2.0,1.018674352,1.018674352,1.018674352,1.018674352
5910,9,4,7,164.2200354,341.02604764658696,100.91670219902224,71.24630414,428.3155484,67.56547886,67.56547886
5911,9,4,8,409.5781726,739.4620888068622,130.36751640172938,116.3391483,807.2211755,229.4841266,116.3391483
5912,9,4,9,620.3937579,944.7499928979887,101.21470653060527,134.9189562,881.2150723,413.8003127,134.9189562
5913,9,4,10,779.515825,1008.669181818748,83.78242005858654,146.6596482,753.1734616,561.0268067,146.6596482
5914,9,4,11,880.8067832,1055.5373536774753,48.357226627100225,144.5032879,538.5139518,662.4773005,144.5032879
5915,9,4,12,917.655665,1057.5300484685906,29.888445862573146,139.5280154,268.69341,700.4422962,139.5280154
5916,9,4,13,896.8643558,1035.3804320575452,28.4487660335002,133.4916244,133.4916244,680.4394666,273.9073981
5917,9,4,14,791.2820298,961.6182543262806,34.97936737793188,117.3201806,117.3201806,583.8438475,486.9701894
5918,9,4,15,642.919695,907.2748025892623,20.28731330946747,90.76348675,90.76348675,455.5847174,641.8956459
5919,9,4,16,468.0709969,826.136220825342,17.91723864640108,70.16341255,70.16341255,305.6984641,723.021131
5920,9,4,17,271.0094289,672.3376648957593,20.90905687800733,51.50956667,51.50956667,146.8110221,670.8164457
5921,9,4,18,96.76699754,365.15485772903565,31.28399792096048,43.39940231,36.36742402,36.36742402,403.7822618
5922,9,4,19,2.0,0.0,2.0,1.018674352,1.018674352,1.018674352,1.018674352
5923,9,4,20,0.0,0.0,0.0,0.0,0.0,0.0,0.0
5924,9,4,21,0.0,0.0,0.0,0.0,0.0,0.0,0.0
5925,9,4,22,0.0,0.0,0.0,0.0,0.0,0.0,0.0
5926,9,4,23,0.0,0.0,0.0,0.0,0.0,0.0,0.0
5927,9,4,24,0.0,0.0,0.0,0.0,0.0,0.0,0.0
5928,9,5,1,0.0,0.0,0.0,0.0,0.0,0.0,0.0
5929,9,5,2,0.0,0.0,0.0,0.0,0.0,0.0,0.0
5930,9,5,3,0.0,0.0,0.0,0.0,0.0,0.0,0.0
5931,9,5,4,0.0,0.0,0.0,0.0,0.0,0.0,0.0
5932,9,5,5,0.0,0.0,0.0,0.0,0.0,0.0,0.0
5933,9,5,6,2.0,0.0,2.0,1.018670314,1.018670314,1.018670314,1.018670314
5934,9,5,7,150.5307622,291.287032147559,97.28719365835057,66.20902497,376.407903,64.8867476,64.8867476
5935,9,5,8,300.8977937,477.03189545230083,122.0932316690037,103.7973959,554.0859391,180.4405551,103.7973959
5936,9,5,9,576.4730855,859.296006447438,106.63377587798492,132.6608819,812.2418287,391.8181402,132.6608819
5937,9,5,10,728.0294819,948.1131922410596,76.78401119932155,138.2864119,707.6703996,533.2484265,138.2864119
5938,9,5,11,806.29444,972.0038901065817,42.68787637044298,133.1591876,494.9753805,615.5816597,133.1591876
5939,9,5,12,857.6433512,987.7610229400908,31.70637405016315,130.0389381,249.4885594,659.4872689,130.0389381
5940,9,5,13,851.9866144,993.2239298767399,22.51108674740222,124.2763467,124.2763467,654.1081121,260.3695967
5941,9,5,14,744.3948203,907.0570504678454,34.58030132667341,112.009232,112.009232,556.7536179,462.1708526
5942,9,5,15,599.4402652,827.0125182951681,35.43575586071071,97.805689,97.805689,434.8460271,602.2507222
5943,9,5,16,448.623647,783.3568401248966,25.398491848534185,74.35195746,74.35195746,301.4961331,695.1930205
5944,9,5,17,211.6557531,342.7405216857609,85.84477981823404,76.53158699,76.53158699,128.0390352,401.7455098
5945,9,5,18,57.70085552,21.395879463544812,53.97410636689675,29.6043435,29.07148185,29.07148185,64.79875658
5946,9,5,19,2.0,0.0,2.0,1.018670314,1.018670314,1.018670314,1.018670314
5947,9,5,20,0.0,0.0,0.0,0.0,0.0,0.0,0.0
5948,9,5,21,0.0,0.0,0.0,0.0,0.0,0.0,0.0
5949,9,5,22,0.0,0.0,0.0,0.0,0.0,0.0,0.0
5950,9,5,23,0.0,0.0,0.0,0.0,0.0,0.0,0.0
5951,9,5,24,0.0,0.0,0.0,0.0,0.0,0.0,0.0
5952,9,6,1,0.0,0.0,0.0,0.0,0.0,0.0,0.0
5953,9,6,2,0.0,0.0,0.0,0.0,0.0,0.0,0.0
5954,9,6,3,0.0,0.0,0.0,0.0,0.0,0.0,0.0
5955,9,6,4,0.0,0.0,0.0,0.0,0.0,0.0,0.0
5956,9,6,5,0.0,0.0,0.0,0.0,0.0,0.0,0.0
5957,9,6,6,1.0,0.0,1.0,0.507387802,0.507387802,0.507387802,0.507387802
5958,9,6,7,146.0661207,282.80506728346313,95.17907001103467,63.54575657,366.7370507,64.07692982,63.54575657
5959,9,6,8,373.4282207,657.5613695663781,128.78386333337167,111.9854213,728.2357043,220.8740863,111.9854213
5960,9,6,9,594.7719538,906.3029433215457,101.76668021543968,132.589321,848.3461314,411.0722718,132.589321
5961,9,6,10,751.8066206,987.9030412033309,76.10114312735475,140.4458491,732.8577838,557.6500837,140.4458491
5962,9,6,11,849.1131047,1013.4814359874998,56.05920020697257,141.9813322,518.4480956,651.0910274,141.9813322
5963,9,6,12,885.5423997,1018.2899494999651,37.49314105800606,136.8485233,258.7307577,688.4126671,136.8485233
5964,9,6,13,864.4277526,1009.452015075422,25.097016539959046,127.5065813,127.5065813,671.4494459,267.3203833
5965,9,6,14,784.069506,961.4648752299569,35.52573289843108,116.9127735,116.9127735,593.2185362,489.5953603
5966,9,6,15,648.5261542,922.2827413072024,23.558584595233842,93.98439005,93.98439005,473.8616295,657.3513237
5967,9,6,16,459.6954923,824.1985589683673,18.258083917936524,69.44023076,69.44023076,311.9845599,723.3026236
5968,9,6,17,208.7124436,337.96088971457476,86.3335715835026,76.24438521,76.24438521,128.6021556,397.7128466
5969,9,6,18,88.38729328,236.0077503138134,48.50495582373993,44.17166473,41.53938177,41.53938177,287.7329664
5970,9,6,19,1.0,0.0,1.0,0.507387802,0.507387802,0.507387802,0.507387802
5971,9,6,20,0.0,0.0,0.0,0.0,0.0,0.0,0.0
5972,9,6,21,0.0,0.0,0.0,0.0,0.0,0.0,0.0
5973,9,6,22,0.0,0.0,0.0,0.0,0.0,0.0,0.0
5974,9,6,23,0.0,0.0,0.0,0.0,0.0,0.0,0.0
5975,9,6,24,0.0,0.0,0.0,0.0,0.0,0.0,0.0
5976,9,7,1,0.0,0.0,0.0,0.0,0.0,0.0,0.0
5977,9,7,2,0.0,0.0,0.0,0.0,0.0,0.0,0.0
5978,9,7,3,0.0,0.0,0.0,0.0,0.0,0.0,0.0
5979,9,7,4,0.0,0.0,0.0,0.0,0.0,0.0,0.0
5980,9,7,5,0.0,0.0,0.0,0.0,0.0,0.0,0.0
5981,9,7,6,1.0,0.0,1.0,0.507386779,0.507386779,0.507386779,0.507386779
5982,9,7,7,146.3650819,292.49901709699895,94.57098375142763,63.10088159,376.2259478,65.53836797,63.10088159
5983,9,7,8,384.3885028,698.0947471417372,126.61854705602336,112.2954018,765.4953837,231.9789846,112.2954018
5984,9,7,9,609.3676835,943.1631274132353,98.9788761796715,132.9413953,877.0111433,428.2357185,132.9413953
5985,9,7,10,748.1080878,987.6398169777286,75.4909713013144,139.8560669,731.3399974,562.7295329,139.8560669
5986,9,7,11,846.1875851,1013.5699320177274,56.24883143132172,141.8951559,517.3102394,656.8213869,141.8951559
5987,9,7,12,864.6171742,1001.2513516213977,34.168075943068686,132.5547451,251.0764803,680.3224521,132.5547451
5988,9,7,13,845.0917992,993.4198586959328,22.785803053768998,123.6193543,123.6193543,664.1629278,262.6748972
5989,9,7,14,765.3534719,945.5134588864202,33.06691751885706,113.2186934,113.2186934,586.3961081,481.1989041
5990,9,7,15,632.6164101,907.7756676044833,21.477377486995323,90.49652725,90.49652725,468.7400734,646.3927303
5991,9,7,16,456.4505858,823.9266353708117,19.0556505104038,69.74431383,69.74431383,316.0021089,724.6804033
5992,9,7,17,253.2234406,626.7576603420396,29.41053174991871,55.98784103,55.98784103,153.2297258,637.0376634
5993,9,7,18,89.03626109,328.41033799656344,35.258467124856075,38.93026902,36.76797081,36.76797081,370.9449946
5994,9,7,19,1.0,0.0,1.0,0.507386779,0.507386779,0.507386779,0.507386779
5995,9,7,20,0.0,0.0,0.0,0.0,0.0,0.0,0.0
5996,9,7,21,0.0,0.0,0.0,0.0,0.0,0.0,0.0
5997,9,7,22,0.0,0.0,0.0,0.0,0.0,0.0,0.0
5998,9,7,23,0.0,0.0,0.0,0.0,0.0,0.0,0.0
5999,9,7,24,0.0,0.0,0.0,0.0,0.0,0.0,0.0
6000,9,8,1,0.0,0.0,0.0,0.0,0.0,0.0,0.0
6001,9,8,2,0.0,0.0,0.0,0.0,0.0,0.0,0.0
6002,9,8,3,0.0,0.0,0.0,0.0,0.0,0.0,0.0
6003,9,8,4,0.0,0.0,0.0,0.0,0.0,0.0,0.0
6004,9,8,5,0.0,0.0,0.0,0.0,0.0,0.0,0.0
6005,9,8,6,1.0,0.0,1.0,0.507385748,0.507385748,0.507385748,0.507385748
6006,9,8,7,125.3932706,214.4453033582363,88.03695202041683,58.82274019,293.8798384,62.07847225,58.82274019
6007,9,8,8,291.1132431,462.8359779646904,121.51789885997174,102.1728371,539.8309015,185.2404059,102.1728371
6008,9,8,9,458.2195992,640.9367491818863,113.21142624945576,125.1330284,633.7330555,330.9702395,125.1330284
6009,9,8,10,587.6523071,728.638941431012,93.59767886705762,135.1212926,572.5114099,452.5492551,135.1212926
6010,9,8,11,669.3681187,767.8357734917305,73.39320867107108,137.1376323,421.3846087,532.5759986,137.1376323
6011,9,8,12,611.1327319,566.2152052449937,143.4652953346759,147.8209586,214.9360329,464.6936695,147.8209586
6012,9,8,13,602.9512311,609.4567293875596,100.77212664303667,141.0704848,141.0704848,478.7173312,228.0139631
6013,9,8,14,624.9801566,753.0138326232328,44.88151158491765,117.6912926,117.6912926,498.9593932,412.423709
6014,9,8,15,262.9568174,83.91846634319202,206.83493608592136,118.8312157,118.8312157,160.3964785,179.3768701
6015,9,8,16,82.56684666,0.0,82.56684666,42.74540281,42.74540281,43.65635832,45.13604113
6016,9,8,17,172.5910295,179.76746733002827,109.30638549183585,76.27304248,76.27304248,107.1333602,255.8657149
6017,9,8,18,74.50509331,127.01620935208615,54.3760322318335,36.77526851,36.45643491,36.45643491,178.1462575
6018,9,8,19,1.0,0.0,1.0,0.507385748,0.507385748,0.507385748,0.507385748
6019,9,8,20,0.0,0.0,0.0,0.0,0.0,0.0,0.0
6020,9,8,21,0.0,0.0,0.0,0.0,0.0,0.0,0.0
6021,9,8,22,0.0,0.0,0.0,0.0,0.0,0.0,0.0
6022,9,8,23,0.0,0.0,0.0,0.0,0.0,0.0,0.0
6023,9,8,24,0.0,0.0,0.0,0.0,0.0,0.0,0.0
6024,9,9,1,0.0,0.0,0.0,0.0,0.0,0.0,0.0
6025,9,9,2,0.0,0.0,0.0,0.0,0.0,0.0,0.0
6026,9,9,3,0.0,0.0,0.0,0.0,0.0,0.0,0.0
6027,9,9,4,0.0,0.0,0.0,0.0,0.0,0.0,0.0
6028,9,9,5,0.0,0.0,0.0,0.0,0.0,0.0,0.0
6029,9,9,6,1.0,0.0,1.0,0.507384712,0.507384712,0.507384712,0.507384712
6030,9,9,7,137.5716487,284.4947503402492,88.8341553999567,60.65629705,365.4336285,66.73638419,60.65629705
6031,9,9,8,376.4449111,695.141896757928,123.7028164601518,110.3315968,760.7025507,238.0737899,110.3315968
6032,9,9,9,571.5311356,877.5471279390813,101.6938852105074,130.206434,822.4747553,415.8511003,130.206434
6033,9,9,10,699.1254924,919.4461506950813,78.47276586453975,136.4376766,685.9283555,541.2091242,136.4376766
6034,9,9,11,665.5526155,766.3194722842379,73.23290742673655,136.6661951,419.4753966,535.7139907,136.6661951
6035,9,9,12,698.4804323,758.2740559274324,74.84229048097563,135.7081932,223.7586085,560.5071559,135.7081932
6036,9,9,13,685.4487547,777.4732425244924,47.804892956722824,127.6419462,127.6419462,559.9440476,239.0784803
6037,9,9,14,673.6526958,833.9181212418415,34.70722958383575,112.8948531,112.8948531,538.906523,440.2833775
6038,9,9,15,377.6816855,269.7632083105428,198.49089948216047,136.8178118,136.8178118,257.7395281,311.4166434
6039,9,9,16,197.4198442,64.65431209739889,163.71869827931476,92.07359263,92.07359263,116.5856886,155.5622038
6040,9,9,17,49.68617422,0.0,49.68617422,25.58509906,25.58509906,25.91128457,27.43517147
6041,9,9,18,52.1951949,20.161407500356457,49.10720805146607,26.405703,26.405703,26.47491883,61.55377696
6042,9,9,19,1.0,0.0,1.0,0.507384712,0.507384712,0.507384712,0.507384712
6043,9,9,20,0.0,0.0,0.0,0.0,0.0,0.0,0.0
6044,9,9,21,0.0,0.0,0.0,0.0,0.0,0.0,0.0
6045,9,9,22,0.0,0.0,0.0,0.0,0.0,0.0,0.0
6046,9,9,23,0.0,0.0,0.0,0.0,0.0,0.0,0.0
6047,9,9,24,0.0,0.0,0.0,0.0,0.0,0.0,0.0
6048,9,10,1,0.0,0.0,0.0,0.0,0.0,0.0,0.0
6049,9,10,2,0.0,0.0,0.0,0.0,0.0,0.0,0.0
6050,9,10,3,0.0,0.0,0.0,0.0,0.0,0.0,0.0
6051,9,10,4,0.0,0.0,0.0,0.0,0.0,0.0,0.0
6052,9,10,5,0.0,0.0,0.0,0.0,0.0,0.0,0.0
6053,9,10,6,0.0,0.0,0.0,0.0,0.0,0.0,0.0
6054,9,10,7,17.16764995,0.0,17.16764995,8.76090854,9.746420084,8.786608529,8.76090854
6055,9,10,8,49.71984594,0.0,49.71984594,25.59024831,27.41889004,25.96158541,25.59024831
6056,9,10,9,199.2240447,62.580219420753714,165.90144068312418,93.11518174,153.6241769,118.5643862,93.11518174
6057,9,10,10,393.3008499,272.8266109101104,209.97030962408152,143.3715875,314.1016195,271.0142499,143.3715875
6058,9,10,11,456.8450462,298.28035886013373,227.2703380085475,160.0367788,274.3039242,323.566862,160.0367788
6059,9,10,12,695.2119292,778.5181859356869,57.69601603100648,133.7682038,222.9602113,573.5967724,133.7682038
6060,9,10,13,821.4865097,979.8552894584094,21.664499255876944,120.0057552,120.0057552,668.8010726,261.6370659
6061,9,10,14,754.1334274,945.3814355202833,33.78130793447835,112.5482419,112.5482419,600.1326399,485.0956617
6062,9,10,15,581.8539661,825.6830801797198,37.16361467925584,97.07778954,97.07778954,453.6173589,607.4438707
6063,9,10,16,372.0156384,603.7579541702663,60.25341396198484,91.60424039,91.60424039,281.6799619,577.5955286
6064,9,10,17,216.7068074,438.3530597919823,66.88525409210557,72.65648671,72.65648671,147.5136883,486.7367808
6065,9,10,18,76.12378045,184.4452997250944,48.859982963507164,36.6428899,36.6428899,37.86893936,234.7672493
6066,9,10,19,1.0,0.0,1.0,0.50738367,0.50738367,0.50738367,0.50738367
6067,9,10,20,0.0,0.0,0.0,0.0,0.0,0.0,0.0
6068,9,10,21,0.0,0.0,0.0,0.0,0.0,0.0,0.0
6069,9,10,22,0.0,0.0,0.0,0.0,0.0,0.0,0.0
6070,9,10,23,0.0,0.0,0.0,0.0,0.0,0.0,0.0
6071,9,10,24,0.0,0.0,0.0,0.0,0.0,0.0,0.0
6072,9,11,1,0.0,0.0,0.0,0.0,0.0,0.0,0.0
6073,9,11,2,0.0,0.0,0.0,0.0,0.0,0.0,0.0
6074,9,11,3,0.0,0.0,0.0,0.0,0.0,0.0,0.0
6075,9,11,4,0.0,0.0,0.0,0.0,0.0,0.0,0.0
6076,9,11,5,0.0,0.0,0.0,0.0,0.0,0.0,0.0
6077,9,11,6,1.0,0.0,1.0,0.507382622,0.507382622,0.507382622,0.507382622
6078,9,11,7,61.12762338,53.77794412185897,52.22745080999274,31.1414132,99.09740291,33.33193848,31.1414132
6079,9,11,8,119.282929,33.14517120491036,107.42256229133173,58.68221198,102.1568759,67.80130862,58.68221198
6080,9,11,9,196.6250394,60.834796837561676,164.4113860996645,92.17625264,151.2415415,117.491842,92.17625264
6081,9,11,10,578.438905,724.0346321865403,94.15666771312344,134.3894246,567.1810861,462.7589005,134.3894246
6082,9,11,11,854.6138037,1035.4473273107446,61.1146623365963,145.7298871,524.5271808,695.5519863,145.7298871
6083,9,11,12,892.6774872,1041.6603696373265,43.44048933847531,141.5024491,259.1470103,734.6326883,141.5024491
6084,9,11,13,870.9394634,1034.071990609158,30.933312274388864,132.1034625,132.1034625,717.0290429,283.2486869
6085,9,11,14,765.3468741,960.800651078121,37.358673750139225,116.2264852,116.2264852,616.7407917,496.4868462
6086,9,11,15,628.9948761,921.863551556343,25.113870445799318,93.00006611,93.00006611,494.9913055,663.5297893
6087,9,11,16,433.9433478,800.9381749054015,24.310876687231882,71.65408788,71.65408788,325.8490119,713.3656987
6088,9,11,17,245.7067136,658.5529047814124,24.041600365796416,50.89928235,50.89928235,164.4415293,663.8295148
6089,9,11,18,78.95312579,263.3461235133156,41.443613250623514,36.6430962,36.6430962,39.49972121,311.1282944
6090,9,11,19,1.0,0.0,1.0,0.507382622,0.507382622,0.507382622,0.507382622
6091,9,11,20,0.0,0.0,0.0,0.0,0.0,0.0,0.0
6092,9,11,21,0.0,0.0,0.0,0.0,0.0,0.0,0.0
6093,9,11,22,0.0,0.0,0.0,0.0,0.0,0.0,0.0
6094,9,11,23,0.0,0.0,0.0,0.0,0.0,0.0,0.0
6095,9,11,24,0.0,0.0,0.0,0.0,0.0,0.0,0.0
6096,9,12,1,0.0,0.0,0.0,0.0,0.0,0.0,0.0
6097,9,12,2,0.0,0.0,0.0,0.0,0.0,0.0,0.0
6098,9,12,3,0.0,0.0,0.0,0.0,0.0,0.0,0.0
6099,9,12,4,0.0,0.0,0.0,0.0,0.0,0.0,0.0
6100,9,12,5,0.0,0.0,0.0,0.0,0.0,0.0,0.0
6101,9,12,6,1.0,0.0,1.0,0.507381569,0.507381569,0.507381569,0.507381569
6102,9,12,7,119.0902671,233.69551224617112,81.09810166640548,55.63962938,309.6904844,65.39956703,55.63962938
6103,9,12,8,276.9815019,444.3793371216068,119.26216044607683,99.33434185,520.1312722,190.4286841,99.33434185
6104,9,12,9,549.7134145,852.7337818779681,100.71190412078958,127.5516394,799.0821899,420.7909118,127.5516394
6105,9,12,10,749.4361699,1005.8158110983917,79.83901537376407,142.3584876,740.4627517,602.847057,142.3584876
6106,9,12,11,851.4242778,1035.4657938048933,61.40277410132296,145.6301478,523.1583103,701.4006991,145.6301478
6107,9,12,12,864.6410838,1018.1947260759375,38.26337424251507,135.4289151,248.9370853,720.674569,135.4289151
6108,9,12,13,842.8691774,1009.373703284512,26.95312320964612,126.2327291,126.2327291,702.4364597,275.3214883
6109,9,12,14,760.405491,960.2226073515909,37.016033033092356,115.4958488,115.4958488,620.5637666,497.0778188
6110,9,12,15,624.8776205,921.885272420141,25.286532607281718,92.68468696,92.68468696,499.1153335,664.6694408
6111,9,12,16,443.7904463,841.2579087144511,17.721013411023172,67.03151749,67.03151749,337.6212725,741.617468
6112,9,12,17,245.3891168,674.3435325327296,21.933683050925065,49.15391645,49.15391645,168.2980297,677.1978626
6113,9,12,18,76.69377514,270.55657293404096,39.62121510237686,35.3229992,35.3229992,39.4438272,317.060975
6114,9,12,19,1.0,0.0,1.0,0.507381569,0.507381569,0.507381569,0.507381569
6115,9,12,20,0.0,0.0,0.0,0.0,0.0,0.0,0.0
6116,9,12,21,0.0,0.0,0.0,0.0,0.0,0.0,0.0
6117,9,12,22,0.0,0.0,0.0,0.0,0.0,0.0,0.0
6118,9,12,23,0.0,0.0,0.0,0.0,0.0,0.0,0.0
6119,9,12,24,0.0,0.0,0.0,0.0,0.0,0.0,0.0
6120,9,13,1,0.0,0.0,0.0,0.0,0.0,0.0,0.0
6121,9,13,2,0.0,0.0,0.0,0.0,0.0,0.0,0.0
6122,9,13,3,0.0,0.0,0.0,0.0,0.0,0.0,0.0
6123,9,13,4,0.0,0.0,0.0,0.0,0.0,0.0,0.0
6124,9,13,5,0.0,0.0,0.0,0.0,0.0,0.0,0.0
6125,9,13,6,1.0,0.0,1.0,0.507380511,0.507380511,0.507380511,0.507380511
6126,9,13,7,127.5295958,276.9864803753332,83.31430905140851,56.87443951,354.7704129,70.16780965,56.87443951
6127,9,13,8,372.4083201,719.1539373126315,119.2756207804063,107.9724317,779.8082464,257.9510153,107.9724317
6128,9,13,9,585.2501183,938.7970695058331,93.76322134032087,128.3157635,865.8450499,456.3626004,128.3157635
6129,9,13,10,745.4921826,1005.5139552052484,79.2939749367619,141.7482219,738.6613163,608.0529002,141.7482219
6130,9,13,11,847.1943889,1035.0641720334681,61.01722409198724,145.0669515,521.1290745,706.5363344,145.0669515
6131,9,13,12,884.6914088,1041.0744365918738,43.608492318417554,140.843808,255.4194553,745.1333646,140.843808
6132,9,13,13,839.1327522,1009.3118070831154,27.345732642646656,126.0674892,126.0674892,707.5955882,276.7415786
6133,9,13,14,757.4162034,960.7731668952431,37.82429668385843,115.753408,115.753408,625.9938473,499.1293367
6134,9,13,15,607.3665727,905.7875317888838,22.518021703124145,88.50642903,88.50642903,492.1005877,651.7886091
6135,9,13,16,425.8434621,798.8505938263853,25.259545348093404,71.51934342,71.51934342,332.3644332,713.8228948
6136,9,13,17,227.0035264,575.099692587198,39.460919608843,59.30846776,59.30846776,163.9808469,598.3985114
6137,9,13,18,73.58881958,219.7939919471151,44.667274730476095,36.4917958,36.4917958,40.90207464,270.5027943
6138,9,13,19,1.0,0.0,1.0,0.507380511,0.507380511,0.507380511,0.507380511
6139,9,13,20,0.0,0.0,0.0,0.0,0.0,0.0,0.0
6140,9,13,21,0.0,0.0,0.0,0.0,0.0,0.0,0.0
6141,9,13,22,0.0,0.0,0.0,0.0,0.0,0.0,0.0
6142,9,13,23,0.0,0.0,0.0,0.0,0.0,0.0,0.0
6143,9,13,24,0.0,0.0,0.0,0.0,0.0,0.0,0.0
6144,9,14,1,0.0,0.0,0.0,0.0,0.0,0.0,0.0
6145,9,14,2,0.0,0.0,0.0,0.0,0.0,0.0,0.0
6146,9,14,3,0.0,0.0,0.0,0.0,0.0,0.0,0.0
6147,9,14,4,0.0,0.0,0.0,0.0,0.0,0.0,0.0
6148,9,14,5,0.0,0.0,0.0,0.0,0.0,0.0,0.0
6149,9,14,6,0.0,0.0,0.0,0.0,0.0,0.0,0.0
6150,9,14,7,55.48712348,47.3151781669253,48.07407527120509,28.61547824,89.82948135,31.72841251,28.61547824
6151,9,14,8,174.6912845,147.33344233510834,123.26758342646193,76.71758726,226.7703024,111.233277,76.71758726
6152,9,14,9,289.8034277,218.88914731801256,175.8758366804922,114.6784573,297.5603539,197.5160512,114.6784573
6153,9,14,10,384.3232279,263.28977496539056,210.72979562831728,142.6722313,306.8612891,272.8020463,142.6722313
6154,9,14,11,565.163967,584.0062181055156,123.60820331795978,145.253943,358.7252949,468.4852971,145.253943
6155,9,14,12,596.1027298,555.5804542596795,149.33954528607006,149.0332929,210.1762098,478.9816051,149.0332929
6156,9,14,13,669.314549,773.0719062622476,50.69831944577261,127.0850588,127.0850588,577.62332,243.9856497
6157,9,14,14,535.3211045,575.3772106238106,106.9311805905431,134.1920414,134.1920414,445.5686098,366.8853478
6158,9,14,15,444.1570044,529.5861150807826,104.73671887191475,119.7332094,119.7332094,361.3175182,454.1421918
6159,9,14,16,324.6515228,448.58951828063437,101.97494831316591,100.7502531,100.7502531,252.0714648,468.8496482
6160,9,14,17,189.5381288,303.54064113142573,92.15983877980442,74.95998147,74.95998147,133.5156902,369.7722578
6161,9,14,18,62.29284601,112.38543791802573,48.11865587721184,31.61413072,31.61413072,34.60463134,161.2543709
6162,9,14,19,0.0,0.0,0.0,0.0,0.0,0.0,0.0
6163,9,14,20,0.0,0.0,0.0,0.0,0.0,0.0,0.0
6164,9,14,21,0.0,0.0,0.0,0.0,0.0,0.0,0.0
6165,9,14,22,0.0,0.0,0.0,0.0,0.0,0.0,0.0
6166,9,14,23,0.0,0.0,0.0,0.0,0.0,0.0,0.0
6167,9,14,24,0.0,0.0,0.0,0.0,0.0,0.0,0.0
6168,9,15,1,0.0,0.0,0.0,0.0,0.0,0.0,0.0
6169,9,15,2,0.0,0.0,0.0,0.0,0.0,0.0,0.0
6170,9,15,3,0.0,0.0,0.0,0.0,0.0,0.0,0.0
6171,9,15,4,0.0,0.0,0.0,0.0,0.0,0.0,0.0
6172,9,15,5,0.0,0.0,0.0,0.0,0.0,0.0,0.0
6173,9,15,6,0.0,0.0,0.0,0.0,0.0,0.0,0.0
6174,9,15,7,53.43793035,45.675730396893826,46.41743861616154,27.63039811,87.00562181,31.02087536,27.63039811
6175,9,15,8,171.438077,143.32218500513736,121.84174455142612,75.71640865,222.0102171,110.3644592,75.71640865
6176,9,15,9,372.0419023,461.02156831346,133.50911811485113,119.9369379,487.8276647,289.5956184,119.9369379
6177,9,15,10,381.5186739,261.1247758300089,210.20402890344099,142.1056398,304.7475911,272.871667,142.1056398
6178,9,15,11,562.4136884,581.5147964346987,124.78235651155485,145.448037,357.2828842,470.7325449,145.448037
6179,9,15,12,475.0369851,298.5105819908074,236.1307477412784,167.135153,200.5386796,351.611453,167.135153
6180,9,15,13,321.4148929,54.218178872055496,278.2538026354978,148.5581034,148.5581034,190.1554376,159.3669682
6181,9,15,14,298.1574154,51.077735685056936,260.35708971921343,138.2843998,138.2843998,174.9788641,165.5603762
6182,9,15,15,253.1835887,78.77421461617597,203.07468551303154,115.9643147,115.9643147,158.7166783,174.6646351
6183,9,15,16,270.014248,242.91120050257163,150.67287526019823,108.9685519,108.9685519,195.1724255,316.1604747
6184,9,15,17,45.62382978,0.0,45.62382978,23.46556624,23.46556624,23.84373158,25.32777658
6185,9,15,18,34.4688477,4.223841854606153,33.95930335662733,18.01203014,18.01203014,18.49273954,35.62647802
6186,9,15,19,0.0,0.0,0.0,0.0,0.0,0.0,0.0
6187,9,15,20,0.0,0.0,0.0,0.0,0.0,0.0,0.0
6188,9,15,21,0.0,0.0,0.0,0.0,0.0,0.0,0.0
6189,9,15,22,0.0,0.0,0.0,0.0,0.0,0.0,0.0
6190,9,15,23,0.0,0.0,0.0,0.0,0.0,0.0,0.0
6191,9,15,24,0.0,0.0,0.0,0.0,0.0,0.0,0.0
6192,9,16,1,0.0,0.0,0.0,0.0,0.0,0.0,0.0
6193,9,16,2,0.0,0.0,0.0,0.0,0.0,0.0,0.0
6194,9,16,3,0.0,0.0,0.0,0.0,0.0,0.0,0.0
6195,9,16,4,0.0,0.0,0.0,0.0,0.0,0.0,0.0
6196,9,16,5,0.0,0.0,0.0,0.0,0.0,0.0,0.0
6197,9,16,6,0.0,0.0,0.0,0.0,0.0,0.0,0.0
6198,9,16,7,114.574988,268.61084673758097,74.0908582037982,51.92820543,340.2444084,70.19879099,51.92820543
6199,9,16,8,359.4613494,710.5490892444626,115.71333409707066,105.0768652,768.3271455,266.6976461,105.0768652
6200,9,16,9,571.646635,935.0184174642477,90.77858407186785,125.606939,858.0828583,469.4432553,125.606939
6201,9,16,10,731.8112474,1003.2946552098794,76.8966742688224,139.3298094,731.6661056,622.4051612,139.3298094
6202,9,16,11,810.822211,1011.3698275491254,53.28935054978017,137.2979997,500.6065744,703.0368619,137.2979997
6203,9,16,12,848.3787635,1017.4768452757613,37.98996003080205,133.6350749,241.0444321,740.8414859,133.6350749
6204,9,16,13,826.4346262,1008.9077794540891,27.508896010872878,124.6728219,124.6728219,721.9281747,280.094302
6205,9,16,14,744.9061962,961.2298629135445,37.89754161357204,114.5785187,114.5785187,639.5582707,502.760706
6206,9,16,15,595.8133365,906.5203191681702,23.566185927825725,88.13399246,88.13399246,505.0444141,655.9863313
6207,9,16,16,425.9805718,836.0668731818246,19.515610430416828,66.6398649,66.6398649,350.7944806,741.5591919
6208,9,16,17,229.9255477,664.4247405725181,23.87144525222799,48.82311296,48.82311296,177.8892113,670.7544619
6209,9,16,18,66.25485505,297.4944641135381,32.004449725305015,29.58081343,29.58081343,39.30759708,338.2128006
6210,9,16,19,0.0,0.0,0.0,0.0,0.0,0.0,0.0
6211,9,16,20,0.0,0.0,0.0,0.0,0.0,0.0,0.0
6212,9,16,21,0.0,0.0,0.0,0.0,0.0,0.0,0.0
6213,9,16,22,0.0,0.0,0.0,0.0,0.0,0.0,0.0
6214,9,16,23,0.0,0.0,0.0,0.0,0.0,0.0,0.0
6215,9,16,24,0.0,0.0,0.0,0.0,0.0,0.0,0.0
6216,9,17,1,0.0,0.0,0.0,0.0,0.0,0.0,0.0
6217,9,17,2,0.0,0.0,0.0,0.0,0.0,0.0,0.0
6218,9,17,3,0.0,0.0,0.0,0.0,0.0,0.0,0.0
6219,9,17,4,0.0,0.0,0.0,0.0,0.0,0.0,0.0
6220,9,17,5,0.0,0.0,0.0,0.0,0.0,0.0,0.0
6221,9,17,6,0.0,0.0,0.0,0.0,0.0,0.0,0.0
6222,9,17,7,109.3312606,252.59940619460508,72.01861653688377,50.46958831,322.8089465,69.43897076,50.46958831
6223,9,17,8,355.7109893,707.9699543824762,114.99357001102051,104.3047913,764.9582288,269.8281694,104.3047913
6224,9,17,9,566.9185985,930.3694124445069,91.36883739698031,120.8371167,849.0458792,468.7066965,120.8371167
6225,9,17,10,727.7382437,1002.9637560071994,76.39001622339204,138.6976622,729.7006273,627.5451942,138.6976622
6226,9,17,11,829.8742607,1033.3858853815207,59.570807928084825,142.7500572,512.675733,726.8794983,142.7500572
6227,9,17,12,867.9706675,1040.3598373419152,43.420107959183134,139.0773771,247.3556706,765.7991059,139.0773771
6228,9,17,13,846.6354565,1033.0224145295726,32.99307847212544,130.6527879,130.6527879,747.7722716,291.4794855
6229,9,17,14,761.1045184,982.8217591697276,42.711305103085174,119.5165465,119.5165465,661.3407925,518.0768162
6230,9,17,15,619.6155234,941.8503777398095,29.673701974837368,95.60487002,95.60487002,533.410243,687.2011312
6231,9,17,16,432.4484489,869.4954802346338,14.224863614017965,62.56591182,62.56591182,361.8023334,765.0401394
6232,9,17,17,230.3094775,689.3671961103267,20.23074832695252,45.95857102,45.95857102,182.7412239,691.2364308
6233,9,17,18,64.2086059,232.90387491571897,38.680775713370934,31.64432458,31.64432458,40.51583487,279.8420556
6234,9,17,19,0.0,0.0,0.0,0.0,0.0,0.0,0.0
6235,9,17,20,0.0,0.0,0.0,0.0,0.0,0.0,0.0
6236,9,17,21,0.0,0.0,0.0,0.0,0.0,0.0,0.0
6237,9,17,22,0.0,0.0,0.0,0.0,0.0,0.0,0.0
6238,9,17,23,0.0,0.0,0.0,0.0,0.0,0.0,0.0
6239,9,17,24,0.0,0.0,0.0,0.0,0.0,0.0,0.0
6240,9,18,1,0.0,0.0,0.0,0.0,0.0,0.0,0.0
6241,9,18,2,0.0,0.0,0.0,0.0,0.0,0.0,0.0
6242,9,18,3,0.0,0.0,0.0,0.0,0.0,0.0,0.0
6243,9,18,4,0.0,0.0,0.0,0.0,0.0,0.0,0.0
6244,9,18,5,0.0,0.0,0.0,0.0,0.0,0.0,0.0
6245,9,18,6,0.0,0.0,0.0,0.0,0.0,0.0,0.0
6246,9,18,7,100.4733855,230.3491520527387,67.14264976374116,47.74694168,297.0165552,66.67923709,47.74694168
6247,9,18,8,332.1828175,650.4002052083226,113.0275307042566,101.1242919,708.8512277,257.5724253,101.1242919
6248,9,18,9,524.1195608,845.1836766625537,94.79931082527952,122.342661,784.0725762,443.9639727,122.342661
6249,9,18,10,690.3812993,965.8527204115197,66.39894076648855,129.9357542,697.6553945,606.1546397,129.9357542
6250,9,18,11,787.4819995,997.5996566660157,47.48979284899823,131.5865338,487.0909439,700.794918,131.5865338
6251,9,18,12,823.2254909,1001.6837634175866,33.28799204795443,127.8773117,230.5498297,736.4538435,127.8773117
6252,9,18,13,801.7432639,968.083401471084,43.39806861512696,123.7491241,123.7491241,707.5928112,276.1262153
6253,9,18,14,720.2902193,946.0965029454507,33.111854848508365,108.6742608,108.6742608,634.6691671,493.6085424
6254,9,18,15,586.2532504,906.0054849638803,23.231181418541365,86.84187459,86.84187459,512.0752202,656.9547088
6255,9,18,16,385.391498,734.975952600868,35.69289627848761,75.09905111,75.09905111,332.1829992,671.6873989
6256,9,18,17,179.0288675,294.26414120903706,90.94531685190509,72.30847555,72.30847555,134.6458605,360.3415099
6257,9,18,18,52.7204441,105.61914925668745,41.72871593941316,27.21241529,27.21241529,32.17367522,151.3216754
6258,9,18,19,0.0,0.0,0.0,0.0,0.0,0.0,0.0
6259,9,18,20,0.0,0.0,0.0,0.0,0.0,0.0,0.0
6260,9,18,21,0.0,0.0,0.0,0.0,0.0,0.0,0.0
6261,9,18,22,0.0,0.0,0.0,0.0,0.0,0.0,0.0
6262,9,18,23,0.0,0.0,0.0,0.0,0.0,0.0,0.0
6263,9,18,24,0.0,0.0,0.0,0.0,0.0,0.0,0.0
6264,9,19,1,0.0,0.0,0.0,0.0,0.0,0.0,0.0
6265,9,19,2,0.0,0.0,0.0,0.0,0.0,0.0,0.0
6266,9,19,3,0.0,0.0,0.0,0.0,0.0,0.0,0.0
6267,9,19,4,0.0,0.0,0.0,0.0,0.0,0.0,0.0
6268,9,19,5,0.0,0.0,0.0,0.0,0.0,0.0,0.0
6269,9,19,6,0.0,0.0,0.0,0.0,0.0,0.0,0.0
6270,9,19,7,30.55985176,0.0,30.55985176,16.28922124,23.76056294,16.90381919,16.28922124
6271,9,19,8,107.3212511,27.558418772555477,98.12024994622081,53.36267162,91.34651148,63.40323339,53.36267162
6272,9,19,9,183.5538699,54.78076770138503,155.9034242974694,86.9969048,140.8750695,113.6337018,86.9969048
6273,9,19,10,247.3710348,74.33064737945028,199.60449583347457,113.6834269,165.7749973,157.9911489,113.6834269
6274,9,19,11,292.8617345,50.01509332545491,255.94639215754117,135.7997497,159.3945653,174.1042245,135.7997497
6275,9,19,12,314.8912484,53.734116675113995,272.73091114631757,145.4443639,152.5417756,188.5339371,145.4443639
6276,9,19,13,314.7263795,54.224766198132734,272.48444948243844,145.3167114,145.3167114,188.4068785,156.5790034
6277,9,19,14,120.1550696,0.0,120.1550696,62.06268885,62.06268885,65.1606851,64.31838266
6278,9,19,15,101.2259958,0.0,101.2259958,52.68134618,52.68134618,54.09584518,54.56309222
6279,9,19,16,74.93409249,0.0,74.93409249,38.90757853,38.90757853,39.61418996,40.52874216
6280,9,19,17,43.58089583,0.0,43.58089583,22.40769545,22.40769545,22.82045202,24.27643622
6281,9,19,18,12.0952378,0.0,12.0952378,6.535003205,6.535003205,6.578969309,7.529486358
6282,9,19,19,0.0,0.0,0.0,0.0,0.0,0.0,0.0
6283,9,19,20,0.0,0.0,0.0,0.0,0.0,0.0,0.0
6284,9,19,21,0.0,0.0,0.0,0.0,0.0,0.0,0.0
6285,9,19,22,0.0,0.0,0.0,0.0,0.0,0.0,0.0
6286,9,19,23,0.0,0.0,0.0,0.0,0.0,0.0,0.0
6287,9,19,24,0.0,0.0,0.0,0.0,0.0,0.0,0.0
6288,9,20,1,0.0,0.0,0.0,0.0,0.0,0.0,0.0
6289,9,20,2,0.0,0.0,0.0,0.0,0.0,0.0,0.0
6290,9,20,3,0.0,0.0,0.0,0.0,0.0,0.0,0.0
6291,9,20,4,0.0,0.0,0.0,0.0,0.0,0.0,0.0
6292,9,20,5,0.0,0.0,0.0,0.0,0.0,0.0,0.0
6293,9,20,6,0.0,0.0,0.0,0.0,0.0,0.0,0.0
6294,9,20,7,96.46085352,241.6134536425438,62.97072953539013,45.44854615,305.331386,68.46906002,45.44854615
6295,9,20,8,341.1356842,698.3146858172945,110.15782239991808,100.7811924,751.3808994,277.2634884,100.7811924
6296,9,20,9,552.0850355,925.575715476097,87.9088961101088,118.2070145,840.1504926,481.1843628,118.2070145
6297,9,20,10,712.9565484,1002.0911894850117,72.45807667765179,135.3335723,722.1365955,641.3826099,135.3335723
6298,9,20,11,815.2021102,1032.2207140967844,57.18934746561178,140.0673856,505.1848217,741.026036,140.0673856
6299,9,20,12,854.4014031,1039.6666915176395,42.873649901824045,137.3490372,240.7734436,780.6063088,137.3490372
6300,9,20,13,832.1498086,1032.0887133361757,32.653165696643626,128.740595,128.740595,761.4062717,294.3308949
6301,9,20,14,746.8222146,982.8101930993457,42.18177417076696,117.8050384,117.8050384,674.2278807,520.9125883
6302,9,20,15,605.7965045,942.4786348556999,29.507365435489067,94.03865198,94.03865198,545.4505468,689.9616146
6303,9,20,16,407.3604197,832.6022463835416,19.943015362358388,64.99802912,64.99802912,362.9974306,741.0312271
6304,9,20,17,210.5917423,632.473430840553,28.147816736959783,49.63251141,49.63251141,183.7359153,644.7887329
6305,9,20,18,55.27649451,140.73517549352462,42.193399482743686,30.39966894,30.39966894,38.23158849,192.0509261
6306,9,20,19,0.0,0.0,0.0,0.0,0.0,0.0,0.0
6307,9,20,20,0.0,0.0,0.0,0.0,0.0,0.0,0.0
6308,9,20,21,0.0,0.0,0.0,0.0,0.0,0.0,0.0
6309,9,20,22,0.0,0.0,0.0,0.0,0.0,0.0,0.0
6310,9,20,23,0.0,0.0,0.0,0.0,0.0,0.0,0.0
6311,9,20,24,0.0,0.0,0.0,0.0,0.0,0.0,0.0
6312,9,21,1,0.0,0.0,0.0,0.0,0.0,0.0,0.0
6313,9,21,2,0.0,0.0,0.0,0.0,0.0,0.0,0.0
6314,9,21,3,0.0,0.0,0.0,0.0,0.0,0.0,0.0
6315,9,21,4,0.0,0.0,0.0,0.0,0.0,0.0,0.0
6316,9,21,5,0.0,0.0,0.0,0.0,0.0,0.0,0.0
6317,9,21,6,0.0,0.0,0.0,0.0,0.0,0.0,0.0
6318,9,21,7,83.05291372,192.75872415262174,56.92611957149642,41.77048694,251.8016678,61.70410778,41.77048694
6319,9,21,8,324.9917934,661.7406443341724,108.18535140854483,98.32537003,715.1099212,269.9142123,98.32537003
6320,9,21,9,510.1088151,841.3628815339142,90.92624642928047,119.1522397,775.4773136,454.6616399,119.1522397
6321,9,21,10,543.4421031,716.0646051507136,88.26741980350872,127.6207095,547.6615285,494.8419008,127.6207095
6322,9,21,11,761.5340384,982.0812883434157,44.0496658012153,126.8528154,472.589669,703.7610555,126.8528154
6323,9,21,12,798.0042099,965.4444955756226,48.35995347397463,126.1357543,220.7393184,729.0162563,126.1357543
6324,9,21,13,788.8007545,969.9496942230124,41.725828384285286,121.5755679,121.5755679,721.5826058,278.8328791
6325,9,21,14,682.6240685,909.1315750068766,35.12003194598694,106.1968802,106.1968802,625.2295303,480.3485714
6326,9,21,15,552.2063734,859.8724490477036,30.758765123719538,89.27087007,89.27087007,505.2882217,634.2996741
6327,9,21,16,333.3460793,583.8264179842013,64.77038212643312,88.32770338,88.32770338,301.821242,567.2901341
6328,9,21,17,143.8926773,139.53556737302443,104.40430209393818,64.42016742,64.42016742,98.19810728,211.4234795
6329,9,21,18,25.21930287,0.24776276921780224,25.1976488312746,13.31058234,13.31058234,14.04977831,27.3386859
6330,9,21,19,0.0,0.0,0.0,0.0,0.0,0.0,0.0
6331,9,21,20,0.0,0.0,0.0,0.0,0.0,0.0,0.0
6332,9,21,21,0.0,0.0,0.0,0.0,0.0,0.0,0.0
6333,9,21,22,0.0,0.0,0.0,0.0,0.0,0.0,0.0
6334,9,21,23,0.0,0.0,0.0,0.0,0.0,0.0,0.0
6335,9,21,24,0.0,0.0,0.0,0.0,0.0,0.0,0.0
6336,9,22,1,0.0,0.0,0.0,0.0,0.0,0.0,0.0
6337,9,22,2,0.0,0.0,0.0,0.0,0.0,0.0,0.0
6338,9,22,3,0.0,0.0,0.0,0.0,0.0,0.0,0.0
6339,9,22,4,0.0,0.0,0.0,0.0,0.0,0.0,0.0
6340,9,22,5,0.0,0.0,0.0,0.0,0.0,0.0,0.0
6341,9,22,6,0.0,0.0,0.0,0.0,0.0,0.0,0.0
6342,9,22,7,86.36444828,217.77892967533407,57.518576033224996,42.06381959,277.4035976,65.8899297,42.06381959
6343,9,22,8,331.6790013,691.1428754619025,107.42403752281062,98.58331521,741.7439098,281.9802403,98.58331521
6344,9,22,9,541.9424373,921.5229099249135,85.87795961484117,116.4689184,833.4484817,489.0359036,116.4689184
6345,9,22,10,703.1340258,1001.7785181251979,69.88839347042187,133.0635281,717.1018608,650.6226219,133.0635281
6346,9,22,11,805.066495,1030.8771380682958,55.87007844120785,138.3419232,499.9909566,750.0790658,138.3419232
6347,9,22,12,844.3935582,1039.0089365831636,41.92281006702283,135.7107105,235.8576859,789.7294428,135.7107105
6348,9,22,13,821.7662056,1004.9105969860157,52.24666366148335,131.3653239,131.3653239,758.521739,295.9546536
6349,9,22,14,737.6647748,983.3478435434431,42.002568566602896,116.8152878,116.8152878,683.1901731,523.0829515
6350,9,22,15,595.6752297,942.0464145420318,29.16955839945902,92.72996925,92.72996925,552.7235349,690.8399503
6351,9,22,16,408.5697202,864.7992920054916,15.327063164236966,61.02953111,61.02953111,378.0874702,764.5467621
6352,9,22,17,209.0598923,673.2227837441546,22.225208642009143,45.04041165,45.04041165,193.3866536,678.373741
6353,9,22,18,50.09823821,142.72134745332045,38.419273955979,27.62607599,27.62607599,36.99112508,192.0869595
6354,9,22,19,0.0,0.0,0.0,0.0,0.0,0.0,0.0
6355,9,22,20,0.0,0.0,0.0,0.0,0.0,0.0,0.0
6356,9,22,21,0.0,0.0,0.0,0.0,0.0,0.0,0.0
6357,9,22,22,0.0,0.0,0.0,0.0,0.0,0.0,0.0
6358,9,22,23,0.0,0.0,0.0,0.0,0.0,0.0,0.0
6359,9,22,24,0.0,0.0,0.0,0.0,0.0,0.0,0.0
6360,9,23,1,0.0,0.0,0.0,0.0,0.0,0.0,0.0
6361,9,23,2,0.0,0.0,0.0,0.0,0.0,0.0,0.0
6362,9,23,3,0.0,0.0,0.0,0.0,0.0,0.0,0.0
6363,9,23,4,0.0,0.0,0.0,0.0,0.0,0.0,0.0
6364,9,23,5,0.0,0.0,0.0,0.0,0.0,0.0,0.0
6365,9,23,6,0.0,0.0,0.0,0.0,0.0,0.0,0.0
6366,9,23,7,82.03245123,215.7289120418386,54.12787599689912,40.19937263,272.7132267,65.2128637,40.19937263
6367,9,23,8,325.9836616,686.5903875151159,105.39444072756407,97.16382802,735.6001727,283.6575339,97.16382802
6368,9,23,9,537.5924932,920.2485069934686,85.24124911285914,115.7853314,830.8516726,493.4084733,115.7853314
6369,9,23,10,698.8546995,1001.4102099938654,69.42650665090282,132.3902438,714.9274145,655.5925578,132.3902438
6370,9,23,11,801.1625969,1031.4181362442405,55.55584273098537,137.7792135,498.1101865,755.5971145,137.7792135
6371,9,23,12,839.4419577,1038.4352760162917,41.7508555981776,135.0740239,233.5624868,794.2879559,135.0740239
6372,9,23,13,818.2752834,1005.942038553556,52.494270116431835,131.226219,131.226219,764.1903748,297.5481008
6373,9,23,14,732.1777946,982.8388323207274,41.608793748110486,116.0242115,116.0242115,686.8839197,523.5067162
6374,9,23,15,590.0726152,941.5240612168254,28.679919251819307,91.76757783,91.76757783,555.8610334,690.7094995
6375,9,23,16,403.2100434,862.930926520739,15.412730639988384,60.5405826,60.5405826,380.7629722,763.3866901
6376,9,23,17,205.5078988,670.633983679881,23.071179740372585,45.25150115,45.25150115,195.9885673,676.7750483
6377,9,23,18,47.70632474,125.44416895880333,38.13969512827969,26.73159749,26.73159749,35.83583397,175.4935502
6378,9,23,19,0.0,0.0,0.0,0.0,0.0,0.0,0.0
6379,9,23,20,0.0,0.0,0.0,0.0,0.0,0.0,0.0
6380,9,23,21,0.0,0.0,0.0,0.0,0.0,0.0,0.0
6381,9,23,22,0.0,0.0,0.0,0.0,0.0,0.0,0.0
6382,9,23,23,0.0,0.0,0.0,0.0,0.0,0.0,0.0
6383,9,23,24,0.0,0.0,0.0,0.0,0.0,0.0,0.0
6384,9,24,1,0.0,0.0,0.0,0.0,0.0,0.0,0.0
6385,9,24,2,0.0,0.0,0.0,0.0,0.0,0.0,0.0
6386,9,24,3,0.0,0.0,0.0,0.0,0.0,0.0,0.0
6387,9,24,4,0.0,0.0,0.0,0.0,0.0,0.0,0.0
6388,9,24,5,0.0,0.0,0.0,0.0,0.0,0.0,0.0
6389,9,24,6,0.0,0.0,0.0,0.0,0.0,0.0,0.0
6390,9,24,7,77.23943825,209.60261194788563,50.781897213915265,38.27733396,263.9209499,63.98205568,38.27733396
6391,9,24,8,321.9379699,682.9325303413381,104.71939763767689,96.34301349,731.0305581,286.1643333,96.34301349
6392,9,24,9,532.7094832,919.4578292273181,83.85824009947902,114.794363,828.2376566,497.6097802,114.794363
6393,9,24,10,694.1649422,1001.7306437335936,68.1604305335072,131.2641346,712.6434069,660.4116415,131.2641346
6394,9,24,11,795.4977688,1030.5117265900108,54.56870397595467,136.6529241,495.1383511,759.6328598,136.6529241
6395,9,24,12,835.2133299,1038.8665901796567,41.57271840892857,134.5056035,231.4338363,799.5231744,134.5056035
6396,9,24,13,812.9854842,1005.4340496872113,52.15660930541597,130.5726925,130.5726925,768.3326912,298.3530398
6397,9,24,14,726.6588731,982.3324349001678,41.209772358262654,115.2238785,115.2238785,690.5415657,523.8937384
6398,9,24,15,584.4447763,941.0021021463419,28.184720296392925,90.79682337,90.79682337,558.9677237,690.5335996
6399,9,24,16,398.2956746,862.0713498564164,15.491328253715727,60.0956463,60.0956463,383.8344476,763.0491669
6400,9,24,17,200.7300198,666.1223993150691,23.180797567821717,44.76374105,44.76374105,197.403095,672.52541
6401,9,24,18,44.97939424,107.62857735161367,37.37052818092317,25.54953197,25.54953197,34.21766585,157.9626504
6402,9,24,19,0.0,0.0,0.0,0.0,0.0,0.0,0.0
6403,9,24,20,0.0,0.0,0.0,0.0,0.0,0.0,0.0
6404,9,24,21,0.0,0.0,0.0,0.0,0.0,0.0,0.0
6405,9,24,22,0.0,0.0,0.0,0.0,0.0,0.0,0.0
6406,9,24,23,0.0,0.0,0.0,0.0,0.0,0.0,0.0
6407,9,24,24,0.0,0.0,0.0,0.0,0.0,0.0,0.0
6408,9,25,1,0.0,0.0,0.0,0.0,0.0,0.0,0.0
6409,9,25,2,0.0,0.0,0.0,0.0,0.0,0.0,0.0
6410,9,25,3,0.0,0.0,0.0,0.0,0.0,0.0,0.0
6411,9,25,4,0.0,0.0,0.0,0.0,0.0,0.0,0.0
6412,9,25,5,0.0,0.0,0.0,0.0,0.0,0.0,0.0
6413,9,25,6,0.0,0.0,0.0,0.0,0.0,0.0,0.0
6414,9,25,7,64.82245767,160.83346495878052,45.02620415117752,34.62443679,210.4127565,55.76399469,34.62443679
6415,9,25,8,300.0768709,622.1850521587195,104.19723876051144,93.73828098,672.8642436,270.9808716,93.73828098
6416,9,25,9,500.997672,857.1985182619003,85.46951782909434,115.652216,780.4681987,478.0223098,115.652216
6417,9,25,10,656.5437936,940.7108634232194,72.11285945914682,124.405192,669.5055977,627.1034709,124.405192
6418,9,25,11,754.8402431,973.6106111815365,58.66303818667986,127.7743898,465.2003118,722.0451762,127.7743898
6419,9,25,12,778.97119,965.4127540179192,45.55686873114687,122.8691897,211.5021725,746.2676928,122.8691897
6420,9,25,13,770.186388,971.2899246525669,39.64193701798332,118.5442469,118.5442469,739.13623,281.9881331
6421,9,25,14,643.8926763,869.2607797151389,41.58607812693603,106.6927045,106.6927045,620.1948179,469.6908439
6422,9,25,15,518.0744052,819.3085261215085,37.9698372612452,91.03860909,91.03860909,502.9912265,614.8873698
6423,9,25,16,356.0539663,726.3490768370389,37.41000909068591,73.04498364,73.04498364,350.0471935,668.1411402
6424,9,25,17,190.3161,612.9031711375728,30.323111094428896,48.48088107,48.48088107,191.9824072,628.0193713
6425,9,25,18,43.13520261,83.18887526406863,37.7167837982651,24.90319842,24.90319842,32.60936593,135.4131552
6426,9,25,19,0.0,0.0,0.0,0.0,0.0,0.0,0.0
6427,9,25,20,0.0,0.0,0.0,0.0,0.0,0.0,0.0
6428,9,25,21,0.0,0.0,0.0,0.0,0.0,0.0,0.0
6429,9,25,22,0.0,0.0,0.0,0.0,0.0,0.0,0.0
6430,9,25,23,0.0,0.0,0.0,0.0,0.0,0.0,0.0
6431,9,25,24,0.0,0.0,0.0,0.0,0.0,0.0,0.0
6432,9,26,1,0.0,0.0,0.0,0.0,0.0,0.0,0.0
6433,9,26,2,0.0,0.0,0.0,0.0,0.0,0.0,0.0
6434,9,26,3,0.0,0.0,0.0,0.0,0.0,0.0,0.0
6435,9,26,4,0.0,0.0,0.0,0.0,0.0,0.0,0.0
6436,9,26,5,0.0,0.0,0.0,0.0,0.0,0.0,0.0
6437,9,26,6,0.0,0.0,0.0,0.0,0.0,0.0,0.0
6438,9,26,7,50.94722341,137.33702513789078,34.477125885189025,26.46309978,175.3355665,45.30910715,26.46309978
6439,9,26,8,271.2490425,533.2101149300579,105.12431918860297,90.87362354,589.111322,246.8360468,90.87362354
6440,9,26,9,259.8601506,240.06469577017145,144.31723190249093,104.584405,299.7378895,212.6161998,104.584405
6441,9,26,10,353.158693,259.2690848579769,193.0421913546132,130.8228846,288.4598362,278.1028967,130.8228846
6442,9,26,11,417.930283,288.3735477221168,212.87886209121015,148.4576086,252.5158072,334.1707976,148.4576086
6443,9,26,12,447.1591626,300.329574065572,220.2927223101305,155.97231,184.2662877,360.0003462,155.97231
6444,9,26,13,302.3255952,93.80208913512635,232.2063025589011,134.9938421,134.9938421,204.8290926,153.4048411
6445,9,26,14,278.850532,88.31990019609052,218.08794760817824,125.7065852,125.7065852,187.1708628,168.9472357
6446,9,26,15,233.0090672,76.58871612186199,188.52505182055546,107.0740122,107.0740122,153.6709832,165.896384
6447,9,26,16,167.5961228,57.909101976611005,142.50292891515983,79.37224857,79.37224857,107.6499915,139.4851127
6448,9,26,17,92.26938258,32.4141814117725,83.98632026817893,45.69665809,45.69665809,57.08900997,90.88946668
6449,9,26,18,8.0,0.0,8.0,4.102181373,4.102181373,4.102181373,4.102181373
6450,9,26,19,0.0,0.0,0.0,0.0,0.0,0.0,0.0
6451,9,26,20,0.0,0.0,0.0,0.0,0.0,0.0,0.0
6452,9,26,21,0.0,0.0,0.0,0.0,0.0,0.0,0.0
6453,9,26,22,0.0,0.0,0.0,0.0,0.0,0.0,0.0
6454,9,26,23,0.0,0.0,0.0,0.0,0.0,0.0,0.0
6455,9,26,24,0.0,0.0,0.0,0.0,0.0,0.0,0.0
6456,9,27,1,0.0,0.0,0.0,0.0,0.0,0.0,0.0
6457,9,27,2,0.0,0.0,0.0,0.0,0.0,0.0,0.0
6458,9,27,3,0.0,0.0,0.0,0.0,0.0,0.0,0.0
6459,9,27,4,0.0,0.0,0.0,0.0,0.0,0.0,0.0
6460,9,27,5,0.0,0.0,0.0,0.0,0.0,0.0,0.0
6461,9,27,6,0.0,0.0,0.0,0.0,0.0,0.0,0.0
6462,9,27,7,60.82588795,169.5046132446604,41.03713064715756,32.23459532,215.7413997,56.62683602,32.23459532
6463,9,27,8,306.9114529,714.3111529338279,86.71883338395011,83.37299309,742.8168966,294.3981178,83.37299309
6464,9,27,9,518.0037936,914.0916930916027,81.23916305200274,112.2764799,818.5268708,509.2504243,112.2764799
6465,9,27,10,678.6338243,981.3271423379405,76.26167063819169,128.5974909,694.6799637,664.3451953,128.5974909
6466,9,27,11,780.9926402,1029.6415937436684,52.997876631035794,134.2609181,487.8596828,773.6897211,134.2609181
6467,9,27,12,820.7623171,1038.143472171473,41.0596730422215,132.5990149,224.7010832,813.5568026,132.5990149
6468,9,27,13,797.6523446,1004.9279762381407,51.116936854378956,128.6273248,128.6273248,781.231986,300.8343397
6469,9,27,14,711.6083861,982.4020836962831,40.5861565643679,113.3530289,113.3530289,702.8426281,526.0781631
6470,9,27,15,569.003252,941.0757848099814,27.295525368869868,88.50892557,88.50892557,569.6342784,691.4731326
6471,9,27,16,383.2666535,857.2988479536758,16.396151323373545,59.34392423,59.34392423,392.7060178,760.6416138
6472,9,27,17,188.1981445,655.6915959928298,24.25218932681879,44.00774908,44.00774908,202.8996538,663.3274579
6473,9,27,18,37.14739486,79.9539522764167,32.82699244840224,21.71312425,21.71312425,30.22032006,130.3666482
6474,9,27,19,0.0,0.0,0.0,0.0,0.0,0.0,0.0
6475,9,27,20,0.0,0.0,0.0,0.0,0.0,0.0,0.0
6476,9,27,21,0.0,0.0,0.0,0.0,0.0,0.0,0.0
6477,9,27,22,0.0,0.0,0.0,0.0,0.0,0.0,0.0
6478,9,27,23,0.0,0.0,0.0,0.0,0.0,0.0,0.0
6479,9,27,24,0.0,0.0,0.0,0.0,0.0,0.0,0.0
6480,9,28,1,0.0,0.0,0.0,0.0,0.0,0.0,0.0
6481,9,28,2,0.0,0.0,0.0,0.0,0.0,0.0,0.0
6482,9,28,3,0.0,0.0,0.0,0.0,0.0,0.0,0.0
6483,9,28,4,0.0,0.0,0.0,0.0,0.0,0.0,0.0
6484,9,28,5,0.0,0.0,0.0,0.0,0.0,0.0,0.0
6485,9,28,6,0.0,0.0,0.0,0.0,0.0,0.0,0.0
6486,9,28,7,56.12681556,160.79900204140344,37.8688742711223,30.2715413,204.274129,54.50091274,30.2715413
6487,9,28,8,301.5925038,709.658369197865,85.19367195981006,82.34688902,736.8903444,296.3687862,82.34688902
6488,9,28,9,512.0880881,911.2771240023501,79.87629790840721,111.1465905,814.1372983,512.2761932,111.1465905
6489,9,28,10,673.1854165,980.4659685797649,75.04060051216466,127.5662161,691.7821413,668.3945705,127.5662161
6490,9,28,11,775.882855,1029.7095842517915,52.02444622456129,133.1642498,485.2439006,778.2081458,133.1642498
6491,9,28,12,814.6228295,1037.0309932476578,40.29180730438181,131.4375083,221.8742588,817.0383209,131.4375083
6492,9,28,13,792.2274288,1004.4273456125624,50.76692843979016,127.9345315,127.9345315,785.2067342,301.5140255
6493,9,28,14,685.880785,962.8949768850456,32.96539815635224,105.2956267,105.2956267,687.3639658,510.8791105
6494,9,28,15,529.4139254,881.7125739746502,26.46969601503539,83.6024785,83.6024785,538.4279592,649.5123527
6495,9,28,16,358.074877,780.1040044558055,28.444170845245477,66.69183885,66.69183885,374.07181,706.6743939
6496,9,28,17,176.8110804,584.321831832906,33.92408750547933,48.83444479,48.83444479,193.5725652,603.3004334
6497,9,28,18,31.472755,79.09309049764242,27.636301929709816,18.22081296,18.22081296,26.97423545,124.205554
6498,9,28,19,0.0,0.0,0.0,0.0,0.0,0.0,0.0
6499,9,28,20,0.0,0.0,0.0,0.0,0.0,0.0,0.0
6500,9,28,21,0.0,0.0,0.0,0.0,0.0,0.0,0.0
6501,9,28,22,0.0,0.0,0.0,0.0,0.0,0.0,0.0
6502,9,28,23,0.0,0.0,0.0,0.0,0.0,0.0,0.0
6503,9,28,24,0.0,0.0,0.0,0.0,0.0,0.0,0.0
6504,9,29,1,0.0,0.0,0.0,0.0,0.0,0.0,0.0
6505,9,29,2,0.0,0.0,0.0,0.0,0.0,0.0,0.0
6506,9,29,3,0.0,0.0,0.0,0.0,0.0,0.0,0.0
6507,9,29,4,0.0,0.0,0.0,0.0,0.0,0.0,0.0
6508,9,29,5,0.0,0.0,0.0,0.0,0.0,0.0,0.0
6509,9,29,6,0.0,0.0,0.0,0.0,0.0,0.0,0.0
6510,9,29,7,44.94017223,131.1342175008377,30.472679252310297,23.62393485,165.6520594,44.29791915,23.62393485
6511,9,29,8,275.2497948,584.5581093393226,98.95809323171846,88.66917182,631.5711377,269.9703493,88.66917182
6512,9,29,9,491.903308,871.501147523556,81.65438400178884,109.6422811,781.3831558,498.6629659,109.6422811
6513,9,29,10,626.2920064,915.2940357591277,71.39309612008472,121.1560423,646.6888037,631.2907017,121.1560423
6514,9,29,11,709.0232188,928.4016947051429,60.189644560849324,124.1633674,440.5449105,711.3492598,124.1633674
6515,9,29,12,744.3713906,938.5572597596075,47.707997060603546,120.8574721,201.367524,746.6972882,120.8574721
6516,9,29,13,666.3673281,854.283015296741,39.76900286913124,115.299581,115.299581,678.4051176,264.1145712
6517,9,29,14,644.8005576,909.1169425550083,32.88842809374408,100.8657152,100.8657152,654.7926021,485.0013504
6518,9,29,15,499.8708964,817.2970164250019,37.94004692433313,89.15821387,89.15821387,515.048454,615.2828765
6519,9,29,16,324.5833461,660.4734295090566,49.06605483610625,76.8702513,76.8702513,341.1643146,621.5326674
6520,9,29,17,167.0518967,528.6954044112792,40.67270468566424,51.11674479,51.11674479,184.9031372,554.9645891
6521,9,29,18,31.1402733,69.63699224310581,28.146520113265883,17.95382148,17.95382148,26.69761853,118.5782062
6522,9,29,19,0.0,0.0,0.0,0.0,0.0,0.0,0.0
6523,9,29,20,0.0,0.0,0.0,0.0,0.0,0.0,0.0
6524,9,29,21,0.0,0.0,0.0,0.0,0.0,0.0,0.0
6525,9,29,22,0.0,0.0,0.0,0.0,0.0,0.0,0.0
6526,9,29,23,0.0,0.0,0.0,0.0,0.0,0.0,0.0
6527,9,29,24,0.0,0.0,0.0,0.0,0.0,0.0,0.0
6528,9,30,1,0.0,0.0,0.0,0.0,0.0,0.0,0.0
6529,9,30,2,0.0,0.0,0.0,0.0,0.0,0.0,0.0
6530,9,30,3,0.0,0.0,0.0,0.0,0.0,0.0,0.0
6531,9,30,4,0.0,0.0,0.0,0.0,0.0,0.0,0.0
6532,9,30,5,0.0,0.0,0.0,0.0,0.0,0.0,0.0
6533,9,30,6,0.0,0.0,0.0,0.0,0.0,0.0,0.0
6534,9,30,7,46.33050539,147.09112803078227,30.579009485577618,23.71865871,181.7939748,47.72506877,23.71865871
6535,9,30,8,292.6948774,700.282642142485,83.87013708889002,80.69290735,725.5708434,300.5383827,80.69290735
6536,9,30,9,501.6880089,907.1663975629679,77.90471623988938,109.2718069,806.9148114,519.2342313,109.2718069
6537,9,30,10,662.794752,979.7266767375131,72.60189363374775,125.5173673,686.5360784,676.9208242,125.5173673
6538,9,30,11,731.3977746,975.343828458714,53.79454929649674,123.0953113,453.8195952,744.8130773,123.0953113
6539,9,30,12,767.7609241,980.119863638596,44.60338257561247,121.5288046,204.1269955,779.9009342,121.5288046
6540,9,30,13,733.1616946,961.5098051594476,32.475573686128016,109.9364753,109.9364753,747.91284,278.6358134
6541,9,30,14,639.4520353,908.5987822166658,32.44404833363522,100.0025889,100.0025889,657.8590008,485.0223591
6542,9,30,15,519.000259,880.3096553849715,26.065438864570734,82.20734384,82.20734384,544.2482846,648.939435
6543,9,30,16,353.4222212,795.6921866770075,25.79393860173041,64.11818354,64.11818354,384.4904176,717.672399
6544,9,30,17,170.2908333,593.0426436061628,31.784096385101797,46.61600501,46.61600501,198.5977168,609.4575592
6545,9,30,18,28.65794157,55.76113912063091,26.56718823863205,16.7628212,16.7628212,24.91459559,106.1373051
6546,9,30,19,0.0,0.0,0.0,0.0,0.0,0.0,0.0
6547,9,30,20,0.0,0.0,0.0,0.0,0.0,0.0,0.0
6548,9,30,21,0.0,0.0,0.0,0.0,0.0,0.0,0.0
6549,9,30,22,0.0,0.0,0.0,0.0,0.0,0.0,0.0
6550,9,30,23,0.0,0.0,0.0,0.0,0.0,0.0,0.0
6551,9,30,24,0.0,0.0,0.0,0.0,0.0,0.0,0.0
6552,10,1,1,0.0,0.0,0.0,0.0,0.0,0.0,0.0
6553,10,1,2,0.0,0.0,0.0,0.0,0.0,0.0,0.0
6554,10,1,3,0.0,0.0,0.0,0.0,0.0,0.0,0.0
6555,10,1,4,0.0,0.0,0.0,0.0,0.0,0.0,0.0
6556,10,1,5,0.0,0.0,0.0,0.0,0.0,0.0,0.0
6557,10,1,6,0.0,0.0,0.0,0.0,0.0,0.0,0.0
6558,10,1,7,40.37542099,121.96430737460486,27.71218602317056,21.3692397,158.2968294,43.02542429,21.3692397
6559,10,1,8,268.7097633,583.4603066373048,96.71012005305387,86.25091893,632.1548402,276.1501901,86.25091893
6560,10,1,9,415.1153554,693.4386530655004,93.68602126005702,108.9974536,646.8116382,429.6149185,108.9974536
6561,10,1,10,554.3170799,802.4770980290718,74.01606618905673,118.8182324,579.1102988,576.8205485,118.8182324
6562,10,1,11,702.123276,936.8403761642447,55.181069458957374,120.3170993,437.1579847,723.536183,120.3170993
6563,10,1,12,435.1609963,298.6277597968121,216.16313127022173,150.5696933,176.8149898,365.0713745,150.5696933
6564,10,1,13,294.0545743,87.68923731796416,230.5707225844675,131.302379,131.302379,203.6430826,150.4400325
6565,10,1,14,111.978284,0.0,111.978284,57.9071021,57.9071021,60.88647743,59.95361807
6566,10,1,15,92.65324538,0.0,92.65324538,48.04313395,48.04313395,49.77690678,50.15473777
6567,10,1,16,65.80560082,0.0,65.80560082,34.07833461,34.07833461,34.89063976,35.71881248
6568,10,1,17,35.449378,0.0,35.449378,18.19641175,18.19641175,18.71234432,20.07573955
6569,10,1,18,22.28544209,23.655575022917283,21.527986246323803,13.40035097,13.40035097,19.81937979,80.59200839
6570,10,1,19,0.0,0.0,0.0,0.0,0.0,0.0,0.0
6571,10,1,20,0.0,0.0,0.0,0.0,0.0,0.0,0.0
6572,10,1,21,0.0,0.0,0.0,0.0,0.0,0.0,0.0
6573,10,1,22,0.0,0.0,0.0,0.0,0.0,0.0,0.0
6574,10,1,23,0.0,0.0,0.0,0.0,0.0,0.0,0.0
6575,10,1,24,0.0,0.0,0.0,0.0,0.0,0.0,0.0
6576,10,2,1,0.0,0.0,0.0,0.0,0.0,0.0,0.0
6577,10,2,2,0.0,0.0,0.0,0.0,0.0,0.0,0.0
6578,10,2,3,0.0,0.0,0.0,0.0,0.0,0.0,0.0
6579,10,2,4,0.0,0.0,0.0,0.0,0.0,0.0,0.0
6580,10,2,5,0.0,0.0,0.0,0.0,0.0,0.0,0.0
6581,10,2,6,0.0,0.0,0.0,0.0,0.0,0.0,0.0
6582,10,2,7,39.39591403,123.87935234506125,26.940101052873363,20.79888585,159.5836556,43.6197509,20.79888585
6583,10,2,8,285.3264955,696.8708877973644,82.28874191727729,78.91014342,723.7919175,307.714977,78.91014342
6584,10,2,9,494.6314032,912.4795125512932,75.00428744110066,106.834411,808.2941186,530.9713521,106.834411
6585,10,2,10,654.9587232,987.2401750595245,67.94086261777286,122.0543207,685.5376503,689.5871973,122.0543207
6586,10,2,11,757.5497918,1012.5490183068914,62.58951979012617,130.1476166,471.2130204,787.6835218,130.1476166
6587,10,2,12,796.3607401,1019.2005799635134,53.52961671877172,129.4385392,212.5158083,825.614491,129.4385392
6588,10,2,13,772.9920678,1011.9760051787333,45.2127484568594,122.3620752,122.3620752,804.8776676,302.9789023
6589,10,2,14,686.0536303,989.9468050416211,34.683814745646295,106.2844218,106.2844218,723.824922,528.4510512
6590,10,2,15,543.5063893,949.486760643805,21.80901012361581,81.04509487,81.04509487,587.9627492,694.0949387
6591,10,2,16,359.0292088,858.1377933799375,14.952532671104636,55.2674846,55.2674846,407.912655,760.3656952
6592,10,2,17,168.8757842,641.7505501376639,26.01312876198769,42.38888859,42.38888859,212.5458591,652.1747205
6593,10,2,18,25.17544402,11.31085875849998,24.87491789841531,14.85275428,14.85275428,22.04574306,86.87800432
6594,10,2,19,0.0,0.0,0.0,0.0,0.0,0.0,0.0
6595,10,2,20,0.0,0.0,0.0,0.0,0.0,0.0,0.0
6596,10,2,21,0.0,0.0,0.0,0.0,0.0,0.0,0.0
6597,10,2,22,0.0,0.0,0.0,0.0,0.0,0.0,0.0
6598,10,2,23,0.0,0.0,0.0,0.0,0.0,0.0,0.0
6599,10,2,24,0.0,0.0,0.0,0.0,0.0,0.0,0.0
6600,10,3,1,0.0,0.0,0.0,0.0,0.0,0.0,0.0
6601,10,3,2,0.0,0.0,0.0,0.0,0.0,0.0,0.0
6602,10,3,3,0.0,0.0,0.0,0.0,0.0,0.0,0.0
6603,10,3,4,0.0,0.0,0.0,0.0,0.0,0.0,0.0
6604,10,3,5,0.0,0.0,0.0,0.0,0.0,0.0,0.0
6605,10,3,6,0.0,0.0,0.0,0.0,0.0,0.0,0.0
6606,10,3,7,31.46414532,61.11136453246695,25.521173726553542,16.83693866,93.59397436,29.938706,16.83693866
6607,10,3,8,264.7725189,593.131651354654,94.01424605545,84.5242205,637.8651973,284.6814498,84.5242205
6608,10,3,9,464.2249128,845.6222917913684,78.46120114346145,104.9276319,754.96308,503.4872395,104.9276319
6609,10,3,10,632.4225409,970.4574715730338,59.21986772055663,115.3316463,667.427937,678.1043952,115.3316463
6610,10,3,11,731.4037481,995.1818559260541,52.58729106221791,122.0746752,455.5662896,773.0331854,122.0746752
6611,10,3,12,769.5110742,1001.6531373529807,44.01748398903317,121.0679753,201.2315097,809.7816291,121.0679753
6612,10,3,13,745.9709902,994.1788940697412,35.7844463783304,113.372755,113.372755,788.1447077,291.9730697
6613,10,3,14,661.4088199,972.8230796013211,26.23628089162381,97.32558127,97.32558127,708.1798932,512.932012
6614,10,3,15,521.8006513,932.6823006014498,14.244430255455343,72.08713715,72.08713715,573.7148449,674.4968691
6615,10,3,16,340.4821064,799.0772947618511,24.394212744975878,61.25747208,61.25747208,393.8148577,719.6325249
6616,10,3,17,159.795208,588.6889591275446,31.951008098794464,44.79732709,44.79732709,204.1218325,606.6564236
6617,10,3,18,21.34770427,7.607467828268739,21.18683614977177,12.92336644,12.92336644,20.48764882,85.5082028
6618,10,3,19,0.0,0.0,0.0,0.0,0.0,0.0,0.0
6619,10,3,20,0.0,0.0,0.0,0.0,0.0,0.0,0.0
6620,10,3,21,0.0,0.0,0.0,0.0,0.0,0.0,0.0
6621,10,3,22,0.0,0.0,0.0,0.0,0.0,0.0,0.0
6622,10,3,23,0.0,0.0,0.0,0.0,0.0,0.0,0.0
6623,10,3,24,0.0,0.0,0.0,0.0,0.0,0.0,0.0
6624,10,4,1,0.0,0.0,0.0,0.0,0.0,0.0,0.0
6625,10,4,2,0.0,0.0,0.0,0.0,0.0,0.0,0.0
6626,10,4,3,0.0,0.0,0.0,0.0,0.0,0.0,0.0
6627,10,4,4,0.0,0.0,0.0,0.0,0.0,0.0,0.0
6628,10,4,5,0.0,0.0,0.0,0.0,0.0,0.0,0.0
6629,10,4,6,0.0,0.0,0.0,0.0,0.0,0.0,0.0
6630,10,4,7,28.82849606,53.09947223597679,23.840957532972414,15.69635967,83.99173475,27.77982653,15.69635967
6631,10,4,8,275.1926783,686.0338815112349,80.08354726916083,76.94866089,710.5893479,310.5279735,76.94866089
6632,10,4,9,483.5668542,907.3506887590553,73.01744209042853,104.812116,799.9988335,536.9427809,104.812116
6633,10,4,10,645.1943696,986.9892870214773,66.1621802534565,120.2520732,680.7634735,698.4043873,120.2520732
6634,10,4,11,747.1232416,1012.192094284924,61.03351086475494,128.4086676,466.3893881,796.2647661,128.4086676
6635,10,4,12,785.6112044,1018.2376195716067,52.7586847868134,128.0282907,208.1558881,833.73456,128.0282907
6636,10,4,13,762.4294757,1011.9707417934738,44.435612745648996,120.874545,120.874545,813.0579899,304.0905454
6637,10,4,14,676.0825208,990.516965279054,34.390744571708616,105.0841917,105.0841917,732.0671925,529.6281208
6638,10,4,15,532.3566886,949.4040441281157,20.699837980994516,78.96438732,78.96438732,594.1798771,693.3828245
6639,10,4,16,349.4897511,855.271145737757,15.777871981184113,55.01837023,55.01837023,413.957261,758.6665253
6640,10,4,17,160.878088,632.0203901268231,27.053911463223585,41.95261564,41.95261564,215.2095611,643.331674
6641,10,4,18,19.2835536,0.0,19.2835536,11.85412795,11.85412795,19.1281866,78.85316338
6642,10,4,19,0.0,0.0,0.0,0.0,0.0,0.0,0.0
6643,10,4,20,0.0,0.0,0.0,0.0,0.0,0.0,0.0
6644,10,4,21,0.0,0.0,0.0,0.0,0.0,0.0,0.0
6645,10,4,22,0.0,0.0,0.0,0.0,0.0,0.0,0.0
6646,10,4,23,0.0,0.0,0.0,0.0,0.0,0.0,0.0
6647,10,4,24,0.0,0.0,0.0,0.0,0.0,0.0,0.0
6648,10,5,1,0.0,0.0,0.0,0.0,0.0,0.0,0.0
6649,10,5,2,0.0,0.0,0.0,0.0,0.0,0.0,0.0
6650,10,5,3,0.0,0.0,0.0,0.0,0.0,0.0,0.0
6651,10,5,4,0.0,0.0,0.0,0.0,0.0,0.0,0.0
6652,10,5,5,0.0,0.0,0.0,0.0,0.0,0.0,0.0
6653,10,5,6,0.0,0.0,0.0,0.0,0.0,0.0,0.0
6654,10,5,7,25.4089186,45.38952269860537,21.29717663584636,14.03730464,73.5304154,24.93320321,14.03730464
6655,10,5,8,270.6565446,680.8330287690652,79.42195665474537,76.08152009,704.3775395,312.016294,76.08152009
6656,10,5,9,478.5207966,905.0466843016837,72.40808342507916,103.992203,796.2706952,540.1628246,103.992203
6657,10,5,10,640.0533227,987.094452801184,64.92765566536734,119.1407696,678.273484,702.6428835,119.1407696
6658,10,5,11,742.0259084,1011.767287002291,60.58389886888337,127.7083611,464.0961486,800.5101228,127.7083611
6659,10,5,12,780.9105419,1018.7609558795691,52.36486060899165,127.381225,206.1519675,838.4780227,127.381225
6660,10,5,13,756.7618183,1011.4658440474067,44.0466993111004,120.0821255,120.0821255,816.6967546,304.4506913
6661,10,5,14,670.253478,990.0131664173273,33.93030772005521,104.164332,104.164332,735.3041821,529.4780143
6662,10,5,15,527.5068038,949.5113310500294,20.792792098649073,78.54953301,78.54953301,598.0026124,693.7237861
6663,10,5,16,343.8827203,852.4547145937825,15.850175237816078,54.49518597,54.49518597,415.9375123,756.167182
6664,10,5,17,156.6977099,627.7216810353827,27.177012363672826,41.44728258,41.44728258,216.3195917,639.0101204
6665,10,5,18,16.53048185,0.0,16.53048185,10.40303565,10.40303565,16.62238909,65.47190356
6666,10,5,19,0.0,0.0,0.0,0.0,0.0,0.0,0.0
6667,10,5,20,0.0,0.0,0.0,0.0,0.0,0.0,0.0
6668,10,5,21,0.0,0.0,0.0,0.0,0.0,0.0,0.0
6669,10,5,22,0.0,0.0,0.0,0.0,0.0,0.0,0.0
6670,10,5,23,0.0,0.0,0.0,0.0,0.0,0.0,0.0
6671,10,5,24,0.0,0.0,0.0,0.0,0.0,0.0,0.0
6672,10,6,1,0.0,0.0,0.0,0.0,0.0,0.0,0.0
6673,10,6,2,0.0,0.0,0.0,0.0,0.0,0.0,0.0
6674,10,6,3,0.0,0.0,0.0,0.0,0.0,0.0,0.0
6675,10,6,4,0.0,0.0,0.0,0.0,0.0,0.0,0.0
6676,10,6,5,0.0,0.0,0.0,0.0,0.0,0.0,0.0
6677,10,6,6,0.0,0.0,0.0,0.0,0.0,0.0,0.0
6678,10,6,7,20.9258141,34.98645917484058,17.8740376028386,11.81372373,59.14773723,20.77582039,11.81372373
6679,10,6,8,264.8669265,674.1929229577926,77.88767850258152,74.9392616,696.4103905,312.5751972,74.9392616
6680,10,6,9,473.9083997,903.7444417050833,71.7974631571348,103.2115967,793.3326169,543.8348435,103.2115967
6681,10,6,10,634.3012536,986.1892122696753,63.69946621682483,117.9553732,675.1441567,706.1601697,117.9553732
6682,10,6,11,736.5676939,1011.8206551587604,59.480619819723046,126.6208807,461.5689957,804.5918499,126.6208807
6683,10,6,12,775.4706462,1018.2778626531685,51.97801672289632,126.6539612,204.0187836,842.3975291,126.6539612
6684,10,6,13,751.7737957,1011.9669533043175,43.64733235624345,119.3509651,119.3509651,821.0460496,305.0149783
6685,10,6,14,645.345182,973.215755897632,24.784092204977924,94.53914828,94.53914828,718.8054935,513.2013822
6686,10,6,15,506.3624835,930.9141324643695,14.474311134620113,70.7168111,70.7168111,583.6637499,673.9862354
6687,10,6,16,331.2849545,815.8283833085634,21.71957955854225,58.13322918,58.13322918,408.0338549,730.8473126
6688,10,6,17,144.411618,540.2040855906235,35.85583711014241,44.516847,44.516847,198.5213146,562.7074903
6689,10,6,18,13.14176408,0.0,13.14176408,7.942515422,7.942515422,12.32653222,45.3112947
6690,10,6,19,0.0,0.0,0.0,0.0,0.0,0.0,0.0
6691,10,6,20,0.0,0.0,0.0,0.0,0.0,0.0,0.0
6692,10,6,21,0.0,0.0,0.0,0.0,0.0,0.0,0.0
6693,10,6,22,0.0,0.0,0.0,0.0,0.0,0.0,0.0
6694,10,6,23,0.0,0.0,0.0,0.0,0.0,0.0,0.0
6695,10,6,24,0.0,0.0,0.0,0.0,0.0,0.0,0.0
6696,10,7,1,0.0,0.0,0.0,0.0,0.0,0.0,0.0
6697,10,7,2,0.0,0.0,0.0,0.0,0.0,0.0,0.0
6698,10,7,3,0.0,0.0,0.0,0.0,0.0,0.0,0.0
6699,10,7,4,0.0,0.0,0.0,0.0,0.0,0.0,0.0
6700,10,7,5,0.0,0.0,0.0,0.0,0.0,0.0,0.0
6701,10,7,6,0.0,0.0,0.0,0.0,0.0,0.0,0.0
6702,10,7,7,16.25723743,3.078543693414251,15.999111820501097,9.260257524,24.44926751,12.22974971,9.260257524
6703,10,7,8,235.9827688,537.2368511637607,88.90564889103126,78.93402664,579.4557905,273.7427263,78.93402664
6704,10,7,9,353.8605647,613.6826584193997,83.14866878402992,97.83729136,569.5377308,402.9636202,97.83729136
6705,10,7,10,481.6828907,712.9258836405147,72.10067996111779,111.0557584,514.5301913,541.8488,111.0557584
6706,10,7,11,564.3626157,759.5197654683785,59.42767052330101,116.1153174,366.9643028,629.8757928,116.1153174
6707,10,7,12,650.3786561,861.9050134359027,41.99537274612117,114.1411572,178.4809572,724.0397831,114.1411572
6708,10,7,13,581.0271713,771.3947292530617,45.02149071667024,110.4576625,110.4576625,649.7071212,253.0791273
6709,10,7,14,456.3854247,597.601226005421,78.38443086896255,113.9602681,113.9602681,504.1629134,374.387312
6710,10,7,15,409.4883442,678.033353279533,54.787660826869725,92.50409068,92.50409068,472.1116997,535.8782233
6711,10,7,16,271.8732543,565.5421878915872,60.30135078319756,75.70273751,75.70273751,324.0921847,548.6786132
6712,10,7,17,134.5263078,458.3694012360001,44.8697048242592,46.72466414,46.72466414,180.8288161,491.1286614
6713,10,7,18,10.34344887,0.0,10.34344887,6.296898011,6.296898011,8.955697937,28.14236003
6714,10,7,19,0.0,0.0,0.0,0.0,0.0,0.0,0.0
6715,10,7,20,0.0,0.0,0.0,0.0,0.0,0.0,0.0
6716,10,7,21,0.0,0.0,0.0,0.0,0.0,0.0,0.0
6717,10,7,22,0.0,0.0,0.0,0.0,0.0,0.0,0.0
6718,10,7,23,0.0,0.0,0.0,0.0,0.0,0.0,0.0
6719,10,7,24,0.0,0.0,0.0,0.0,0.0,0.0,0.0
6720,10,8,1,0.0,0.0,0.0,0.0,0.0,0.0,0.0
6721,10,8,2,0.0,0.0,0.0,0.0,0.0,0.0,0.0
6722,10,8,3,0.0,0.0,0.0,0.0,0.0,0.0,0.0
6723,10,8,4,0.0,0.0,0.0,0.0,0.0,0.0,0.0
6724,10,8,5,0.0,0.0,0.0,0.0,0.0,0.0,0.0
6725,10,8,6,0.0,0.0,0.0,0.0,0.0,0.0,0.0
6726,10,8,7,5.077851112,0.0,5.077851112,2.709895371,3.68719067,2.906956533,2.709895371
6727,10,8,8,76.67426808,11.949704681705946,73.44584551567597,38.82408392,65.40278092,49.34969564,38.82408392
6728,10,8,9,150.1212519,40.91171706663226,132.23116812785514,71.85421479,117.474074,101.7454116,71.85421479
6729,10,8,10,321.5638095,287.56180483485986,157.54008887910814,118.1066513,288.6629126,302.2573836,118.1066513
6730,10,8,11,258.0249346,76.88599658867253,207.24853657112484,116.6840342,148.4625903,182.5290369,116.6840342
6731,10,8,12,281.021428,84.23531237740416,221.95654077231856,125.9033076,133.5643915,200.296151,125.9033076
6732,10,8,13,279.6457479,84.85991278336849,221.09765050791827,125.3343344,125.3343344,199.3580816,144.9007401
6733,10,8,14,255.9568735,80.0038911188382,205.7611099108295,115.7341011,115.7341011,181.5108747,159.4219918
6734,10,8,15,209.3958207,67.97885792450164,174.19112484805308,96.59439755,96.59439755,146.8267789,154.8616232
6735,10,8,16,146.3030116,50.12022766865105,127.81976340005718,69.59423538,69.59423538,101.2666515,129.3301295
6736,10,8,17,72.86847817,28.65573876969051,67.41602265042584,35.98512779,35.98512779,50.87409902,84.58810103
6737,10,8,18,4.0,0.0,4.0,2.052344979,2.052344979,2.052344979,2.052344979
6738,10,8,19,0.0,0.0,0.0,0.0,0.0,0.0,0.0
6739,10,8,20,0.0,0.0,0.0,0.0,0.0,0.0,0.0
6740,10,8,21,0.0,0.0,0.0,0.0,0.0,0.0,0.0
6741,10,8,22,0.0,0.0,0.0,0.0,0.0,0.0,0.0
6742,10,8,23,0.0,0.0,0.0,0.0,0.0,0.0,0.0
6743,10,8,24,0.0,0.0,0.0,0.0,0.0,0.0,0.0
6744,10,9,1,0.0,0.0,0.0,0.0,0.0,0.0,0.0
6745,10,9,2,0.0,0.0,0.0,0.0,0.0,0.0,0.0
6746,10,9,3,0.0,0.0,0.0,0.0,0.0,0.0,0.0
6747,10,9,4,0.0,0.0,0.0,0.0,0.0,0.0,0.0
6748,10,9,5,0.0,0.0,0.0,0.0,0.0,0.0,0.0
6749,10,9,6,0.0,0.0,0.0,0.0,0.0,0.0,0.0
6750,10,9,7,2.0,0.0,2.0,1.016617117,1.016617117,1.016617117,1.016617117
6751,10,9,8,74.63780725,11.193343974628446,71.65429572005915,37.84741148,63.53927364,48.19584805,37.84741148
6752,10,9,9,148.0394245,40.25938071767155,130.59043680152664,70.92026914,115.9175797,100.7779872,70.92026914
6753,10,9,10,211.7656976,62.11801468972654,176.59129701334976,97.92152705,143.836729,148.0449757,97.92152705
6754,10,9,11,382.600322,322.5339317931182,171.02179333450104,132.9326015,243.2958598,364.2330454,132.9326015
6755,10,9,12,589.4658598,775.1991350557025,49.54062785530788,114.2410572,170.2285454,671.0143358,114.2410572
6756,10,9,13,675.7944482,941.8913581398019,30.58821126568413,102.3300867,102.3300867,767.8293106,278.1060542
6757,10,9,14,595.2028278,913.3266872878946,26.8394014952376,90.83538464,90.83538464,689.1014856,486.2611591
6758,10,9,15,466.2611147,855.5559374178848,27.676015653379878,77.63880431,77.63880431,561.165071,634.6621887
6759,10,9,16,316.5121911,808.3506536348058,22.698732252242337,57.34346166,57.34346166,414.5169567,724.6247877
6760,10,9,17,123.9230372,302.1091689897785,68.03819103106065,53.49186169,53.49186169,148.6459071,359.5247452
6761,10,9,18,7.698018605,0.0,7.698018605,4.244630267,4.244630267,4.822467449,8.671497993
6762,10,9,19,0.0,0.0,0.0,0.0,0.0,0.0,0.0
6763,10,9,20,0.0,0.0,0.0,0.0,0.0,0.0,0.0
6764,10,9,21,0.0,0.0,0.0,0.0,0.0,0.0,0.0
6765,10,9,22,0.0,0.0,0.0,0.0,0.0,0.0,0.0
6766,10,9,23,0.0,0.0,0.0,0.0,0.0,0.0,0.0
6767,10,9,24,0.0,0.0,0.0,0.0,0.0,0.0,0.0
6768,10,10,1,0.0,0.0,0.0,0.0,0.0,0.0,0.0
6769,10,10,2,0.0,0.0,0.0,0.0,0.0,0.0,0.0
6770,10,10,3,0.0,0.0,0.0,0.0,0.0,0.0,0.0
6771,10,10,4,0.0,0.0,0.0,0.0,0.0,0.0,0.0
6772,10,10,5,0.0,0.0,0.0,0.0,0.0,0.0,0.0
6773,10,10,6,0.0,0.0,0.0,0.0,0.0,0.0,0.0
6774,10,10,7,7.07096117,0.0,7.07096117,3.798237385,4.773668287,4.006801683,3.798237385
6775,10,10,8,222.6745176,526.191531657524,84.34204462935115,75.29728279,563.8030054,275.354646,75.29728279
6776,10,10,9,421.7909114,807.0590653348108,75.14693940005078,98.79474792,712.3267821,510.9802779,98.79474792
6777,10,10,10,596.0954321,963.1250594892978,54.74253743510076,109.2518313,647.6797219,703.4278164,109.2518313
6778,10,10,11,695.5715735,995.8588274270696,46.729342842367394,115.1642797,439.0388407,801.6200043,115.1642797
6779,10,10,12,585.3754311,774.5618547562294,49.54169942188049,113.6656712,168.6678048,673.6563419,113.6656712
6780,10,10,13,498.6952074,623.8560705296355,74.42688598373805,118.1447881,118.1447881,565.4454596,236.1792741
6781,10,10,14,364.836639,321.25189966142653,166.5651030845803,128.1383166,128.1383166,350.899249,274.6526039
6782,10,10,15,353.0206558,536.6178164823805,80.74191694963707,99.68462755,99.68462755,409.8818235,454.5885653
6783,10,10,16,307.4891352,784.4430195323433,26.508817624626186,59.32148406,59.32148406,409.631724,707.6340685
6784,10,10,17,133.3189906,558.0329206758905,33.02646828686484,41.05447047,41.05447047,209.7850614,575.8098535
6785,10,10,18,5.0,0.0,5.0,2.720977936,2.720977936,2.854699261,3.711814838
6786,10,10,19,0.0,0.0,0.0,0.0,0.0,0.0,0.0
6787,10,10,20,0.0,0.0,0.0,0.0,0.0,0.0,0.0
6788,10,10,21,0.0,0.0,0.0,0.0,0.0,0.0,0.0
6789,10,10,22,0.0,0.0,0.0,0.0,0.0,0.0,0.0
6790,10,10,23,0.0,0.0,0.0,0.0,0.0,0.0,0.0
6791,10,10,24,0.0,0.0,0.0,0.0,0.0,0.0,0.0
6792,10,11,1,0.0,0.0,0.0,0.0,0.0,0.0,0.0
6793,10,11,2,0.0,0.0,0.0,0.0,0.0,0.0,0.0
6794,10,11,3,0.0,0.0,0.0,0.0,0.0,0.0,0.0
6795,10,11,4,0.0,0.0,0.0,0.0,0.0,0.0,0.0
6796,10,11,5,0.0,0.0,0.0,0.0,0.0,0.0,0.0
6797,10,11,6,0.0,0.0,0.0,0.0,0.0,0.0,0.0
6798,10,11,7,4.053345697,0.0,4.053345697,2.429658325,4.105054359,2.798002129,2.429658325
6799,10,11,8,175.4648229,382.45145743131627,76.3260198822289,66.96469714,425.1164813,216.0383198,66.96469714
6800,10,11,9,337.9800544,582.5946155843437,90.03460844154655,98.30638891,544.5810128,401.7988412,98.30638891
6801,10,11,10,569.2280603,911.5157200688411,60.71087804365626,109.7003793,618.6303608,677.3391422,109.7003793
6802,10,11,11,677.2027209,982.8851174253226,41.20836966956323,109.683366,427.8998361,791.6451591,109.683366
6803,10,11,12,727.9352127,1002.9745495083101,38.828372032667325,113.6803412,183.555251,841.7738962,113.6803412
6804,10,11,13,723.8230456,1010.4494221220666,41.639783087088546,115.2930612,115.2930612,838.9531056,306.0433849
6805,10,11,14,637.4083351,989.5719123919151,31.720869653119003,99.20491042,99.20491042,756.2280292,529.2155639
6806,10,11,15,494.5250699,948.8445306979021,18.036056630621022,72.7743908,72.7743908,616.1895175,690.2649129
6807,10,11,16,314.5658138,839.1496291200274,18.40048481982666,53.62547953,53.62547953,431.108221,745.7050293
6808,10,11,17,130.9245778,570.6376575778824,31.345169239459935,40.12478691,40.12478691,214.9609674,586.2455226
6809,10,11,18,3.862124078,0.0,3.862124078,2.360566917,2.360566917,2.716936379,4.917045788
6810,10,11,19,0.0,0.0,0.0,0.0,0.0,0.0,0.0
6811,10,11,20,0.0,0.0,0.0,0.0,0.0,0.0,0.0
6812,10,11,21,0.0,0.0,0.0,0.0,0.0,0.0,0.0
6813,10,11,22,0.0,0.0,0.0,0.0,0.0,0.0,0.0
6814,10,11,23,0.0,0.0,0.0,0.0,0.0,0.0,0.0
6815,10,11,24,0.0,0.0,0.0,0.0,0.0,0.0,0.0
6816,10,12,1,0.0,0.0,0.0,0.0,0.0,0.0,0.0
6817,10,12,2,0.0,0.0,0.0,0.0,0.0,0.0,0.0
6818,10,12,3,0.0,0.0,0.0,0.0,0.0,0.0,0.0
6819,10,12,4,0.0,0.0,0.0,0.0,0.0,0.0,0.0
6820,10,12,5,0.0,0.0,0.0,0.0,0.0,0.0,0.0
6821,10,12,6,0.0,0.0,0.0,0.0,0.0,0.0,0.0
6822,10,12,7,3.0,0.0,3.0,1.526746412,1.526746412,1.526746412,1.526746412
6823,10,12,8,69.52708441,9.515192968914116,67.09575665442078,35.37296437,59.10509298,45.40906396,35.37296437
6824,10,12,9,142.7907773,38.85160312061942,126.40958198278041,68.54803428,112.1831474,98.57951726,68.54803428
6825,10,12,10,205.4111672,60.346864831658195,171.99973837788272,95.20335846,139.7600569,145.4232509,95.20335846
6826,10,12,11,251.0902437,76.09129466688665,202.19584425952308,113.6334205,144.661644,180.8554314,113.6334205
6827,10,12,12,273.0745121,83.00905644754339,216.43563444854112,122.4938621,129.5749948,197.9799797,122.4938621
6828,10,12,13,490.8667154,624.2604569619552,72.50169445494674,116.0320516,116.0320516,569.1605268,235.3197981
6829,10,12,14,495.7971172,729.7682058172352,52.856148714953704,102.5331384,102.5331384,592.3138195,421.4989107
6830,10,12,15,419.2682917,748.5632722997276,47.250948531747284,86.30029012,86.30029012,520.6617169,576.5086958
6831,10,12,16,251.9888703,561.8938540287937,56.613878408030544,71.23408437,71.23408437,330.121241,541.4760092
6832,10,12,17,117.7051165,439.87539619580514,43.22274853692861,43.00882077,43.00882077,181.9897709,470.9480019
6833,10,12,18,3.0,0.0,3.0,1.533487577,1.533487577,1.533487577,1.533487577
6834,10,12,19,0.0,0.0,0.0,0.0,0.0,0.0,0.0
6835,10,12,20,0.0,0.0,0.0,0.0,0.0,0.0,0.0
6836,10,12,21,0.0,0.0,0.0,0.0,0.0,0.0,0.0
6837,10,12,22,0.0,0.0,0.0,0.0,0.0,0.0,0.0
6838,10,12,23,0.0,0.0,0.0,0.0,0.0,0.0,0.0
6839,10,12,24,0.0,0.0,0.0,0.0,0.0,0.0,0.0
6840,10,13,1,0.0,0.0,0.0,0.0,0.0,0.0,0.0
6841,10,13,2,0.0,0.0,0.0,0.0,0.0,0.0,0.0
6842,10,13,3,0.0,0.0,0.0,0.0,0.0,0.0,0.0
6843,10,13,4,0.0,0.0,0.0,0.0,0.0,0.0,0.0
6844,10,13,5,0.0,0.0,0.0,0.0,0.0,0.0,0.0
6845,10,13,6,0.0,0.0,0.0,0.0,0.0,0.0,0.0
6846,10,13,7,4.041386694,0.0,4.041386694,2.427535541,4.0972972,2.814609522,2.427535541
6847,10,13,8,231.6790455,635.940693591647,71.55027874145094,68.21874572,650.205288,318.1865895,68.21874572
6848,10,13,9,437.9107658,886.6070600505428,67.61395126040507,97.26123852,766.2174642,563.1026673,97.26123852
6849,10,13,10,596.9881418,983.767338574044,56.49901111805394,110.362677,656.4478359,732.2234884,110.362677
6850,10,13,11,697.9347089,1009.6346536309875,53.725369726806775,119.7164067,444.4183883,830.7167738,119.7164067
6851,10,13,12,736.9129027,1016.8100484733412,47.95597840177229,120.5639951,189.1869184,868.6443922,120.5639951
6852,10,13,13,712.9819005,1010.4432908405744,40.81312228053758,113.6565139,113.6565139,846.2026189,306.2201898
6853,10,13,14,626.320297,989.5544470271584,30.747658798832965,97.3320728,97.3320728,762.7621303,528.5274012
6854,10,13,15,483.4363413,948.6963728541535,16.87567896931505,70.60172592,70.60172592,621.8123662,688.4511933
6855,10,13,16,305.4257808,835.4705277938403,19.266872725679022,53.3775438,53.3775438,436.3088278,742.5176439
6856,10,13,17,125.5091364,587.7004608816694,29.014988761509706,37.98362691,37.98362691,222.9208811,599.4090084
6857,10,13,18,3.86235267,0.0,3.86235267,2.360711254,2.360711254,2.738905879,4.910635235
6858,10,13,19,0.0,0.0,0.0,0.0,0.0,0.0,0.0
6859,10,13,20,0.0,0.0,0.0,0.0,0.0,0.0,0.0
6860,10,13,21,0.0,0.0,0.0,0.0,0.0,0.0,0.0
6861,10,13,22,0.0,0.0,0.0,0.0,0.0,0.0,0.0
6862,10,13,23,0.0,0.0,0.0,0.0,0.0,0.0,0.0
6863,10,13,24,0.0,0.0,0.0,0.0,0.0,0.0,0.0
6864,10,14,1,0.0,0.0,0.0,0.0,0.0,0.0,0.0
6865,10,14,2,0.0,0.0,0.0,0.0,0.0,0.0,0.0
6866,10,14,3,0.0,0.0,0.0,0.0,0.0,0.0,0.0
6867,10,14,4,0.0,0.0,0.0,0.0,0.0,0.0,0.0
6868,10,14,5,0.0,0.0,0.0,0.0,0.0,0.0,0.0
6869,10,14,6,0.0,0.0,0.0,0.0,0.0,0.0,0.0
6870,10,14,7,4.035253144,0.0,4.035253144,2.426239032,4.097128984,2.823462031,2.426239032
6871,10,14,8,227.1168928,629.7542082043221,70.90443732838622,67.29610839,643.0745523,318.380854,67.29610839
6872,10,14,9,432.4059693,883.2999195296227,67.02672079466122,96.3583841,761.67005,565.0315069,96.3583841
6873,10,14,10,591.5818699,983.8110032507684,55.271657512108604,109.1169024,653.8678275,735.7612117,109.1169024
6874,10,14,11,692.628007,1009.1865220112306,53.278440511311544,118.9308975,442.2465676,834.3370636,118.9308975
6875,10,14,12,732.0065515,1017.3234855443247,47.550197321314414,119.8321816,187.4120854,872.8578392,119.8321816
6876,10,14,13,707.8812844,1010.9417795168565,40.392091384122146,112.8600889,112.8600889,850.1424203,306.3498845
6877,10,14,14,620.4867106,989.0403118064861,30.259828625173263,96.35687282,96.35687282,765.5925677,527.8405957
6878,10,14,15,478.1558987,949.1144220612774,16.289013047211533,69.53198311,69.53198311,624.8843326,687.7950952
6879,10,14,16,300.2685892,832.7312967549252,19.34632565350719,52.88771081,52.88771081,438.0554927,739.6963075
6880,10,14,17,122.5524949,581.6521822792275,30.012890802814393,37.92192001,37.92192001,223.7199063,594.1067608
6881,10,14,18,3.862466164,0.0,3.862466164,2.360782916,2.360782916,2.749868284,4.907276645
6882,10,14,19,0.0,0.0,0.0,0.0,0.0,0.0,0.0
6883,10,14,20,0.0,0.0,0.0,0.0,0.0,0.0,0.0
6884,10,14,21,0.0,0.0,0.0,0.0,0.0,0.0,0.0
6885,10,14,22,0.0,0.0,0.0,0.0,0.0,0.0,0.0
6886,10,14,23,0.0,0.0,0.0,0.0,0.0,0.0,0.0
6887,10,14,24,0.0,0.0,0.0,0.0,0.0,0.0,0.0
6888,10,15,1,0.0,0.0,0.0,0.0,0.0,0.0,0.0
6889,10,15,2,0.0,0.0,0.0,0.0,0.0,0.0,0.0
6890,10,15,3,0.0,0.0,0.0,0.0,0.0,0.0,0.0
6891,10,15,4,0.0,0.0,0.0,0.0,0.0,0.0,0.0
6892,10,15,5,0.0,0.0,0.0,0.0,0.0,0.0,0.0
6893,10,15,6,0.0,0.0,0.0,0.0,0.0,0.0,0.0
6894,10,15,7,3.0,0.0,3.0,1.526895126,1.526895126,1.526895126,1.526895126
6895,10,15,8,221.5891821,623.1073318921412,69.3729575023562,66.11343648,635.07639,317.9366465,66.11343648
6896,10,15,9,427.314966,880.9950319855341,66.43695123271927,95.49274497,757.9151376,567.4353377,95.49274497
6897,10,15,10,586.6118284,983.4071091700991,54.74433318048012,108.2993184,651.5331261,739.4303187,108.2993184
6898,10,15,11,687.9331048,1009.7410644429456,52.82556747422642,118.2010365,440.4807864,838.658636,118.2010365
6899,10,15,12,726.4195626,1016.8307890949255,47.150157359690404,119.0258673,185.5394193,876.2000728,119.0258673
6900,10,15,13,701.1216422,1009.870623918995,39.34489835591856,111.4592313,111.4592313,852.2413927,305.511348
6901,10,15,14,615.2537905,989.5279951141977,29.76270515692113,95.43519099,95.43519099,769.1126271,527.5853906
6902,10,15,15,472.4108786,948.5226014482931,15.705251552441096,68.40921849,68.40921849,627.2845725,686.3727455
6903,10,15,16,296.1720781,830.8337606838761,20.148292563401338,53.10486773,53.10486773,440.9288631,738.3441252
6904,10,15,17,119.0034005,576.6594727843711,30.166672051478816,37.36736899,37.36736899,224.2122086,588.9845153
6905,10,15,18,3.0,0.0,3.0,1.533459264,1.533459264,1.533459264,1.533459264
6906,10,15,19,0.0,0.0,0.0,0.0,0.0,0.0,0.0
6907,10,15,20,0.0,0.0,0.0,0.0,0.0,0.0,0.0
6908,10,15,21,0.0,0.0,0.0,0.0,0.0,0.0,0.0
6909,10,15,22,0.0,0.0,0.0,0.0,0.0,0.0,0.0
6910,10,15,23,0.0,0.0,0.0,0.0,0.0,0.0,0.0
6911,10,15,24,0.0,0.0,0.0,0.0,0.0,0.0,0.0
6912,10,16,1,0.0,0.0,0.0,0.0,0.0,0.0,0.0
6913,10,16,2,0.0,0.0,0.0,0.0,0.0,0.0,0.0
6914,10,16,3,0.0,0.0,0.0,0.0,0.0,0.0,0.0
6915,10,16,4,0.0,0.0,0.0,0.0,0.0,0.0,0.0
6916,10,16,5,0.0,0.0,0.0,0.0,0.0,0.0,0.0
6917,10,16,6,0.0,0.0,0.0,0.0,0.0,0.0,0.0
6918,10,16,7,3.0,0.0,3.0,1.526993604,1.526993604,1.526993604,1.526993604
6919,10,16,8,217.0967182,616.9253242455037,68.72796395965753,65.18643029,627.9657045,317.9136526,65.18643029
6920,10,16,9,421.4191962,876.6860257042093,65.85633321833036,94.54246444,752.599983,568.6010715,94.54246444
6921,10,16,10,580.6255277,982.4346107448108,53.52225756562775,106.9741449,648.3528627,742.1029986,106.9741449
6922,10,16,11,681.5962312,1008.7417517166643,51.721227512731964,116.9101885,437.6724345,841.2032867,116.9101885
6923,10,16,12,720.8278364,1016.3371937252911,46.748521657438125,118.2126346,183.7052492,879.4734307,118.2126346
6924,10,16,13,696.3666293,1009.9258800474728,39.55615919223156,111.1156162,111.1156162,856.2590177,305.9156988
6925,10,16,14,609.443182,989.0088495666283,29.269068193098573,94.44919477,94.44919477,771.8459729,526.7701047
6926,10,16,15,466.6916429,947.9237454414881,15.11910109387587,67.28244656,67.28244656,629.6423911,684.8841504
6927,10,16,16,290.8145138,827.1107992038841,20.234603604224812,52.5910069,52.5910069,442.1213942,734.6043787
6928,10,16,17,114.3952082,569.7208541292189,29.472372854831104,36.30699594,36.30699594,223.4191101,581.1903668
6929,10,16,18,3.0,0.0,3.0,1.533449924,1.533449924,1.533449924,1.533449924
6930,10,16,19,0.0,0.0,0.0,0.0,0.0,0.0,0.0
6931,10,16,20,0.0,0.0,0.0,0.0,0.0,0.0,0.0
6932,10,16,21,0.0,0.0,0.0,0.0,0.0,0.0,0.0
6933,10,16,22,0.0,0.0,0.0,0.0,0.0,0.0,0.0
6934,10,16,23,0.0,0.0,0.0,0.0,0.0,0.0,0.0
6935,10,16,24,0.0,0.0,0.0,0.0,0.0,0.0,0.0
6936,10,17,1,0.0,0.0,0.0,0.0,0.0,0.0,0.0
6937,10,17,2,0.0,0.0,0.0,0.0,0.0,0.0,0.0
6938,10,17,3,0.0,0.0,0.0,0.0,0.0,0.0,0.0
6939,10,17,4,0.0,0.0,0.0,0.0,0.0,0.0,0.0
6940,10,17,5,0.0,0.0,0.0,0.0,0.0,0.0,0.0
6941,10,17,6,0.0,0.0,0.0,0.0,0.0,0.0,0.0
6942,10,17,7,3.0,0.0,3.0,1.527121709,1.527121709,1.527121709,1.527121709
6943,10,17,8,212.1080137,612.2777630114492,67.18915591723737,64.04154934,621.7892207,318.0869192,64.04154934
6944,10,17,9,415.9395084,873.3792877544864,65.27294902073078,93.62962936,748.0802926,570.2403974,93.62962936
6945,10,17,10,575.6244004,982.0242732976279,52.99616082946364,106.1411809,646.04041,745.6090652,106.1411809
6946,10,17,11,676.2491712,1008.2866954020492,51.27354983933546,116.100763,435.5750729,844.5960945,116.100763
6947,10,17,12,714.2334178,1015.2913908160903,45.70818951749221,116.8880768,181.367502,881.7117819,116.8880768
6948,10,17,13,689.6184974,1008.8485215084871,38.5005123767401,109.6950427,109.6950427,858.2199029,304.9462719
6949,10,17,14,603.6501616,988.4869449855049,28.772544070329598,93.45841637,93.45841637,774.5281962,525.8900842
6950,10,17,15,462.0005519,948.0319648366748,15.193905675894822,66.8620662,66.8620662,633.1479429,684.5636431
6951,10,17,16,286.8494881,825.2394480900491,21.045016568982664,52.81017254,52.81017254,444.9458918,733.1935785
6952,10,17,17,111.3056448,566.7916755075223,29.619977976535985,35.78045912,35.78045912,224.5260255,578.0166943
6953,10,17,18,3.0,0.0,3.0,1.533440638,1.533440638,1.533440638,1.533440638
6954,10,17,19,0.0,0.0,0.0,0.0,0.0,0.0,0.0
6955,10,17,20,0.0,0.0,0.0,0.0,0.0,0.0,0.0
6956,10,17,21,0.0,0.0,0.0,0.0,0.0,0.0,0.0
6957,10,17,22,0.0,0.0,0.0,0.0,0.0,0.0,0.0
6958,10,17,23,0.0,0.0,0.0,0.0,0.0,0.0,0.0
6959,10,17,24,0.0,0.0,0.0,0.0,0.0,0.0,0.0
6960,10,18,1,0.0,0.0,0.0,0.0,0.0,0.0,0.0
6961,10,18,2,0.0,0.0,0.0,0.0,0.0,0.0,0.0
6962,10,18,3,0.0,0.0,0.0,0.0,0.0,0.0,0.0
6963,10,18,4,0.0,0.0,0.0,0.0,0.0,0.0,0.0
6964,10,18,5,0.0,0.0,0.0,0.0,0.0,0.0,0.0
6965,10,18,6,0.0,0.0,0.0,0.0,0.0,0.0,0.0
6966,10,18,7,3.0,0.0,3.0,1.527283176,1.527283176,1.527283176,1.527283176
6967,10,18,8,196.3299369,560.548607324886,65.80078528440589,61.80670777,572.9958289,297.8948311,61.80670777
6968,10,18,9,389.2328972,808.1742715624218,68.05233931636926,91.8843896,697.406726,537.5823065,91.8843896
6969,10,18,10,553.8742512,950.9472038063958,51.92159078717353,103.2179801,624.9121697,726.9297474,103.2179801
6970,10,18,11,640.0479886,976.5766145942736,39.20868364381664,104.5516695,412.5712624,813.6898168,104.5516695
6971,10,18,12,689.6885775,1002.1915175356909,34.589698304594364,106.8127352,169.5134694,865.2803049,106.8127352
6972,10,18,13,665.6062806,996.4410899919892,27.41897309040974,99.02731565,99.02731565,841.6928585,292.2842728
6973,10,18,14,580.1591302,974.9233098914547,18.07262272551224,82.14168875,82.14168875,757.0325742,508.4305771
6974,10,18,15,436.6706692,891.6157718690955,20.955258729769287,69.12941856,69.12941856,605.8755577,650.6473277
6975,10,18,16,270.5798125,764.8074228012271,28.06484904517336,56.30007204,56.30007204,423.7020588,688.0511577
6976,10,18,17,103.866861,505.42482356523414,33.494900831743,36.16214333,36.16214333,207.8473121,522.8142257
6977,10,18,18,3.0,0.0,3.0,1.533431407,1.533431407,1.533431407,1.533431407
6978,10,18,19,0.0,0.0,0.0,0.0,0.0,0.0,0.0
6979,10,18,20,0.0,0.0,0.0,0.0,0.0,0.0,0.0
6980,10,18,21,0.0,0.0,0.0,0.0,0.0,0.0,0.0
6981,10,18,22,0.0,0.0,0.0,0.0,0.0,0.0,0.0
6982,10,18,23,0.0,0.0,0.0,0.0,0.0,0.0,0.0
6983,10,18,24,0.0,0.0,0.0,0.0,0.0,0.0,0.0
6984,10,19,1,0.0,0.0,0.0,0.0,0.0,0.0,0.0
6985,10,19,2,0.0,0.0,0.0,0.0,0.0,0.0,0.0
6986,10,19,3,0.0,0.0,0.0,0.0,0.0,0.0,0.0
6987,10,19,4,0.0,0.0,0.0,0.0,0.0,0.0,0.0
6988,10,19,5,0.0,0.0,0.0,0.0,0.0,0.0,0.0
6989,10,19,6,0.0,0.0,0.0,0.0,0.0,0.0,0.0
6990,10,19,7,3.0,0.0,3.0,1.527482213,1.527482213,1.527482213,1.527482213
6991,10,19,8,202.0652376,598.4439843748141,65.0139201616153,61.88663333,605.809637,316.5170739,61.88663333
6992,10,19,9,405.4037571,867.768259653095,64.10537599988866,91.83385585,739.8565278,573.8136959,91.83385585
6993,10,19,10,564.5836616,980.6208700558932,51.24871091410096,103.9436712,640.5888991,751.4332865,103.9436712
6994,10,19,11,664.5317808,1006.8160628831919,49.71703944105246,113.9589939,430.7706348,850.1919148,113.9589939
6995,10,19,12,703.0448455,1014.2953541078882,44.89345792699242,115.2218878,177.8974717,887.8915173,115.2218878
6996,10,19,13,679.1519681,1008.3941586072478,38.280939241325136,108.4540416,108.4540416,864.9753133,304.8048254
6997,10,19,14,593.126349,988.0509906905521,28.418331767952846,92.07576526,92.07576526,780.8295686,524.8489463
6998,10,19,15,450.7121637,946.8084533435784,14.011655007370873,64.59994852,64.59994852,637.6709564,681.2742096
6999,10,19,16,270.0889793,784.9550611182474,25.074367437549892,54.04941634,54.04941634,433.9853066,701.5246331
7000,10,19,17,100.7833013,512.767103160442,31.865105948511594,34.91866281,34.91866281,211.1293482,527.8141866
7001,10,19,18,2.0,0.0,2.0,1.018482647,1.018482647,1.018482647,1.018482647
7002,10,19,19,0.0,0.0,0.0,0.0,0.0,0.0,0.0
7003,10,19,20,0.0,0.0,0.0,0.0,0.0,0.0,0.0
7004,10,19,21,0.0,0.0,0.0,0.0,0.0,0.0,0.0
7005,10,19,22,0.0,0.0,0.0,0.0,0.0,0.0,0.0
7006,10,19,23,0.0,0.0,0.0,0.0,0.0,0.0,0.0
7007,10,19,24,0.0,0.0,0.0,0.0,0.0,0.0,0.0
7008,10,20,1,0.0,0.0,0.0,0.0,0.0,0.0,0.0
7009,10,20,2,0.0,0.0,0.0,0.0,0.0,0.0,0.0
7010,10,20,3,0.0,0.0,0.0,0.0,0.0,0.0,0.0
7011,10,20,4,0.0,0.0,0.0,0.0,0.0,0.0,0.0
7012,10,20,5,0.0,0.0,0.0,0.0,0.0,0.0,0.0
7013,10,20,6,0.0,0.0,0.0,0.0,0.0,0.0,0.0
7014,10,20,7,2.0,0.0,2.0,1.016471871,1.016471871,1.016471871,1.016471871
7015,10,20,8,141.6930378,336.07639426450817,66.02592623587326,57.30224839,369.9977441,205.6353365,57.30224839
7016,10,20,9,331.8731674,661.6462991896469,74.37389706216666,89.77179412,586.2152049,462.7997657,89.77179412
7017,10,20,10,466.9498281,765.441538711889,69.60888496015559,103.2286468,523.2393601,614.5552365,103.2286468
7018,10,20,11,586.2508413,881.5139261838277,52.0119764974988,107.0484744,383.8260687,756.1380204,107.0484744
7019,10,20,12,678.17424,1001.546694425392,33.09194153265868,104.5128906,165.5464792,870.787111,104.5128906
7020,10,20,13,641.6775804,985.2696850808107,20.348619329279945,90.71776139,90.71776139,832.5687121,282.722731
7021,10,20,14,523.5053085,865.3239167318374,33.25192840039568,88.21323437,88.21323437,695.543933,467.8150951
7022,10,20,15,400.8295223,803.8943464721906,34.04794802609643,75.46209829,75.46209829,567.1521672,600.9876765
7023,10,20,16,257.8582341,742.0900850900236,29.86379982515959,56.09294055,56.09294055,418.9456842,668.968792
7024,10,20,17,97.5053402,504.87411389224286,32.05585906768471,34.29094303,34.29094303,210.2351107,520.0223166
7025,10,20,18,2.0,0.0,2.0,1.018478597,1.018478597,1.018478597,1.018478597
7026,10,20,19,0.0,0.0,0.0,0.0,0.0,0.0,0.0
7027,10,20,20,0.0,0.0,0.0,0.0,0.0,0.0,0.0
7028,10,20,21,0.0,0.0,0.0,0.0,0.0,0.0,0.0
7029,10,20,22,0.0,0.0,0.0,0.0,0.0,0.0,0.0
7030,10,20,23,0.0,0.0,0.0,0.0,0.0,0.0,0.0
7031,10,20,24,0.0,0.0,0.0,0.0,0.0,0.0,0.0
7032,10,21,1,0.0,0.0,0.0,0.0,0.0,0.0,0.0
7033,10,21,2,0.0,0.0,0.0,0.0,0.0,0.0,0.0
7034,10,21,3,0.0,0.0,0.0,0.0,0.0,0.0,0.0
7035,10,21,4,0.0,0.0,0.0,0.0,0.0,0.0,0.0
7036,10,21,5,0.0,0.0,0.0,0.0,0.0,0.0,0.0
7037,10,21,6,0.0,0.0,0.0,0.0,0.0,0.0,0.0
7038,10,21,7,2.0,0.0,2.0,1.016547273,1.016547273,1.016547273,1.016547273
7039,10,21,8,181.580267,540.0409016465397,62.086447076407,58.48204306,549.2704942,294.3229645,58.48204306
7040,10,21,9,367.8186965,780.8173820989931,67.17462385969293,88.95090843,671.3411728,530.9521343,88.95090843
7041,10,21,10,517.01114,896.5612184077671,55.54298458157547,101.3480534,590.5109494,702.1040139,101.3480534
7042,10,21,11,581.0601918,881.5105614085822,50.887947815285564,105.834228,381.7179701,758.5971997,105.834228
7043,10,21,12,616.3231677,898.957436472884,41.61929131736937,103.8427076,158.0373593,796.2516851,103.8427076
7044,10,21,13,613.5632998,935.277479954169,28.346288471683614,94.13108374,94.13108374,802.7887868,276.9961634
7045,10,21,14,544.8161659,931.1245666406684,21.89743560039766,81.58863535,81.58863535,737.6571668,489.4753998
7046,10,21,15,414.8447776,865.7796549165963,24.103700845193323,69.39195906,69.39195906,601.2697817,634.0311367
7047,10,21,16,249.1058608,716.7969501979181,32.36183860184848,56.75465827,56.75465827,410.5377789,649.0376655
7048,10,21,17,93.8828447,485.8199643387104,33.19040337011976,33.89248284,33.89248284,205.8713779,502.5504899
7049,10,21,18,2.0,0.0,2.0,1.018474576,1.018474576,1.018474576,1.018474576
7050,10,21,19,0.0,0.0,0.0,0.0,0.0,0.0,0.0
7051,10,21,20,0.0,0.0,0.0,0.0,0.0,0.0,0.0
7052,10,21,21,0.0,0.0,0.0,0.0,0.0,0.0,0.0
7053,10,21,22,0.0,0.0,0.0,0.0,0.0,0.0,0.0
7054,10,21,23,0.0,0.0,0.0,0.0,0.0,0.0,0.0
7055,10,21,24,0.0,0.0,0.0,0.0,0.0,0.0,0.0
7056,10,22,1,0.0,0.0,0.0,0.0,0.0,0.0,0.0
7057,10,22,2,0.0,0.0,0.0,0.0,0.0,0.0,0.0
7058,10,22,3,0.0,0.0,0.0,0.0,0.0,0.0,0.0
7059,10,22,4,0.0,0.0,0.0,0.0,0.0,0.0,0.0
7060,10,22,5,0.0,0.0,0.0,0.0,0.0,0.0,0.0
7061,10,22,6,0.0,0.0,0.0,0.0,0.0,0.0,0.0
7062,10,22,7,2.0,0.0,2.0,1.016646189,1.016646189,1.016646189,1.016646189
7063,10,22,8,177.4876614,533.8738716999591,61.438109880136,57.56426302,542.3256114,293.4641788,57.56426302
7064,10,22,9,370.0574708,799.010413546518,65.72929874900834,88.47882157,683.1250797,544.2118792,88.47882157
7065,10,22,10,457.8551242,764.2022690392508,67.8769958937266,101.4006302,518.916858,618.5760466,101.4006302
7066,10,22,11,500.6968638,735.3252512976654,61.83874582364168,107.7157813,337.8221443,656.8874547,107.7157813
7067,10,22,12,532.9507382,755.7546616103555,53.40871462960914,107.3990149,152.5553491,694.0364781,107.3990149
7068,10,22,13,589.8108192,894.4393917774981,34.51716122519635,96.20322339,96.20322339,778.0451152,271.5872684
7069,10,22,14,557.9260564,973.5582595145924,15.972582473985533,77.91154626,77.91154626,767.1042922,504.0970449
7070,10,22,15,423.4607527,908.6687511335701,17.812933268639004,65.05751369,65.05751369,626.179503,656.7208998
7071,10,22,16,256.8712858,777.9951171709125,25.35710502509196,52.73950712,52.73950712,438.842098,693.4556571
7072,10,22,17,92.85630232,510.32081325318586,31.47263202742525,32.881668,32.881668,215.3002792,523.6424513
7073,10,22,18,2.0,0.0,2.0,1.018470584,1.018470584,1.018470584,1.018470584
7074,10,22,19,0.0,0.0,0.0,0.0,0.0,0.0,0.0
7075,10,22,20,0.0,0.0,0.0,0.0,0.0,0.0,0.0
7076,10,22,21,0.0,0.0,0.0,0.0,0.0,0.0,0.0
7077,10,22,22,0.0,0.0,0.0,0.0,0.0,0.0,0.0
7078,10,22,23,0.0,0.0,0.0,0.0,0.0,0.0,0.0
7079,10,22,24,0.0,0.0,0.0,0.0,0.0,0.0,0.0
7080,10,23,1,0.0,0.0,0.0,0.0,0.0,0.0,0.0
7081,10,23,2,0.0,0.0,0.0,0.0,0.0,0.0,0.0
7082,10,23,3,0.0,0.0,0.0,0.0,0.0,0.0,0.0
7083,10,23,4,0.0,0.0,0.0,0.0,0.0,0.0,0.0
7084,10,23,5,0.0,0.0,0.0,0.0,0.0,0.0,0.0
7085,10,23,6,0.0,0.0,0.0,0.0,0.0,0.0,0.0
7086,10,23,7,1.0,0.0,1.0,0.507186072,0.507186072,0.507186072,0.507186072
7087,10,23,8,173.0153484,525.7062316981047,60.79635381871293,56.60264047,533.6055062,291.6004992,56.60264047
7088,10,23,9,372.2523828,819.6267128787373,63.488845726002936,87.65971028,696.2004484,558.5164007,87.65971028
7089,10,23,10,525.7918629,940.4067945804735,50.04243074194043,99.06199009,609.5104087,736.6629599,99.06199009
7090,10,23,11,625.468659,994.1348438325131,36.73583603131349,101.2992754,409.9195776,844.0563682,101.2992754
7091,10,23,12,661.1027854,1000.3341703916321,31.142957679434872,101.2408216,160.1355001,878.5779017,101.2408216
7092,10,23,13,656.4022518,1006.3320498983805,36.53977304961118,104.8316287,104.8316287,875.7189797,302.4479278
7093,10,23,14,570.393688,985.9183881477611,26.38510220042025,88.05527274,88.05527274,790.6521589,520.1826715
7094,10,23,15,429.2618157,942.7504934207177,12.974202284589563,61.37522621,61.37522621,646.6995327,674.3940265
7095,10,23,16,252.7910913,776.3551625619633,25.448429885037573,52.33039528,52.33039528,440.756021,691.2737234
7096,10,23,17,87.44696361,473.24641615264443,32.68890352104813,32.25451985,32.25451985,204.3218386,489.3200716
7097,10,23,18,1.0,0.0,1.0,0.507337896,0.507337896,0.507337896,0.507337896
7098,10,23,19,0.0,0.0,0.0,0.0,0.0,0.0,0.0
7099,10,23,20,0.0,0.0,0.0,0.0,0.0,0.0,0.0
7100,10,23,21,0.0,0.0,0.0,0.0,0.0,0.0,0.0
7101,10,23,22,0.0,0.0,0.0,0.0,0.0,0.0,0.0
7102,10,23,23,0.0,0.0,0.0,0.0,0.0,0.0,0.0
7103,10,23,24,0.0,0.0,0.0,0.0,0.0,0.0,0.0
7104,10,24,1,0.0,0.0,0.0,0.0,0.0,0.0,0.0
7105,10,24,2,0.0,0.0,0.0,0.0,0.0,0.0,0.0
7106,10,24,3,0.0,0.0,0.0,0.0,0.0,0.0,0.0
7107,10,24,4,0.0,0.0,0.0,0.0,0.0,0.0,0.0
7108,10,24,5,0.0,0.0,0.0,0.0,0.0,0.0,0.0
7109,10,24,6,0.0,0.0,0.0,0.0,0.0,0.0,0.0
7110,10,24,7,1.0,0.0,1.0,0.50718459,0.50718459,0.50718459,0.50718459
7111,10,24,8,167.8078676,518.0319528871166,59.25865656080151,55.37940251,524.8378205,289.4532119,55.37940251
7112,10,24,9,359.8913946,794.8602071468149,63.78027276369893,86.36580028,675.8908654,546.7849818,86.36580028
7113,10,24,10,510.4556045,913.2467560942076,52.47974338660234,98.84297836,593.8557802,722.2305442,98.84297836
7114,10,24,11,636.6920388,1003.9164386200173,46.79926476992648,109.2214397,420.3576359,864.1516897,109.2214397
7115,10,24,12,675.1753443,1011.7829985023706,42.82248293515054,110.9537498,170.0019104,902.0758506,110.9537498
7116,10,24,13,650.7665556,1005.8121511847103,36.096973211642315,103.914525,103.914525,878.2449386,301.7010101
7117,10,24,14,564.7898205,985.3758056453628,25.86954760072509,87.04189619,87.04189619,792.9729721,518.8545866
7118,10,24,15,424.9808301,941.6007766915461,13.72629104074001,61.61406682,61.61406682,649.911574,673.5918441
7119,10,24,16,253.4438697,804.4459030909791,21.645185938930045,49.54912287,49.54912287,454.7091261,710.2324109
7120,10,24,17,87.8978788,521.0146682900651,29.961880260885913,31.13876923,31.13876923,221.8074527,531.2860374
7121,10,24,18,1.0,0.0,1.0,0.507336913,0.507336913,0.507336913,0.507336913
7122,10,24,19,0.0,0.0,0.0,0.0,0.0,0.0,0.0
7123,10,24,20,0.0,0.0,0.0,0.0,0.0,0.0,0.0
7124,10,24,21,0.0,0.0,0.0,0.0,0.0,0.0,0.0
7125,10,24,22,0.0,0.0,0.0,0.0,0.0,0.0,0.0
7126,10,24,23,0.0,0.0,0.0,0.0,0.0,0.0,0.0
7127,10,24,24,0.0,0.0,0.0,0.0,0.0,0.0,0.0
7128,10,25,1,0.0,0.0,0.0,0.0,0.0,0.0,0.0
7129,10,25,2,0.0,0.0,0.0,0.0,0.0,0.0,0.0
7130,10,25,3,0.0,0.0,0.0,0.0,0.0,0.0,0.0
7131,10,25,4,0.0,0.0,0.0,0.0,0.0,0.0,0.0
7132,10,25,5,0.0,0.0,0.0,0.0,0.0,0.0,0.0
7133,10,25,6,0.0,0.0,0.0,0.0,0.0,0.0,0.0
7134,10,25,7,1.0,0.0,1.0,0.507190923,0.507190923,0.507190923,0.507190923
7135,10,25,8,173.3746085,554.4482607137222,59.375266626280435,55.59213178,556.5065455,308.2908897,55.59213178
7136,10,25,9,363.1741964,814.6095870428765,63.11859513824181,86.30176729,689.2691495,561.5295578,86.30176729
7137,10,25,10,530.7892754,973.8651840639815,46.720001207213606,97.5185227,623.7408074,765.503862,97.5185227
7138,10,25,11,631.3322014,1003.4415514245615,46.34599232286987,108.3590623,418.525701,866.8930636,108.3590623
7139,10,25,12,650.6365862,1000.2349051759783,30.250067113719638,99.42974869,157.2001019,884.3991923,99.42974869
7140,10,25,13,645.1562207,1005.2902468820076,35.651098340712394,102.9933264,102.9933264,880.7060515,300.8910301
7141,10,25,14,532.0760451,947.598064722624,18.387552372239465,77.23200591,77.23200591,759.1147073,492.0428752
7142,10,25,15,388.09862,836.4823296779166,26.734816715746305,68.58792227,68.58792227,595.7708978,613.2951087
7143,10,25,16,226.3198337,673.709026448855,35.308993078195314,55.83652042,55.83652042,399.8120522,611.9040039
7144,10,25,17,81.31132613,442.18690907157634,34.10350936518217,31.03600328,31.03600328,196.8225186,460.537595
7145,10,25,18,1.0,0.0,1.0,0.507335939,0.507335939,0.507335939,0.507335939
7146,10,25,19,0.0,0.0,0.0,0.0,0.0,0.0,0.0
7147,10,25,20,0.0,0.0,0.0,0.0,0.0,0.0,0.0
7148,10,25,21,0.0,0.0,0.0,0.0,0.0,0.0,0.0
7149,10,25,22,0.0,0.0,0.0,0.0,0.0,0.0,0.0
7150,10,25,23,0.0,0.0,0.0,0.0,0.0,0.0,0.0
7151,10,25,24,0.0,0.0,0.0,0.0,0.0,0.0,0.0
7152,10,26,1,0.0,0.0,0.0,0.0,0.0,0.0,0.0
7153,10,26,2,0.0,0.0,0.0,0.0,0.0,0.0,0.0
7154,10,26,3,0.0,0.0,0.0,0.0,0.0,0.0,0.0
7155,10,26,4,0.0,0.0,0.0,0.0,0.0,0.0,0.0
7156,10,26,5,0.0,0.0,0.0,0.0,0.0,0.0,0.0
7157,10,26,6,0.0,0.0,0.0,0.0,0.0,0.0,0.0
7158,10,26,7,1.0,0.0,1.0,0.507205586,0.507205586,0.507205586,0.507205586
7159,10,26,8,118.9618844,294.73610233272973,59.52364038033397,50.84336011,324.7879038,190.6277325,50.84336011
7160,10,26,9,325.0582636,708.9673255880185,66.89092049894342,83.69971565,609.2501306,501.6110454,83.69971565
7161,10,26,10,401.7983018,672.4803552487165,70.51019457602912,99.00895031,464.4263579,566.478944,99.00895031
7162,10,26,11,483.493816,733.6880381131322,59.148132265603856,104.0638244,331.1650317,663.7073079,104.0638244
7163,10,26,12,561.2124757,835.3986557065546,47.01762410187097,101.4925086,149.4748879,762.0842018,101.4925086
7164,10,26,13,438.2867934,606.0183330392258,73.76398885412652,108.9256913,108.9256913,584.4147802,229.4365079
7165,10,26,14,434.3964494,702.2375926120076,57.07615614920626,94.00853857,94.00853857,605.7537115,403.5945977
7166,10,26,15,248.9061923,262.9847274277158,136.5331639208835,97.75701907,97.75701907,276.8463254,281.5531207
7167,10,26,16,186.967752,352.714661374469,88.57505911890529,74.32100611,74.32100611,264.154025,378.5677841
7168,10,26,17,72.77988325,186.35656061938124,53.69814545234972,35.00292683,35.00292683,114.8666641,239.3745123
7169,10,26,18,1.0,0.0,1.0,0.507334973,0.507334973,0.507334973,0.507334973
7170,10,26,19,0.0,0.0,0.0,0.0,0.0,0.0,0.0
7171,10,26,20,0.0,0.0,0.0,0.0,0.0,0.0,0.0
7172,10,26,21,0.0,0.0,0.0,0.0,0.0,0.0,0.0
7173,10,26,22,0.0,0.0,0.0,0.0,0.0,0.0,0.0
7174,10,26,23,0.0,0.0,0.0,0.0,0.0,0.0,0.0
7175,10,26,24,0.0,0.0,0.0,0.0,0.0,0.0,0.0
7176,10,27,1,0.0,0.0,0.0,0.0,0.0,0.0,0.0
7177,10,27,2,0.0,0.0,0.0,0.0,0.0,0.0,0.0
7178,10,27,3,0.0,0.0,0.0,0.0,0.0,0.0,0.0
7179,10,27,4,0.0,0.0,0.0,0.0,0.0,0.0,0.0
7180,10,27,5,0.0,0.0,0.0,0.0,0.0,0.0,0.0
7181,10,27,6,0.0,0.0,0.0,0.0,0.0,0.0,0.0
7182,10,27,7,1.0,0.0,1.0,0.507228801,0.507228801,0.507228801,0.507228801
7183,10,27,8,151.5697407,481.0110561550332,56.46660694491855,51.98140495,487.2432175,276.56434,51.98140495
7184,10,27,9,339.529456,768.524586234548,62.904839536486804,83.47313877,651.089976,538.766914,83.47313877
7185,10,27,10,461.0380598,825.994761318546,57.77767124184573,96.46269061,542.466785,671.3470093,96.46269061
7186,10,27,11,551.921103,879.1885225618649,47.46510671692954,100.6109072,371.3109627,772.6267622,100.6109072
7187,10,27,12,617.7563139,962.9674113265852,29.581972123095554,95.351276,150.1025252,858.3598532,95.351276
7188,10,27,13,615.6139176,993.7360065093018,22.610989886488245,89.75021325,89.75021325,864.8374118,285.3699071
7189,10,27,14,532.5621238,970.1595381959274,15.884960168010187,75.08452256,75.08452256,780.1178041,499.2197493
7190,10,27,15,398.3648664,899.3284631960538,18.266271294766852,62.7609738,62.7609738,635.327219,646.4201776
7191,10,27,16,234.293257,765.0898826959824,24.306403474944428,49.34450898,49.34450898,444.1612917,676.7169839
7192,10,27,17,75.17912071,393.22774420361736,36.602751751564305,29.71694203,29.71694203,182.5739861,416.1459096
7193,10,27,18,1.0,0.0,1.0,0.507334016,0.507334016,0.507334016,0.507334016
7194,10,27,19,0.0,0.0,0.0,0.0,0.0,0.0,0.0
7195,10,27,20,0.0,0.0,0.0,0.0,0.0,0.0,0.0
7196,10,27,21,0.0,0.0,0.0,0.0,0.0,0.0,0.0
7197,10,27,22,0.0,0.0,0.0,0.0,0.0,0.0,0.0
7198,10,27,23,0.0,0.0,0.0,0.0,0.0,0.0,0.0
7199,10,27,24,0.0,0.0,0.0,0.0,0.0,0.0,0.0
7200,10,28,1,0.0,0.0,0.0,0.0,0.0,0.0,0.0
7201,10,28,2,0.0,0.0,0.0,0.0,0.0,0.0,0.0
7202,10,28,3,0.0,0.0,0.0,0.0,0.0,0.0,0.0
7203,10,28,4,0.0,0.0,0.0,0.0,0.0,0.0,0.0
7204,10,28,5,0.0,0.0,0.0,0.0,0.0,0.0,0.0
7205,10,28,6,0.0,0.0,0.0,0.0,0.0,0.0,0.0
7206,10,28,7,1.0,0.0,1.0,0.507260235,0.507260235,0.507260235,0.507260235
7207,10,28,8,143.7637507,458.2996234410479,54.96480397228499,50.47054135,465.2193599,266.8005048,50.47054135
7208,10,28,9,340.9585494,785.686487119141,61.462271479941066,82.87923509,661.9642737,551.315451,82.87923509
7209,10,28,10,500.0264674,931.0367443630134,49.6011551181211,95.91004547,596.6631009,746.1178148,95.91004547
7210,10,28,11,586.2035535,963.4258771510083,37.83559919640635,97.83067101,393.3265673,836.6322352,97.83067101
7211,10,28,12,612.8413476,962.0055674724339,29.77073639501147,94.95274111,149.2931207,860.7456719,94.95274111
7212,10,28,13,589.73718,956.2353260001282,23.6371645028757,87.77163544,87.77163544,837.2333377,276.0934482
7213,10,28,14,499.2681713,899.8703366586432,24.252464974613236,78.61343926,78.61343926,736.68719,472.2690183
7214,10,28,15,374.1337934,833.6040280724516,25.644150638713196,66.20384237,66.20384237,600.8856673,607.5789578
7215,10,28,16,194.5779964,516.9518199422412,54.98573231974839,61.49386307,61.49386307,335.0834918,492.542974
7216,10,28,17,37.54233391,17.267411476771002,35.921161918226105,18.97659014,18.97659014,34.60545994,58.01417914
7217,10,28,18,0.0,0.0,0.0,0.0,0.0,0.0,0.0
7218,10,28,19,0.0,0.0,0.0,0.0,0.0,0.0,0.0
7219,10,28,20,0.0,0.0,0.0,0.0,0.0,0.0,0.0
7220,10,28,21,0.0,0.0,0.0,0.0,0.0,0.0,0.0
7221,10,28,22,0.0,0.0,0.0,0.0,0.0,0.0,0.0
7222,10,28,23,0.0,0.0,0.0,0.0,0.0,0.0,0.0
7223,10,28,24,0.0,0.0,0.0,0.0,0.0,0.0,0.0
7224,10,29,1,0.0,0.0,0.0,0.0,0.0,0.0,0.0
7225,10,29,2,0.0,0.0,0.0,0.0,0.0,0.0,0.0
7226,10,29,3,0.0,0.0,0.0,0.0,0.0,0.0,0.0
7227,10,29,4,0.0,0.0,0.0,0.0,0.0,0.0,0.0
7228,10,29,5,0.0,0.0,0.0,0.0,0.0,0.0,0.0
7229,10,29,6,0.0,0.0,0.0,0.0,0.0,0.0,0.0
7230,10,29,7,0.0,0.0,0.0,0.0,0.0,0.0,0.0
7231,10,29,8,18.1871698,0.0,18.1871698,9.280833639,10.1498234,9.73889942,9.280833639
7232,10,29,9,45.69724598,0.0,45.69724598,23.4678079,24.92043718,24.65259321,23.4678079
7233,10,29,10,70.42856358,0.0,70.42856358,36.28926239,37.89168951,38.38483712,36.28926239
7234,10,29,11,88.68351324,0.0,88.68351324,45.98029318,46.89700075,48.28798259,45.98029318
7235,10,29,12,97.79334356,0.0,97.79334356,50.74662468,50.93512583,53.43021028,50.74662468
7236,10,29,13,97.75056977,0.0,97.75056977,50.69749906,50.69749906,53.42110237,51.37873402
7237,10,29,14,307.5251486,295.36763053067403,152.98293424071906,113.6990758,113.6990758,344.0108014,250.6879328
7238,10,29,15,168.0616373,59.99832548071448,143.2514349624115,78.58901357,78.58901357,131.6207551,131.9238137
7239,10,29,16,107.4533479,42.971068411733384,96.0373122622935,51.82688207,51.82688207,86.42241984,105.873247
7240,10,29,17,40.64416331,31.136619001648068,37.849693473212774,20.17064833,20.17064833,42.10835715,74.31780634
7241,10,29,18,0.0,0.0,0.0,0.0,0.0,0.0,0.0
7242,10,29,19,0.0,0.0,0.0,0.0,0.0,0.0,0.0
7243,10,29,20,0.0,0.0,0.0,0.0,0.0,0.0,0.0
7244,10,29,21,0.0,0.0,0.0,0.0,0.0,0.0,0.0
7245,10,29,22,0.0,0.0,0.0,0.0,0.0,0.0,0.0
7246,10,29,23,0.0,0.0,0.0,0.0,0.0,0.0,0.0
7247,10,29,24,0.0,0.0,0.0,0.0,0.0,0.0,0.0
7248,10,30,1,0.0,0.0,0.0,0.0,0.0,0.0,0.0
7249,10,30,2,0.0,0.0,0.0,0.0,0.0,0.0,0.0
7250,10,30,3,0.0,0.0,0.0,0.0,0.0,0.0,0.0
7251,10,30,4,0.0,0.0,0.0,0.0,0.0,0.0,0.0
7252,10,30,5,0.0,0.0,0.0,0.0,0.0,0.0,0.0
7253,10,30,6,0.0,0.0,0.0,0.0,0.0,0.0,0.0
7254,10,30,7,0.0,0.0,0.0,0.0,0.0,0.0,0.0
7255,10,30,8,140.6631134,473.49630420042087,52.67418170409637,48.87520154,475.5632299,276.1141845,48.87520154
7256,10,30,9,331.5911283,781.0974030240255,60.303886128752936,81.12227913,655.1225138,553.0536537,81.12227913
7257,10,30,10,480.6189396,904.9120460553344,50.825293044639395,94.49035014,579.8119517,733.5771017,94.49035014
7258,10,30,11,587.2368856,985.2695134208324,35.440940415010665,96.18987856,397.0836959,858.6447353,96.18987856
7259,10,30,12,641.8367517,1009.1359291110597,39.60472704969682,105.1780133,161.6441744,916.4261584,105.1780133
7260,10,30,13,588.304747,974.2704353488424,20.64515767385603,85.09184324,85.09184324,855.2795578,276.8105345
7261,10,30,14,499.6678719,922.8503829893898,21.061545121106786,75.99586904,75.99586904,757.1100327,478.8028181
7262,10,30,15,372.2816133,854.1093285832951,22.917744113452112,63.81533713,63.81533713,617.5729355,616.9991054
7263,10,30,16,207.1811955,661.2732193503656,34.339156391590976,52.74037238,52.74037238,403.397228,595.9537423
7264,10,30,17,66.59248587,374.74518093396534,34.48021026115507,26.86650432,26.86650432,178.4130098,396.5389698
7265,10,30,18,1.0,0.0,1.0,0.507331198,0.507331198,0.507331198,0.507331198
7266,10,30,19,0.0,0.0,0.0,0.0,0.0,0.0,0.0
7267,10,30,20,0.0,0.0,0.0,0.0,0.0,0.0,0.0
7268,10,30,21,0.0,0.0,0.0,0.0,0.0,0.0,0.0
7269,10,30,22,0.0,0.0,0.0,0.0,0.0,0.0,0.0
7270,10,30,23,0.0,0.0,0.0,0.0,0.0,0.0,0.0
7271,10,30,24,0.0,0.0,0.0,0.0,0.0,0.0,0.0
7272,10,31,1,0.0,0.0,0.0,0.0,0.0,0.0,0.0
7273,10,31,2,0.0,0.0,0.0,0.0,0.0,0.0,0.0
7274,10,31,3,0.0,0.0,0.0,0.0,0.0,0.0,0.0
7275,10,31,4,0.0,0.0,0.0,0.0,0.0,0.0,0.0
7276,10,31,5,0.0,0.0,0.0,0.0,0.0,0.0,0.0
7277,10,31,6,0.0,0.0,0.0,0.0,0.0,0.0,0.0
7278,10,31,7,1.0,0.0,1.0,0.507330278,0.507330278,0.507330278,0.507330278
7279,10,31,8,139.0570343,483.812155731368,51.07106348401767,47.96144548,482.8078522,281.8700001,47.96144548
7280,10,31,9,334.4231306,800.8402299120429,59.64919174838267,80.98966183,668.4129352,567.7387091,80.98966183
7281,10,31,10,484.6671448,926.3418612666499,48.776324160656486,93.65362424,589.4780763,750.9664912,93.65362424
7282,10,31,11,598.9604459,1000.9556169782697,42.92981008793226,102.5947876,407.9933082,881.3581505,102.5947876
7283,10,31,12,636.4299483,1008.6142595241466,39.16865159810381,104.2800444,160.502678,918.5816814,104.2800444
7284,10,31,13,594.8805637,993.3790781614645,20.678127973140107,85.8195484,85.8195484,874.5060825,281.1636121
7285,10,31,14,511.0959982,963.6966071647854,15.691909274517998,72.5570469,72.5570469,786.5925675,492.398719
7286,10,31,15,379.9045041,892.8935771827942,18.61679556843775,61.06390367,61.06390367,642.627794,638.1300337
7287,10,31,16,223.5880451,785.992409490687,21.461722497663686,45.9672787,45.9672787,463.2139324,686.9489388
7288,10,31,17,63.73614663,476.1360583406314,24.82875169133327,24.4850395,24.4850395,213.8562519,481.0786077
7289,10,31,18,1.0,0.0,1.0,0.507330278,0.507330278,0.507330278,0.507330278
7290,10,31,19,0.0,0.0,0.0,0.0,0.0,0.0,0.0
7291,10,31,20,0.0,0.0,0.0,0.0,0.0,0.0,0.0
7292,10,31,21,0.0,0.0,0.0,0.0,0.0,0.0,0.0
7293,10,31,22,0.0,0.0,0.0,0.0,0.0,0.0,0.0
7294,10,31,23,0.0,0.0,0.0,0.0,0.0,0.0,0.0
7295,10,31,24,0.0,0.0,0.0,0.0,0.0,0.0,0.0
7296,11,1,1,0.0,0.0,0.0,0.0,0.0,0.0,0.0
7297,11,1,2,0.0,0.0,0.0,0.0,0.0,0.0,0.0
7298,11,1,3,0.0,0.0,0.0,0.0,0.0,0.0,0.0
7299,11,1,4,0.0,0.0,0.0,0.0,0.0,0.0,0.0
7300,11,1,5,0.0,0.0,0.0,0.0,0.0,0.0,0.0
7301,11,1,6,0.0,0.0,0.0,0.0,0.0,0.0,0.0
7302,11,1,7,0.0,0.0,0.0,0.0,0.0,0.0,0.0
7303,11,1,8,39.40313138,4.47686423089543,38.60673660186575,20.58429339,32.31268495,26.95468691,20.58429339
7304,11,1,9,107.0500458,33.852717018568384,95.57728706446868,52.48662664,85.46215532,80.01866053,52.48662664
7305,11,1,10,180.5968595,73.62243360291959,146.27737221875194,82.77829415,128.8102733,144.2006164,82.77829415
7306,11,1,11,245.1193194,109.10507491735754,185.00536602565703,107.1699924,144.4988815,202.934398,107.1699924
7307,11,1,12,288.551845,176.15344408729882,185.04926542674843,120.7560945,131.2356026,273.6054059,120.7560945
7308,11,1,13,268.0436726,120.87258240073727,198.7293118759675,115.9366062,115.9366062,223.6260149,142.4710598
7309,11,1,14,223.7476179,96.30956272162037,174.67123279347587,100.2261726,100.2261726,182.4275083,148.2785098
7310,11,1,15,162.704878,67.51742110851835,135.67915104183234,76.19981343,76.19981343,129.5282205,128.7614838
7311,11,1,16,137.2113014,144.6016034824807,100.62435753378827,62.00475899,62.00475899,147.6103766,192.4244218
7312,11,1,17,57.76369222,136.3844692646059,47.149972757326715,29.69898126,29.69898126,92.08698331,178.4019323
7313,11,1,18,0.0,0.0,0.0,0.0,0.0,0.0,0.0
7314,11,1,19,0.0,0.0,0.0,0.0,0.0,0.0,0.0
7315,11,1,20,0.0,0.0,0.0,0.0,0.0,0.0,0.0
7316,11,1,21,0.0,0.0,0.0,0.0,0.0,0.0,0.0
7317,11,1,22,0.0,0.0,0.0,0.0,0.0,0.0,0.0
7318,11,1,23,0.0,0.0,0.0,0.0,0.0,0.0,0.0
7319,11,1,24,0.0,0.0,0.0,0.0,0.0,0.0,0.0
7320,11,2,1,0.0,0.0,0.0,0.0,0.0,0.0,0.0
7321,11,2,2,0.0,0.0,0.0,0.0,0.0,0.0,0.0
7322,11,2,3,0.0,0.0,0.0,0.0,0.0,0.0,0.0
7323,11,2,4,0.0,0.0,0.0,0.0,0.0,0.0,0.0
7324,11,2,5,0.0,0.0,0.0,0.0,0.0,0.0,0.0
7325,11,2,6,0.0,0.0,0.0,0.0,0.0,0.0,0.0
7326,11,2,7,0.0,0.0,0.0,0.0,0.0,0.0,0.0
7327,11,2,8,139.5908059,515.0274143468373,50.01509618572512,47.97141337,503.0818068,297.5130033,47.97141337
7328,11,2,9,336.2766809,839.2308367808206,55.38376363969073,79.63173544,689.8417271,592.8757945,79.63173544
7329,11,2,10,486.2355975,958.4486817248917,43.650576606166645,91.23184677,601.1145674,775.8799771,91.23184677
7330,11,2,11,579.514051,1004.6665190988605,30.496152092704826,92.17186374,396.9307491,878.5259557,92.17186374
7331,11,2,12,609.4035897,1008.3303061245481,21.533670142054547,88.28289628,144.0730689,906.8710246,88.28289628
7332,11,2,13,500.7734509,817.9079579281331,35.45392885074998,87.88388551,87.88388551,743.2799728,248.5026155
7333,11,2,14,363.6212309,583.9656532273867,68.64381326352955,95.89133252,95.89133252,535.8850021,351.5930695
7334,11,2,15,229.8308105,260.022654295291,126.86253759406448,92.08479425,92.08479425,271.4978334,267.7361351
7335,11,2,16,130.5082221,133.77458300759605,97.20444925904957,59.73764981,59.73764981,139.9820489,180.9837082
7336,11,2,17,39.41022121,68.37607187478197,34.349424687722404,20.42153545,20.42153545,54.62738341,101.0298425
7337,11,2,18,0.0,0.0,0.0,0.0,0.0,0.0,0.0
7338,11,2,19,0.0,0.0,0.0,0.0,0.0,0.0,0.0
7339,11,2,20,0.0,0.0,0.0,0.0,0.0,0.0,0.0
7340,11,2,21,0.0,0.0,0.0,0.0,0.0,0.0,0.0
7341,11,2,22,0.0,0.0,0.0,0.0,0.0,0.0,0.0
7342,11,2,23,0.0,0.0,0.0,0.0,0.0,0.0,0.0
7343,11,2,24,0.0,0.0,0.0,0.0,0.0,0.0,0.0
7344,11,3,1,0.0,0.0,0.0,0.0,0.0,0.0,0.0
7345,11,3,2,0.0,0.0,0.0,0.0,0.0,0.0,0.0
7346,11,3,3,0.0,0.0,0.0,0.0,0.0,0.0,0.0
7347,11,3,4,0.0,0.0,0.0,0.0,0.0,0.0,0.0
7348,11,3,5,0.0,0.0,0.0,0.0,0.0,0.0,0.0
7349,11,3,6,0.0,0.0,0.0,0.0,0.0,0.0,0.0
7350,11,3,7,0.0,0.0,0.0,0.0,0.0,0.0,0.0
7351,11,3,8,79.27497923,198.67465690108253,45.50815143660572,39.75869452,220.7303777,139.9008651,39.75869452
7352,11,3,9,215.6395464,406.2966384245456,81.35400568176262,78.44267968,378.4545575,332.5907546,78.44267968
7353,11,3,10,371.2831286,673.8987361930954,63.03921854763993,91.8419611,451.4370408,577.632883,91.8419611
7354,11,3,11,500.6588355,845.1295209855631,42.610031787611916,92.55476113,348.9838542,757.8488665,92.55476113
7355,11,3,12,583.1552821,965.8253440874458,24.434245531771694,87.86890006,141.2752379,875.3154193,87.86890006
7356,11,3,13,572.1897146,986.010801668689,15.660210450755905,79.25068803,79.25068803,870.9741447,272.1964796
7357,11,3,14,501.1005535,978.6167657040861,11.062804985536996,67.43995311,67.43995311,801.611737,491.5892673
7358,11,3,15,375.5313334,929.3061656069389,11.441907437582428,54.44840532,54.44840532,668.2105003,651.3319143
7359,11,3,16,211.7158933,787.1376903735606,18.891592489842033,43.00140413,43.00140413,468.3318137,680.4073102
7360,11,3,17,56.36933159,449.07403324005287,24.80270101289933,22.66195726,22.66195726,205.1332083,447.8620548
7361,11,3,18,0.0,0.0,0.0,0.0,0.0,0.0,0.0
7362,11,3,19,0.0,0.0,0.0,0.0,0.0,0.0,0.0
7363,11,3,20,0.0,0.0,0.0,0.0,0.0,0.0,0.0
7364,11,3,21,0.0,0.0,0.0,0.0,0.0,0.0,0.0
7365,11,3,22,0.0,0.0,0.0,0.0,0.0,0.0,0.0
7366,11,3,23,0.0,0.0,0.0,0.0,0.0,0.0,0.0
7367,11,3,24,0.0,0.0,0.0,0.0,0.0,0.0,0.0
7368,11,4,1,0.0,0.0,0.0,0.0,0.0,0.0,0.0
7369,11,4,2,0.0,0.0,0.0,0.0,0.0,0.0,0.0
7370,11,4,3,0.0,0.0,0.0,0.0,0.0,0.0,0.0
7371,11,4,4,0.0,0.0,0.0,0.0,0.0,0.0,0.0
7372,11,4,5,0.0,0.0,0.0,0.0,0.0,0.0,0.0
7373,11,4,6,0.0,0.0,0.0,0.0,0.0,0.0,0.0
7374,11,4,7,0.0,0.0,0.0,0.0,0.0,0.0,0.0
7375,11,4,8,132.537212,510.32222785031973,47.822799853411595,45.96976643,495.7540408,297.0853263,45.96976643
7376,11,4,9,327.2963622,834.3088704967565,55.03712980653981,78.22611382,683.302355,594.3667709,78.22611382
7377,11,4,10,480.0445677,965.5362342393732,42.60597013828608,89.78044854,602.0388198,785.8795655,89.78044854
7378,11,4,11,578.9934147,1010.0341097283076,36.068150907547476,96.24029827,402.0120399,893.7022407,96.24029827
7379,11,4,12,617.1231399,1018.3719282465955,32.571949116169364,97.970455,154.3147323,931.9098538,97.970455
7380,11,4,13,592.3059917,1011.784709470281,25.721244036691157,90.13952344,90.13952344,906.3808925,287.9114487
7381,11,4,14,506.9415592,989.8084327426736,15.577577035432427,72.33100024,72.33100024,818.4206492,500.8092031
7382,11,4,15,371.0218825,927.4226821150206,11.509366454713062,54.02456899,54.02456899,669.7136967,648.7942733
7383,11,4,16,207.0807547,783.4581630330005,18.216884926146665,41.93541417,41.93541417,468.0670493,675.3608712
7384,11,4,17,53.50251269,441.6988240941261,24.059198398889226,21.80131879,21.80131879,203.2394727,439.9260723
7385,11,4,18,0.0,0.0,0.0,0.0,0.0,0.0,0.0
7386,11,4,19,0.0,0.0,0.0,0.0,0.0,0.0,0.0
7387,11,4,20,0.0,0.0,0.0,0.0,0.0,0.0,0.0
7388,11,4,21,0.0,0.0,0.0,0.0,0.0,0.0,0.0
7389,11,4,22,0.0,0.0,0.0,0.0,0.0,0.0,0.0
7390,11,4,23,0.0,0.0,0.0,0.0,0.0,0.0,0.0
7391,11,4,24,0.0,0.0,0.0,0.0,0.0,0.0,0.0
7392,11,5,1,0.0,0.0,0.0,0.0,0.0,0.0,0.0
7393,11,5,2,0.0,0.0,0.0,0.0,0.0,0.0,0.0
7394,11,5,3,0.0,0.0,0.0,0.0,0.0,0.0,0.0
7395,11,5,4,0.0,0.0,0.0,0.0,0.0,0.0,0.0
7396,11,5,5,0.0,0.0,0.0,0.0,0.0,0.0,0.0
7397,11,5,6,0.0,0.0,0.0,0.0,0.0,0.0,0.0
7398,11,5,7,0.0,0.0,0.0,0.0,0.0,0.0,0.0
7399,11,5,8,100.4982646,308.4581817978033,50.512559548382306,44.26592207,320.705636,199.9400747,44.26592207
7400,11,5,9,266.682116,632.3412046385881,62.967780689690265,75.01191323,535.0377575,470.0653233,75.01191323
7401,11,5,10,406.2211304,787.8700394972825,52.68779610537945,88.09917551,506.4867028,659.8606298,88.09917551
7402,11,5,11,501.4102075,866.3017473758547,39.5799526716463,90.46589368,352.6754044,777.7065079,90.46589368
7403,11,5,12,545.1260111,905.2548301072216,29.52885049786504,87.85196277,137.9929972,832.0226413,87.85196277
7404,11,5,13,528.5220662,910.5577277083432,22.61886793536271,80.61202568,80.61202568,818.0272924,258.2180837
7405,11,5,14,456.5546727,889.484177828406,18.782284212657817,69.7015003,69.7015003,743.3498658,454.2676727
7406,11,5,15,339.2338852,833.5520504529441,19.499050606569742,57.75890781,57.75890781,614.604859,592.1100638
7407,11,5,16,191.5102382,700.1119525874788,25.413927760120096,45.42948168,45.42948168,429.6238412,611.9176922
7408,11,5,17,50.43651683,365.91331250343177,27.341813946098707,21.38923296,21.38923296,175.375637,372.3812914
7409,11,5,18,0.0,0.0,0.0,0.0,0.0,0.0,0.0
7410,11,5,19,0.0,0.0,0.0,0.0,0.0,0.0,0.0
7411,11,5,20,0.0,0.0,0.0,0.0,0.0,0.0,0.0
7412,11,5,21,0.0,0.0,0.0,0.0,0.0,0.0,0.0
7413,11,5,22,0.0,0.0,0.0,0.0,0.0,0.0,0.0
7414,11,5,23,0.0,0.0,0.0,0.0,0.0,0.0,0.0
7415,11,5,24,0.0,0.0,0.0,0.0,0.0,0.0,0.0
7416,11,6,1,0.0,0.0,0.0,0.0,0.0,0.0,0.0
7417,11,6,2,0.0,0.0,0.0,0.0,0.0,0.0,0.0
7418,11,6,3,0.0,0.0,0.0,0.0,0.0,0.0,0.0
7419,11,6,4,0.0,0.0,0.0,0.0,0.0,0.0,0.0
7420,11,6,5,0.0,0.0,0.0,0.0,0.0,0.0,0.0
7421,11,6,6,0.0,0.0,0.0,0.0,0.0,0.0,0.0
7422,11,6,7,0.0,0.0,0.0,0.0,0.0,0.0,0.0
7423,11,6,8,96.19287049,284.399853176611,51.227137936941425,43.79836057,299.6418829,189.0837276,43.79836057
7424,11,6,9,262.4581075,629.0952017372233,62.40414345517054,74.16482138,531.29464,469.2902384,74.16482138
7425,11,6,10,407.2002491,802.2054576319346,50.69222525895698,86.97737102,512.3692802,671.481022,86.97737102
7426,11,6,11,509.0525259,891.5762504925158,37.66659559886424,89.87290471,359.4427381,799.7136966,89.87290471
7427,11,6,12,558.2632215,941.2060731514873,26.333872036147984,86.65271528,138.8722199,862.9871176,86.65271528
7428,11,6,13,541.7520703,948.7125358154155,18.762418380848715,78.66014415,78.66014415,849.6116175,263.1992138
7429,11,6,14,467.7913625,928.3254141924688,14.795841583642634,67.29862482,67.29862482,773.0050018,467.7466305
7430,11,6,15,345.8306096,870.8090437768165,15.279303787316085,54.75815445,54.75815445,639.0250791,611.7060586
7431,11,6,16,188.4489986,704.5448789205938,23.934251491121056,44.02414529,44.02414529,433.0170521,613.0035775
7432,11,6,17,49.47575534,315.3197360845497,30.663140509115316,20.73436015,20.73436015,157.0492863,328.1002996
7433,11,6,18,0.0,0.0,0.0,0.0,0.0,0.0,0.0
7434,11,6,19,0.0,0.0,0.0,0.0,0.0,0.0,0.0
7435,11,6,20,0.0,0.0,0.0,0.0,0.0,0.0,0.0
7436,11,6,21,0.0,0.0,0.0,0.0,0.0,0.0,0.0
7437,11,6,22,0.0,0.0,0.0,0.0,0.0,0.0,0.0
7438,11,6,23,0.0,0.0,0.0,0.0,0.0,0.0,0.0
7439,11,6,24,0.0,0.0,0.0,0.0,0.0,0.0,0.0
7440,11,7,1,0.0,0.0,0.0,0.0,0.0,0.0,0.0
7441,11,7,2,0.0,0.0,0.0,0.0,0.0,0.0,0.0
7442,11,7,3,0.0,0.0,0.0,0.0,0.0,0.0,0.0
7443,11,7,4,0.0,0.0,0.0,0.0,0.0,0.0,0.0
7444,11,7,5,0.0,0.0,0.0,0.0,0.0,0.0,0.0
7445,11,7,6,0.0,0.0,0.0,0.0,0.0,0.0,0.0
7446,11,7,7,0.0,0.0,0.0,0.0,0.0,0.0,0.0
7447,11,7,8,92.79017524,282.38208356122806,49.25377708929667,42.40471906,296.0081397,187.5889579,42.40471906
7448,11,7,9,259.581119,627.4915084148392,62.63496793458671,73.74962906,529.2623918,469.9585349,73.74962906
7449,11,7,10,339.2898282,609.5533450273756,71.01116053369826,91.84668288,416.381324,540.1053295,91.84668288
7450,11,7,11,356.1731028,491.33619547331386,98.54113316459757,109.9926293,260.3239349,507.5959862,109.9926293
7451,11,7,12,326.240436,308.8087668437785,153.06084456804265,118.2670781,136.0496763,382.8099899,118.2670781
7452,11,7,13,346.3964792,398.3829228610293,128.48731208130897,118.0613632,118.0613632,450.5235222,197.1357586
7453,11,7,14,323.9267154,456.94587437458773,102.83602885253241,101.4955008,101.4955008,456.594046,301.7767107
7454,11,7,15,258.755877,472.13565174046016,81.38462339207665,85.56675523,85.56675523,409.3797196,392.1985242
7455,11,7,16,137.687439,224.87646346957888,85.9987864317539,62.65489461,62.65489461,195.4931703,255.4166021
7456,11,7,17,34.17178291,68.66202358825356,30.306043687327904,18.02001094,18.02001094,55.26511275,101.1081797
7457,11,7,18,0.0,0.0,0.0,0.0,0.0,0.0,0.0
7458,11,7,19,0.0,0.0,0.0,0.0,0.0,0.0,0.0
7459,11,7,20,0.0,0.0,0.0,0.0,0.0,0.0,0.0
7460,11,7,21,0.0,0.0,0.0,0.0,0.0,0.0,0.0
7461,11,7,22,0.0,0.0,0.0,0.0,0.0,0.0,0.0
7462,11,7,23,0.0,0.0,0.0,0.0,0.0,0.0,0.0
7463,11,7,24,0.0,0.0,0.0,0.0,0.0,0.0,0.0
7464,11,8,1,0.0,0.0,0.0,0.0,0.0,0.0,0.0
7465,11,8,2,0.0,0.0,0.0,0.0,0.0,0.0,0.0
7466,11,8,3,0.0,0.0,0.0,0.0,0.0,0.0,0.0
7467,11,8,4,0.0,0.0,0.0,0.0,0.0,0.0,0.0
7468,11,8,5,0.0,0.0,0.0,0.0,0.0,0.0,0.0
7469,11,8,6,0.0,0.0,0.0,0.0,0.0,0.0,0.0
7470,11,8,7,0.0,0.0,0.0,0.0,0.0,0.0,0.0
7471,11,8,8,31.18542977,16.90061074732557,28.6460063729526,17.14247884,38.45008317,29.4367364,17.14247884
7472,11,8,9,96.2248745,30.36874911359104,86.81842805574976,47.49239936,77.61901178,73.85625481,47.49239936
7473,11,8,10,240.1683265,263.9200652753122,125.13527705619808,93.02953672,238.190374,294.5385696,93.02953672
7474,11,8,11,414.5369316,682.5115788506549,59.613980386437895,96.35725219,303.2301163,645.7678323,96.35725219
7475,11,8,12,560.3390586,963.7622558635059,24.01723073851065,84.86619691,138.6917145,885.3073179,84.86619691
7476,11,8,13,536.8609306,956.4674315375465,17.72433754911715,77.14060584,77.14060584,860.052347,262.1340632
7477,11,8,14,457.5898912,922.4576290638146,15.005993415412435,66.3587517,66.3587517,773.3457277,462.689462
7478,11,8,15,332.586447,850.9211801583671,16.17505687299482,54.11217797,54.11217797,630.6893473,596.4987293
7479,11,8,16,184.8163924,731.0639969746868,19.38408152831648,40.25298487,40.25298487,448.4840321,627.9787482
7480,11,8,17,43.71263767,371.3905260210931,24.01654988646063,18.93312472,18.93312472,179.7831641,373.9996546
7481,11,8,18,0.0,0.0,0.0,0.0,0.0,0.0,0.0
7482,11,8,19,0.0,0.0,0.0,0.0,0.0,0.0,0.0
7483,11,8,20,0.0,0.0,0.0,0.0,0.0,0.0,0.0
7484,11,8,21,0.0,0.0,0.0,0.0,0.0,0.0,0.0
7485,11,8,22,0.0,0.0,0.0,0.0,0.0,0.0,0.0
7486,11,8,23,0.0,0.0,0.0,0.0,0.0,0.0,0.0
7487,11,8,24,0.0,0.0,0.0,0.0,0.0,0.0,0.0
7488,11,9,1,0.0,0.0,0.0,0.0,0.0,0.0,0.0
7489,11,9,2,0.0,0.0,0.0,0.0,0.0,0.0,0.0
7490,11,9,3,0.0,0.0,0.0,0.0,0.0,0.0,0.0
7491,11,9,4,0.0,0.0,0.0,0.0,0.0,0.0,0.0
7492,11,9,5,0.0,0.0,0.0,0.0,0.0,0.0,0.0
7493,11,9,6,0.0,0.0,0.0,0.0,0.0,0.0,0.0
7494,11,9,7,0.0,0.0,0.0,0.0,0.0,0.0,0.0
7495,11,9,8,112.5855794,470.7020634301102,43.69745961581594,40.99828983,454.2358716,281.2453341,40.99828983
7496,11,9,9,306.0938539,822.8838742283868,54.58769591787566,74.95798884,668.4215791,597.3476373,74.95798884
7497,11,9,10,444.633893,927.1563791206944,44.4436843261485,86.8701132,576.4334299,769.7421237,86.8701132
7498,11,9,11,525.0919623,953.5077855457777,33.3311715818557,88.22340984,375.9331248,855.272591,88.22340984
7499,11,9,12,543.7023184,939.4038572247966,24.93887908023423,83.80564971,136.5291444,866.7845033,83.80564971
7500,11,9,13,536.3873784,965.1603312122768,16.546410874297912,75.98818094,75.98818094,868.7342618,262.0451543
7501,11,9,14,469.8121944,962.900937002811,11.66103014429895,64.52971882,64.52971882,805.1528097,477.1829301
7502,11,9,15,348.7442122,917.1412673526467,11.149742617138848,51.26438903,51.26438903,675.1616134,634.3104812
7503,11,9,16,188.836034,771.1630766207696,17.009131254815937,38.86604901,38.86604901,471.7902106,657.2825874
7504,11,9,17,40.21343109,379.88213771891685,21.27236152184746,17.85532873,17.85532873,183.1981134,379.0603814
7505,11,9,18,0.0,0.0,0.0,0.0,0.0,0.0,0.0
7506,11,9,19,0.0,0.0,0.0,0.0,0.0,0.0,0.0
7507,11,9,20,0.0,0.0,0.0,0.0,0.0,0.0,0.0
7508,11,9,21,0.0,0.0,0.0,0.0,0.0,0.0,0.0
7509,11,9,22,0.0,0.0,0.0,0.0,0.0,0.0,0.0
7510,11,9,23,0.0,0.0,0.0,0.0,0.0,0.0,0.0
7511,11,9,24,0.0,0.0,0.0,0.0,0.0,0.0,0.0
7512,11,10,1,0.0,0.0,0.0,0.0,0.0,0.0,0.0
7513,11,10,2,0.0,0.0,0.0,0.0,0.0,0.0,0.0
7514,11,10,3,0.0,0.0,0.0,0.0,0.0,0.0,0.0
7515,11,10,4,0.0,0.0,0.0,0.0,0.0,0.0,0.0
7516,11,10,5,0.0,0.0,0.0,0.0,0.0,0.0,0.0
7517,11,10,6,0.0,0.0,0.0,0.0,0.0,0.0,0.0
7518,11,10,7,0.0,0.0,0.0,0.0,0.0,0.0,0.0
7519,11,10,8,72.06546616,231.91795780659163,39.025475043440636,34.55450658,242.4327562,156.2980402,34.55450658
7520,11,10,9,223.4057169,495.9927857075824,73.83330363989958,74.8903136,436.3052453,394.820803,74.8903136
7521,11,10,10,368.5442968,725.7625627024149,58.330438710236216,86.77515733,470.9097174,625.054038,86.77515733
7522,11,10,11,478.4984393,864.0342252291871,36.55047846439834,85.62180121,346.4481681,783.4976883,85.62180121
7523,11,10,12,539.4885188,939.7961039503255,24.464411075116335,82.90802957,135.9516443,868.7920475,82.90802957
7524,11,10,13,472.6436688,832.6798632405057,27.567623643555624,78.56887786,78.56887786,765.7251455,238.7292055
7525,11,10,14,368.7599011,668.9713592455016,53.0775505537393,85.06418231,85.06418231,604.6707738,372.7986704
7526,11,10,15,250.7723568,462.5343969726786,82.21270916465211,84.54239052,84.54239052,406.6478634,383.5877425
7527,11,10,16,147.8931603,282.10864745679606,85.98963470362682,65.6708295,65.6708295,233.5640306,303.6469057
7528,11,10,17,39.30926981,94.65806758851087,34.880861754079035,21.33429333,21.33429333,74.1131976,135.4567376
7529,11,10,18,0.0,0.0,0.0,0.0,0.0,0.0,0.0
7530,11,10,19,0.0,0.0,0.0,0.0,0.0,0.0,0.0
7531,11,10,20,0.0,0.0,0.0,0.0,0.0,0.0,0.0
7532,11,10,21,0.0,0.0,0.0,0.0,0.0,0.0,0.0
7533,11,10,22,0.0,0.0,0.0,0.0,0.0,0.0,0.0
7534,11,10,23,0.0,0.0,0.0,0.0,0.0,0.0,0.0
7535,11,10,24,0.0,0.0,0.0,0.0,0.0,0.0,0.0
7536,11,11,1,0.0,0.0,0.0,0.0,0.0,0.0,0.0
7537,11,11,2,0.0,0.0,0.0,0.0,0.0,0.0,0.0
7538,11,11,3,0.0,0.0,0.0,0.0,0.0,0.0,0.0
7539,11,11,4,0.0,0.0,0.0,0.0,0.0,0.0,0.0
7540,11,11,5,0.0,0.0,0.0,0.0,0.0,0.0,0.0
7541,11,11,6,0.0,0.0,0.0,0.0,0.0,0.0,0.0
7542,11,11,7,0.0,0.0,0.0,0.0,0.0,0.0,0.0
7543,11,11,8,102.0031348,429.79623936384195,42.43545026427724,38.81936947,416.384481,261.5070342,38.81936947
7544,11,11,9,298.2104789,819.9887203548878,54.256853488827694,73.62020638,663.8492249,598.9434753,73.62020638
7545,11,11,10,447.6703413,955.261785043233,43.34151484909197,86.31423243,589.8474187,795.0003442,86.31423243
7546,11,11,11,545.2668583,1008.8387596413177,33.490869280855335,90.36330122,394.6754198,907.298144,90.36330122
7547,11,11,12,582.7061,1017.3548395130417,29.40542580706534,91.52496094,149.3352446,945.2077937,91.52496094
7548,11,11,13,545.4479093,1002.8500936230071,13.455416005015616,74.03093526,74.03093526,903.1318242,265.9043025
7549,11,11,14,454.2818903,943.7280868323684,12.563011062818319,63.66945453,63.66945453,795.1713345,466.2479996
7550,11,11,15,320.2044949,847.7767903328033,14.290016863171195,51.04871052,51.04871052,633.3724147,588.1599968
7551,11,11,16,172.7219195,697.5733888066928,21.948423528846746,40.67612098,40.67612098,437.7257015,599.1555334
7552,11,11,17,38.96458583,275.30548831610076,26.9053995186387,16.73376359,16.73376359,144.0243074,289.1994298
7553,11,11,18,0.0,0.0,0.0,0.0,0.0,0.0,0.0
7554,11,11,19,0.0,0.0,0.0,0.0,0.0,0.0,0.0
7555,11,11,20,0.0,0.0,0.0,0.0,0.0,0.0,0.0
7556,11,11,21,0.0,0.0,0.0,0.0,0.0,0.0,0.0
7557,11,11,22,0.0,0.0,0.0,0.0,0.0,0.0,0.0
7558,11,11,23,0.0,0.0,0.0,0.0,0.0,0.0,0.0
7559,11,11,24,0.0,0.0,0.0,0.0,0.0,0.0,0.0
7560,11,12,1,0.0,0.0,0.0,0.0,0.0,0.0,0.0
7561,11,12,2,0.0,0.0,0.0,0.0,0.0,0.0,0.0
7562,11,12,3,0.0,0.0,0.0,0.0,0.0,0.0,0.0
7563,11,12,4,0.0,0.0,0.0,0.0,0.0,0.0,0.0
7564,11,12,5,0.0,0.0,0.0,0.0,0.0,0.0,0.0
7565,11,12,6,0.0,0.0,0.0,0.0,0.0,0.0,0.0
7566,11,12,7,0.0,0.0,0.0,0.0,0.0,0.0,0.0
7567,11,12,8,83.51681119,289.3112656491411,44.53298155466023,38.19692473,296.474137,191.5694117,38.19692473
7568,11,12,9,257.8797134,680.9880634200128,58.021488558090745,70.78434978,561.8460859,510.1301813,70.78434978
7569,11,12,10,386.1008392,807.6331959636719,47.59409581931463,82.42460115,508.4523819,684.53237,82.42460115
7570,11,12,11,464.7700334,851.5823821776768,36.307594531908514,83.87513756,340.9938024,776.2279296,83.87513756
7571,11,12,12,488.6749817,850.3079672701572,29.70920934801922,81.66805453,130.3659175,797.7571028,81.66805453
7572,11,12,13,383.0038038,596.3082781659635,69.03639385554895,98.85509299,98.85509299,597.4918131,213.4118741
7573,11,12,14,263.2623572,262.6101919038998,141.33228327666907,103.9780897,103.9780897,317.9411237,221.0038641
7574,11,12,15,143.8410216,61.85998598536204,121.73553876806001,67.9947104,67.9947104,120.4113952,116.0280721
7575,11,12,16,85.92925602,45.95064046919442,76.14443109503121,41.89095245,41.89095245,76.55590246,90.28005467
7576,11,12,17,21.36035526,22.48474046632925,20.440266595764065,12.08574906,12.08574906,30.58992235,51.300895
7577,11,12,18,0.0,0.0,0.0,0.0,0.0,0.0,0.0
7578,11,12,19,0.0,0.0,0.0,0.0,0.0,0.0,0.0
7579,11,12,20,0.0,0.0,0.0,0.0,0.0,0.0,0.0
7580,11,12,21,0.0,0.0,0.0,0.0,0.0,0.0,0.0
7581,11,12,22,0.0,0.0,0.0,0.0,0.0,0.0,0.0
7582,11,12,23,0.0,0.0,0.0,0.0,0.0,0.0,0.0
7583,11,12,24,0.0,0.0,0.0,0.0,0.0,0.0,0.0
7584,11,13,1,0.0,0.0,0.0,0.0,0.0,0.0,0.0
7585,11,13,2,0.0,0.0,0.0,0.0,0.0,0.0,0.0
7586,11,13,3,0.0,0.0,0.0,0.0,0.0,0.0,0.0
7587,11,13,4,0.0,0.0,0.0,0.0,0.0,0.0,0.0
7588,11,13,5,0.0,0.0,0.0,0.0,0.0,0.0,0.0
7589,11,13,6,0.0,0.0,0.0,0.0,0.0,0.0,0.0
7590,11,13,7,0.0,0.0,0.0,0.0,0.0,0.0,0.0
7591,11,13,8,25.90491102,13.844577404139136,24.09235514784343,14.37934388,32.7167744,25.34027079,14.37934388
7592,11,13,9,88.59988299,27.539726516559824,80.62750253587862,43.97292989,71.87438846,69.06114581,43.97292989
7593,11,13,10,146.7296142,52.26756904097565,125.03637918759004,69.67666126,103.6814454,117.926489,69.67666126
7594,11,13,11,188.8814789,68.38652464244583,154.75455251584108,87.45296487,111.941489,153.5781939,87.45296487
7595,11,13,12,210.110115,76.27519999819896,169.24753383637787,96.27887038,101.432682,171.6777664,96.27887038
7596,11,13,13,208.6549308,77.62764851747299,168.08464342766524,95.60433959,95.60433959,171.3229957,112.870316
7597,11,13,14,185.168403,72.35046427209357,151.84204663986839,85.78436899,85.78436899,152.9689255,122.3026755
7598,11,13,15,142.7559554,61.858439227192434,120.86181322781187,67.49338814,67.49338814,120.1601035,115.4443283
7599,11,13,16,84.88568372,46.04487196312937,75.22366606082156,41.38182331,41.38182331,76.31876131,89.78454105
7600,11,13,17,20.33529334,20.077948738069143,19.569577558148282,11.56772613,11.56772613,29.4336287,49.06001463
7601,11,13,18,0.0,0.0,0.0,0.0,0.0,0.0,0.0
7602,11,13,19,0.0,0.0,0.0,0.0,0.0,0.0,0.0
7603,11,13,20,0.0,0.0,0.0,0.0,0.0,0.0,0.0
7604,11,13,21,0.0,0.0,0.0,0.0,0.0,0.0,0.0
7605,11,13,22,0.0,0.0,0.0,0.0,0.0,0.0,0.0
7606,11,13,23,0.0,0.0,0.0,0.0,0.0,0.0,0.0
7607,11,13,24,0.0,0.0,0.0,0.0,0.0,0.0,0.0
7608,11,14,1,0.0,0.0,0.0,0.0,0.0,0.0,0.0
7609,11,14,2,0.0,0.0,0.0,0.0,0.0,0.0,0.0
7610,11,14,3,0.0,0.0,0.0,0.0,0.0,0.0,0.0
7611,11,14,4,0.0,0.0,0.0,0.0,0.0,0.0,0.0
7612,11,14,5,0.0,0.0,0.0,0.0,0.0,0.0,0.0
7613,11,14,6,0.0,0.0,0.0,0.0,0.0,0.0,0.0
7614,11,14,7,0.0,0.0,0.0,0.0,0.0,0.0,0.0
7615,11,14,8,10.12557261,0.0,10.12557261,5.4389744,6.289110586,5.950345092,5.4389744
7616,11,14,9,35.56724392,0.0,35.56724392,18.19057541,19.61364585,19.47630665,18.19057541
7617,11,14,10,110.4958054,22.18495129802516,101.37800128541053,55.40745911,72.43920214,79.66482243,55.40745911
7618,11,14,11,209.6309262,92.78344441258959,163.7055204095286,93.65611462,125.7614478,180.5678712,93.65611462
7619,11,14,12,307.6424556,297.9514778854789,149.207096313753,113.7800681,131.7731187,375.447207,113.7800681
7620,11,14,13,343.8920869,449.3559081190909,110.76298221526233,108.6285755,108.6285755,490.7587828,195.1004725
7621,11,14,14,330.5849422,560.9353643518076,74.22103331386397,93.35813391,93.35813391,537.6542944,333.3541903
7622,11,14,15,264.5430796,617.729810053965,47.953365001498625,69.27053894,69.27053894,502.2681269,460.9662108
7623,11,14,16,147.194282,462.2984421192321,51.57591857372746,51.73772574,51.73772574,323.7584185,425.8045594
7624,11,14,17,37.14871146,57.55243323888869,35.10827282128468,19.50058657,19.50058657,62.40297328,108.6659993
7625,11,14,18,0.0,0.0,0.0,0.0,0.0,0.0,0.0
7626,11,14,19,0.0,0.0,0.0,0.0,0.0,0.0,0.0
7627,11,14,20,0.0,0.0,0.0,0.0,0.0,0.0,0.0
7628,11,14,21,0.0,0.0,0.0,0.0,0.0,0.0,0.0
7629,11,14,22,0.0,0.0,0.0,0.0,0.0,0.0,0.0
7630,11,14,23,0.0,0.0,0.0,0.0,0.0,0.0,0.0
7631,11,14,24,0.0,0.0,0.0,0.0,0.0,0.0,0.0
7632,11,15,1,0.0,0.0,0.0,0.0,0.0,0.0,0.0
7633,11,15,2,0.0,0.0,0.0,0.0,0.0,0.0,0.0
7634,11,15,3,0.0,0.0,0.0,0.0,0.0,0.0,0.0
7635,11,15,4,0.0,0.0,0.0,0.0,0.0,0.0,0.0
7636,11,15,5,0.0,0.0,0.0,0.0,0.0,0.0,0.0
7637,11,15,6,0.0,0.0,0.0,0.0,0.0,0.0,0.0
7638,11,15,7,0.0,0.0,0.0,0.0,0.0,0.0,0.0
7639,11,15,8,90.56934981,419.354865598829,38.842759860298706,35.22019232,402.4467117,257.4548133,35.22019232
7640,11,15,9,283.3244379,812.9016236698277,54.41760347080603,71.33658385,654.660544,600.7846555,71.33658385
7641,11,15,10,431.2860145,951.0834172138333,44.21195750894225,84.76018045,585.1693025,799.9942653,84.76018045
7642,11,15,11,527.7771344,1009.2066005339115,32.285246172833254,87.3020852,392.1792969,914.5014566,87.3020852
7643,11,15,12,564.8010884,1016.6208486915201,28.19184784796692,88.41271892,148.1799243,951.7086444,88.41271892
7644,11,15,13,534.5396694,1007.1101264980346,15.815267216292337,74.8971073,74.8971073,918.2503645,264.2506551
7645,11,15,14,447.7818166,964.9366121857654,10.16504809711715,60.59931013,60.59931013,819.0622929,467.7446803
7646,11,15,15,316.2081033,878.883976992727,10.886846184709366,47.46708871,47.46708871,661.3185191,599.2205408
7647,11,15,16,163.7239844,728.7590277768472,15.112926170739962,34.4655189,34.4655189,457.8842812,612.4487554
7648,11,15,17,30.427653,269.0717070852588,21.583085561721994,14.10053408,14.10053408,143.6093934,280.7117477
7649,11,15,18,0.0,0.0,0.0,0.0,0.0,0.0,0.0
7650,11,15,19,0.0,0.0,0.0,0.0,0.0,0.0,0.0
7651,11,15,20,0.0,0.0,0.0,0.0,0.0,0.0,0.0
7652,11,15,21,0.0,0.0,0.0,0.0,0.0,0.0,0.0
7653,11,15,22,0.0,0.0,0.0,0.0,0.0,0.0,0.0
7654,11,15,23,0.0,0.0,0.0,0.0,0.0,0.0,0.0
7655,11,15,24,0.0,0.0,0.0,0.0,0.0,0.0,0.0
7656,11,16,1,0.0,0.0,0.0,0.0,0.0,0.0,0.0
7657,11,16,2,0.0,0.0,0.0,0.0,0.0,0.0,0.0
7658,11,16,3,0.0,0.0,0.0,0.0,0.0,0.0,0.0
7659,11,16,4,0.0,0.0,0.0,0.0,0.0,0.0,0.0
7660,11,16,5,0.0,0.0,0.0,0.0,0.0,0.0,0.0
7661,11,16,6,0.0,0.0,0.0,0.0,0.0,0.0,0.0
7662,11,16,7,0.0,0.0,0.0,0.0,0.0,0.0,0.0
7663,11,16,8,34.19329383,62.86181060918613,26.67478343254244,18.16907832,79.39894805,55.439464,18.16907832
7664,11,16,9,130.2879459,166.96816036793714,83.92108978472062,58.62302993,186.1435002,174.8728899,58.62302993
7665,11,16,10,213.925726,235.61638209194814,118.96770446176471,86.61433719,216.4228488,272.7693964,86.61433719
7666,11,16,11,274.429014,277.5014363574837,139.27884911859488,104.4761277,191.7543234,341.7572431,104.4761277
7667,11,16,12,303.7532789,296.48627953427354,148.39747426165977,112.7998739,131.0753959,374.7868782,112.7998739
7668,11,16,13,357.8155777,532.6491924775715,85.42203393281524,103.8160585,103.8160585,556.4637149,204.6370047
7669,11,16,14,355.7891868,688.131334447888,46.06548736428236,79.25087841,79.25087841,624.7964789,370.2717954
7670,11,16,15,287.8110037,787.0555510950204,16.85580500335249,49.80280729,49.80280729,602.3688184,543.3193506
7671,11,16,16,152.7011662,620.1897295303678,27.972895187447197,42.04910653,42.04910653,406.1626594,535.468855
7672,11,16,17,30.67489094,181.2228594823804,25.167656635156227,13.11965822,13.11965822,108.1253931,206.8776236
7673,11,16,18,0.0,0.0,0.0,0.0,0.0,0.0,0.0
7674,11,16,19,0.0,0.0,0.0,0.0,0.0,0.0,0.0
7675,11,16,20,0.0,0.0,0.0,0.0,0.0,0.0,0.0
7676,11,16,21,0.0,0.0,0.0,0.0,0.0,0.0,0.0
7677,11,16,22,0.0,0.0,0.0,0.0,0.0,0.0,0.0
7678,11,16,23,0.0,0.0,0.0,0.0,0.0,0.0,0.0
7679,11,16,24,0.0,0.0,0.0,0.0,0.0,0.0,0.0
7680,11,17,1,0.0,0.0,0.0,0.0,0.0,0.0,0.0
7681,11,17,2,0.0,0.0,0.0,0.0,0.0,0.0,0.0
7682,11,17,3,0.0,0.0,0.0,0.0,0.0,0.0,0.0
7683,11,17,4,0.0,0.0,0.0,0.0,0.0,0.0,0.0
7684,11,17,5,0.0,0.0,0.0,0.0,0.0,0.0,0.0
7685,11,17,6,0.0,0.0,0.0,0.0,0.0,0.0,0.0
7686,11,17,7,0.0,0.0,0.0,0.0,0.0,0.0,0.0
7687,11,17,8,70.45729632,253.7691307687137,41.04779777909143,34.06720884,261.6136397,173.3465369,34.06720884
7688,11,17,9,249.8802188,708.3299550774009,55.90824560299091,68.0535374,576.6177152,533.6041474,68.0535374
7689,11,17,10,399.9889615,888.1151945312877,45.53774786620548,82.11041787,549.4050543,754.3465779,82.11041787
7690,11,17,11,505.4962596,977.0132711076494,33.46527304028737,85.69014403,381.4116944,891.0725861,85.69014403
7691,11,17,12,555.9521991,1015.0648345377889,27.903003935555844,87.10761552,148.0693759,953.7870592,87.10761552
7692,11,17,13,526.4958027,1005.1794692112358,16.061336227318368,74.17138286,74.17138286,920.8309242,261.2195903
7693,11,17,14,440.218719,960.8185118970489,10.966532564244163,60.53657806,60.53657806,820.834607,463.5790782
7694,11,17,15,309.901097,874.0338721928142,11.657029408906206,47.53219255,47.53219255,663.0120826,593.7749124
7695,11,17,16,158.7321211,719.6897666996696,15.943814555700303,34.55189406,34.55189406,457.3071878,603.3276597
7696,11,17,17,29.15461088,215.31586768921795,23.12357605577034,12.77011586,12.77011586,123.5560773,236.6386352
7697,11,17,18,0.0,0.0,0.0,0.0,0.0,0.0,0.0
7698,11,17,19,0.0,0.0,0.0,0.0,0.0,0.0,0.0
7699,11,17,20,0.0,0.0,0.0,0.0,0.0,0.0,0.0
7700,11,17,21,0.0,0.0,0.0,0.0,0.0,0.0,0.0
7701,11,17,22,0.0,0.0,0.0,0.0,0.0,0.0,0.0
7702,11,17,23,0.0,0.0,0.0,0.0,0.0,0.0,0.0
7703,11,17,24,0.0,0.0,0.0,0.0,0.0,0.0,0.0
7704,11,18,1,0.0,0.0,0.0,0.0,0.0,0.0,0.0
7705,11,18,2,0.0,0.0,0.0,0.0,0.0,0.0,0.0
7706,11,18,3,0.0,0.0,0.0,0.0,0.0,0.0,0.0
7707,11,18,4,0.0,0.0,0.0,0.0,0.0,0.0,0.0
7708,11,18,5,0.0,0.0,0.0,0.0,0.0,0.0,0.0
7709,11,18,6,0.0,0.0,0.0,0.0,0.0,0.0,0.0
7710,11,18,7,0.0,0.0,0.0,0.0,0.0,0.0,0.0
7711,11,18,8,77.11180077,358.70946630452386,36.860631651597814,32.18873858,347.4002844,226.1561304,32.18873858
7712,11,18,9,270.9681958,799.1053049619845,55.185397299802226,69.70847378,642.2820096,595.9329589,69.70847378
7713,11,18,10,415.5606264,934.0726453370792,46.377006342093964,84.12300561,575.4655835,793.0249049,84.12300561
7714,11,18,11,505.3407785,984.1206209846686,33.64296226392842,85.72234083,383.9200908,899.0701008,85.72234083
7715,11,18,12,536.6897835,994.6171357514834,22.964369958641658,80.86141517,141.2712058,931.9887221,80.86141517
7716,11,18,13,478.4967396,912.1270873651208,18.515088874330978,71.18264076,71.18264076,841.8795718,240.0368083
7717,11,18,14,376.1011484,793.001036533419,24.397905610858444,65.63766033,65.63766033,696.2902649,397.8594996
7718,11,18,15,252.6916733,612.9496228390441,45.33926396345722,66.31417651,66.31417651,502.8757326,451.3412463
7719,11,18,16,137.1881505,452.1852997129706,48.65342720227676,48.96365279,48.96365279,320.8143668,412.1201645
7720,11,18,17,31.64668887,24.547498518154356,31.014983268188914,16.60478401,16.60478401,50.10403062,83.68748589
7721,11,18,18,0.0,0.0,0.0,0.0,0.0,0.0,0.0
7722,11,18,19,0.0,0.0,0.0,0.0,0.0,0.0,0.0
7723,11,18,20,0.0,0.0,0.0,0.0,0.0,0.0,0.0
7724,11,18,21,0.0,0.0,0.0,0.0,0.0,0.0,0.0
7725,11,18,22,0.0,0.0,0.0,0.0,0.0,0.0,0.0
7726,11,18,23,0.0,0.0,0.0,0.0,0.0,0.0,0.0
7727,11,18,24,0.0,0.0,0.0,0.0,0.0,0.0,0.0
7728,11,19,1,0.0,0.0,0.0,0.0,0.0,0.0,0.0
7729,11,19,2,0.0,0.0,0.0,0.0,0.0,0.0,0.0
7730,11,19,3,0.0,0.0,0.0,0.0,0.0,0.0,0.0
7731,11,19,4,0.0,0.0,0.0,0.0,0.0,0.0,0.0
7732,11,19,5,0.0,0.0,0.0,0.0,0.0,0.0,0.0
7733,11,19,6,0.0,0.0,0.0,0.0,0.0,0.0,0.0
7734,11,19,7,0.0,0.0,0.0,0.0,0.0,0.0,0.0
7735,11,19,8,68.17736545,311.02072162536103,34.410849828960835,30.3136025,304.4856678,199.8856813,30.3136025
7736,11,19,9,254.5416094,747.4747368348562,55.51878007524728,67.92465278,603.680285,562.1621153,67.92465278
7737,11,19,10,402.1824321,908.25473203836,46.664842722363545,82.79143826,560.6332395,774.0943874,82.79143826
7738,11,19,11,503.8289712,986.9029287032965,34.51307335366989,86.12939728,385.5633734,903.8748775,86.12939728
7739,11,19,12,547.8919907,1013.1756099636963,28.262249506034497,86.40462744,148.7201913,955.930819,86.40462744
7740,11,19,13,508.838702,984.4846967720696,15.740134595814848,71.88080185,71.88080185,905.6655173,253.0132315
7741,11,19,14,417.5785214,918.1963973958132,13.248136777044582,60.23116645,60.23116645,791.5906303,443.0898242
7742,11,19,15,287.0726774,816.0193427273084,13.34464797773611,46.59068671,46.59068671,625.8826573,554.3270649
7743,11,19,16,148.484351,648.0247123878784,23.23062243658702,38.51775231,38.51775231,424.2224277,550.1639719
7744,11,19,17,27.19451496,147.6199324801681,23.716376315429045,11.39758147,11.39758147,96.75777571,180.8187645
7745,11,19,18,0.0,0.0,0.0,0.0,0.0,0.0,0.0
7746,11,19,19,0.0,0.0,0.0,0.0,0.0,0.0,0.0
7747,11,19,20,0.0,0.0,0.0,0.0,0.0,0.0,0.0
7748,11,19,21,0.0,0.0,0.0,0.0,0.0,0.0,0.0
7749,11,19,22,0.0,0.0,0.0,0.0,0.0,0.0,0.0
7750,11,19,23,0.0,0.0,0.0,0.0,0.0,0.0,0.0
7751,11,19,24,0.0,0.0,0.0,0.0,0.0,0.0,0.0
7752,11,20,1,0.0,0.0,0.0,0.0,0.0,0.0,0.0
7753,11,20,2,0.0,0.0,0.0,0.0,0.0,0.0,0.0
7754,11,20,3,0.0,0.0,0.0,0.0,0.0,0.0,0.0
7755,11,20,4,0.0,0.0,0.0,0.0,0.0,0.0,0.0
7756,11,20,5,0.0,0.0,0.0,0.0,0.0,0.0,0.0
7757,11,20,6,0.0,0.0,0.0,0.0,0.0,0.0,0.0
7758,11,20,7,0.0,0.0,0.0,0.0,0.0,0.0,0.0
7759,11,20,8,70.6961201,344.1269463907716,34.57655445384046,30.22773053,332.5426865,218.1120426,30.22773053
7760,11,20,9,264.088349,790.5940613734522,56.52916837860943,69.03541453,635.216628,593.196114,69.03541453
7761,11,20,10,400.0813581,909.158980125788,47.6248766035013,83.02388524,561.4267199,776.8858017,83.02388524
7762,11,20,11,479.8228768,941.609857410538,35.5293340504158,84.28163141,370.4411147,866.5654912,84.28163141
7763,11,20,12,499.9577792,930.3260974703134,26.12928481923551,79.49733511,137.4505051,879.8709237,79.49733511
7764,11,20,13,481.4942657,930.2710265327567,18.657704805529356,71.55814959,71.55814959,861.7622955,241.74581
7765,11,20,14,408.045021,901.0104551448323,14.042672323232425,59.93192484,59.93192484,779.8528279,434.4407385
7766,11,20,15,290.1622939,832.1807468873496,13.296571116422935,46.91402999,46.91402999,639.854531,563.4127034
7767,11,20,16,147.3279233,666.7986870804405,20.048879243542526,36.23622224,36.23622224,434.5950039,561.022134
7768,11,20,17,26.06904474,152.68851038023186,22.787302522518473,10.98558179,10.98558179,100.2586368,186.6323156
7769,11,20,18,0.0,0.0,0.0,0.0,0.0,0.0,0.0
7770,11,20,19,0.0,0.0,0.0,0.0,0.0,0.0,0.0
7771,11,20,20,0.0,0.0,0.0,0.0,0.0,0.0,0.0
7772,11,20,21,0.0,0.0,0.0,0.0,0.0,0.0,0.0
7773,11,20,22,0.0,0.0,0.0,0.0,0.0,0.0,0.0
7774,11,20,23,0.0,0.0,0.0,0.0,0.0,0.0,0.0
7775,11,20,24,0.0,0.0,0.0,0.0,0.0,0.0,0.0
7776,11,21,1,0.0,0.0,0.0,0.0,0.0,0.0,0.0
7777,11,21,2,0.0,0.0,0.0,0.0,0.0,0.0,0.0
7778,11,21,3,0.0,0.0,0.0,0.0,0.0,0.0,0.0
7779,11,21,4,0.0,0.0,0.0,0.0,0.0,0.0,0.0
7780,11,21,5,0.0,0.0,0.0,0.0,0.0,0.0,0.0
7781,11,21,6,0.0,0.0,0.0,0.0,0.0,0.0,0.0
7782,11,21,7,0.0,0.0,0.0,0.0,0.0,0.0,0.0
7783,11,21,8,44.06221916,163.76158656555194,27.457964408064143,24.02612691,171.7883963,116.2811552,24.02612691
7784,11,21,9,192.0990953,455.9901296107346,74.06190572580913,69.08708922,400.2717451,376.7185315,69.08708922
7785,11,21,10,332.4953266,711.2128666325958,59.4078699709384,82.27971102,457.8449963,628.2549818,82.27971102
7786,11,21,11,438.6316405,855.6245791666381,38.017345224556536,81.70825155,342.2919257,794.6240022,81.70825155
7787,11,21,12,496.9004223,929.0653110454186,26.94749445313609,79.78355147,138.4323333,881.0042527,79.78355147
7788,11,21,13,462.4416054,893.3789972565628,20.867086091033773,71.43685838,71.43685838,832.4442616,233.9012514
7789,11,21,14,378.5716245,830.8252020615338,17.727098386453587,60.09812942,60.09812942,726.2623886,404.4717284
7790,11,21,15,262.662917,710.7942590529992,28.061435244001828,56.12470886,56.12470886,565.9308278,497.4960462
7791,11,21,16,136.6820923,552.3894649992567,32.512503010919616,42.30971433,42.30971433,376.0290129,478.9508357
7792,11,21,17,28.48315244,35.426985209453015,27.79128577338684,13.05914048,13.05914048,56.39098216,97.58813998
7793,11,21,18,0.0,0.0,0.0,0.0,0.0,0.0,0.0
7794,11,21,19,0.0,0.0,0.0,0.0,0.0,0.0,0.0
7795,11,21,20,0.0,0.0,0.0,0.0,0.0,0.0,0.0
7796,11,21,21,0.0,0.0,0.0,0.0,0.0,0.0,0.0
7797,11,21,22,0.0,0.0,0.0,0.0,0.0,0.0,0.0
7798,11,21,23,0.0,0.0,0.0,0.0,0.0,0.0,0.0
7799,11,21,24,0.0,0.0,0.0,0.0,0.0,0.0,0.0
7800,11,22,1,0.0,0.0,0.0,0.0,0.0,0.0,0.0
7801,11,22,2,0.0,0.0,0.0,0.0,0.0,0.0,0.0
7802,11,22,3,0.0,0.0,0.0,0.0,0.0,0.0,0.0
7803,11,22,4,0.0,0.0,0.0,0.0,0.0,0.0,0.0
7804,11,22,5,0.0,0.0,0.0,0.0,0.0,0.0,0.0
7805,11,22,6,0.0,0.0,0.0,0.0,0.0,0.0,0.0
7806,11,22,7,0.0,0.0,0.0,0.0,0.0,0.0,0.0
7807,11,22,8,16.38923807,6.564292047178458,15.746807770343919,9.343836045,20.55823496,16.37609093,9.343836045
7808,11,22,9,78.30530677,23.256847563569657,72.36940024981291,39.27525993,64.12423907,62.42960536,39.27525993
7809,11,22,10,205.0416574,236.88511019800006,114.94589558558539,83.24135872,213.8483728,273.5139193,83.24135872
7810,11,22,11,363.5528673,648.9849856987,62.00156582909861,90.44375448,289.3353691,634.8706892,90.44375448
7811,11,22,12,493.9291349,927.805860017241,27.768334793250677,80.07419824,139.4539421,882.0752562,80.07419824
7812,11,22,13,474.8326101,927.0811282228082,19.534591262881055,71.54942494,71.54942494,863.0554133,239.0205435
7813,11,22,14,402.2404846,897.9345016296701,14.828404325950599,60.0255264,60.0255264,781.7241878,430.7735435
7814,11,22,15,284.3444388,827.4281430768506,13.350607941900563,46.35881337,46.35881337,640.1699108,557.3500045
7815,11,22,16,143.3926325,661.5366762984885,20.092848116749398,35.78892878,35.78892878,434.8404233,554.4118172
7816,11,22,17,23.3187555,130.3459159915267,21.015430241238924,10.22596601,10.22596601,92.93584699,170.2213312
7817,11,22,18,0.0,0.0,0.0,0.0,0.0,0.0,0.0
7818,11,22,19,0.0,0.0,0.0,0.0,0.0,0.0,0.0
7819,11,22,20,0.0,0.0,0.0,0.0,0.0,0.0,0.0
7820,11,22,21,0.0,0.0,0.0,0.0,0.0,0.0,0.0
7821,11,22,22,0.0,0.0,0.0,0.0,0.0,0.0,0.0
7822,11,22,23,0.0,0.0,0.0,0.0,0.0,0.0,0.0
7823,11,22,24,0.0,0.0,0.0,0.0,0.0,0.0,0.0
7824,11,23,1,0.0,0.0,0.0,0.0,0.0,0.0,0.0
7825,11,23,2,0.0,0.0,0.0,0.0,0.0,0.0,0.0
7826,11,23,3,0.0,0.0,0.0,0.0,0.0,0.0,0.0
7827,11,23,4,0.0,0.0,0.0,0.0,0.0,0.0,0.0
7828,11,23,5,0.0,0.0,0.0,0.0,0.0,0.0,0.0
7829,11,23,6,0.0,0.0,0.0,0.0,0.0,0.0,0.0
7830,11,23,7,0.0,0.0,0.0,0.0,0.0,0.0,0.0
7831,11,23,8,52.00265537,178.1739793773376,35.18556698667205,28.26045319,191.5102542,131.052735,28.26045319
7832,11,23,9,237.0191193,710.4130237556247,58.23757416422443,66.12347829,575.307313,541.9782754,66.12347829
7833,11,23,10,377.0844809,870.4467835673014,49.13641309696274,81.14889931,539.7176071,750.4952156,81.14889931
7834,11,23,11,470.2087555,938.268346267398,37.516235822670126,84.44789612,371.0881396,869.3067238,84.44789612
7835,11,23,12,508.9121559,965.243827522571,27.144627763117523,81.07220658,143.7145232,917.1201628,81.07220658
7836,11,23,13,493.880421,974.7938021047672,18.14759899683906,72.31004523,72.31004523,906.3566645,247.1860343
7837,11,23,14,421.496503,953.7497761885656,12.649526011130423,60.08152132,60.08152132,828.5280687,452.3792384
7838,11,23,15,299.2994543,886.8267510049835,11.014849348524516,45.89143955,45.89143955,684.2262423,591.9083241
7839,11,23,16,147.882556,724.1515826273477,14.426231459468339,32.17777153,32.17777153,469.990615,597.4215842
7840,11,23,17,23.17333939,127.9235842759839,21.137056131456603,9.739099066,9.739099066,94.55188954,172.4573679
7841,11,23,18,0.0,0.0,0.0,0.0,0.0,0.0,0.0
7842,11,23,19,0.0,0.0,0.0,0.0,0.0,0.0,0.0
7843,11,23,20,0.0,0.0,0.0,0.0,0.0,0.0,0.0
7844,11,23,21,0.0,0.0,0.0,0.0,0.0,0.0,0.0
7845,11,23,22,0.0,0.0,0.0,0.0,0.0,0.0,0.0
7846,11,23,23,0.0,0.0,0.0,0.0,0.0,0.0,0.0
7847,11,23,24,0.0,0.0,0.0,0.0,0.0,0.0,0.0
7848,11,24,1,0.0,0.0,0.0,0.0,0.0,0.0,0.0
7849,11,24,2,0.0,0.0,0.0,0.0,0.0,0.0,0.0
7850,11,24,3,0.0,0.0,0.0,0.0,0.0,0.0,0.0
7851,11,24,4,0.0,0.0,0.0,0.0,0.0,0.0,0.0
7852,11,24,5,0.0,0.0,0.0,0.0,0.0,0.0,0.0
7853,11,24,6,0.0,0.0,0.0,0.0,0.0,0.0,0.0
7854,11,24,7,0.0,0.0,0.0,0.0,0.0,0.0,0.0
7855,11,24,8,23.17906924,43.09602050315841,19.25948652153639,12.97087335,56.71139605,40.61983458,12.97087335
7856,11,24,9,115.3005818,154.25357162223386,77.02422564154011,53.15517501,171.3770935,163.941643,53.15517501
7857,11,24,10,216.7086721,303.0025118703119,103.61428391751335,85.77882352,250.5545082,326.709363,85.77882352
7858,11,24,11,302.8899396,433.7644463915999,104.33637474493345,98.65557216,233.8556707,468.8787723,98.65557216
7859,11,24,12,358.5601316,572.5716012827494,74.63330226744964,97.75989627,135.7842573,599.007783,97.75989627
7860,11,24,13,325.9253872,465.474537298076,100.14608456041132,105.9590998,105.9590998,511.9015383,190.2922168
7861,11,24,14,263.8589151,346.76198990635856,116.139125435346,98.79446564,98.79446564,387.7823943,245.4057561
7862,11,24,15,182.508644,228.79247867913094,108.66834063169425,76.98878474,76.98878474,252.1256543,225.9096046
7863,11,24,16,103.1240095,166.4455146701518,72.77947839375152,48.68473474,48.68473474,159.4119725,190.7123528
7864,11,24,17,16.66517318,4.82090133892844,16.59637392326026,9.809146614,9.809146614,34.69646547,57.17360549
7865,11,24,18,0.0,0.0,0.0,0.0,0.0,0.0,0.0
7866,11,24,19,0.0,0.0,0.0,0.0,0.0,0.0,0.0
7867,11,24,20,0.0,0.0,0.0,0.0,0.0,0.0,0.0
7868,11,24,21,0.0,0.0,0.0,0.0,0.0,0.0,0.0
7869,11,24,22,0.0,0.0,0.0,0.0,0.0,0.0,0.0
7870,11,24,23,0.0,0.0,0.0,0.0,0.0,0.0,0.0
7871,11,24,24,0.0,0.0,0.0,0.0,0.0,0.0,0.0
7872,11,25,1,0.0,0.0,0.0,0.0,0.0,0.0,0.0
7873,11,25,2,0.0,0.0,0.0,0.0,0.0,0.0,0.0
7874,11,25,3,0.0,0.0,0.0,0.0,0.0,0.0,0.0
7875,11,25,4,0.0,0.0,0.0,0.0,0.0,0.0,0.0
7876,11,25,5,0.0,0.0,0.0,0.0,0.0,0.0,0.0
7877,11,25,6,0.0,0.0,0.0,0.0,0.0,0.0,0.0
7878,11,25,7,0.0,0.0,0.0,0.0,0.0,0.0,0.0
7879,11,25,8,46.45882612,162.74935923752201,32.208144184759036,26.02410016,175.8761768,121.0939932,26.02410016
7880,11,25,9,231.8255909,703.8347554345572,59.613690766693516,65.50726998,570.0886192,539.5552643,65.50726998
7881,11,25,10,371.8111255,867.2399694294347,51.106064650539324,81.44401514,538.8652493,751.3033512,81.44401514
7882,11,25,11,464.1094769,934.8262321865251,39.31879933035229,84.89966412,371.6968301,870.1291853,84.89966412
7883,11,25,12,502.1621935,962.0310485539063,28.13953436604129,81.02266857,145.3156548,917.778638,81.02266857
7884,11,25,13,476.9850329,948.2776353485546,19.760041748382918,71.86277282,71.86277282,887.0482708,239.6371856
7885,11,25,14,398.2090334,905.16984766228,14.939496197292064,59.68807567,59.68807567,793.1065311,429.4594242
7886,11,25,15,276.4699695,820.7878376310813,13.399937107992917,45.60598044,45.60598044,640.6360473,548.6040434
7887,11,25,16,136.8783803,651.343451000207,19.3552982320545,34.51472585,34.51472585,432.7118979,542.0138044
7888,11,25,17,24.83886395,17.027656811103636,24.62209519588457,11.38276217,11.38276217,57.24701519,97.98395501
7889,11,25,18,0.0,0.0,0.0,0.0,0.0,0.0,0.0
7890,11,25,19,0.0,0.0,0.0,0.0,0.0,0.0,0.0
7891,11,25,20,0.0,0.0,0.0,0.0,0.0,0.0,0.0
7892,11,25,21,0.0,0.0,0.0,0.0,0.0,0.0,0.0
7893,11,25,22,0.0,0.0,0.0,0.0,0.0,0.0,0.0
7894,11,25,23,0.0,0.0,0.0,0.0,0.0,0.0,0.0
7895,11,25,24,0.0,0.0,0.0,0.0,0.0,0.0,0.0
7896,11,26,1,0.0,0.0,0.0,0.0,0.0,0.0,0.0
7897,11,26,2,0.0,0.0,0.0,0.0,0.0,0.0,0.0
7898,11,26,3,0.0,0.0,0.0,0.0,0.0,0.0,0.0
7899,11,26,4,0.0,0.0,0.0,0.0,0.0,0.0,0.0
7900,11,26,5,0.0,0.0,0.0,0.0,0.0,0.0,0.0
7901,11,26,6,0.0,0.0,0.0,0.0,0.0,0.0,0.0
7902,11,26,7,0.0,0.0,0.0,0.0,0.0,0.0,0.0
7903,11,26,8,20.82407493,38.44895752983044,17.585740155253717,11.82099107,51.48834925,37.07311466,11.82099107
7904,11,26,9,112.0661513,150.9552840278322,75.64471319037638,52.01639753,167.9411348,161.1814819,52.01639753
7905,11,26,10,171.2934632,131.22229108450702,123.2106737380237,77.03201399,153.2014499,188.7270225,77.03201399
7906,11,26,11,196.5791795,120.81104285720757,142.07581446270285,89.35569853,130.3953639,201.6778963,89.35569853
7907,11,26,12,191.1360401,68.63720412141367,157.5264518897752,88.90083933,94.45756899,160.2736609,88.90083933
7908,11,26,13,153.7184221,37.02890944690568,135.96782683068304,75.33302548,75.33302548,117.3868443,83.90644733
7909,11,26,14,102.5053995,0.9860923940131853,102.09030387349952,51.89861839,51.89861839,60.93286813,56.42527001
7910,11,26,15,51.62912502,0.0,51.62912502,26.62256722,26.62256722,28.07592127,27.84402689
7911,11,26,16,29.349085,0.0,29.349085,15.93639353,15.93639353,17.15675806,17.48198405
7912,11,26,17,5.0,0.0,5.0,2.568923956,2.568923956,2.568923956,2.568923956
7913,11,26,18,0.0,0.0,0.0,0.0,0.0,0.0,0.0
7914,11,26,19,0.0,0.0,0.0,0.0,0.0,0.0,0.0
7915,11,26,20,0.0,0.0,0.0,0.0,0.0,0.0,0.0
7916,11,26,21,0.0,0.0,0.0,0.0,0.0,0.0,0.0
7917,11,26,22,0.0,0.0,0.0,0.0,0.0,0.0,0.0
7918,11,26,23,0.0,0.0,0.0,0.0,0.0,0.0,0.0
7919,11,26,24,0.0,0.0,0.0,0.0,0.0,0.0,0.0
7920,11,27,1,0.0,0.0,0.0,0.0,0.0,0.0,0.0
7921,11,27,2,0.0,0.0,0.0,0.0,0.0,0.0,0.0
7922,11,27,3,0.0,0.0,0.0,0.0,0.0,0.0,0.0
7923,11,27,4,0.0,0.0,0.0,0.0,0.0,0.0,0.0
7924,11,27,5,0.0,0.0,0.0,0.0,0.0,0.0,0.0
7925,11,27,6,0.0,0.0,0.0,0.0,0.0,0.0,0.0
7926,11,27,7,0.0,0.0,0.0,0.0,0.0,0.0,0.0
7927,11,27,8,46.10285873,175.45718339769496,31.90164108701674,25.37683856,186.6283706,128.3567427,25.37683856
7928,11,27,9,243.0626463,765.2130453131173,60.99505421664773,66.48621205,614.6095396,583.7560253,66.48621205
7929,11,27,10,326.1028408,738.9960378460844,57.7614746588292,79.98118026,471.1035922,654.1895639,79.98118026
7930,11,27,11,330.72803,576.5365203245608,72.4593863258397,91.59308421,270.6584421,581.3947715,91.59308421
7931,11,27,12,280.8280596,286.3985957533738,141.43817876893743,106.1472095,126.6657995,366.1567325,106.1472095
7932,11,27,13,342.4591387,575.9536511811426,67.91559755812487,92.05315213,92.05315213,593.4858812,193.3012852
7933,11,27,14,343.05623,744.6298690086041,31.36851686055224,67.51624021,67.51624021,675.4217667,370.2328513
7934,11,27,15,275.8875686,832.0895728894612,12.640710714363934,44.91457572,44.91457572,651.8398487,552.0867874
7935,11,27,16,134.3219908,663.3685168356568,16.90528065211055,32.65191712,32.65191712,441.233606,546.9345979
7936,11,27,17,22.53000496,0.0,22.53000496,10.83337749,10.83337749,55.35150437,93.62139277
7937,11,27,18,0.0,0.0,0.0,0.0,0.0,0.0,0.0
7938,11,27,19,0.0,0.0,0.0,0.0,0.0,0.0,0.0
7939,11,27,20,0.0,0.0,0.0,0.0,0.0,0.0,0.0
7940,11,27,21,0.0,0.0,0.0,0.0,0.0,0.0,0.0
7941,11,27,22,0.0,0.0,0.0,0.0,0.0,0.0,0.0
7942,11,27,23,0.0,0.0,0.0,0.0,0.0,0.0,0.0
7943,11,27,24,0.0,0.0,0.0,0.0,0.0,0.0,0.0
7944,11,28,1,0.0,0.0,0.0,0.0,0.0,0.0,0.0
7945,11,28,2,0.0,0.0,0.0,0.0,0.0,0.0,0.0
7946,11,28,3,0.0,0.0,0.0,0.0,0.0,0.0,0.0
7947,11,28,4,0.0,0.0,0.0,0.0,0.0,0.0,0.0
7948,11,28,5,0.0,0.0,0.0,0.0,0.0,0.0,0.0
7949,11,28,6,0.0,0.0,0.0,0.0,0.0,0.0,0.0
7950,11,28,7,0.0,0.0,0.0,0.0,0.0,0.0,0.0
7951,11,28,8,39.11137517,138.78765357430342,28.326675269706737,23.05414788,152.382986,105.8918881,23.05414788
7952,11,28,9,227.4944966,711.9039726620492,60.44521631118442,64.49042446,574.9429428,547.1497739,64.49042446
7953,11,28,10,367.2415094,872.2141528924848,53.34656869595635,81.74878348,542.8238008,759.3141834,81.74878348
7954,11,28,11,457.9528004,936.4752841250063,41.34415212175879,85.35037261,374.7270759,876.2623733,85.35037261
7955,11,28,12,493.2500855,957.5580344307918,29.964993317469844,81.32184089,148.3427056,918.9382124,81.32184089
7956,11,28,13,471.1481501,950.1521917820129,20.699252598425765,71.95162332,71.95162332,893.8810851,236.3066284
7957,11,28,14,394.4508646,911.3963076922367,15.021860117663527,59.36930354,59.36930354,803.2811623,427.5408851
7958,11,28,15,273.3899592,829.1958541435664,12.641381796459697,44.67380744,44.67380744,651.307597,548.746372
7959,11,28,16,132.632563,659.6562818852234,16.89716019571917,32.46944329,32.46944329,440.421936,542.8597138
7960,11,28,17,22.37227088,0.0,22.37227088,10.50568123,10.50568123,51.4677815,86.12292633
7961,11,28,18,0.0,0.0,0.0,0.0,0.0,0.0,0.0
7962,11,28,19,0.0,0.0,0.0,0.0,0.0,0.0,0.0
7963,11,28,20,0.0,0.0,0.0,0.0,0.0,0.0,0.0
7964,11,28,21,0.0,0.0,0.0,0.0,0.0,0.0,0.0
7965,11,28,22,0.0,0.0,0.0,0.0,0.0,0.0,0.0
7966,11,28,23,0.0,0.0,0.0,0.0,0.0,0.0,0.0
7967,11,28,24,0.0,0.0,0.0,0.0,0.0,0.0,0.0
7968,11,29,1,0.0,0.0,0.0,0.0,0.0,0.0,0.0
7969,11,29,2,0.0,0.0,0.0,0.0,0.0,0.0,0.0
7970,11,29,3,0.0,0.0,0.0,0.0,0.0,0.0,0.0
7971,11,29,4,0.0,0.0,0.0,0.0,0.0,0.0,0.0
7972,11,29,5,0.0,0.0,0.0,0.0,0.0,0.0,0.0
7973,11,29,6,0.0,0.0,0.0,0.0,0.0,0.0,0.0
7974,11,29,7,0.0,0.0,0.0,0.0,0.0,0.0,0.0
7975,11,29,8,35.33898436,155.643312879726,23.7387979392053,20.00146063,161.7850806,111.0648896,20.00146063
7976,11,29,9,225.8750186,709.8823947013177,61.58153251329082,64.35523158,573.6117312,546.7298096,64.35523158
7977,11,29,10,362.9601529,865.0865407925609,54.36230750980778,81.69375927,539.4661159,754.9369364,81.69375927
7978,11,29,11,449.7780537,922.2350735796747,42.28240165222024,85.04017703,370.7956134,865.2763767,85.04017703
7979,11,29,12,482.1845527,938.2707218981981,30.845132320368318,80.78408954,147.5088735,903.0189443,80.78408954
7980,11,29,13,397.6488074,765.0465391198699,36.86369923372851,77.0993646,77.0993646,741.7157755,208.6958719
7981,11,29,14,286.8304806,521.6326005777189,70.79240969421105,85.43340869,85.43340869,517.3180882,297.875462
7982,11,29,15,175.2831168,223.87364238774464,105.2868725877527,74.44596948,74.44596948,248.6955603,218.4317789
7983,11,29,16,97.02982159,159.9984810459634,69.18935194445388,46.3784661,46.3784661,155.3797382,181.943332
7984,11,29,17,13.32739924,0.0,13.32739924,8.034416913,8.034416913,25.75004062,40.504461
7985,11,29,18,0.0,0.0,0.0,0.0,0.0,0.0,0.0
7986,11,29,19,0.0,0.0,0.0,0.0,0.0,0.0,0.0
7987,11,29,20,0.0,0.0,0.0,0.0,0.0,0.0,0.0
7988,11,29,21,0.0,0.0,0.0,0.0,0.0,0.0,0.0
7989,11,29,22,0.0,0.0,0.0,0.0,0.0,0.0,0.0
7990,11,29,23,0.0,0.0,0.0,0.0,0.0,0.0,0.0
7991,11,29,24,0.0,0.0,0.0,0.0,0.0,0.0,0.0
7992,11,30,1,0.0,0.0,0.0,0.0,0.0,0.0,0.0
7993,11,30,2,0.0,0.0,0.0,0.0,0.0,0.0,0.0
7994,11,30,3,0.0,0.0,0.0,0.0,0.0,0.0,0.0
7995,11,30,4,0.0,0.0,0.0,0.0,0.0,0.0,0.0
7996,11,30,5,0.0,0.0,0.0,0.0,0.0,0.0,0.0
7997,11,30,6,0.0,0.0,0.0,0.0,0.0,0.0,0.0
7998,11,30,7,0.0,0.0,0.0,0.0,0.0,0.0,0.0
7999,11,30,8,36.46185382,138.51121604345445,26.57040347076152,21.64406726,150.869199,104.8494542,21.64406726
8000,11,30,9,235.2917531,755.825656400636,62.74339565935227,65.30062728,607.2784543,579.4725871,65.30062728
8001,11,30,10,359.9115711,863.272228122374,54.620523506760506,81.36301659,538.6100982,754.2421586,81.36301659
8002,11,30,11,425.6924629,869.6451193968358,43.97816500938386,83.60421111,353.9095153,820.7720968,83.60421111
8003,11,30,12,431.6683227,824.3230983125551,37.35961375647939,80.41487898,140.0433396,804.7348135,80.41487898
8004,11,30,13,425.6104747,853.4102617378063,25.19628285504919,70.89240302,70.89240302,812.4058358,216.2610159
8005,11,30,14,366.1111108,844.5985148015122,18.04696345388459,59.04325792,59.04325792,751.883085,397.7833694
8006,11,30,15,260.2427214,791.2688454429766,14.182405345945591,44.67533906,44.67533906,627.090828,523.3043908
8007,11,30,16,126.2559481,619.0491395231704,19.364243638088784,33.49173979,33.49173979,419.8286053,511.1956982
8008,11,30,17,20.1387678,0.0,20.1387678,11.30822276,11.30822276,44.53364691,71.78178667
8009,11,30,18,0.0,0.0,0.0,0.0,0.0,0.0,0.0
8010,11,30,19,0.0,0.0,0.0,0.0,0.0,0.0,0.0
8011,11,30,20,0.0,0.0,0.0,0.0,0.0,0.0,0.0
8012,11,30,21,0.0,0.0,0.0,0.0,0.0,0.0,0.0
8013,11,30,22,0.0,0.0,0.0,0.0,0.0,0.0,0.0
8014,11,30,23,0.0,0.0,0.0,0.0,0.0,0.0,0.0
8015,11,30,24,0.0,0.0,0.0,0.0,0.0,0.0,0.0
8016,12,1,1,0.0,0.0,0.0,0.0,0.0,0.0,0.0
8017,12,1,2,0.0,0.0,0.0,0.0,0.0,0.0,0.0
8018,12,1,3,0.0,0.0,0.0,0.0,0.0,0.0,0.0
8019,12,1,4,0.0,0.0,0.0,0.0,0.0,0.0,0.0
8020,12,1,5,0.0,0.0,0.0,0.0,0.0,0.0,0.0
8021,12,1,6,0.0,0.0,0.0,0.0,0.0,0.0,0.0
8022,12,1,7,0.0,0.0,0.0,0.0,0.0,0.0,0.0
8023,12,1,8,10.13875542,0.0,10.13875542,5.44651226,7.122914554,6.528372824,5.44651226
8024,12,1,9,69.25688773,26.6983899703307,63.24402967332714,35.09401777,57.05605544,55.95793167,35.09401777
8025,12,1,10,99.15386311,26.815191760850116,89.75131911937451,50.12407947,66.34146734,73.9995937,50.12407947
8026,12,1,11,99.61058942,5.988976546784828,96.99883113555565,50.60094102,53.53790583,58.599399,50.60094102
8027,12,1,12,76.42177718,0.4983291534959351,76.1846978073773,39.47140972,39.69130677,42.10393606,39.47140972
8028,12,1,13,112.7855941,7.907033567137103,109.0937686560484,57.09019032,57.09019032,67.12734794,59.03822521
8029,12,1,14,131.067764,39.210486084587295,114.98508212784606,64.99002875,64.99002875,100.7507772,82.36886026
8030,12,1,15,121.8021384,60.89664191217886,102.96136277544058,58.62134319,58.62134319,107.2908538,98.40270312
8031,12,1,16,66.66973871,43.769341188550435,59.16561539037407,33.16597589,33.16597589,63.73079687,70.74515594
8032,12,1,17,9.342601146,0.0,9.342601146,5.189316588,5.189316588,9.862210624,13.63687913
8033,12,1,18,0.0,0.0,0.0,0.0,0.0,0.0,0.0
8034,12,1,19,0.0,0.0,0.0,0.0,0.0,0.0,0.0
8035,12,1,20,0.0,0.0,0.0,0.0,0.0,0.0,0.0
8036,12,1,21,0.0,0.0,0.0,0.0,0.0,0.0,0.0
8037,12,1,22,0.0,0.0,0.0,0.0,0.0,0.0,0.0
8038,12,1,23,0.0,0.0,0.0,0.0,0.0,0.0,0.0
8039,12,1,24,0.0,0.0,0.0,0.0,0.0,0.0,0.0
8040,12,2,1,0.0,0.0,0.0,0.0,0.0,0.0,0.0
8041,12,2,2,0.0,0.0,0.0,0.0,0.0,0.0,0.0
8042,12,2,3,0.0,0.0,0.0,0.0,0.0,0.0,0.0
8043,12,2,4,0.0,0.0,0.0,0.0,0.0,0.0,0.0
8044,12,2,5,0.0,0.0,0.0,0.0,0.0,0.0,0.0
8045,12,2,6,0.0,0.0,0.0,0.0,0.0,0.0,0.0
8046,12,2,7,0.0,0.0,0.0,0.0,0.0,0.0,0.0
8047,12,2,8,10.12945265,0.0,10.12945265,5.447360022,7.125363569,6.527890496,5.447360022
8048,12,2,9,68.21301484,26.79885703972514,62.258074964945365,34.56642162,56.64161807,55.47038088,34.56642162
8049,12,2,10,117.8509671,43.39674442590266,102.76096121748668,57.98560956,83.37328662,95.16825107,57.98560956
8050,12,2,11,151.0449606,50.668439921654105,129.08789866312546,73.48898451,90.83362546,120.238468,73.48898451
8051,12,2,12,162.6561424,50.209664022964475,138.8942535939723,79.24186162,83.46561874,127.332132,79.24186162
8052,12,2,13,259.0608227,265.97178248523034,135.45844171293112,102.3636207,102.3636207,337.7397274,146.8553232
8053,12,2,14,297.0825743,597.9949301368124,52.90402072937479,76.9861373,76.9861373,570.8266344,313.881844
8054,12,2,15,257.7759655,793.1431861080215,13.550833111471668,43.13709656,43.13709656,630.2904266,518.1845411
8055,12,2,16,124.294695,622.0915058351128,18.331604957926203,32.1749272,32.1749272,422.3051823,507.1535095
8056,12,2,17,19.10796683,0.0,19.10796683,11.13858907,11.13858907,37.0083478,57.39595526
8057,12,2,18,0.0,0.0,0.0,0.0,0.0,0.0,0.0
8058,12,2,19,0.0,0.0,0.0,0.0,0.0,0.0,0.0
8059,12,2,20,0.0,0.0,0.0,0.0,0.0,0.0,0.0
8060,12,2,21,0.0,0.0,0.0,0.0,0.0,0.0,0.0
8061,12,2,22,0.0,0.0,0.0,0.0,0.0,0.0,0.0
8062,12,2,23,0.0,0.0,0.0,0.0,0.0,0.0,0.0
8063,12,2,24,0.0,0.0,0.0,0.0,0.0,0.0,0.0
8064,12,3,1,0.0,0.0,0.0,0.0,0.0,0.0,0.0
8065,12,3,2,0.0,0.0,0.0,0.0,0.0,0.0,0.0
8066,12,3,3,0.0,0.0,0.0,0.0,0.0,0.0,0.0
8067,12,3,4,0.0,0.0,0.0,0.0,0.0,0.0,0.0
8068,12,3,5,0.0,0.0,0.0,0.0,0.0,0.0,0.0
8069,12,3,6,0.0,0.0,0.0,0.0,0.0,0.0,0.0
8070,12,3,7,0.0,0.0,0.0,0.0,0.0,0.0,0.0
8071,12,3,8,9.12329533,0.0,9.12329533,4.898808214,6.576640334,5.980324575,4.898808214
8072,12,3,9,67.96433554,26.498531106187492,62.15382845703056,34.49852309,56.41070409,55.25118044,34.49852309
8073,12,3,10,188.0420401,237.96222447286354,105.97247267986054,77.86530599,206.4439028,265.9982392,77.86530599
8074,12,3,11,340.4525348,641.5878736470854,64.12459346626694,87.38832655,290.1420519,632.0050864,87.38832655
8075,12,3,12,463.8422093,919.0694945813533,31.09075860223413,79.60561948,152.1184545,888.0827866,79.60561948
8076,12,3,13,447.4767526,920.0407802032471,21.82708749358442,70.28458772,70.28458772,872.7638381,219.9249606
8077,12,3,14,376.2495383,886.1369864211133,15.941718191761103,57.61774008,57.61774008,789.0572001,405.9292704
8078,12,3,15,261.3621544,810.124879444701,13.007399474000334,42.84249422,42.84249422,644.2754651,526.4491088
8079,12,3,16,125.0190607,638.3025212441113,16.934783204100047,31.0893849,31.0893849,432.8448959,517.1785959
8080,12,3,17,19.08661068,0.0,19.08661068,11.07928076,11.07928076,37.58261999,58.12782493
8081,12,3,18,0.0,0.0,0.0,0.0,0.0,0.0,0.0
8082,12,3,19,0.0,0.0,0.0,0.0,0.0,0.0,0.0
8083,12,3,20,0.0,0.0,0.0,0.0,0.0,0.0,0.0
8084,12,3,21,0.0,0.0,0.0,0.0,0.0,0.0,0.0
8085,12,3,22,0.0,0.0,0.0,0.0,0.0,0.0,0.0
8086,12,3,23,0.0,0.0,0.0,0.0,0.0,0.0,0.0
8087,12,3,24,0.0,0.0,0.0,0.0,0.0,0.0,0.0
8088,12,4,1,0.0,0.0,0.0,0.0,0.0,0.0,0.0
8089,12,4,2,0.0,0.0,0.0,0.0,0.0,0.0,0.0
8090,12,4,3,0.0,0.0,0.0,0.0,0.0,0.0,0.0
8091,12,4,4,0.0,0.0,0.0,0.0,0.0,0.0,0.0
8092,12,4,5,0.0,0.0,0.0,0.0,0.0,0.0,0.0
8093,12,4,6,0.0,0.0,0.0,0.0,0.0,0.0,0.0
8094,12,4,7,0.0,0.0,0.0,0.0,0.0,0.0,0.0
8095,12,4,8,21.51018929,94.14282634975775,15.90316958217679,14.40640043,96.87877102,67.61165232,14.40640043
8096,12,4,9,199.2065825,639.6966532311586,60.76361864635145,60.61086121,517.1717936,493.0132718,60.61086121
8097,12,4,10,332.8485952,812.2854022181986,54.93923129592964,79.64642374,511.974458,711.5286531,79.64642374
8098,12,4,11,423.4700556,888.0566253110479,43.26298269711859,83.93650369,365.3071448,837.071747,83.93650369
8099,12,4,12,462.4096329,918.88289141992,31.8533141348271,80.01727333,154.1132966,889.3397884,80.01727333
8100,12,4,13,442.6890196,911.8167284740342,22.640541120119877,70.40610174,70.40610174,867.0236112,216.9479616
8101,12,4,14,369.9464286,871.9649534724053,16.807069385968894,57.62457062,57.62457062,778.9235495,398.6378349
8102,12,4,15,255.1666134,790.1502220385406,13.918909581291185,42.88612248,42.88612248,631.1721292,513.0763718
8103,12,4,16,120.9617092,616.382002158169,17.13905332616561,30.6782919,30.6782919,420.1452666,499.0500556
8104,12,4,17,18.05885522,0.0,18.05885522,10.82489574,10.82489574,34.01530028,51.70522932
8105,12,4,18,0.0,0.0,0.0,0.0,0.0,0.0,0.0
8106,12,4,19,0.0,0.0,0.0,0.0,0.0,0.0,0.0
8107,12,4,20,0.0,0.0,0.0,0.0,0.0,0.0,0.0
8108,12,4,21,0.0,0.0,0.0,0.0,0.0,0.0,0.0
8109,12,4,22,0.0,0.0,0.0,0.0,0.0,0.0,0.0
8110,12,4,23,0.0,0.0,0.0,0.0,0.0,0.0,0.0
8111,12,4,24,0.0,0.0,0.0,0.0,0.0,0.0,0.0
8112,12,5,1,0.0,0.0,0.0,0.0,0.0,0.0,0.0
8113,12,5,2,0.0,0.0,0.0,0.0,0.0,0.0,0.0
8114,12,5,3,0.0,0.0,0.0,0.0,0.0,0.0,0.0
8115,12,5,4,0.0,0.0,0.0,0.0,0.0,0.0,0.0
8116,12,5,5,0.0,0.0,0.0,0.0,0.0,0.0,0.0
8117,12,5,6,0.0,0.0,0.0,0.0,0.0,0.0,0.0
8118,12,5,7,0.0,0.0,0.0,0.0,0.0,0.0,0.0
8119,12,5,8,21.64030594,97.30971821416702,16.11710962953169,14.41196149,99.76073205,69.50857909,14.41196149
8120,12,5,9,209.476919,691.9111875326249,61.657007961601,61.54862094,555.5515644,529.3447326,61.54862094
8121,12,5,10,343.3627187,849.6195723753492,54.94464952931846,80.6570331,533.6435175,741.9314772,80.6570331
8122,12,5,11,428.637577,905.241991428957,43.303633585290136,84.4704039,372.5593661,852.8106625,84.4704039
8123,12,5,12,459.6083242,916.9559811124735,31.96307888090895,79.76279076,155.2964692,888.3182122,79.76279076
8124,12,5,13,436.6543159,900.5913606046079,23.45334263959874,70.39836891,70.39836891,858.444242,213.4055782
8125,12,5,14,360.5594304,849.7892703780801,17.676104477269803,57.3182347,57.3182347,761.7350749,387.9921196
8126,12,5,15,246.0467284,753.249213321934,16.918236166064915,44.55507742,44.55507742,607.0080625,491.4569285
8127,12,5,16,117.1639993,586.3728086207805,18.854017075470814,31.44159062,31.44159062,403.4413679,476.1802019
8128,12,5,17,17.03440803,0.0,17.03440803,10.54738137,10.54738137,27.90525946,40.93986209
8129,12,5,18,0.0,0.0,0.0,0.0,0.0,0.0,0.0
8130,12,5,19,0.0,0.0,0.0,0.0,0.0,0.0,0.0
8131,12,5,20,0.0,0.0,0.0,0.0,0.0,0.0,0.0
8132,12,5,21,0.0,0.0,0.0,0.0,0.0,0.0,0.0
8133,12,5,22,0.0,0.0,0.0,0.0,0.0,0.0,0.0
8134,12,5,23,0.0,0.0,0.0,0.0,0.0,0.0,0.0
8135,12,5,24,0.0,0.0,0.0,0.0,0.0,0.0,0.0
8136,12,6,1,0.0,0.0,0.0,0.0,0.0,0.0,0.0
8137,12,6,2,0.0,0.0,0.0,0.0,0.0,0.0,0.0
8138,12,6,3,0.0,0.0,0.0,0.0,0.0,0.0,0.0
8139,12,6,4,0.0,0.0,0.0,0.0,0.0,0.0,0.0
8140,12,6,5,0.0,0.0,0.0,0.0,0.0,0.0,0.0
8141,12,6,6,0.0,0.0,0.0,0.0,0.0,0.0,0.0
8142,12,6,7,0.0,0.0,0.0,0.0,0.0,0.0,0.0
8143,12,6,8,11.88998339,7.5360011680036605,11.482825592740287,6.961196494,16.07121284,12.84486095,6.961196494
8144,12,6,9,101.0503946,154.02529993710147,68.56040651417314,47.89073209,160.8369783,154.8140431,47.89073209
8145,12,6,10,181.6017324,228.1067368102203,104.75472084132514,76.45989757,200.5370311,257.3474108,76.45989757
8146,12,6,11,240.2144733,271.2932700673537,125.3753146387425,94.45677283,182.5075356,328.4229124,94.45677283
8147,12,6,12,268.5638883,290.62459918532807,133.62994515602807,102.3461365,127.1405885,362.5565716,102.3461365
8148,12,6,13,311.2495494,498.0519499605518,83.61025671597764,96.66670489,96.66670489,535.2253918,175.1768023
8149,12,6,14,300.4871454,649.6710968887871,39.25138992028364,68.46277936,68.46277936,608.8644471,320.3748523
8150,12,6,15,233.7484335,698.251825364836,22.060721891875986,47.61778019,47.61778019,570.5882073,460.764936
8151,12,6,16,111.8125334,541.6947801901063,21.356067403216244,32.54599307,32.54599307,377.6343986,442.7602371
8152,12,6,17,14.74917102,0.0,14.74917102,9.52044607,9.52044607,34.07881115,52.24079072
8153,12,6,18,0.0,0.0,0.0,0.0,0.0,0.0,0.0
8154,12,6,19,0.0,0.0,0.0,0.0,0.0,0.0,0.0
8155,12,6,20,0.0,0.0,0.0,0.0,0.0,0.0,0.0
8156,12,6,21,0.0,0.0,0.0,0.0,0.0,0.0,0.0
8157,12,6,22,0.0,0.0,0.0,0.0,0.0,0.0,0.0
8158,12,6,23,0.0,0.0,0.0,0.0,0.0,0.0,0.0
8159,12,6,24,0.0,0.0,0.0,0.0,0.0,0.0,0.0
8160,12,7,1,0.0,0.0,0.0,0.0,0.0,0.0,0.0
8161,12,7,2,0.0,0.0,0.0,0.0,0.0,0.0,0.0
8162,12,7,3,0.0,0.0,0.0,0.0,0.0,0.0,0.0
8163,12,7,4,0.0,0.0,0.0,0.0,0.0,0.0,0.0
8164,12,7,5,0.0,0.0,0.0,0.0,0.0,0.0,0.0
8165,12,7,6,0.0,0.0,0.0,0.0,0.0,0.0,0.0
8166,12,7,7,0.0,0.0,0.0,0.0,0.0,0.0,0.0
8167,12,7,8,3.0,0.0,3.0,1.526828681,1.526828681,1.526828681,1.526828681
8168,12,7,9,26.41410184,0.0173409126407984,26.410489392241637,14.2729564,15.69418731,15.61780672,14.2729564
8169,12,7,10,48.66600434,0.0,48.66600434,25.03928858,26.1070836,26.59371838,25.03928858
8170,12,7,11,65.25850473,0.5869245084090008,65.01138914259568,33.58177591,34.54416192,36.12931963,33.58177591
8171,12,7,12,74.38196304,0.4937954594374154,74.15367642814587,38.39447596,38.65197043,41.04473534,38.39447596
8172,12,7,13,74.36096797,0.4559590205377942,74.153315592055,38.38884295,38.38884295,41.02163471,38.85378784
8173,12,7,14,65.19695029,0.46550502351453843,65.01036158956285,33.56957178,33.56957178,36.06590304,34.72527082
8174,12,7,15,48.60072502,0.0,48.60072502,25.03477498,25.03477498,26.53489327,26.21323778
8175,12,7,16,26.32902818,0.0,26.32902818,14.26470363,14.26470363,15.53877381,15.7708529
8176,12,7,17,3.0,0.0,3.0,1.532925711,1.532925711,1.532925711,1.532925711
8177,12,7,18,0.0,0.0,0.0,0.0,0.0,0.0,0.0
8178,12,7,19,0.0,0.0,0.0,0.0,0.0,0.0,0.0
8179,12,7,20,0.0,0.0,0.0,0.0,0.0,0.0,0.0
8180,12,7,21,0.0,0.0,0.0,0.0,0.0,0.0,0.0
8181,12,7,22,0.0,0.0,0.0,0.0,0.0,0.0,0.0
8182,12,7,23,0.0,0.0,0.0,0.0,0.0,0.0,0.0
8183,12,7,24,0.0,0.0,0.0,0.0,0.0,0.0,0.0
8184,12,8,1,0.0,0.0,0.0,0.0,0.0,0.0,0.0
8185,12,8,2,0.0,0.0,0.0,0.0,0.0,0.0,0.0
8186,12,8,3,0.0,0.0,0.0,0.0,0.0,0.0,0.0
8187,12,8,4,0.0,0.0,0.0,0.0,0.0,0.0,0.0
8188,12,8,5,0.0,0.0,0.0,0.0,0.0,0.0,0.0
8189,12,8,6,0.0,0.0,0.0,0.0,0.0,0.0,0.0
8190,12,8,7,0.0,0.0,0.0,0.0,0.0,0.0,0.0
8191,12,8,8,17.17753105,69.26159698946046,13.798840207349544,11.12520125,72.944168,51.06518041,11.12520125
8192,12,8,9,199.1744449,666.2705130574872,62.06801100421174,59.72791466,536.8065494,510.9003411,59.72791466
8193,12,8,10,333.6025561,833.9367808951047,56.72732456518884,80.26556919,527.5760644,730.4015582,80.26556919
8194,12,8,11,419.9146667,895.1457584302404,44.967431151963865,84.556348,373.3268834,845.9980382,84.556348
8195,12,8,12,454.7287953,914.6274259334269,33.59961759105334,80.38743285,160.503119,889.3506546,80.38743285
8196,12,8,13,439.8463767,916.6597003889872,23.783182628398777,70.76786878,70.76786878,876.1648275,211.0740832
8197,12,8,14,368.8280275,881.0952333527072,16.67977638920605,56.92453897,56.92453897,791.2691299,394.6011116
8198,12,8,15,255.1592159,803.0769426739312,13.053945489114197,41.57757051,41.57757051,645.4748759,513.398654
8199,12,8,16,118.7123599,627.5547012628065,14.549948417531144,28.02767474,28.02767474,429.8273157,500.4762472
8200,12,8,17,16.02787385,0.0,16.02787385,10.23543962,10.23543962,30.85906553,45.67080722
8201,12,8,18,0.0,0.0,0.0,0.0,0.0,0.0,0.0
8202,12,8,19,0.0,0.0,0.0,0.0,0.0,0.0,0.0
8203,12,8,20,0.0,0.0,0.0,0.0,0.0,0.0,0.0
8204,12,8,21,0.0,0.0,0.0,0.0,0.0,0.0,0.0
8205,12,8,22,0.0,0.0,0.0,0.0,0.0,0.0,0.0
8206,12,8,23,0.0,0.0,0.0,0.0,0.0,0.0,0.0
8207,12,8,24,0.0,0.0,0.0,0.0,0.0,0.0,0.0
8208,12,9,1,0.0,0.0,0.0,0.0,0.0,0.0,0.0
8209,12,9,2,0.0,0.0,0.0,0.0,0.0,0.0,0.0
8210,12,9,3,0.0,0.0,0.0,0.0,0.0,0.0,0.0
8211,12,9,4,0.0,0.0,0.0,0.0,0.0,0.0,0.0
8212,12,9,5,0.0,0.0,0.0,0.0,0.0,0.0,0.0
8213,12,9,6,0.0,0.0,0.0,0.0,0.0,0.0,0.0
8214,12,9,7,0.0,0.0,0.0,0.0,0.0,0.0,0.0
8215,12,9,8,17.54940465,80.59261531237536,13.820481554494666,12.36526315,83.90883674,58.58329873,12.36526315
8216,12,9,9,217.9282717,749.2923617276681,65.57561683308589,61.80864075,598.6180672,569.091224,61.80864075
8217,12,9,10,361.7912589,918.420662431832,58.97956648444531,84.05740667,577.5997675,800.1619797,84.05740667
8218,12,9,11,455.5962066,985.3537203249147,44.89908686006852,88.13553883,407.3961231,926.6275261,88.13553883
8219,12,9,12,493.2141875,1006.5532046692474,31.534046528735267,82.68315421,172.5862192,973.5415601,82.68315421
8220,12,9,13,472.9876599,998.6308288942386,21.132041808679567,71.76403792,71.76403792,950.0967119,222.7030769
8221,12,9,14,393.5812817,953.7928505391174,13.374371351963658,56.21025811,56.21025811,852.3072386,419.8521537
8222,12,9,15,269.5591527,861.8393330410089,10.321943554856682,40.30625189,40.30625189,689.7004115,544.9765866
8223,12,9,16,124.5836993,682.2445038723755,11.573455265663151,26.0410465,26.0410465,463.9412168,538.2727054
8224,12,9,17,15.0397357,0.0,15.0397357,9.580955993,9.580955993,36.3568628,55.31988072
8225,12,9,18,0.0,0.0,0.0,0.0,0.0,0.0,0.0
8226,12,9,19,0.0,0.0,0.0,0.0,0.0,0.0,0.0
8227,12,9,20,0.0,0.0,0.0,0.0,0.0,0.0,0.0
8228,12,9,21,0.0,0.0,0.0,0.0,0.0,0.0,0.0
8229,12,9,22,0.0,0.0,0.0,0.0,0.0,0.0,0.0
8230,12,9,23,0.0,0.0,0.0,0.0,0.0,0.0,0.0
8231,12,9,24,0.0,0.0,0.0,0.0,0.0,0.0,0.0
8232,12,10,1,0.0,0.0,0.0,0.0,0.0,0.0,0.0
8233,12,10,2,0.0,0.0,0.0,0.0,0.0,0.0,0.0
8234,12,10,3,0.0,0.0,0.0,0.0,0.0,0.0,0.0
8235,12,10,4,0.0,0.0,0.0,0.0,0.0,0.0,0.0
8236,12,10,5,0.0,0.0,0.0,0.0,0.0,0.0,0.0
8237,12,10,6,0.0,0.0,0.0,0.0,0.0,0.0,0.0
8238,12,10,7,0.0,0.0,0.0,0.0,0.0,0.0,0.0
8239,12,10,8,17.17970958,74.13381880196921,13.930281430792283,11.08793056,77.47606379,53.9627659,11.08793056
8240,12,10,9,216.7888329,747.2657039039307,66.61730343920846,61.49480153,597.4557643,567.5216798,61.49480153
8241,12,10,10,360.6323694,918.3850454339272,59.85792688848373,84.21747438,578.7903208,800.498873,84.21747438
8242,12,10,11,454.8162248,986.2052805171818,45.69930416189907,88.51766636,409.5228944,928.1582717,88.51766636
8243,12,10,12,492.2199557,1006.3427756538478,32.30074195119537,83.13000283,174.769512,974.5130387,83.13000283
8244,12,10,13,462.4559224,976.3995858704717,21.93029479945444,71.31236436,71.31236436,931.0995418,217.0600369
8245,12,10,14,376.7796035,908.3725445785332,15.522574931257157,56.46754781,56.46754781,815.9332867,401.1122163
8246,12,10,15,252.7518556,800.0103507010648,12.562374426565391,40.6717165,40.6717165,644.883085,507.7985304
8247,12,10,16,117.3421155,625.0150713817486,13.952679970411973,27.26168665,27.26168665,429.8104323,495.7858463
8248,12,10,17,14.83261009,0.0,14.83261009,9.832653981,9.832653981,28.24712019,41.11296809
8249,12,10,18,0.0,0.0,0.0,0.0,0.0,0.0,0.0
8250,12,10,19,0.0,0.0,0.0,0.0,0.0,0.0,0.0
8251,12,10,20,0.0,0.0,0.0,0.0,0.0,0.0,0.0
8252,12,10,21,0.0,0.0,0.0,0.0,0.0,0.0,0.0
8253,12,10,22,0.0,0.0,0.0,0.0,0.0,0.0,0.0
8254,12,10,23,0.0,0.0,0.0,0.0,0.0,0.0,0.0
8255,12,10,24,0.0,0.0,0.0,0.0,0.0,0.0,0.0
8256,12,11,1,0.0,0.0,0.0,0.0,0.0,0.0,0.0
8257,12,11,2,0.0,0.0,0.0,0.0,0.0,0.0,0.0
8258,12,11,3,0.0,0.0,0.0,0.0,0.0,0.0,0.0
8259,12,11,4,0.0,0.0,0.0,0.0,0.0,0.0,0.0
8260,12,11,5,0.0,0.0,0.0,0.0,0.0,0.0,0.0
8261,12,11,6,0.0,0.0,0.0,0.0,0.0,0.0,0.0
8262,12,11,7,0.0,0.0,0.0,0.0,0.0,0.0,0.0
8263,12,11,8,15.82697123,64.6936547444172,13.143957448851822,10.47384423,68.94222654,48.21540878,10.47384423
8264,12,11,9,215.9259451,746.1903303940791,67.671770263044,61.18890717,597.0047666,566.5472032,61.18890717
8265,12,11,10,359.2427934,917.3312364385926,60.7479480475523,84.34602913,579.4257075,799.9519308,84.34602913
8266,12,11,11,453.3149429,985.0449550392938,46.50912917455483,88.82149058,410.931495,927.8382107,88.82149058
8267,12,11,12,490.3361749,1005.383635173259,32.40676420869292,82.95855432,176.2645013,974.1182289,82.95855432
8268,12,11,13,453.4284257,957.1713291336787,22.714252687280812,71.00641552,71.00641552,914.7846433,212.0971077
8269,12,11,14,363.498399,873.0779585408227,16.98806506949232,56.41114709,56.41114709,787.5163759,386.0568002
8270,12,11,15,240.4648529,748.2367936245437,16.154490087635764,42.73657145,42.73657145,609.1685147,478.4506439
8271,12,11,16,112.2963333,580.6308255476571,16.315615921354958,28.61107352,28.61107352,403.8266079,463.213707
8272,12,11,17,12.71456695,0.0,12.71456695,8.615030654,8.615030654,32.47269799,48.92477455
8273,12,11,18,0.0,0.0,0.0,0.0,0.0,0.0,0.0
8274,12,11,19,0.0,0.0,0.0,0.0,0.0,0.0,0.0
8275,12,11,20,0.0,0.0,0.0,0.0,0.0,0.0,0.0
8276,12,11,21,0.0,0.0,0.0,0.0,0.0,0.0,0.0
8277,12,11,22,0.0,0.0,0.0,0.0,0.0,0.0,0.0
8278,12,11,23,0.0,0.0,0.0,0.0,0.0,0.0,0.0
8279,12,11,24,0.0,0.0,0.0,0.0,0.0,0.0,0.0
8280,12,12,1,0.0,0.0,0.0,0.0,0.0,0.0,0.0
8281,12,12,2,0.0,0.0,0.0,0.0,0.0,0.0,0.0
8282,12,12,3,0.0,0.0,0.0,0.0,0.0,0.0,0.0
8283,12,12,4,0.0,0.0,0.0,0.0,0.0,0.0,0.0
8284,12,12,5,0.0,0.0,0.0,0.0,0.0,0.0,0.0
8285,12,12,6,0.0,0.0,0.0,0.0,0.0,0.0,0.0
8286,12,12,7,0.0,0.0,0.0,0.0,0.0,0.0,0.0
8287,12,12,8,14.63668822,58.30116848118085,12.351727565951409,9.87394248,62.9685029,44.12315561,9.87394248
8288,12,12,9,214.3325772,745.4976222754397,67.84934819612255,60.73619331,596.6561644,565.5827857,60.73619331
8289,12,12,10,350.5088602,895.5403273748136,60.905282919433816,83.41973957,567.8288979,782.1348313,83.41973957
8290,12,12,11,433.0679542,937.8409102262278,47.399291147183575,87.24465545,395.3729604,886.4160603,87.24465545
8291,12,12,12,459.5184659,934.3210011718895,35.29381636381273,81.96623578,170.3257038,910.8128606,81.96623578
8292,12,12,13,437.4916601,920.708088769933,24.172147473696313,70.58247332,70.58247332,883.0788886,204.593593
8293,12,12,14,362.1763506,871.072085254922,17.069291152554367,56.28383217,56.28383217,786.7297342,383.5554456
8294,12,12,15,246.7059635,779.0504097768126,13.417560843231344,40.74003749,40.74003749,631.5026352,492.946002
8295,12,12,16,114.4113895,606.9773288308822,14.07812545846901,26.96959791,26.96959791,420.0768044,480.1762785
8296,12,12,17,13.3555841,0.0,13.3555841,9.260214096,9.260214096,27.66944189,40.20497404
8297,12,12,18,0.0,0.0,0.0,0.0,0.0,0.0,0.0
8298,12,12,19,0.0,0.0,0.0,0.0,0.0,0.0,0.0
8299,12,12,20,0.0,0.0,0.0,0.0,0.0,0.0,0.0
8300,12,12,21,0.0,0.0,0.0,0.0,0.0,0.0,0.0
8301,12,12,22,0.0,0.0,0.0,0.0,0.0,0.0,0.0
8302,12,12,23,0.0,0.0,0.0,0.0,0.0,0.0,0.0
8303,12,12,24,0.0,0.0,0.0,0.0,0.0,0.0,0.0
8304,12,13,1,0.0,0.0,0.0,0.0,0.0,0.0,0.0
8305,12,13,2,0.0,0.0,0.0,0.0,0.0,0.0,0.0
8306,12,13,3,0.0,0.0,0.0,0.0,0.0,0.0,0.0
8307,12,13,4,0.0,0.0,0.0,0.0,0.0,0.0,0.0
8308,12,13,5,0.0,0.0,0.0,0.0,0.0,0.0,0.0
8309,12,13,6,0.0,0.0,0.0,0.0,0.0,0.0,0.0
8310,12,13,7,0.0,0.0,0.0,0.0,0.0,0.0,0.0
8311,12,13,8,12.18810593,26.381959170197824,11.212164447505199,7.655976871,33.79880558,24.50478225,7.655976871
8312,12,13,9,177.2150324,592.4646205988914,62.04575992094163,56.15396114,483.0175917,457.719096,56.15396114
8313,12,13,10,309.2827988,771.6840886492639,61.207144514479275,79.2457237,497.8129359,681.6458611,79.2457237
8314,12,13,11,403.4607684,865.3314406015251,49.03322112892802,85.1576899,370.848786,822.8977691,85.1576899
8315,12,13,12,449.0181318,912.07560844428,36.096582784099326,81.43923517,169.2962193,891.0495958,81.43923517
8316,12,13,13,346.5791858,680.0036199724985,41.96533348312688,75.17339016,75.17339016,676.5372059,173.0084612
8317,12,13,14,227.0206107,303.33620466535194,107.0189269312504,90.73938161,90.73938161,348.7908118,205.6415347
8318,12,13,15,114.4678899,53.073863067264085,98.58638695102006,55.77418456,55.77418456,99.96983615,89.44346411
8319,12,13,16,62.14829088,35.619097610957105,56.25668639999349,31.30864698,31.30864698,57.83222733,61.75020059
8320,12,13,17,6.916995153,0.0,6.916995153,3.786002188,3.786002188,4.810203972,5.499191967
8321,12,13,18,0.0,0.0,0.0,0.0,0.0,0.0,0.0
8322,12,13,19,0.0,0.0,0.0,0.0,0.0,0.0,0.0
8323,12,13,20,0.0,0.0,0.0,0.0,0.0,0.0,0.0
8324,12,13,21,0.0,0.0,0.0,0.0,0.0,0.0,0.0
8325,12,13,22,0.0,0.0,0.0,0.0,0.0,0.0,0.0
8326,12,13,23,0.0,0.0,0.0,0.0,0.0,0.0,0.0
8327,12,13,24,0.0,0.0,0.0,0.0,0.0,0.0,0.0
8328,12,14,1,0.0,0.0,0.0,0.0,0.0,0.0,0.0
8329,12,14,2,0.0,0.0,0.0,0.0,0.0,0.0,0.0
8330,12,14,3,0.0,0.0,0.0,0.0,0.0,0.0,0.0
8331,12,14,4,0.0,0.0,0.0,0.0,0.0,0.0,0.0
8332,12,14,5,0.0,0.0,0.0,0.0,0.0,0.0,0.0
8333,12,14,6,0.0,0.0,0.0,0.0,0.0,0.0,0.0
8334,12,14,7,0.0,0.0,0.0,0.0,0.0,0.0,0.0
8335,12,14,8,13.46045103,53.04798250921695,11.610388510933682,9.257356514,58.21018166,40.77282622,9.257356514
8336,12,14,9,213.1641023,744.1369341391193,70.00580499615529,60.12415995,596.451581,563.897741,60.12415995
8337,12,14,10,356.6144316,917.0625164031851,63.46363597937651,84.83867596,583.1395875,800.3002399,84.83867596
8338,12,14,11,450.0951851,984.7814846313098,48.255421265173645,89.39385045,415.9431723,928.8726484,89.39385045
8339,12,14,12,487.3526041,1003.9630131314082,34.04086888450306,83.74728399,182.1960505,975.1755875,83.74728399
8340,12,14,13,468.2261738,997.422182975758,22.25867344613788,71.92861092,71.92861092,953.515368,213.3930565
8341,12,14,14,389.8676444,951.7318993891337,13.797645307775758,55.86095996,55.86095996,855.8047733,409.8842554
8342,12,14,15,266.5608996,857.69738809925,9.997557266422922,39.31947641,39.31947641,691.8468459,534.1375659
8343,12,14,16,122.1388357,674.8544231613795,10.368340698055272,24.45090354,24.45090354,463.3628045,526.027052
8344,12,14,17,13.31918341,0.0,13.31918341,9.280855402,9.280855402,36.71912139,54.96267982
8345,12,14,18,0.0,0.0,0.0,0.0,0.0,0.0,0.0
8346,12,14,19,0.0,0.0,0.0,0.0,0.0,0.0,0.0
8347,12,14,20,0.0,0.0,0.0,0.0,0.0,0.0,0.0
8348,12,14,21,0.0,0.0,0.0,0.0,0.0,0.0,0.0
8349,12,14,22,0.0,0.0,0.0,0.0,0.0,0.0,0.0
8350,12,14,23,0.0,0.0,0.0,0.0,0.0,0.0,0.0
8351,12,14,24,0.0,0.0,0.0,0.0,0.0,0.0,0.0
8352,12,15,1,0.0,0.0,0.0,0.0,0.0,0.0,0.0
8353,12,15,2,0.0,0.0,0.0,0.0,0.0,0.0,0.0
8354,12,15,3,0.0,0.0,0.0,0.0,0.0,0.0,0.0
8355,12,15,4,0.0,0.0,0.0,0.0,0.0,0.0,0.0
8356,12,15,5,0.0,0.0,0.0,0.0,0.0,0.0,0.0
8357,12,15,6,0.0,0.0,0.0,0.0,0.0,0.0,0.0
8358,12,15,7,0.0,0.0,0.0,0.0,0.0,0.0,0.0
8359,12,15,8,12.08606871,26.93410187820062,11.201517056856169,7.625407439,34.75393963,25.06814462,7.625407439
8360,12,15,9,193.5772399,666.1435773958184,66.69918580399786,57.72658935,538.6763968,508.7243289,57.72658935
8361,12,15,10,308.568765,774.7725121066455,62.22619379514241,79.38369212,501.5691413,684.0488509,79.38369212
8362,12,15,11,369.28432,778.0165850807977,52.92504415975129,83.83879634,343.2256735,747.610498,83.83879634
8363,12,15,12,378.0287279,737.0809831870536,46.024004217056365,81.08694181,154.7324332,736.4630284,81.08694181
8364,12,15,13,395.0010143,816.5744194595753,30.48371154632665,71.38629031,71.38629031,794.0462365,185.7601365
8365,12,15,14,353.0893089,848.9037493736452,17.94504319780332,56.01170982,56.01170982,770.5276528,370.3400997
8366,12,15,15,258.6687656,828.7521580113379,10.754716876383373,39.22320875,39.22320875,670.7999418,516.0131457
8367,12,15,16,118.2541515,649.7909598638855,10.423256337297452,24.06307836,24.06307836,447.6677438,506.1445643
8368,12,15,17,13.25232312,0.0,13.25232312,9.289475451,9.289475451,32.07378724,47.05429989
8369,12,15,18,0.0,0.0,0.0,0.0,0.0,0.0,0.0
8370,12,15,19,0.0,0.0,0.0,0.0,0.0,0.0,0.0
8371,12,15,20,0.0,0.0,0.0,0.0,0.0,0.0,0.0
8372,12,15,21,0.0,0.0,0.0,0.0,0.0,0.0,0.0
8373,12,15,22,0.0,0.0,0.0,0.0,0.0,0.0,0.0
8374,12,15,23,0.0,0.0,0.0,0.0,0.0,0.0,0.0
8375,12,15,24,0.0,0.0,0.0,0.0,0.0,0.0,0.0
8376,12,16,1,0.0,0.0,0.0,0.0,0.0,0.0,0.0
8377,12,16,2,0.0,0.0,0.0,0.0,0.0,0.0,0.0
8378,12,16,3,0.0,0.0,0.0,0.0,0.0,0.0,0.0
8379,12,16,4,0.0,0.0,0.0,0.0,0.0,0.0,0.0
8380,12,16,5,0.0,0.0,0.0,0.0,0.0,0.0,0.0
8381,12,16,6,0.0,0.0,0.0,0.0,0.0,0.0,0.0
8382,12,16,7,0.0,0.0,0.0,0.0,0.0,0.0,0.0
8383,12,16,8,12.27725798,45.94320512332542,10.857964685861225,8.640722112,51.90809548,36.4188736,8.640722112
8384,12,16,9,211.4693728,743.0791269516243,71.29041127567518,59.40058907,596.409154,562.0385033,59.40058907
8385,12,16,10,355.6470252,917.7903575226469,65.30410540714739,85.21041311,586.2792319,800.9714075,85.21041311
8386,12,16,11,448.8750447,984.3676467119157,49.90469352187441,90.13603378,419.6491372,929.4188266,90.13603378
8387,12,16,12,486.0387255,1003.7404436625328,34.9010931177161,84.154081,186.1133434,976.0739796,84.154081
8388,12,16,13,467.6039261,997.1964288759717,23.059989651119366,72.46478346,72.46478346,955.1267344,210.2433059
8389,12,16,14,388.0243976,949.8171091632629,13.257343770499663,55.0271705,55.0271705,855.0978057,404.9306101
8390,12,16,15,265.7374497,856.5727070333769,9.393707239919257,38.53777264,38.53777264,692.2463875,529.8989513
8391,12,16,16,120.5016202,670.4018544395516,8.95910000154648,22.89937406,22.89937406,460.7748948,519.2467945
8392,12,16,17,13.21251936,5.468640171227626,13.185384914179199,9.302798767,9.302798767,33.67702933,49.53230495
8393,12,16,18,0.0,0.0,0.0,0.0,0.0,0.0,0.0
8394,12,16,19,0.0,0.0,0.0,0.0,0.0,0.0,0.0
8395,12,16,20,0.0,0.0,0.0,0.0,0.0,0.0,0.0
8396,12,16,21,0.0,0.0,0.0,0.0,0.0,0.0,0.0
8397,12,16,22,0.0,0.0,0.0,0.0,0.0,0.0,0.0
8398,12,16,23,0.0,0.0,0.0,0.0,0.0,0.0,0.0
8399,12,16,24,0.0,0.0,0.0,0.0,0.0,0.0,0.0
8400,12,17,1,0.0,0.0,0.0,0.0,0.0,0.0,0.0
8401,12,17,2,0.0,0.0,0.0,0.0,0.0,0.0,0.0
8402,12,17,3,0.0,0.0,0.0,0.0,0.0,0.0,0.0
8403,12,17,4,0.0,0.0,0.0,0.0,0.0,0.0,0.0
8404,12,17,5,0.0,0.0,0.0,0.0,0.0,0.0,0.0
8405,12,17,6,0.0,0.0,0.0,0.0,0.0,0.0,0.0
8406,12,17,7,0.0,0.0,0.0,0.0,0.0,0.0,0.0
8407,12,17,8,12.91354949,31.150893167548006,12.009249175349419,8.128090036,39.78954534,28.42078105,8.128090036
8408,12,17,9,211.5981185,744.7448799507939,72.38922028770958,59.13348121,598.1260327,562.6178042,59.13348121
8409,12,17,10,354.4590369,917.9402768169749,65.44587532350835,85.04038181,587.3960159,800.6603363,85.04038181
8410,12,17,11,448.8286993,985.1440190359854,50.73106093224002,90.5551667,421.9042086,930.4810709,90.5551667
8411,12,17,12,486.273103,1004.4906135435361,35.66165366421661,84.69903236,188.5093485,977.5433099,84.69903236
8412,12,17,13,467.182448,997.1854993258179,23.128465939568294,72.42730168,72.42730168,955.6086213,208.3880375
8413,12,17,14,387.9560599,949.8011087517118,13.301294441365494,55.02097022,55.02097022,855.8585664,403.2471169
8414,12,17,15,264.960302,855.457424005202,8.745365226858226,37.7546053,37.7546053,691.5222109,527.1019291
8415,12,17,16,120.6960857,669.3315487044929,8.96810221499603,22.91907787,22.91907787,460.9876219,517.6027363
8416,12,17,17,11.86305871,17.54875999858634,11.762324301705394,8.714958721,8.714958721,34.49355284,51.09215374
8417,12,17,18,0.0,0.0,0.0,0.0,0.0,0.0,0.0
8418,12,17,19,0.0,0.0,0.0,0.0,0.0,0.0,0.0
8419,12,17,20,0.0,0.0,0.0,0.0,0.0,0.0,0.0
8420,12,17,21,0.0,0.0,0.0,0.0,0.0,0.0,0.0
8421,12,17,22,0.0,0.0,0.0,0.0,0.0,0.0,0.0
8422,12,17,23,0.0,0.0,0.0,0.0,0.0,0.0,0.0
8423,12,17,24,0.0,0.0,0.0,0.0,0.0,0.0,0.0
8424,12,18,1,0.0,0.0,0.0,0.0,0.0,0.0,0.0
8425,12,18,2,0.0,0.0,0.0,0.0,0.0,0.0,0.0
8426,12,18,3,0.0,0.0,0.0,0.0,0.0,0.0,0.0
8427,12,18,4,0.0,0.0,0.0,0.0,0.0,0.0,0.0
8428,12,18,5,0.0,0.0,0.0,0.0,0.0,0.0,0.0
8429,12,18,6,0.0,0.0,0.0,0.0,0.0,0.0,0.0
8430,12,18,7,0.0,0.0,0.0,0.0,0.0,0.0,0.0
8431,12,18,8,9.05294177,0.0,9.05294177,4.916004337,6.600175833,5.993391704,4.916004337
8432,12,18,9,125.8622365,246.25550852510983,80.23249249026036,59.32357607,241.2105043,228.8600416,59.32357607
8433,12,18,10,228.0824293,435.18446917198753,91.67172788447016,83.92652761,324.3237781,425.388533,83.92652761
8434,12,18,11,297.0575475,535.2904374380375,81.33133013269902,91.46367415,273.0703094,549.5643877,91.46367415
8435,12,18,12,328.20253,575.0004907173975,70.68629839118215,91.35471603,151.980319,604.1024286,91.35471603
8436,12,18,13,355.7226999,707.6492618876761,40.86188124152436,75.15904769,75.15904769,702.9944979,170.4751518
8437,12,18,14,327.4769373,770.6522379177261,23.484057310733053,58.31097156,58.31097156,709.1008904,339.6976833
8438,12,18,15,243.4850773,775.6636514327529,10.894692623301681,37.70205518,37.70205518,631.3992483,480.2878357
8439,12,18,16,112.6452298,600.7886032485955,11.967520835006829,24.85515605,24.85515605,419.0553794,468.3898188
8440,12,18,17,10.8124857,20.698666852364575,10.675482067341225,7.726552912,7.726552912,31.66160012,46.92446338
8441,12,18,18,0.0,0.0,0.0,0.0,0.0,0.0,0.0
8442,12,18,19,0.0,0.0,0.0,0.0,0.0,0.0,0.0
8443,12,18,20,0.0,0.0,0.0,0.0,0.0,0.0,0.0
8444,12,18,21,0.0,0.0,0.0,0.0,0.0,0.0,0.0
8445,12,18,22,0.0,0.0,0.0,0.0,0.0,0.0,0.0
8446,12,18,23,0.0,0.0,0.0,0.0,0.0,0.0,0.0
8447,12,18,24,0.0,0.0,0.0,0.0,0.0,0.0,0.0
8448,12,19,1,0.0,0.0,0.0,0.0,0.0,0.0,0.0
8449,12,19,2,0.0,0.0,0.0,0.0,0.0,0.0,0.0
8450,12,19,3,0.0,0.0,0.0,0.0,0.0,0.0,0.0
8451,12,19,4,0.0,0.0,0.0,0.0,0.0,0.0,0.0
8452,12,19,5,0.0,0.0,0.0,0.0,0.0,0.0,0.0
8453,12,19,6,0.0,0.0,0.0,0.0,0.0,0.0,0.0
8454,12,19,7,0.0,0.0,0.0,0.0,0.0,0.0,0.0
8455,12,19,8,7.753388614,2.047097617779884,7.701047394294818,4.649307362,10.3442956,8.284817773,4.649307362
8456,12,19,9,94.71298478,157.69120423926495,65.7347967900632,45.27788301,162.8162448,154.5800027,45.27788301
8457,12,19,10,174.7396672,226.59546321239367,104.00410369850029,74.81201571,201.8446446,254.7035797,74.81201571
8458,12,19,11,232.1714382,266.627639383899,124.97978248213012,92.90571198,184.9132731,323.8359572,92.90571198
8459,12,19,12,260.1875894,283.7295647978647,133.29582068377746,100.8572286,131.6449081,356.956813,100.8572286
8460,12,19,13,322.8305127,582.1822276591588,63.94027555254402,87.33278617,87.33278617,605.0296547,164.8380446
8461,12,19,14,323.4745009,758.465904188213,24.195301838642386,58.49759284,58.49759284,699.5520734,334.1439657
8462,12,19,15,257.301598,827.3982368825451,8.811665607477297,36.98568712,36.98568712,670.9542583,507.7463887
8463,12,19,16,117.1008396,646.4778717407474,8.27624860035726,21.84955863,21.84955863,446.5065794,498.0050676
8464,12,19,17,11.73539433,19.83280347842089,11.584722016072762,8.738268636,8.738268636,31.56383014,45.98616043
8465,12,19,18,0.0,0.0,0.0,0.0,0.0,0.0,0.0
8466,12,19,19,0.0,0.0,0.0,0.0,0.0,0.0,0.0
8467,12,19,20,0.0,0.0,0.0,0.0,0.0,0.0,0.0
8468,12,19,21,0.0,0.0,0.0,0.0,0.0,0.0,0.0
8469,12,19,22,0.0,0.0,0.0,0.0,0.0,0.0,0.0
8470,12,19,23,0.0,0.0,0.0,0.0,0.0,0.0,0.0
8471,12,19,24,0.0,0.0,0.0,0.0,0.0,0.0,0.0
8472,12,20,1,0.0,0.0,0.0,0.0,0.0,0.0,0.0
8473,12,20,2,0.0,0.0,0.0,0.0,0.0,0.0,0.0
8474,12,20,3,0.0,0.0,0.0,0.0,0.0,0.0,0.0
8475,12,20,4,0.0,0.0,0.0,0.0,0.0,0.0,0.0
8476,12,20,5,0.0,0.0,0.0,0.0,0.0,0.0,0.0
8477,12,20,6,0.0,0.0,0.0,0.0,0.0,0.0,0.0
8478,12,20,7,0.0,0.0,0.0,0.0,0.0,0.0,0.0
8479,12,20,8,10.87816531,21.76330478197622,10.35644451643519,7.006392245,31.05600655,22.32351686,7.006392245
8480,12,20,9,185.3791728,636.2007061531433,69.3768761930608,55.79299997,518.6921025,485.1821506,55.79299997
8481,12,20,10,320.6589057,821.5867040002796,65.15687722399548,81.24867518,534.4230854,720.9601114,81.24867518
8482,12,20,11,413.291416,900.9426495894379,51.8684163785546,87.42141863,394.9127434,855.2635564,87.42141863
8483,12,20,12,455.992928,935.6554889193718,38.017627766391925,83.20472579,184.8987555,915.3115039,83.20472579
8484,12,20,13,447.7432857,951.6746108883525,24.668496239150677,71.65056544,71.65056544,915.7421567,196.2616593
8485,12,20,14,379.9327845,926.6141249563947,14.082213638734215,54.86911669,54.86911669,838.0960522,389.8254305
8486,12,20,15,264.1725065,853.1851088402573,7.443101924652479,36.24460125,36.24460125,690.6550568,520.3545203
8487,12,20,16,119.6684891,667.0034457302521,6.811466991058216,20.65495654,20.65495654,459.4219116,511.0189663
8488,12,20,17,11.74754979,32.17433402546247,11.468472485764092,8.759258044,8.759258044,36.4432852,53.78454857
8489,12,20,18,0.0,0.0,0.0,0.0,0.0,0.0,0.0
8490,12,20,19,0.0,0.0,0.0,0.0,0.0,0.0,0.0
8491,12,20,20,0.0,0.0,0.0,0.0,0.0,0.0,0.0
8492,12,20,21,0.0,0.0,0.0,0.0,0.0,0.0,0.0
8493,12,20,22,0.0,0.0,0.0,0.0,0.0,0.0,0.0
8494,12,20,23,0.0,0.0,0.0,0.0,0.0,0.0,0.0
8495,12,20,24,0.0,0.0,0.0,0.0,0.0,0.0,0.0
8496,12,21,1,0.0,0.0,0.0,0.0,0.0,0.0,0.0
8497,12,21,2,0.0,0.0,0.0,0.0,0.0,0.0,0.0
8498,12,21,3,0.0,0.0,0.0,0.0,0.0,0.0,0.0
8499,12,21,4,0.0,0.0,0.0,0.0,0.0,0.0,0.0
8500,12,21,5,0.0,0.0,0.0,0.0,0.0,0.0,0.0
8501,12,21,6,0.0,0.0,0.0,0.0,0.0,0.0,0.0
8502,12,21,7,0.0,0.0,0.0,0.0,0.0,0.0,0.0
8503,12,21,8,12.65234859,29.71102114997976,11.984806969146858,8.048419661,40.16171057,28.44979625,8.048419661
8504,12,21,9,211.5660406,749.5307451250969,75.89559044863385,57.99218459,603.8301891,562.9700662,57.99218459
8505,12,21,10,354.9307823,922.1095874291794,69.1562516807521,85.96507162,595.7908497,803.2704468,85.96507162
8506,12,21,11,448.6963272,987.4228801532496,53.32369293315872,91.78170099,430.3814919,932.9075681,91.78170099
8507,12,21,12,485.8820754,1004.9430553036323,37.34745530344789,85.69652129,196.7015082,979.2922256,85.69652129
8508,12,21,13,462.182646,987.0995389571294,23.371655923287612,71.93434672,71.93434672,947.6425191,199.4055862
8509,12,21,14,380.4596904,928.7051918526321,13.451779690906358,54.26640801,54.26640801,839.7493813,388.4068628
8510,12,21,15,257.346951,826.2456794967445,8.151389646644214,36.27542183,36.27542183,670.7268793,503.9185631
8511,12,21,16,116.406533,643.9062182215155,6.8319789901187775,20.32797437,20.32797437,444.5741428,492.9901919
8512,12,21,17,11.65054697,29.054489392194217,11.364406136086423,8.770228614,8.770228614,33.49749793,48.86108659
8513,12,21,18,0.0,0.0,0.0,0.0,0.0,0.0,0.0
8514,12,21,19,0.0,0.0,0.0,0.0,0.0,0.0,0.0
8515,12,21,20,0.0,0.0,0.0,0.0,0.0,0.0,0.0
8516,12,21,21,0.0,0.0,0.0,0.0,0.0,0.0,0.0
8517,12,21,22,0.0,0.0,0.0,0.0,0.0,0.0,0.0
8518,12,21,23,0.0,0.0,0.0,0.0,0.0,0.0,0.0
8519,12,21,24,0.0,0.0,0.0,0.0,0.0,0.0,0.0
8520,12,22,1,0.0,0.0,0.0,0.0,0.0,0.0,0.0
8521,12,22,2,0.0,0.0,0.0,0.0,0.0,0.0,0.0
8522,12,22,3,0.0,0.0,0.0,0.0,0.0,0.0,0.0
8523,12,22,4,0.0,0.0,0.0,0.0,0.0,0.0,0.0
8524,12,22,5,0.0,0.0,0.0,0.0,0.0,0.0,0.0
8525,12,22,6,0.0,0.0,0.0,0.0,0.0,0.0,0.0
8526,12,22,7,0.0,0.0,0.0,0.0,0.0,0.0,0.0
8527,12,22,8,5.020657263,0.0,5.020657263,2.711248585,3.555800402,3.246323818,2.711248585
8528,12,22,9,61.25517695,29.43268189319641,55.96377081934537,31.05516969,55.85665048,53.93526197,31.05516969
8529,12,22,10,158.895883,179.4423519636123,103.45701553469132,72.84815575,174.8377531,215.8500585,72.84815575
8530,12,22,11,277.7272491,422.91051462507346,108.65981656240002,101.012123,247.8982593,463.9593947,101.012123
8531,12,22,12,376.5485542,729.04455329471,51.354103641732806,84.05383742,165.9841223,733.01305,84.05383742
8532,12,22,13,348.4462343,680.591761875782,45.819644020981976,77.72519392,77.72519392,682.5797555,164.5335109
8533,12,22,14,280.8823102,572.5103385018732,54.36502919974307,75.3896747,75.3896747,561.4263803,281.0741238
8534,12,22,15,192.4083654,432.2363556254481,61.69804874356719,66.55465076,66.55465076,401.0575072,312.2513985
8535,12,22,16,99.4474271,266.8328061201711,53.752719607456356,46.1772672,46.1772672,225.3016866,245.1574746
8536,12,22,17,10.07238969,3.5099657301532523,10.033359852882086,6.047050969,6.047050969,15.31825933,21.03498713
8537,12,22,18,0.0,0.0,0.0,0.0,0.0,0.0,0.0
8538,12,22,19,0.0,0.0,0.0,0.0,0.0,0.0,0.0
8539,12,22,20,0.0,0.0,0.0,0.0,0.0,0.0,0.0
8540,12,22,21,0.0,0.0,0.0,0.0,0.0,0.0,0.0
8541,12,22,22,0.0,0.0,0.0,0.0,0.0,0.0,0.0
8542,12,22,23,0.0,0.0,0.0,0.0,0.0,0.0,0.0
8543,12,22,24,0.0,0.0,0.0,0.0,0.0,0.0,0.0
8544,12,23,1,0.0,0.0,0.0,0.0,0.0,0.0,0.0
8545,12,23,2,0.0,0.0,0.0,0.0,0.0,0.0,0.0
8546,12,23,3,0.0,0.0,0.0,0.0,0.0,0.0,0.0
8547,12,23,4,0.0,0.0,0.0,0.0,0.0,0.0,0.0
8548,12,23,5,0.0,0.0,0.0,0.0,0.0,0.0,0.0
8549,12,23,6,0.0,0.0,0.0,0.0,0.0,0.0,0.0
8550,12,23,7,0.0,0.0,0.0,0.0,0.0,0.0,0.0
8551,12,23,8,11.65888263,25.115324646070274,11.163183909696238,7.494657981,36.2028774,25.62961232,7.494657981
8552,12,23,9,197.2949956,687.8394279682774,74.40885934707906,56.2593939,559.0931614,518.7506697,56.2593939
8553,12,23,10,335.255766,867.8992701089733,67.85786774331814,83.41617907,565.8982184,757.4948673,83.41617907
8554,12,23,11,426.2364594,933.4192681238189,53.56965381398756,89.53597357,412.811593,884.0051843,89.53597357
8555,12,23,12,463.8790812,954.6062818056129,38.21893667942707,84.00142286,192.8816294,932.6969059,84.00142286
8556,12,23,13,446.3697058,947.5848312346412,24.810900310843437,71.50974464,71.50974464,912.5626824,190.5135328
8557,12,23,14,371.0014367,900.5162468640419,14.175108448596747,53.96643682,53.96643682,816.4557266,375.0029647
8558,12,23,15,253.2141347,810.0763505358804,7.500887142908917,35.1403366,35.1403366,658.2911933,491.3211313
8559,12,23,16,115.7192165,627.3756623181097,7.540953137124044,20.98860479,20.98860479,435.53299,480.2096593
8560,12,23,17,11.56715493,35.87633892484153,11.119173164941472,8.80501778,8.80501778,35.05529323,51.12733898
8561,12,23,18,0.0,0.0,0.0,0.0,0.0,0.0,0.0
8562,12,23,19,0.0,0.0,0.0,0.0,0.0,0.0,0.0
8563,12,23,20,0.0,0.0,0.0,0.0,0.0,0.0,0.0
8564,12,23,21,0.0,0.0,0.0,0.0,0.0,0.0,0.0
8565,12,23,22,0.0,0.0,0.0,0.0,0.0,0.0,0.0
8566,12,23,23,0.0,0.0,0.0,0.0,0.0,0.0,0.0
8567,12,23,24,0.0,0.0,0.0,0.0,0.0,0.0,0.0
8568,12,24,1,0.0,0.0,0.0,0.0,0.0,0.0,0.0
8569,12,24,2,0.0,0.0,0.0,0.0,0.0,0.0,0.0
8570,12,24,3,0.0,0.0,0.0,0.0,0.0,0.0,0.0
8571,12,24,4,0.0,0.0,0.0,0.0,0.0,0.0,0.0
8572,12,24,5,0.0,0.0,0.0,0.0,0.0,0.0,0.0
8573,12,24,6,0.0,0.0,0.0,0.0,0.0,0.0,0.0
8574,12,24,7,0.0,0.0,0.0,0.0,0.0,0.0,0.0
8575,12,24,8,11.00246971,36.754168211097905,10.322046115176208,7.937665333,46.41312039,32.16595916,7.937665333
8576,12,24,9,201.9455165,706.6931982391342,76.41275473194028,56.4058694,573.8935229,530.87188,56.4058694
8577,12,24,10,331.9798189,858.9521645067773,67.97611827287582,83.06116766,561.8932657,749.5545918,83.06116766
8578,12,24,11,409.8105111,894.6924253466962,52.96883512646023,87.4867209,398.9077624,848.5946017,87.4867209
8579,12,24,12,433.6238351,886.5458172951411,38.343778815886175,80.9762204,183.7039092,869.0604498,80.9762204
8580,12,24,13,410.9453065,864.0641687428626,26.246148426413786,69.10847475,69.10847475,836.2087766,176.1084498
8581,12,24,14,335.8761365,798.5235259678363,18.90024376806558,54.89705926,54.89705926,731.5175156,338.3638272
8582,12,24,15,226.4953952,687.8186312556177,17.158981573174252,41.96587216,41.96587216,571.9059942,428.667007
8583,12,24,16,106.6256891,523.5618295937654,15.675273549751232,27.49046626,27.49046626,374.4112184,410.8002791
8584,12,24,17,10.8938924,32.896870634613364,10.43502286725608,7.852357831,7.852357831,31.400117,45.72351542
8585,12,24,18,0.0,0.0,0.0,0.0,0.0,0.0,0.0
8586,12,24,19,0.0,0.0,0.0,0.0,0.0,0.0,0.0
8587,12,24,20,0.0,0.0,0.0,0.0,0.0,0.0,0.0
8588,12,24,21,0.0,0.0,0.0,0.0,0.0,0.0,0.0
8589,12,24,22,0.0,0.0,0.0,0.0,0.0,0.0,0.0
8590,12,24,23,0.0,0.0,0.0,0.0,0.0,0.0,0.0
8591,12,24,24,0.0,0.0,0.0,0.0,0.0,0.0,0.0
8592,12,25,1,0.0,0.0,0.0,0.0,0.0,0.0,0.0
8593,12,25,2,0.0,0.0,0.0,0.0,0.0,0.0,0.0
8594,12,25,3,0.0,0.0,0.0,0.0,0.0,0.0,0.0
8595,12,25,4,0.0,0.0,0.0,0.0,0.0,0.0,0.0
8596,12,25,5,0.0,0.0,0.0,0.0,0.0,0.0,0.0
8597,12,25,6,0.0,0.0,0.0,0.0,0.0,0.0,0.0
8598,12,25,7,0.0,0.0,0.0,0.0,0.0,0.0,0.0
8599,12,25,8,11.57421918,24.089718948575932,11.155434767966014,7.466316966,36.36857162,25.60502199,7.466316966
8600,12,25,9,194.0935619,670.3437053738909,75.63237086327838,55.52687228,547.452433,505.055401,55.52687228
8601,12,25,10,330.0249571,853.9929412491881,68.08437113405594,82.84272022,560.2431891,744.7819295,82.84272022
8602,12,25,11,420.7847308,919.1034720955206,54.47348939712689,89.39394246,410.9079489,870.7426309,89.39394246
8603,12,25,12,458.3405936,940.2616156657676,39.03281441226475,83.94424056,194.5915747,919.4646322,83.94424056
8604,12,25,13,440.054281,931.496014764386,24.90294032114825,70.86991952,70.86991952,897.73994,184.5612054
8605,12,25,14,366.4235152,885.4360550272163,14.220122577546459,53.49836193,53.49836193,803.7901442,366.3016722
8606,12,25,15,250.2845788,796.9001487793576,6.843124034033174,34.11884929,34.11884929,648.0052309,480.7015435
8607,12,25,16,114.8878558,613.0834096537648,7.53549227063326,20.88146405,20.88146405,426.9149256,468.4126317
8608,12,25,17,11.51573314,42.7734012649754,10.852559366499579,8.84373716,8.84373716,37.25432678,54.43223802
8609,12,25,18,0.0,0.0,0.0,0.0,0.0,0.0,0.0
8610,12,25,19,0.0,0.0,0.0,0.0,0.0,0.0,0.0
8611,12,25,20,0.0,0.0,0.0,0.0,0.0,0.0,0.0
8612,12,25,21,0.0,0.0,0.0,0.0,0.0,0.0,0.0
8613,12,25,22,0.0,0.0,0.0,0.0,0.0,0.0,0.0
8614,12,25,23,0.0,0.0,0.0,0.0,0.0,0.0,0.0
8615,12,25,24,0.0,0.0,0.0,0.0,0.0,0.0,0.0
8616,12,26,1,0.0,0.0,0.0,0.0,0.0,0.0,0.0
8617,12,26,2,0.0,0.0,0.0,0.0,0.0,0.0,0.0
8618,12,26,3,0.0,0.0,0.0,0.0,0.0,0.0,0.0
8619,12,26,4,0.0,0.0,0.0,0.0,0.0,0.0,0.0
8620,12,26,5,0.0,0.0,0.0,0.0,0.0,0.0,0.0
8621,12,26,6,0.0,0.0,0.0,0.0,0.0,0.0,0.0
8622,12,26,7,0.0,0.0,0.0,0.0,0.0,0.0,0.0
8623,12,26,8,11.50415849,21.535752298318044,11.151995793076154,7.450203495,34.75127739,24.52265352,7.450203495
8624,12,26,9,176.5646352,472.7010990094635,93.4140340180136,66.40274592,416.5037399,385.2116486,66.40274592
8625,12,26,10,277.7161172,663.2604199954438,74.62218803738959,79.47952422,451.9204812,593.8247109,79.47952422
8626,12,26,11,327.9079789,633.53977496739,75.5189213728533,91.64132056,314.896201,631.0837418,91.64132056
8627,12,26,12,329.3818399,555.941625462831,81.34892503984058,96.64618974,163.3218346,592.2789007,96.64618974
8628,12,26,13,360.5697194,706.7162201573743,45.18903110701062,78.46785867,78.46785867,706.585549,163.5916424
8629,12,26,14,333.4847334,787.2799484214665,19.588153919109565,55.26274221,55.26274221,722.7827387,332.2355324
8630,12,26,15,250.5671953,796.7634095876815,6.174341849448263,33.41656859,33.41656859,647.5341786,478.8582422
8631,12,26,16,114.7614655,611.3025865800029,6.810511896404043,20.1392415,20.1392415,425.342555,465.7429489
8632,12,26,17,11.52596779,47.47141654000528,10.711710333481507,8.86632129,8.86632129,39.18098673,57.41037265
8633,12,26,18,0.0,0.0,0.0,0.0,0.0,0.0,0.0
8634,12,26,19,0.0,0.0,0.0,0.0,0.0,0.0,0.0
8635,12,26,20,0.0,0.0,0.0,0.0,0.0,0.0,0.0
8636,12,26,21,0.0,0.0,0.0,0.0,0.0,0.0,0.0
8637,12,26,22,0.0,0.0,0.0,0.0,0.0,0.0,0.0
8638,12,26,23,0.0,0.0,0.0,0.0,0.0,0.0,0.0
8639,12,26,24,0.0,0.0,0.0,0.0,0.0,0.0,0.0
8640,12,27,1,0.0,0.0,0.0,0.0,0.0,0.0,0.0
8641,12,27,2,0.0,0.0,0.0,0.0,0.0,0.0,0.0
8642,12,27,3,0.0,0.0,0.0,0.0,0.0,0.0,0.0
8643,12,27,4,0.0,0.0,0.0,0.0,0.0,0.0,0.0
8644,12,27,5,0.0,0.0,0.0,0.0,0.0,0.0,0.0
8645,12,27,6,0.0,0.0,0.0,0.0,0.0,0.0,0.0
8646,12,27,7,0.0,0.0,0.0,0.0,0.0,0.0,0.0
8647,12,27,8,12.34865682,25.51453191830588,11.955272259134063,7.948061079,39.89574206,27.85032843,7.948061079
8648,12,27,9,188.5514449,637.7756404930309,76.81365551011974,54.61240232,524.6482665,481.0677162,54.61240232
8649,12,27,10,332.9642672,860.3815968882221,69.8607244450169,83.60870525,567.3505074,748.9003068,83.60870525
8650,12,27,11,436.632133,955.4613670151974,56.05057569218554,91.77187411,429.3678558,902.7195547,91.77187411
8651,12,27,12,491.2208459,1009.6442309529461,40.4460792715236,88.21012856,210.692611,984.5774629,88.21012856
8652,12,27,13,471.2675735,997.2051553132193,25.557204722095626,74.55233421,74.55233421,959.5475786,192.7555824
8653,12,27,14,391.889552,949.7351596068831,12.22272458744023,54.06164713,54.06164713,859.0906263,386.5399435
8654,12,27,15,267.0471376,853.4392113597397,4.11367457325994,32.84847163,32.84847163,690.8814518,508.8104406
8655,12,27,16,121.3680784,667.0806830934182,2.506555152688057,16.21944407,16.21944407,458.4849267,501.5586418
8656,12,27,17,11.76073926,64.04906796399017,10.550706363184966,8.91076921,8.91076921,47.50787513,70.6040215
8657,12,27,18,0.0,0.0,0.0,0.0,0.0,0.0,0.0
8658,12,27,19,0.0,0.0,0.0,0.0,0.0,0.0,0.0
8659,12,27,20,0.0,0.0,0.0,0.0,0.0,0.0,0.0
8660,12,27,21,0.0,0.0,0.0,0.0,0.0,0.0,0.0
8661,12,27,22,0.0,0.0,0.0,0.0,0.0,0.0,0.0
8662,12,27,23,0.0,0.0,0.0,0.0,0.0,0.0,0.0
8663,12,27,24,0.0,0.0,0.0,0.0,0.0,0.0,0.0
8664,12,28,1,0.0,0.0,0.0,0.0,0.0,0.0,0.0
8665,12,28,2,0.0,0.0,0.0,0.0,0.0,0.0,0.0
8666,12,28,3,0.0,0.0,0.0,0.0,0.0,0.0,0.0
8667,12,28,4,0.0,0.0,0.0,0.0,0.0,0.0,0.0
8668,12,28,5,0.0,0.0,0.0,0.0,0.0,0.0,0.0
8669,12,28,6,0.0,0.0,0.0,0.0,0.0,0.0,0.0
8670,12,28,7,0.0,0.0,0.0,0.0,0.0,0.0,0.0
8671,12,28,8,12.83833438,38.35251351495078,12.279077766657405,8.947340191,52.72492173,36.10967368,8.947340191
8672,12,28,9,212.4882438,749.4044033440293,81.64247501940667,56.31665645,609.0951611,555.9197123,56.31665645
8673,12,28,10,357.4249774,925.2971053125736,74.74233928796966,87.42146258,609.1611919,801.9056058,87.42146258
8674,12,28,11,454.8690013,995.5131207283276,58.274249810252066,94.75256735,448.2834997,938.916126,94.75256735
8675,12,28,12,487.2228899,999.5812067186447,40.503071362891085,87.80609169,210.9007841,974.779309,87.80609169
8676,12,28,13,463.9309613,980.3605016139913,24.950847579032924,73.23609015,73.23609015,943.0992243,187.7276595
8677,12,28,14,381.7901539,921.6756976847364,12.267581214953973,53.04435357,53.04435357,834.3833306,374.2751903
8678,12,28,15,260.0334411,824.4985795510761,4.810489491593834,32.88579294,32.88579294,668.8987813,491.6985446
8679,12,28,16,118.2256295,635.4058440760654,3.934471021402698,17.46811779,17.46811779,439.1356856,479.3073357
8680,12,28,17,12.77444671,59.392645231038365,11.543697951208157,9.553013964,9.553013964,45.71036787,67.25226167
8681,12,28,18,0.0,0.0,0.0,0.0,0.0,0.0,0.0
8682,12,28,19,0.0,0.0,0.0,0.0,0.0,0.0,0.0
8683,12,28,20,0.0,0.0,0.0,0.0,0.0,0.0,0.0
8684,12,28,21,0.0,0.0,0.0,0.0,0.0,0.0,0.0
8685,12,28,22,0.0,0.0,0.0,0.0,0.0,0.0,0.0
8686,12,28,23,0.0,0.0,0.0,0.0,0.0,0.0,0.0
8687,12,28,24,0.0,0.0,0.0,0.0,0.0,0.0,0.0
8688,12,29,1,0.0,0.0,0.0,0.0,0.0,0.0,0.0
8689,12,29,2,0.0,0.0,0.0,0.0,0.0,0.0,0.0
8690,12,29,3,0.0,0.0,0.0,0.0,0.0,0.0,0.0
8691,12,29,4,0.0,0.0,0.0,0.0,0.0,0.0,0.0
8692,12,29,5,0.0,0.0,0.0,0.0,0.0,0.0,0.0
8693,12,29,6,0.0,0.0,0.0,0.0,0.0,0.0,0.0
8694,12,29,7,0.0,0.0,0.0,0.0,0.0,0.0,0.0
8695,12,29,8,12.83936889,38.33214483724776,12.308655137942832,8.934886309,53.37191767,36.3895997,8.934886309
8696,12,29,9,201.4608886,693.1070490625126,80.78591433904644,55.25078843,567.8305882,516.6667112,55.25078843
8697,12,29,10,340.896725,879.3536613434107,72.40898079716106,85.10041062,582.4357317,763.1590479,85.10041062
8698,12,29,11,434.7615587,948.0677367982267,56.90050253454965,91.97679445,430.3966265,895.1527542,91.97679445
8699,12,29,12,467.5715919,955.7772333945526,39.896475773979034,85.34578605,204.809436,932.9697814,85.34578605
8700,12,29,13,447.3703874,941.2820724134323,25.01195370621241,71.57041765,71.57041765,906.5614961,179.8610297
8701,12,29,14,369.717663,888.610399178938,12.317297252700259,51.82900472,51.82900472,805.1732845,360.1789412
8702,12,29,15,258.4567247,817.3557934567365,4.162519695223031,31.98157247,31.98157247,662.6641761,485.8025274
8703,12,29,16,121.0250924,656.229322126236,1.8151346417437804,15.3842127,15.3842127,451.0153778,491.671726
8704,12,29,17,12.80728726,70.44739635086,11.212271309041984,9.756965444,9.756965444,51.31028089,75.97252592
8705,12,29,18,0.0,0.0,0.0,0.0,0.0,0.0,0.0
8706,12,29,19,0.0,0.0,0.0,0.0,0.0,0.0,0.0
8707,12,29,20,0.0,0.0,0.0,0.0,0.0,0.0,0.0
8708,12,29,21,0.0,0.0,0.0,0.0,0.0,0.0,0.0
8709,12,29,22,0.0,0.0,0.0,0.0,0.0,0.0,0.0
8710,12,29,23,0.0,0.0,0.0,0.0,0.0,0.0,0.0
8711,12,29,24,0.0,0.0,0.0,0.0,0.0,0.0,0.0
8712,12,30,1,0.0,0.0,0.0,0.0,0.0,0.0,0.0
8713,12,30,2,0.0,0.0,0.0,0.0,0.0,0.0,0.0
8714,12,30,3,0.0,0.0,0.0,0.0,0.0,0.0,0.0
8715,12,30,4,0.0,0.0,0.0,0.0,0.0,0.0,0.0
8716,12,30,5,0.0,0.0,0.0,0.0,0.0,0.0,0.0
8717,12,30,6,0.0,0.0,0.0,0.0,0.0,0.0,0.0
8718,12,30,7,0.0,0.0,0.0,0.0,0.0,0.0,0.0
8719,12,30,8,13.85329547,43.01598656575922,13.285130625149359,9.438846764,59.47629887,40.21593855,9.438846764
8720,12,30,9,196.2299496,664.1009258552953,80.86065054104981,54.65229547,546.972989,495.9806923,54.65229547
8721,12,30,10,315.9405783,794.9836374471049,73.26651508973592,82.83134369,534.0200327,695.1737644,82.83134369
8722,12,30,11,384.8422858,814.7654451984315,59.870671872735855,88.50337248,380.9864428,778.3672133,88.50337248
8723,12,30,12,435.7739522,886.2313479612757,38.620707788121244,81.16813027,193.5836643,866.6292252,81.16813027
8724,12,30,13,435.673544,914.4258926009619,24.407832796703357,69.81204062,69.81204062,880.6999102,173.4228411
8725,12,30,14,377.3866461,904.5648011905547,12.313346146849108,52.5870529,52.5870529,819.4109969,365.0978291
8726,12,30,15,262.5583383,828.2216882292005,3.496906114524095,31.64017874,31.64017874,670.8282797,490.4846851
8727,12,30,16,122.1601823,659.4610973987529,1.1200188647520777,14.6898425,14.6898425,452.6532554,492.7567147
8728,12,30,17,12.97564295,79.18103846726478,11.023990703279404,9.807595809,9.807595809,55.64129989,82.75500143
8729,12,30,18,0.0,0.0,0.0,0.0,0.0,0.0,0.0
8730,12,30,19,0.0,0.0,0.0,0.0,0.0,0.0,0.0
8731,12,30,20,0.0,0.0,0.0,0.0,0.0,0.0,0.0
8732,12,30,21,0.0,0.0,0.0,0.0,0.0,0.0,0.0
8733,12,30,22,0.0,0.0,0.0,0.0,0.0,0.0,0.0
8734,12,30,23,0.0,0.0,0.0,0.0,0.0,0.0,0.0
8735,12,30,24,0.0,0.0,0.0,0.0,0.0,0.0,0.0
8736,12,31,1,0.0,0.0,0.0,0.0,0.0,0.0,0.0
8737,12,31,2,0.0,0.0,0.0,0.0,0.0,0.0,0.0
8738,12,31,3,0.0,0.0,0.0,0.0,0.0,0.0,0.0
8739,12,31,4,0.0,0.0,0.0,0.0,0.0,0.0,0.0
8740,12,31,5,0.0,0.0,0.0,0.0,0.0,0.0,0.0
8741,12,31,6,0.0,0.0,0.0,0.0,0.0,0.0,0.0
8742,12,31,7,0.0,0.0,0.0,0.0,0.0,0.0,0.0
8743,12,31,8,17.84324672,22.78620154856688,17.55449977209626,11.85241413,49.76483703,35.06256084,11.85241413
8744,12,31,9,214.8740583,750.1294496338836,84.76710330424457,55.84411943,612.6204459,552.782556,55.84411943
8745,12,31,10,354.4397653,912.8654939946819,75.7390950289309,87.33295164,606.7520801,788.9678226,87.33295164
8746,12,31,11,446.4535597,970.0235140565594,59.15840440987715,94.29441182,444.137158,914.2593477,94.29441182
8747,12,31,12,478.9471866,976.3618581900332,40.63030848706737,86.95867124,212.6102206,951.5866418,86.95867124
8748,12,31,13,457.9913217,960.1507755981177,25.04417415915426,72.60955383,72.60955383,923.6680985,179.7329123
8749,12,31,14,378.543583,905.6274848596446,11.68338389490773,52.02895883,52.02895883,819.6351019,363.539472
8750,12,31,15,260.8352413,820.0799875587134,2.86192252297064,30.71149166,30.71149166,663.684811,484.0723573
8751,12,31,16,121.2502207,647.4091444579726,1.1396119686139008,14.59702237,14.59702237,444.7336828,483.4409627
8752,12,31,17,14.04536294,73.86525488487987,12.070121499672942,10.5038811,10.5038811,53.57356288,78.98267069
8753,12,31,18,0.0,0.0,0.0,0.0,0.0,0.0,0.0
8754,12,31,19,0.0,0.0,0.0,0.0,0.0,0.0,0.0
8755,12,31,20,0.0,0.0,0.0,0.0,0.0,0.0,0.0
8756,12,31,21,0.0,0.0,0.0,0.0,0.0,0.0,0.0
8757,12,31,22,0.0,0.0,0.0,0.0,0.0,0.0,0.0
8758,12,31,23,0.0,0.0,0.0,0.0,0.0,0.0,0.0
8759,12,31,24,0.0,0.0,0.0,0.0,0.0,0.0,0.0
