heure,theta_e_air_c,moyenne_glissante_48h_c
1,-0.283333,-1.097975
2,-0.083333,-1.093528
3,0.058333,-1.066387
4,0.158333,-1.025000
5,0.141667,-0.980912
6,0.216667,-0.930015
7,0.358333,-0.860301
8,0.633333,-0.801071
9,0.916667,-0.742679
10,1.175000,-0.690201
11,1.475000,-0.650675
12,1.775000,-0.618355
13,2.133333,-0.593075
14,2.416667,-0.566667
15,2.500000,-0.538233
16,2.441667,-0.502479
17,2.283333,-0.457658
18,1.908333,-0.410021
19,1.700000,-0.368412
20,1.641667,-0.326071
21,1.775000,-0.276128
22,1.725000,-0.214188
23,1.600000,-0.155575
24,1.541667,-0.095496
25,1.500000,-0.029620
26,1.500000,0.053771
27,1.616667,0.148929
28,1.641667,0.248987
29,1.658333,0.346171
30,1.700000,0.445775
31,1.700000,0.554842
32,1.758333,0.667400
33,1.800000,0.771962
34,2.033333,0.861150
35,2.258333,0.938628
36,2.241667,0.999383
37,2.141667,1.044483
38,2.275000,1.081250
39,2.458333,1.118017
40,2.383333,1.159404
41,2.125000,1.198592
42,1.941667,1.241271
43,1.900000,1.291667
44,1.841667,1.343750
45,1.741667,1.395833
46,1.641667,1.447579
47,1.600000,1.497242
48,1.541667,1.542737
49,1.441667,1.582321
50,1.400000,1.615992
51,1.341667,1.645158
52,1.358333,1.670833
53,1.458333,1.696508
54,1.500000,1.724325
55,1.558333,1.750000
56,1.541667,1.773312
57,1.441667,1.788571
58,1.516667,1.797579
59,1.833333,1.804504
60,2.175000,1.812500
61,2.475000,1.820496
62,2.600000,1.826408
63,2.600000,1.829167
64,2.425000,1.830575
65,2.008333,1.828154
66,1.158333,1.818808
67,0.000000,1.795949
68,-0.966667,1.751804
69,-1.533333,1.691387
70,-1.175000,1.622801
71,-0.566667,1.570100
72,-0.575000,1.526408
73,-0.583333,1.481925
74,-0.500000,1.439583
75,-0.908333,1.394878
76,-1.141667,1.338175
77,-0.866667,1.282263
78,-0.408333,1.232938
79,-0.141667,1.192004
80,-0.275000,1.152816
81,-0.283333,1.109008
82,0.150000,1.067342
83,0.925000,1.031867
84,2.175000,1.013735
85,3.091667,1.022859
86,3.475000,1.045833
87,3.483333,1.069821
88,2.700000,1.086208
89,1.733333,1.085812
90,1.225000,1.074325
91,1.450000,1.060359
92,1.933333,1.055855
93,2.275000,1.061767
94,2.400000,1.075338
95,2.166667,1.090316
96,2.116667,1.101013
97,2.375000,1.115934
98,2.558333,1.137838
99,3.125000,1.165876
100,3.908333,1.210359
101,4.841667,1.270042
102,4.891667,1.343470
103,4.716667,1.410754
104,5.033333,1.478771
105,5.141667,1.554167
106,4.983333,1.629900
107,5.075000,1.699662
108,5.608333,1.768017
109,6.308333,1.843017
110,6.891667,1.926688
111,7.100000,2.018750
112,6.458333,2.109799
113,5.475000,2.188233
114,3.758333,2.254282
115,2.800000,2.306134
116,3.675000,2.378598
117,4.241667,2.488513
118,4.258333,2.607716
119,4.183333,2.714641
120,4.100000,2.811429
121,3.808333,2.908054
122,3.308333,2.994145
123,3.041667,3.072859
124,2.941667,3.157658
125,2.725000,3.239304
126,2.600000,3.308729
127,2.541667,3.368075
128,2.441667,3.423592
129,2.400000,3.480575
130,2.341667,3.533054
131,2.300000,3.571962
132,2.475000,3.591782
133,2.891667,3.591667
134,3.391667,3.588175
135,3.716667,3.588850
136,3.741667,3.599547
137,3.350000,3.627758
138,2.866667,3.662162
139,2.466667,3.692458
140,1.775000,3.703945
141,1.516667,3.693412
142,1.600000,3.677083
143,1.658333,3.662105
144,1.700000,3.653492
145,1.816667,3.643412
146,1.958333,3.631250
147,1.533333,3.613011
148,1.491667,3.570158
149,1.466667,3.513686
150,0.891667,3.435417
151,0.541667,3.351071
152,0.383333,3.260475
153,0.650000,3.162780
154,1.366667,3.076292
155,2.458333,3.009626
156,3.350000,2.960079
157,4.241667,2.913850
158,5.225000,2.874267
159,5.716667,2.842342
160,5.508333,2.816609
161,4.366667,2.797637
162,3.116667,2.775222
163,2.233333,2.766049
164,2.191667,2.746624
165,2.400000,2.710754
166,2.458333,2.672917
167,2.441667,2.635754
168,2.341667,2.599662
169,2.241667,2.563850
170,2.141667,2.534684
171,2.041667,2.512500
172,1.766667,2.490654
173,1.600000,2.465596
174,1.716667,2.444425
175,1.683333,2.426746
176,1.191667,2.406308
177,1.191667,2.378771
178,1.808333,2.358951
179,3.033333,2.357485
180,4.633333,2.385639
181,5.300000,2.435812
182,5.416667,2.482321
183,5.500000,2.522242
184,4.858333,2.554958
185,3.583333,2.570216
186,2.066667,2.566782
187,1.575000,2.546113
188,1.700000,2.534288
189,1.933333,2.538175
190,2.100000,2.547917
191,1.983333,2.557321
192,1.608333,2.560812
193,1.341667,2.555237
194,1.358333,2.543750
195,1.283333,2.533275
196,1.200000,2.529562
197,1.141667,2.521846
198,1.100000,2.519030
199,0.983333,2.526746
200,1.075000,2.537105
201,1.433333,2.553492
202,1.833333,2.567400
203,2.583333,2.573987
204,3.350000,2.575000
205,3.775000,2.572299
206,4.075000,2.556308
207,4.083333,2.527816
208,3.591667,2.490992
209,3.125000,2.454389
210,3.116667,2.439468
211,3.200000,2.448534
212,3.258333,2.471566
213,3.241667,2.491329
214,3.083333,2.507321
215,2.941667,2.518750
216,2.900000,2.529504
217,2.841667,2.541667
218,2.858333,2.554842
219,2.900000,2.571171
220,2.958333,2.591271
221,3.058333,2.619088
222,3.158333,2.649662
223,2.908333,2.678154
224,2.466667,2.703096
225,2.183333,2.728887
226,1.983333,2.742795
227,2.016667,2.736941
228,2.275000,2.703945
229,2.575000,2.648929
230,2.583333,2.592400
231,2.325000,2.530237
232,2.141667,2.465876
233,2.100000,2.419309
234,1.983333,2.400559
235,1.900000,2.405237
236,1.841667,2.410079
237,1.800000,2.411150
238,1.741667,2.405912
239,1.816667,2.399267
240,1.958333,2.399942
241,1.941667,2.410417
242,1.900000,2.422579
243,1.900000,2.434008
244,1.900000,2.447917
245,1.841667,2.462500
246,1.800000,2.477083
247,1.683333,2.491667
248,1.658333,2.505575
249,1.816667,2.515992
250,2.016667,2.522242
251,2.216667,2.522299
252,2.416667,2.509066
253,2.500000,2.486487
254,2.441667,2.456983
255,2.458333,2.421846
256,2.500000,2.391946
257,2.383333,2.373254
258,2.066667,2.356308
259,1.666667,2.329900
260,1.325000,2.294483
261,1.200000,2.252421
262,1.141667,2.210754
263,1.041667,2.170833
264,0.941667,2.130912
265,0.841667,2.089583
266,0.683333,2.046904
267,0.600000,2.000000
268,0.425000,1.950733
269,0.300000,1.895496
270,0.300000,1.837162
271,0.300000,1.778771
272,0.300000,1.728434
273,0.475000,1.687105
274,0.833333,1.656192
275,1.058333,1.635079
276,1.216667,1.614246
277,1.300000,1.590654
278,1.300000,1.563175
279,1.241667,1.538175
280,1.083333,1.516329
281,0.883333,1.493075
282,0.741667,1.467004
283,0.641667,1.441329
284,0.541667,1.414583
285,0.383333,1.386825
286,0.241667,1.356250
287,0.200000,1.324325
288,0.200000,1.289246
289,0.141667,1.252083
290,0.100000,1.214583
291,0.041667,1.176746
292,-0.058333,1.137162
293,-0.100000,1.096171
294,-0.041667,1.056588
295,-0.116667,1.018750
296,-0.200000,0.980912
297,-0.141667,0.941329
298,0.133333,0.900675
299,0.766667,0.864525
300,1.275000,0.837838
301,1.691667,0.816271
302,2.308333,0.804784
303,2.833333,0.807263
304,2.708333,0.814979
305,1.391667,0.810928
306,0.075000,0.779562
307,-0.650000,0.734742
308,-1.016667,0.685754
309,-1.916667,0.632774
310,-2.675000,0.559742
311,-3.208333,0.477141
312,-3.966667,0.383054
313,-4.241667,0.277758
314,-4.200000,0.173592
315,-3.675000,0.075955
316,-3.416667,-0.007996
317,-3.616667,-0.088175
318,-3.583333,-0.170158
319,-3.558333,-0.250338
320,-3.600000,-0.331250
321,-3.308333,-0.411825
322,-2.983333,-0.490258
323,-2.550000,-0.569145
324,-1.658333,-0.638628
325,-0.675000,-0.690712
326,-0.533333,-0.728434
327,-0.933333,-0.769763
328,-1.450000,-0.818017
329,-1.816667,-0.872917
330,-2.133333,-0.930179
331,-2.241667,-0.990992
332,-2.025000,-1.048650
333,-1.783333,-1.098650
334,-1.700000,-1.141329
335,-1.583333,-1.180575
336,-1.441667,-1.216329
337,-1.283333,-1.248987
338,-1.258333,-1.277421
339,-1.416667,-1.306588
340,-1.558333,-1.337500
341,-1.658333,-1.369088
342,-1.875000,-1.403434
343,-2.058333,-1.443412
344,-2.100000,-1.483333
345,-2.158333,-1.523592
346,-2.316667,-1.568692
347,-2.225000,-1.624605
348,-2.041667,-1.690258
349,-1.883333,-1.761429
350,-1.566667,-1.838513
351,-1.108333,-1.920496
352,-1.191667,-2.002083
353,-1.866667,-2.079620
354,-2.316667,-2.139304
355,-2.633333,-2.184742
356,-3.091667,-2.226013
357,-3.650000,-2.268133
358,-4.191667,-2.300675
359,-4.633333,-2.332321
360,-3.925000,-2.352652
361,-3.008333,-2.338233
362,-2.741667,-2.310079
363,-2.583333,-2.281530
364,-2.441667,-2.261487
365,-2.458333,-2.239246
366,-2.441667,-2.214921
367,-2.283333,-2.190654
368,-2.083333,-2.161825
369,-1.825000,-2.129842
370,-1.525000,-2.099662
371,-1.341667,-2.070438
372,-1.008333,-2.049942
373,-0.450000,-2.040596
374,-0.083333,-2.035475
375,-0.175000,-2.022579
376,-0.358333,-2.004562
377,-0.575000,-1.979504
378,-0.758333,-1.953154
379,-0.916667,-1.923929
380,-1.000000,-1.898929
381,-1.116667,-1.880517
382,-1.608333,-1.871113
383,-2.483333,-1.876968
384,-3.191667,-1.904109
385,-3.983333,-1.947801
386,-4.633333,-2.011429
387,-5.091667,-2.084346
388,-5.650000,-2.164188
389,-5.725000,-2.250733
390,-5.250000,-2.330295
391,-4.358333,-2.391782
392,-3.375000,-2.430295
393,-2.650000,-2.449720
394,-1.933333,-2.452874
395,-0.958333,-2.436883
396,-0.150000,-2.404562
397,0.450000,-2.361150
398,1.341667,-2.308054
399,1.916667,-2.244763
400,2.000000,-2.181645
401,1.766667,-2.111150
402,1.775000,-2.031645
403,1.900000,-1.942400
404,2.016667,-1.843470
405,2.158333,-1.730970
406,2.200000,-1.604562
407,2.200000,-1.467400
408,2.258333,-1.327643
409,2.475000,-1.206925
410,2.775000,-1.093075
411,2.900000,-0.977758
412,3.133333,-0.863571
413,3.125000,-0.746508
414,3.000000,-0.631588
415,3.000000,-0.519425
416,3.000000,-0.411092
417,3.058333,-0.306925
418,3.275000,-0.206250
419,3.691667,-0.104900
420,4.016667,0.001071
421,4.216667,0.102816
422,4.183333,0.196566
423,4.158333,0.284684
424,4.316667,0.378096
425,4.166667,0.476746
426,3.708333,0.573650
427,3.266667,0.663908
428,3.100000,0.750000
429,2.925000,0.835079
430,2.683333,0.920438
431,2.600000,1.015876
432,2.425000,1.127758
433,1.833333,1.246508
434,1.675000,1.371113
435,1.625000,1.506925
436,1.091667,1.647579
437,0.858333,1.786825
438,0.783333,1.920216
439,0.525000,2.036941
440,0.400000,2.128212
441,0.516667,2.200733
442,0.891667,2.263571
443,1.391667,2.318808
444,1.716667,2.363233
445,1.916667,2.398650
446,2.175000,2.424383
447,2.241667,2.436487
448,1.908333,2.439979
449,1.350000,2.434742
450,0.575000,2.420949
451,-0.150000,2.387558
452,-0.575000,2.339979
453,-1.108333,2.280633
454,-1.516667,2.207658
455,-2.650000,2.123090
456,-3.983333,2.008787
457,-4.458333,1.871566
458,-4.733333,1.722637
459,-5.016667,1.561825
460,-5.275000,1.393470
461,-5.808333,1.213233
462,-5.983333,1.025675
463,-5.900000,0.839583
464,-5.725000,0.655179
465,-4.900000,0.478713
466,-3.583333,0.322463
467,-2.066667,0.189130
468,-0.408333,0.080064
469,0.883333,-0.001466
470,1.591667,-0.064304
471,1.625000,-0.115934
472,1.266667,-0.172859
473,0.983333,-0.238908
474,0.783333,-0.303154
475,0.583333,-0.361825
476,0.383333,-0.417342
477,0.066667,-0.475338
478,0.075000,-0.533729
479,0.083333,-0.586092
480,-0.058333,-0.638908
481,-0.041667,-0.686545
482,0.116667,-0.721171
483,0.200000,-0.753154
484,0.316667,-0.778212
485,0.341667,-0.790258
486,0.300000,-0.801408
487,0.300000,-0.809404
488,0.416667,-0.811825
489,0.616667,-0.810417
490,0.816667,-0.809346
491,0.958333,-0.813850
492,1.058333,-0.825338
493,1.158333,-0.839921
494,1.200000,-0.857263
495,1.258333,-0.878492
496,1.358333,-0.895891
497,1.341667,-0.902479
498,1.416667,-0.896287
499,1.325000,-0.871904
500,0.966667,-0.839921
501,0.625000,-0.806983
502,0.616667,-0.767400
503,0.875000,-0.713744
504,1.000000,-0.625791
505,0.766667,-0.517679
506,0.775000,-0.408054
507,1.075000,-0.287895
508,1.258333,-0.156983
509,1.300000,-0.016387
510,1.533333,0.136092
511,1.525000,0.292737
512,1.400000,0.444821
513,1.400000,0.587616
514,1.808333,0.710137
515,1.983333,0.812674
516,1.900000,0.881761
517,1.783333,0.916782
518,1.466667,0.926128
519,1.241667,0.919425
520,1.083333,0.913175
521,1.000000,0.911092
522,0.708333,0.911487
523,0.441667,0.908671
524,0.283333,0.906250
525,0.491667,0.907205
526,0.641667,0.919483
527,0.541667,0.929504
528,0.500000,0.939921
529,0.325000,0.950733
530,0.258333,0.955912
531,0.066667,0.956983
532,-0.158333,0.951071
533,-0.025000,0.940934
534,0.100000,0.935417
535,0.275000,0.932263
536,0.400000,0.932658
537,0.575000,0.931588
538,0.758333,0.930912
539,0.975000,0.929842
540,1.158333,0.931250
541,1.375000,0.934008
542,1.441667,0.939246
543,1.283333,0.942737
544,1.200000,0.941329
545,0.966667,0.936487
546,0.566667,0.925058
547,0.283333,0.904504
548,0.200000,0.884684
549,0.200000,0.871846
550,0.258333,0.864246
551,0.125000,0.854225
552,-0.408333,0.833054
553,-1.050000,0.799325
554,-1.591667,0.757716
555,-2.150000,0.701128
556,-2.925000,0.625791
557,-3.650000,0.531308
558,-4.133333,0.422299
559,-4.591667,0.299325
560,-5.441667,0.167120
561,-6.308333,0.016387
562,-6.891667,-0.151968
563,-7.100000,-0.338908
564,-6.983333,-0.526408
565,-7.016667,-0.710417
566,-6.866667,-0.891049
567,-6.641667,-1.059742
568,-6.891667,-1.223929
569,-7.450000,-1.393692
570,-7.991667,-1.572917
571,-8.550000,-1.755855
572,-8.566667,-1.943808
573,-7.758333,-2.122975
574,-7.358333,-2.291667
575,-7.808333,-2.460359
576,-8.625000,-2.640538
577,-9.408333,-2.836767
578,-9.175000,-3.038966
579,-8.916667,-3.230575
580,-9.000000,-3.416329
581,-8.941667,-3.600675
582,-8.900000,-3.787500
583,-9.133333,-3.977363
584,-9.300000,-4.177083
585,-9.300000,-4.380179
586,-9.125000,-4.586825
587,-8.475000,-4.789641
588,-7.808333,-4.981983
589,-7.191667,-5.165316
590,-6.725000,-5.340316
591,-6.541667,-5.507321
592,-6.616667,-5.669425
593,-7.108333,-5.834346
594,-8.158333,-6.007205
595,-8.700000,-6.193075
596,-8.933333,-6.380517
597,-9.741667,-6.576630
598,-10.433333,-6.791271
599,-11.650000,-7.021730
600,-12.341667,-7.272299
601,-12.650000,-7.516667
602,-13.016667,-7.757321
603,-12.225000,-7.986661
604,-10.725000,-8.177315
605,-9.691667,-8.322695
606,-9.225000,-8.439304
607,-9.100000,-8.539979
608,-8.925000,-8.626524
609,-8.741667,-8.688966
610,-8.583333,-8.733054
611,-8.266667,-8.763233
612,-7.808333,-8.784404
613,-7.425000,-8.798312
614,-6.950000,-8.803492
615,-6.408333,-8.802816
616,-6.025000,-8.793133
617,-6.716667,-8.773534
618,-7.708333,-8.763175
619,-8.408333,-8.758671
620,-9.283333,-8.760976
621,-10.166667,-8.789747
622,-11.025000,-8.852701
623,-11.691667,-8.932658
624,-11.725000,-9.008449
625,-10.666667,-9.058902
626,-9.475000,-9.072917
627,-9.041667,-9.078154
628,-8.883333,-9.078492
629,-8.683333,-9.074662
630,-8.250000,-9.066725
631,-7.766667,-9.047299
632,-7.600000,-9.014583
633,-7.775000,-8.980179
634,-7.666667,-8.949662
635,-7.208333,-8.920100
636,-6.475000,-8.894483
637,-5.283333,-8.862220
638,-4.233333,-8.817062
639,-3.783333,-8.762162
640,-3.816667,-8.704167
641,-4.483333,-8.646846
642,-5.250000,-8.591387
643,-6.200000,-8.531134
644,-7.050000,-8.486092
645,-7.766667,-8.446904
646,-7.866667,-8.401466
647,-7.175000,-8.334635
648,-6.741667,-8.227083
649,-6.700000,-8.108391
650,-7.108333,-7.982938
651,-7.400000,-7.867564
652,-7.400000,-7.780064
653,-7.575000,-7.722126
654,-7.641667,-7.684008
655,-8.008333,-7.654446
656,-8.066667,-7.635079
657,-7.491667,-7.614641
658,-5.858333,-7.578328
659,-3.908333,-7.506028
660,-1.975000,-7.402932
661,-0.341667,-7.269541
662,0.375000,-7.117679
663,0.383333,-6.969030
664,0.358333,-6.831925
665,0.283333,-6.695949
666,-0.091667,-6.543075
667,-0.183333,-6.380295
668,0.250000,-6.198765
669,-0.025000,-5.992004
670,-0.050000,-5.776186
671,0.433333,-5.536545
672,0.541667,-5.280517
673,0.150000,-5.034510
674,0.016667,-4.823196
675,0.625000,-4.626466
676,1.466667,-4.418808
677,2.383333,-4.197299
678,3.558333,-3.960137
679,4.158333,-3.711429
680,4.258333,-3.464246
681,4.591667,-3.213966
682,4.975000,-2.952421
683,5.158333,-2.690934
684,5.141667,-2.438792
685,4.691667,-2.209172
686,4.283333,-2.015876
687,3.966667,-1.845775
688,3.858333,-1.686487
689,4.191667,-1.519936
690,4.925000,-1.326186
691,5.125000,-1.103212
692,5.175000,-0.859462
693,5.416667,-0.596624
694,5.616667,-0.317342
695,5.875000,-0.039525
696,6.116667,0.229504
697,6.608333,0.500280
698,6.841667,0.783275
699,6.916667,1.077758
700,7.116667,1.377758
701,7.316667,1.682938
702,7.400000,1.995496
703,7.341667,2.310359
704,7.183333,2.631308
705,7.275000,2.944483
706,7.516667,3.242911
707,7.716667,3.505353
708,7.800000,3.732494
709,7.858333,3.920949
710,7.900000,4.084404
711,7.958333,4.240596
712,7.941667,4.399325
713,7.841667,4.556588
714,7.858333,4.716609
715,7.958333,4.885079
716,8.291667,5.053829
717,8.441667,5.223534
718,8.283333,5.401466
719,8.025000,5.568470
720,8.016667,5.723929
721,7.925000,5.882263
722,7.625000,6.044145
723,7.150000,6.194936
724,6.725000,6.319203
725,6.308333,6.417853
726,5.750000,6.485253
727,5.266667,6.519145
728,5.508333,6.541609
729,6.616667,6.573872
730,7.783333,6.623196
731,9.016667,6.689805
732,10.416667,6.782147
733,10.941667,6.902025
734,10.666667,7.034742
735,10.325000,7.167004
736,9.966667,7.298312
737,8.691667,7.414815
738,7.141667,7.488407
739,5.783333,7.519203
740,4.558333,7.522357
741,3.341667,7.497020
742,1.925000,7.440095
743,0.483333,7.348428
744,-0.916667,7.221682
745,-2.258333,7.059915
746,-3.383333,6.861545
747,-4.208333,6.640712
748,-4.733333,6.402141
749,-5.016667,6.150733
750,-4.983333,5.892342
751,-4.666667,5.637105
752,-4.383333,5.390934
753,-4.300000,5.151071
754,-3.891667,4.910021
755,-3.308333,4.676013
756,-2.866667,4.449267
757,-2.466667,4.230179
758,-2.125000,4.017679
759,-2.000000,3.810079
760,-1.941667,3.602758
761,-2.075000,3.397242
762,-2.200000,3.189246
763,-2.375000,2.977816
764,-2.616667,2.758054
765,-2.991667,2.525733
766,-3.258333,2.285754
767,-3.533333,2.045496
768,-3.991667,1.801804
769,-4.141667,1.549267
770,-4.333333,1.299662
771,-4.558333,1.051688
772,-4.600000,0.811429
773,-4.541667,0.579109
774,-4.325000,0.359288
775,-3.966667,0.156867
776,-3.566667,-0.032263
777,-3.283333,-0.226968
778,-2.791667,-0.440596
779,-2.091667,-0.664863
780,-1.566667,-0.903376
781,-0.583333,-1.153270
782,0.641667,-1.380353
783,1.566667,-1.577537
784,1.783333,-1.753492
785,0.708333,-1.922242
786,-0.466667,-2.085812
787,-0.975000,-2.237953
788,-1.275000,-2.370216
789,-2.275000,-2.488175
790,-3.716667,-2.605912
791,-5.116667,-2.722917
792,-5.933333,-2.836208
793,-5.633333,-2.928328
794,-5.008333,-2.982436
795,-5.325000,-3.009008
796,-5.233333,-3.029282
797,-4.900000,-3.032658
798,-4.725000,-3.028829
799,-4.950000,-3.026292
800,-4.733333,-3.035475
801,-2.883333,-3.030806
802,-0.925000,-2.984799
803,0.283333,-2.917062
804,1.050000,-2.838908
805,1.591667,-2.755912
806,2.441667,-2.668133
807,3.308333,-2.566387
808,3.425000,-2.453434
809,2.775000,-2.345775
810,1.700000,-2.251968
811,1.141667,-2.176408
812,1.041667,-2.101746
813,1.116667,-2.022637
814,1.141667,-1.933333
815,1.450000,-1.838291
816,1.700000,-1.727479
817,1.875000,-1.605575
818,2.116667,-1.477141
819,2.375000,-1.338233
820,2.383333,-1.192342
821,2.183333,-1.048929
822,2.041667,-0.911767
823,2.175000,-0.781588
824,2.475000,-0.654504
825,2.541667,-0.530179
826,2.091667,-0.415143
827,1.683333,-0.323872
828,1.775000,-0.250338
829,2.016667,-0.185301
830,2.158333,-0.140876
831,2.316667,-0.116609
832,2.575000,-0.102479
833,2.758333,-0.077257
834,2.858333,-0.021962
835,3.016667,0.053771
836,3.216667,0.141271
837,3.300000,0.242564
838,3.358333,0.371730
839,3.516667,0.532485
840,3.541667,0.721846
841,3.441667,0.917795
842,3.516667,1.101071
843,3.600000,1.280122
844,3.658333,1.468470
845,3.641667,1.649662
846,3.658333,1.826408
847,3.700000,2.002025
848,3.816667,2.183391
849,4.075000,2.350569
850,4.200000,2.478270
851,4.433333,2.575058
852,4.950000,2.658333
853,5.375000,2.738908
854,5.558333,2.813291
855,5.658333,2.870891
856,5.875000,2.918692
857,6.000000,2.975955
858,5.941667,3.051630
859,6.016667,3.146846
860,6.041667,3.250000
861,6.058333,3.353829
862,6.100000,3.456588
863,5.983333,3.557716
864,5.900000,3.647917
865,5.783333,3.733729
866,5.700000,3.811825
867,5.700000,3.884404
868,5.408333,3.951071
869,4.966667,4.011825
870,4.625000,4.068075
871,4.383333,4.119145
872,4.008333,4.159799
873,3.916667,4.188513
874,4.116667,4.221788
875,4.433333,4.270775
876,5.008333,4.332600
877,5.650000,4.403434
878,6.133333,4.482263
879,6.475000,4.567004
880,6.483333,4.652479
881,5.991667,4.728549
882,5.116667,4.787953
883,3.825000,4.823428
884,2.908333,4.828887
885,2.175000,4.815712
886,1.508333,4.785475
887,0.950000,4.741049
888,0.350000,4.681645
889,-0.308333,4.610475
890,-0.366667,4.529842
891,0.208333,4.452363
892,0.150000,4.383054
893,-0.100000,4.306588
894,-0.275000,4.227816
895,-0.516667,4.143075
896,-0.716667,4.052816
897,-0.683333,3.955912
898,-0.308333,3.857938
899,0.541667,3.769030
900,1.175000,3.690654
901,1.825000,3.612442
902,2.783333,3.544705
903,3.550000,3.493355
904,3.450000,3.449045
905,2.150000,3.387674
906,0.991667,3.295891
907,0.816667,3.189583
908,0.958333,3.081925
909,0.941667,2.976408
910,0.725000,2.867737
911,0.425000,2.753829
912,0.241667,2.637162
913,0.083333,2.518750
914,0.116667,2.400675
915,0.141667,2.285079
916,0.158333,2.170775
917,0.200000,2.065934
918,0.141667,1.969425
919,0.041667,1.877421
920,-0.058333,1.788850
921,-0.100000,1.705575
922,-0.158333,1.619821
923,-0.025000,1.528829
924,0.275000,1.434066
925,0.750000,1.333333
926,1.291667,1.231588
927,1.616667,1.130912
928,1.816667,1.030517
929,1.666667,0.936429
930,1.325000,0.850280
931,1.083333,0.779389
932,0.766667,0.729504
933,0.541667,0.688117
934,0.266667,0.658671
935,-0.016667,0.634684
936,-0.275000,0.617679
937,-0.516667,0.607938
938,-0.833333,0.603549
939,-0.941667,0.587558
940,-1.425000,0.559404
941,-1.683333,0.525675
942,-1.541667,0.495100
943,-1.500000,0.471508
944,-1.441667,0.453096
945,-1.166667,0.440258
946,-0.358333,0.433275
947,1.033333,0.437105
948,2.866667,0.455739
949,4.866667,0.503713
950,6.750000,0.575617
951,7.675000,0.661487
952,7.858333,0.748196
953,7.433333,0.847126
954,6.283333,0.960137
955,5.000000,1.061941
956,3.100000,1.133227
957,1.750000,1.162895
958,1.266667,1.176746
959,0.691667,1.186150
960,0.750000,1.191946
961,1.291667,1.208613
962,2.608333,1.243239
963,3.983333,1.307880
964,3.933333,1.390712
965,3.308333,1.462895
966,3.275000,1.526350
967,3.458333,1.594425
968,3.500000,1.667004
969,3.733333,1.743017
970,4.425000,1.828376
971,5.325000,1.931192
972,6.458333,2.049209
973,7.116667,2.181983
974,7.433333,2.312162
975,7.775000,2.439921
976,7.258333,2.564361
977,6.216667,2.668808
978,5.041667,2.757041
979,4.383333,2.829167
980,3.891667,2.896904
981,2.900000,2.956703
982,1.758333,2.997637
983,1.300000,3.025675
984,0.950000,3.053154
985,0.058333,3.074045
986,-0.516667,3.081925
987,-0.016667,3.092622
988,0.283333,3.119030
989,0.258333,3.157996
990,0.825000,3.200617
991,1.258333,3.254504
992,1.358333,3.312500
993,1.808333,3.371846
994,2.916667,3.436429
995,3.966667,3.503549
996,4.766667,3.556366
997,4.925000,3.581819
998,3.983333,3.560031
999,3.516667,3.485079
1000,3.716667,3.398254
1001,3.916667,3.315876
1002,4.525000,3.255681
1003,4.841667,3.234963
1004,4.741667,3.245264
1005,4.758333,3.294030
1006,5.266667,3.364468
1007,5.716667,3.457205
1008,6.033333,3.565992
1009,5.850000,3.671287
1010,5.541667,3.753665
1011,5.500000,3.800791
1012,5.500000,3.829784
1013,5.733333,3.869705
1014,6.133333,3.925338
1015,6.300000,3.985079
1016,6.300000,4.043750
1017,6.416667,4.101408
1018,7.200000,4.157263
1019,8.341667,4.217342
1020,8.741667,4.276524
1021,8.700000,4.315992
1022,9.050000,4.348592
1023,9.650000,4.384346
1024,9.958333,4.429051
1025,9.591667,4.492679
1026,8.775000,4.565934
1027,7.641667,4.642120
1028,6.633333,4.703829
1029,5.541667,4.760079
1030,4.241667,4.813908
1031,3.641667,4.864246
1032,3.716667,4.915201
1033,4.091667,4.982485
1034,4.533333,5.077025
1035,4.350000,5.180015
1036,3.983333,5.262500
1037,3.783333,5.338571
1038,3.525000,5.406366
1039,3.458333,5.456250
1040,4.725000,5.508835
1041,6.708333,5.593634
1042,7.500000,5.697357
1043,7.208333,5.781028
1044,6.475000,5.835928
1045,5.983333,5.862838
1046,5.841667,5.889805
1047,5.741667,5.934404
1048,5.641667,5.978154
1049,5.483333,6.015316
1050,5.166667,6.041445
1051,4.883333,6.047579
1052,4.566667,6.046904
1053,4.341667,6.040992
1054,4.183333,6.027874
1055,4.041667,5.998987
1056,3.941667,5.960812
1057,3.841667,5.916271
1058,3.625000,5.876408
1059,3.500000,5.835417
1060,3.558333,5.794088
1061,3.658333,5.753154
1062,3.816667,5.707658
1063,3.900000,5.658333
1064,3.958333,5.608671
1065,4.116667,5.560417
1066,4.550000,5.510475
1067,5.150000,5.450395
1068,5.283333,5.380912
1069,5.666667,5.311034
1070,6.233333,5.251408
1071,6.400000,5.189641
1072,6.341667,5.118075
1073,5.950000,5.042004
1074,4.766667,4.964304
1075,3.400000,4.877421
1076,2.608333,4.790596
1077,2.108333,4.711034
1078,1.433333,4.645438
1079,0.866667,4.588571
1080,0.233333,4.525791
1081,-0.041667,4.446566
1082,0.000000,4.356983
1083,0.116667,4.263117
1084,0.375000,4.180855
1085,1.083333,4.112384
1086,1.675000,4.064525
1087,2.383333,4.032205
1088,3.091667,4.009182
1089,3.533333,3.961603
1090,4.108333,3.889863
1091,4.691667,3.826292
1092,5.250000,3.784230
1093,5.675000,3.768355
1094,6.266667,3.767622
1095,6.133333,3.778887
1096,5.683333,3.782996
1097,5.541667,3.783671
1098,5.500000,3.786767
1099,5.616667,3.797184
1100,6.050000,3.817959
1101,6.300000,3.854504
1102,6.300000,3.896508
1103,6.416667,3.942679
1104,6.441667,3.993750
1105,6.283333,4.045496
1106,6.258333,4.097184
1107,5.658333,4.150453
1108,4.383333,4.184520
1109,3.391667,4.191049
1110,3.100000,4.180575
1111,3.391667,4.166271
1112,3.600000,4.157996
1113,3.891667,4.151013
1114,4.275000,4.146904
1115,4.808333,4.139921
1116,5.391667,4.135696
1117,5.833333,4.140316
1118,5.883333,4.139641
1119,5.741667,4.128829
1120,5.816667,4.115596
1121,4.441667,4.099836
1122,2.583333,4.059008
1123,2.116667,4.019309
1124,2.025000,4.000675
1125,1.841667,3.990934
1126,1.800000,3.990201
1127,1.800000,4.003434
1128,1.391667,4.025338
1129,0.808333,4.047975
1130,-0.041667,4.058787
1131,-0.383333,4.052083
1132,-0.300000,4.040654
1133,-0.300000,4.021624
1134,-0.358333,3.986150
1135,-0.575000,3.937278
1136,-0.641667,3.867400
1137,-0.600000,3.786150
1138,-0.891667,3.693866
1139,-1.391667,3.579958
1140,-1.425000,3.446904
1141,-0.425000,3.310301
1142,0.725000,3.189921
1143,0.750000,3.075675
1144,0.266667,2.963908
1145,-0.483333,2.846962
1146,-1.075000,2.715654
1147,-1.258333,2.576071
1148,-1.300000,2.429225
1149,-1.416667,2.272242
1150,-1.675000,2.109404
1151,-2.091667,1.939304
1152,-2.008333,1.760359
1153,-2.091667,1.586487
1154,-2.650000,1.408054
1155,-2.900000,1.222463
1156,-3.191667,1.053038
1157,-3.516667,0.901688
1158,-3.775000,0.759404
1159,-4.250000,0.610870
1160,-4.908333,0.443470
1161,-5.200000,0.260812
1162,-4.850000,0.069763
1163,-4.016667,-0.117737
1164,-3.016667,-0.298312
1165,-2.425000,-0.471171
1166,-2.416667,-0.643750
1167,-2.558333,-0.816667
1168,-2.716667,-0.990934
1169,-3.033333,-1.163744
1170,-3.608333,-1.305970
1171,-4.308333,-1.434288
1172,-5.066667,-1.574605
1173,-6.041667,-1.728376
1174,-6.383333,-1.897242
1175,-6.883333,-2.070042
1176,-7.591667,-2.255575
1177,-7.566667,-2.438628
1178,-7.516667,-2.605295
1179,-7.775000,-2.757938
1180,-8.191667,-2.916271
1181,-8.516667,-3.084008
1182,-8.891667,-3.257600
1183,-9.391667,-3.438175
1184,-9.483333,-3.622579
1185,-8.758333,-3.802537
1186,-6.841667,-3.956539
1187,-5.041667,-4.058507
1188,-3.858333,-4.122299
1189,-2.933333,-4.171113
1190,-2.425000,-4.229109
1191,-2.300000,-4.295891
1192,-2.358333,-4.355237
1193,-2.750000,-4.406983
1194,-3.466667,-4.453771
1195,-4.383333,-4.509288
1196,-4.975000,-4.580179
1197,-5.741667,-4.661372
1198,-6.375000,-4.756250
1199,-7.258333,-4.856867
1200,-8.091667,-4.972126
1201,-8.533333,-5.103829
1202,-9.458333,-5.239863
1203,-10.116667,-5.386092
1204,-10.316667,-5.536487
1205,-10.633333,-5.684008
1206,-10.916667,-5.832996
1207,-11.058333,-5.979562
1208,-10.341667,-6.111998
1209,-8.458333,-6.206819
1210,-6.450000,-6.258449
1211,-4.941667,-6.284404
1212,-3.583333,-6.300733
1213,-2.475000,-6.308391
1214,-1.750000,-6.303549
1215,-1.266667,-6.283729
1216,-1.158333,-6.253829
1217,-1.491667,-6.221171
1218,-1.700000,-6.187220
1219,-1.758333,-6.141725
1220,-1.858333,-6.083054
1221,-2.133333,-6.010137
1222,-2.533333,-5.927025
1223,-3.050000,-5.848650
1224,-3.650000,-5.767004
1225,-4.016667,-5.687442
1226,-4.800000,-5.620042
1227,-5.183333,-5.567062
1228,-5.683333,-5.512105
1229,-6.158333,-5.462162
1230,-6.258333,-5.411150
1231,-6.475000,-5.353492
1232,-6.308333,-5.290654
1233,-5.633333,-5.223929
1234,-4.658333,-5.165143
1235,-2.916667,-5.124045
1236,-1.008333,-5.072975
1237,0.225000,-5.010079
1238,1.125000,-4.941725
1239,1.850000,-4.862558
1240,2.216667,-4.771904
1241,1.833333,-4.675675
1242,1.150000,-4.580575
1243,0.316667,-4.483333
1244,-0.683333,-4.387780
1245,-1.216667,-4.299045
1246,-1.941667,-4.202701
1247,-2.575000,-4.111208
1248,-3.166667,-4.009346
1249,-3.791667,-3.908671
1250,-4.233333,-3.807378
1251,-4.808333,-3.695438
1252,-5.216667,-3.587500
1253,-5.825000,-3.482938
1254,-6.141667,-3.384404
1255,-6.333333,-3.284346
1256,-6.325000,-3.190876
1257,-5.441667,-3.115876
1258,-3.616667,-3.056983
1259,-1.591667,-2.993808
1260,0.250000,-2.919483
1261,2.225000,-2.833449
1262,3.800000,-2.727141
1263,4.358333,-2.609346
1264,4.691667,-2.491725
1265,4.491667,-2.367342
1266,3.325000,-2.248814
1267,2.175000,-2.154784
1268,1.683333,-2.077421
1269,1.425000,-2.003829
1270,0.775000,-1.930855
1271,0.225000,-1.863571
1272,-0.016667,-1.792400
1273,-0.216667,-1.714583
1274,-0.066667,-1.630015
1275,-0.016667,-1.524267
1276,-0.041667,-1.415037
1277,0.000000,-1.291329
1278,-0.233333,-1.163513
1279,0.066667,-1.035870
1280,0.166667,-0.896788
1281,0.933333,-0.763966
1282,2.650000,-0.620554
1283,3.866667,-0.469309
1284,4.783333,-0.337780
1285,5.900000,-0.219821
1286,7.100000,-0.098987
1287,7.716667,0.025733
1288,7.450000,0.143133
1289,6.908333,0.248929
1290,6.058333,0.354562
1291,5.133333,0.454842
1292,3.575000,0.552537
1293,1.766667,0.630691
1294,0.691667,0.686767
1295,-0.008333,0.742400
1296,-0.591667,0.794763
1297,-1.266667,0.848987
1298,-1.600000,0.901350
1299,-2.125000,0.957658
1300,-2.441667,1.013513
1301,-2.458333,1.075617
1302,-2.441667,1.150000
1303,-1.991667,1.230797
1304,-1.350000,1.328096
1305,-0.225000,1.434008
1306,1.683333,1.543750
1307,4.175000,1.656867
1308,6.000000,1.779225
1309,7.316667,1.893470
1310,8.833333,1.997184
1311,9.675000,2.104842
1312,10.033333,2.216329
1313,9.791667,2.327083
1314,8.391667,2.436150
1315,6.141667,2.534182
1316,4.166667,2.603607
1317,3.091667,2.646566
1318,2.158333,2.678492
1319,0.941667,2.702874
1320,-0.008333,2.710812
1321,-0.475000,2.707996
1322,-0.600000,2.700733
1323,-0.600000,2.688175
1324,-0.775000,2.675733
1325,-0.666667,2.659684
1326,-0.558333,2.648929
1327,-0.716667,2.640374
1328,-0.741667,2.620438
1329,-0.291667,2.601128
1330,0.466667,2.567458
1331,1.500000,2.518017
1332,3.050000,2.473534
1333,5.083333,2.445042
1334,7.341667,2.437047
1335,8.591667,2.448929
1336,8.800000,2.470775
1337,8.391667,2.501408
1338,7.108333,2.529225
1339,5.350000,2.544541
1340,4.250000,2.548814
1341,3.883333,2.575559
1342,3.683333,2.628771
1343,3.366667,2.694763
1344,2.675000,2.765316
1345,2.358333,2.834288
1346,2.050000,2.912558
1347,1.800000,2.988455
1348,1.566667,3.073312
1349,1.283333,3.153829
1350,1.083333,3.230237
1351,1.000000,3.299720
1352,1.408333,3.358671
1353,2.225000,3.414641
1354,3.358333,3.459462
1355,5.066667,3.487220
1356,6.891667,3.503771
1357,8.183333,3.523650
1358,9.066667,3.536883
1359,9.983333,3.539863
1360,10.225000,3.547637
1361,9.575000,3.547242
1362,8.616667,3.544705
1363,7.441667,3.558218
1364,5.908333,3.591329
1365,4.791667,3.627083
1366,3.858333,3.662500
1367,3.108333,3.700617
1368,2.200000,3.748312
1369,1.350000,3.790654
1370,0.633333,3.824383
1371,0.066667,3.844483
1372,-0.333333,3.855912
1373,-0.733333,3.861883
1374,-1.541667,3.852874
1375,-2.350000,3.825733
1376,-2.366667,3.790596
1377,-1.908333,3.757658
1378,-0.183333,3.728993
1379,3.175000,3.734115
1380,6.258333,3.785696
1381,8.466667,3.855575
1382,10.058333,3.921624
1383,11.008333,3.973592
1384,11.533333,4.026350
1385,11.116667,4.084404
1386,10.233333,4.142622
1387,8.325000,4.209462
1388,6.325000,4.263628
1389,4.883333,4.298032
1390,3.658333,4.309462
1391,2.558333,4.301804
1392,1.516667,4.280912
1393,0.750000,4.253887
1394,0.208333,4.217004
1395,-0.233333,4.177816
1396,-0.691667,4.132996
1397,-1.366667,4.083391
1398,-1.175000,4.028713
1399,-1.033333,3.986150
1400,-0.966667,3.940654
1401,-0.158333,3.890258
1402,1.583333,3.844705
1403,4.016667,3.814525
1404,6.850000,3.800222
1405,9.208333,3.809288
1406,10.583333,3.836092
1407,11.466667,3.868075
1408,12.091667,3.900617
1409,11.541667,3.942400
1410,10.241667,3.980237
1411,8.708333,4.011150
1412,7.125000,4.036092
1413,5.800000,4.060812
1414,4.541667,4.078492
1415,3.358333,4.089641
1416,2.258333,4.092004
1417,1.275000,4.092737
1418,0.433333,4.089583
1419,-0.425000,4.083729
1420,-1.208333,4.069821
1421,-1.908333,4.048987
1422,-2.433333,4.025280
1423,-2.891667,4.010754
1424,-2.925000,3.999662
1425,-2.450000,3.987838
1426,-1.091667,3.974720
1427,2.266667,3.953771
1428,6.258333,3.941551
1429,9.608333,3.951630
1430,11.775000,3.981925
1431,12.866667,4.019088
1432,13.316667,4.057658
1433,13.166667,4.095775
1434,11.950000,4.138291
1435,9.741667,4.169425
1436,7.416667,4.197637
1437,5.566667,4.215992
1438,3.908333,4.227141
1439,2.908333,4.231192
1440,2.000000,4.240992
1441,1.266667,4.250675
1442,0.866667,4.262838
1443,1.225000,4.281472
1444,1.250000,4.318412
1445,0.825000,4.360021
1446,0.525000,4.404282
1447,0.866667,4.437384
1448,1.958333,4.486372
1449,4.716667,4.561198
1450,7.408333,4.676071
1451,9.016667,4.791782
1452,10.066667,4.882157
1453,10.283333,4.930411
1454,10.025000,4.937278
1455,8.441667,4.907610
1456,7.050000,4.823370
1457,6.566667,4.715538
1458,6.166667,4.619705
1459,5.766667,4.543972
1460,5.308333,4.492959
1461,4.283333,4.459742
1462,3.116667,4.428096
1463,2.058333,4.400000
1464,1.425000,4.375617
1465,0.775000,4.362500
1466,0.866667,4.357485
1467,0.383333,4.373312
1468,-0.841667,4.386150
1469,-1.066667,4.395380
1470,-0.783333,4.420775
1471,-0.641667,4.460359
1472,-0.308333,4.511092
1473,0.950000,4.570718
1474,3.100000,4.649605
1475,5.908333,4.735195
1476,8.191667,4.797415
1477,9.600000,4.820669
1478,10.683333,4.808729
1479,11.508333,4.782996
1480,11.741667,4.753154
1481,11.408333,4.718412
1482,10.791667,4.684963
1483,9.800000,4.671055
1484,8.833333,4.683893
1485,8.383333,4.725559
1486,7.950000,4.795380
1487,7.116667,4.883729
1488,6.641667,4.972463
1489,6.425000,5.075338
1490,5.775000,5.181645
1491,4.700000,5.274161
1492,3.616667,5.334066
1493,2.733333,5.379562
1494,1.933333,5.414979
1495,1.308333,5.437278
1496,1.800000,5.439246
1497,3.525000,5.429678
1498,6.150000,5.399547
1499,8.916667,5.383218
1500,11.633333,5.394252
1501,13.908333,5.444589
1502,15.283333,5.535639
1503,15.758333,5.660860
1504,15.741667,5.828771
1505,15.350000,6.011825
1506,14.341667,6.190712
1507,12.400000,6.349498
1508,10.058333,6.471007
1509,8.283333,6.560417
1510,7.058333,6.643412
1511,6.075000,6.725675
1512,4.416667,6.804003
1513,4.258333,6.863677
1514,3.808333,6.939477
1515,2.750000,6.990201
1516,2.208333,7.045775
1517,1.708333,7.109462
1518,1.266667,7.160475
1519,0.866667,7.198312
1520,1.283333,7.228771
1521,3.450000,7.268634
1522,6.041667,7.326746
1523,7.641667,7.380748
1524,8.450000,7.402537
1525,9.050000,7.400058
1526,9.300000,7.382041
1527,9.475000,7.346566
1528,9.600000,7.302421
1529,9.483333,7.259346
1530,8.875000,7.220158
1531,8.091667,7.180855
1532,7.391667,7.148254
1533,6.750000,7.117400
1534,6.383333,7.082600
1535,6.241667,7.055122
1536,5.966667,7.040654
1537,5.683333,7.025338
1538,5.775000,7.014468
1539,6.016667,7.025559
1540,6.625000,7.066831
1541,6.591667,7.139921
1542,6.358333,7.223872
1543,6.283333,7.321846
1544,6.316667,7.423708
1545,6.691667,7.507099
1546,6.958333,7.554794
1547,7.758333,7.551861
1548,8.941667,7.515095
1549,9.808333,7.445949
1550,10.625000,7.353829
1551,11.291667,7.257600
1552,11.616667,7.167679
1553,11.291667,7.082996
1554,10.533333,6.999605
1555,9.325000,6.925955
1556,7.358333,6.866667
1557,5.466667,6.809742
1558,4.566667,6.752363
1559,3.758333,6.703492
1560,2.891667,6.659230
1561,2.191667,6.628665
1562,1.725000,6.579726
1563,1.075000,6.542737
1564,0.700000,6.507938
1565,0.408333,6.479167
1566,-0.033333,6.452083
1567,-0.025000,6.427363
1568,0.683333,6.412500
1569,2.266667,6.396624
1570,4.558333,6.367342
1571,7.000000,6.341889
1572,8.816667,6.338117
1573,9.925000,6.351013
1574,10.941667,6.374547
1575,11.633333,6.414921
1576,11.741667,6.460079
1577,11.350000,6.502816
1578,10.633333,6.539921
1579,9.016667,6.572020
1580,6.816667,6.578270
1581,5.025000,6.555295
1582,3.816667,6.511883
1583,2.816667,6.451128
1584,1.875000,6.373312
1585,0.800000,6.282041
1586,0.066667,6.172637
1587,-0.450000,6.047299
1588,-0.525000,5.906308
1589,-0.575000,5.755517
1590,-0.933333,5.606645
1591,-0.983333,5.453434
1592,-0.258333,5.307205
1593,1.308333,5.179726
1594,3.500000,5.082764
1595,6.425000,5.029668
1596,9.025000,5.015876
1597,10.891667,5.026292
1598,11.891667,5.052816
1599,12.158333,5.075733
1600,12.083333,5.090316
1601,11.591667,5.097917
1602,10.250000,5.100791
1603,9.150000,5.092622
1604,8.783333,5.100839
1605,8.466667,5.145718
1606,7.833333,5.213233
1607,7.383333,5.282205
1608,7.125000,5.363850
1609,6.416667,5.453154
1610,5.883333,5.539921
1611,5.391667,5.627758
1612,5.216667,5.719425
1613,5.241667,5.815934
1614,5.083333,5.919425
1615,4.883333,6.025395
1616,5.150000,6.123650
1617,6.391667,6.213571
1618,8.208333,6.295891
1619,10.166667,6.367400
1620,11.758333,6.430912
1621,12.941667,6.492342
1622,13.633333,6.553887
1623,13.975000,6.605912
1624,13.866667,6.653154
1625,13.291667,6.695496
1626,12.125000,6.733054
1627,10.683333,6.763117
1628,9.400000,6.805459
1629,8.375000,6.866609
1630,7.358333,6.939246
1631,6.666667,7.014525
1632,5.975000,7.097917
1633,5.191667,7.185021
1634,4.200000,7.276466
1635,3.058333,7.356645
1636,2.075000,7.423032
1637,1.583333,7.471171
1638,0.916667,7.514641
1639,0.500000,7.549325
1640,0.791667,7.577141
1641,2.691667,7.599209
1642,5.650000,7.635359
1643,8.125000,7.679282
1644,10.166667,7.707996
1645,11.700000,7.729562
1646,12.550000,7.744088
1647,13.091667,7.759684
1648,13.416667,7.782600
1649,13.208333,7.813175
1650,12.066667,7.848592
1651,10.525000,7.884462
1652,9.200000,7.904958
1653,7.766667,7.904282
1654,6.808333,7.884346
1655,5.841667,7.860870
1656,5.825000,7.826968
1657,7.425000,7.816715
1658,8.650000,7.856867
1659,8.550000,7.919088
1660,7.833333,7.982041
1661,7.033333,8.028887
1662,6.408333,8.061487
1663,5.850000,8.086150
1664,5.541667,8.101804
1665,5.733333,8.101861
1666,6.133333,8.076186
1667,6.591667,8.019936
1668,7.500000,7.937162
1669,8.408333,7.846566
1670,8.933333,7.750000
1671,9.041667,7.650733
1672,8.591667,7.544821
1673,8.008333,7.434008
1674,7.041667,7.325675
1675,5.741667,7.221171
1676,5.025000,7.121788
1677,4.491667,7.036092
1678,3.266667,6.954562
1679,2.250000,6.865992
1680,1.708333,6.774267
1681,1.441667,6.689525
1682,0.933333,6.615934
1683,0.658333,6.554051
1684,0.583333,6.512780
1685,1.141667,6.489805
1686,1.950000,6.492901
1687,2.258333,6.523254
1688,2.708333,6.561092
1689,3.758333,6.596682
1690,5.116667,6.605015
1691,6.458333,6.582716
1692,7.116667,6.537674
1693,7.550000,6.462558
1694,8.208333,6.373254
1695,8.383333,6.280970
1696,8.475000,6.179504
1697,8.600000,6.078771
1698,8.016667,5.987442
1699,7.133333,5.908613
1700,6.800000,5.845718
1701,6.800000,5.807485
1702,6.916667,5.798196
1703,7.233333,5.809905
1704,7.400000,5.844878
1705,7.400000,5.865828
1706,7.166667,5.850791
1707,6.416667,5.813233
1708,6.000000,5.769367
1709,6.175000,5.739130
1710,6.533333,5.730122
1711,6.816667,5.740201
1712,6.841667,5.764583
1713,6.800000,5.790316
1714,6.741667,5.808729
1715,6.758333,5.817400
1716,7.091667,5.816387
1717,7.650000,5.803829
1718,8.133333,5.787500
1719,8.241667,5.770833
1720,8.258333,5.756867
1721,8.183333,5.755179
1722,8.041667,5.764468
1723,8.116667,5.796730
1724,8.200000,5.855179
1725,8.258333,5.925617
1726,8.358333,6.014072
1727,8.283333,6.130517
1728,8.258333,6.260359
1729,8.358333,6.400675
1730,8.575000,6.549547
1731,8.700000,6.714246
1732,8.525000,6.880912
1733,7.875000,7.039082
1734,7.616667,7.167400
1735,7.758333,7.283333
1736,7.508333,7.393866
1737,7.066667,7.481761
1738,6.608333,7.535253
1739,6.283333,7.551186
1740,5.850000,7.536883
1741,4.958333,7.500511
1742,4.966667,7.437838
1743,5.825000,7.374547
1744,5.791667,7.323708
1745,5.733333,7.263850
1746,6.133333,7.210976
1747,6.416667,7.182542
1748,6.325000,7.171904
1749,6.550000,7.162442
1750,6.800000,7.159742
1751,6.916667,7.155575
1752,7.058333,7.148254
1753,7.158333,7.142004
1754,7.375000,7.139863
1755,7.325000,7.150280
1756,7.083333,7.172242
1757,6.941667,7.192400
1758,6.900000,7.204900
1759,6.783333,7.209066
1760,6.816667,7.207263
1761,6.666667,7.206983
1762,6.500000,7.202421
1763,6.733333,7.198929
1764,7.075000,7.199325
1765,7.550000,7.197917
1766,7.800000,7.194483
1767,7.975000,7.186767
1768,8.216667,7.183671
1769,8.416667,7.184684
1770,8.441667,7.191667
1771,8.400000,7.199325
1772,8.166667,7.202816
1773,7.766667,7.198312
1774,7.425000,7.184066
1775,7.125000,7.162162
1776,6.650000,7.135137
1777,5.875000,7.094541
1778,5.091667,7.034124
1779,4.741667,6.955912
1780,4.525000,6.872917
1781,4.341667,6.792284
1782,4.358333,6.722579
1783,4.166667,6.652479
1784,3.883333,6.576013
1785,4.033333,6.504784
1786,4.375000,6.448534
1787,4.616667,6.407600
1788,5.108333,6.379389
1789,6.800000,6.382649
1790,8.208333,6.439246
1791,8.383333,6.502537
1792,8.358333,6.552701
1793,8.225000,6.608054
1794,7.400000,6.650849
1795,6.141667,6.663686
1796,4.841667,6.646624
1797,3.541667,6.604003
1798,2.475000,6.528212
1799,1.866667,6.431308
1800,1.466667,6.321229
1801,0.950000,6.199720
1802,0.408333,6.063966
1803,-0.091667,5.913908
1804,-0.475000,5.757996
1805,-0.950000,5.598312
1806,-1.258333,5.430912
1807,-1.008333,5.262780
1808,-0.275000,5.106530
1809,1.266667,4.970602
1810,3.441667,4.878598
1811,5.625000,4.832822
1812,6.908333,4.820100
1813,7.900000,4.820775
1814,8.808333,4.833613
1815,9.450000,4.859346
1816,9.641667,4.890654
1817,9.075000,4.915037
1818,8.116667,4.919878
1819,7.000000,4.904282
1820,5.800000,4.866049
1821,5.008333,4.812162
1822,4.450000,4.753154
1823,3.733333,4.687895
1824,2.525000,4.611545
1825,1.666667,4.522521
1826,1.325000,4.438850
1827,1.200000,4.362838
1828,0.558333,4.286883
1829,-0.075000,4.199325
1830,-0.375000,4.104900
1831,-0.733333,4.004167
1832,-0.141667,3.907147
1833,2.033333,3.839352
1834,4.716667,3.818181
1835,6.966667,3.843576
1836,8.441667,3.903434
1837,9.775000,3.971962
1838,11.450000,4.032880
1839,12.666667,4.109626
1840,12.825000,4.202816
1841,12.291667,4.292400
1842,11.300000,4.375000
1843,9.866667,4.455237
1844,8.150000,4.529562
1845,6.350000,4.594145
1846,5.133333,4.650338
1847,3.808333,4.701861
1848,2.866667,4.735417
1849,2.175000,4.763571
1850,1.508333,4.787500
1851,1.066667,4.810754
1852,0.375000,4.833391
1853,-0.175000,4.848929
1854,-0.416667,4.866329
1855,-0.383333,4.882321
1856,0.925000,4.897801
1857,3.550000,4.932542
1858,6.900000,4.989805
1859,9.800000,5.069763
1860,11.675000,5.161034
1861,13.058333,5.264921
1862,13.600000,5.370554
1863,13.541667,5.464304
1864,13.150000,5.544145
1865,12.258333,5.613908
1866,10.750000,5.676466
1867,9.241667,5.726746
1868,8.408333,5.775280
1869,8.316667,5.835696
1870,8.341667,5.910021
1871,8.183333,5.995775
1872,8.041667,6.096393
1873,8.000000,6.220100
1874,7.825000,6.354167
1875,7.641667,6.489246
1876,7.541667,6.626292
1877,7.208333,6.776408
1878,6.941667,6.927758
1879,6.900000,7.082600
1880,7.425000,7.242400
1881,8.616667,7.393191
1882,9.666667,7.516840
1883,10.233333,7.605015
1884,10.516667,7.661545
1885,10.658333,7.695274
1886,10.991667,7.701861
1887,11.433333,7.684066
1888,11.775000,7.658275
1889,11.958333,7.642284
1890,11.533333,7.640934
1891,10.675000,7.650280
1892,9.658333,7.673196
1893,9.550000,7.716435
1894,9.916667,7.799209
1895,10.058333,7.910243
1896,9.458333,8.047637
1897,9.525000,8.187326
1898,9.608333,8.350000
1899,9.050000,8.518075
1900,8.333333,8.683671
1901,8.583333,8.854389
1902,9.058333,9.044763
1903,9.100000,9.243075
1904,9.450000,9.434520
1905,10.750000,9.600116
1906,12.375000,9.736661
1907,13.991667,9.837220
1908,15.108333,9.918133
1909,15.341667,9.980691
1910,15.125000,10.019821
1911,14.883333,10.049662
1912,14.158333,10.075395
1913,12.300000,10.089361
1914,10.541667,10.085021
1915,8.716667,10.080295
1916,7.508333,10.064583
1917,7.125000,10.044145
1918,6.883333,10.016329
1919,6.625000,9.985079
1920,6.675000,9.953434
1921,6.683333,9.926408
1922,6.133333,9.896229
1923,5.683333,9.857996
1924,5.366667,9.815654
1925,5.375000,9.771451
1926,5.616667,9.738513
1927,5.116667,9.709124
1928,4.233333,9.660928
1929,4.075000,9.581703
1930,4.025000,9.477537
1931,3.725000,9.351804
1932,3.658333,9.212162
1933,4.108333,9.070775
1934,5.158333,8.940201
1935,6.341667,8.825280
1936,7.033333,8.723254
1937,7.491667,8.626350
1938,7.933333,8.539468
1939,8.158333,8.474209
1940,8.375000,8.431809
1941,8.500000,8.410475
1942,8.266667,8.383391
1943,8.391667,8.347184
1944,8.366667,8.316946
1945,7.966667,8.293528
1946,7.858333,8.256192
1947,7.841667,8.224605
1948,7.741667,8.204446
1949,7.641667,8.192120
1950,7.483333,8.165654
1951,7.575000,8.132263
1952,7.583333,8.099383
1953,7.383333,8.049498
1954,8.408333,7.970100
1955,9.433333,7.885195
1956,9.191667,7.778607
1957,8.900000,7.648254
1958,9.425000,7.518634
1959,8.925000,7.401861
1960,7.366667,7.269145
1961,6.408333,7.131414
1962,5.383333,7.018412
1963,4.508333,6.916155
1964,4.183333,6.838513
1965,3.808333,6.770158
1966,3.483333,6.700000
1967,3.166667,6.628829
1968,2.766667,6.553887
1969,2.425000,6.468412
1970,2.416667,6.382542
1971,2.383333,6.310417
1972,2.125000,6.242004
1973,2.000000,6.173987
1974,1.825000,6.100395
1975,1.816667,6.022801
1976,2.075000,5.964130
1977,2.433333,5.925338
1978,2.483333,5.892004
1979,2.166667,5.860079
1980,2.175000,5.827758
1981,2.825000,5.798592
1982,3.491667,5.770216
1983,3.350000,5.725511
1984,3.391667,5.654504
1985,3.483333,5.576804
1986,3.225000,5.487220
1987,2.866667,5.383729
1988,2.641667,5.269483
1989,2.425000,5.146904
1990,2.416667,5.020775
1991,2.558333,4.900733
1992,2.541667,4.778096
1993,2.500000,4.659684
1994,2.441667,4.547242
1995,2.225000,4.432658
1996,1.808333,4.313233
1997,1.250000,4.185812
1998,0.708333,4.048987
1999,0.441667,3.904900
2000,0.691667,3.756530
2001,1.191667,3.619030
2002,1.691667,3.489024
2003,2.133333,3.341667
2004,2.766667,3.194647
2005,3.683333,3.072126
2006,4.683333,2.969088
2007,5.625000,2.878935
2008,5.825000,2.827305
2009,5.116667,2.800395
2010,3.883333,2.770833
2011,3.125000,2.740258
2012,3.116667,2.713850
2013,2.966667,2.694088
2014,2.625000,2.676746
2015,1.916667,2.656308
2016,1.558333,2.628771
2017,1.541667,2.606925
2018,1.150000,2.586883
2019,0.900000,2.556925
2020,0.666667,2.526746
2021,0.325000,2.494821
2022,0.375000,2.460359
2023,0.616667,2.433333
2024,1.400000,2.411372
2025,2.950000,2.406809
2026,4.400000,2.429726
2027,5.075000,2.479446
2028,5.316667,2.543412
2029,5.225000,2.604282
2030,5.450000,2.648254
2031,6.050000,2.693634
2032,6.300000,2.754562
2033,6.300000,2.813175
2034,5.425000,2.868866
2035,4.216667,2.906308
2036,3.566667,2.930237
2037,2.875000,2.945891
2038,1.858333,2.947695
2039,1.341667,2.928492
2040,1.183333,2.901746
2041,0.691667,2.870554
2042,0.400000,2.829504
2043,0.458333,2.788850
2044,0.325000,2.754842
2045,0.141667,2.726688
2046,0.158333,2.708275
2047,0.433333,2.701688
2048,1.241667,2.706192
2049,2.808333,2.725559
2050,4.416667,2.769705
2051,5.583333,2.833275
2052,6.350000,2.907658
2053,7.008333,2.980237
2054,7.300000,3.044541
2055,7.241667,3.090374
2056,7.025000,3.118750
2057,6.783333,3.146451
2058,6.641667,3.189805
2059,6.133333,3.252479
2060,5.508333,3.310137
2061,4.833333,3.354900
2062,4.441667,3.392342
2063,3.991667,3.432263
2064,3.700000,3.476746
2065,3.408333,3.519483
2066,3.083333,3.557600
2067,3.291667,3.601688
2068,3.675000,3.656530
2069,3.625000,3.722917
2070,3.675000,3.791667
2071,2.108333,3.849952
2072,0.900000,3.860532
2073,1.075000,3.838686
2074,2.366667,3.794367
2075,3.141667,3.754900
2076,3.158333,3.712162
2077,3.258333,3.668017
2078,4.350000,3.633218
2079,5.275000,3.615654
2080,5.225000,3.596904
2081,4.400000,3.568866
2082,3.316667,3.524605
2083,2.491667,3.484346
2084,2.375000,3.452363
2085,2.033333,3.431588
2086,2.108333,3.420660
2087,1.991667,3.433391
2088,1.641667,3.444088
2089,1.775000,3.457542
2090,1.841667,3.485079
2091,1.800000,3.514246
2092,1.800000,3.542679
2093,1.975000,3.576350
2094,2.216667,3.617004
2095,2.416667,3.659742
2096,2.733333,3.697637
2097,2.958333,3.718924
2098,3.641667,3.711487
2099,4.683333,3.693750
2100,5.800000,3.677025
2101,6.591667,3.668075
2102,7.033333,3.659684
2103,7.608333,3.658951
2104,8.075000,3.672859
2105,8.141667,3.698254
2106,7.516667,3.724045
2107,6.458333,3.736487
2108,5.766667,3.742004
2109,5.658333,3.750955
2110,5.408333,3.771566
2111,4.850000,3.789921
2112,4.425000,3.807321
2113,4.241667,3.822184
2114,3.500000,3.838291
2115,2.650000,3.837953
2116,2.108333,3.816049
2117,1.316667,3.776804
2118,0.608333,3.722299
2119,0.283333,3.663281
2120,0.491667,3.641271
2121,2.216667,3.643181
2122,5.050000,3.682542
2123,7.641667,3.751852
2124,9.358333,3.862384
2125,10.716667,4.002305
2126,11.708333,4.160870
2127,12.233333,4.308671
2128,12.341667,4.454842
2129,11.950000,4.606192
2130,10.941667,4.765654
2131,9.583333,4.920554
2132,8.825000,5.062558
2133,8.000000,5.192400
2134,6.566667,5.306819
2135,5.083333,5.385137
2136,4.091667,5.443808
2137,3.391667,5.488291
2138,3.333333,5.518355
2139,3.441667,5.551746
2140,3.400000,5.585417
2141,3.633333,5.619088
2142,3.858333,5.653829
2143,4.016667,5.687500
2144,4.800000,5.723534
2145,6.291667,5.776235
2146,7.875000,5.855517
2147,9.083333,5.945833
2148,9.558333,6.033787
2149,10.416667,6.109288
2150,10.941667,6.192062
2151,10.025000,6.263407
2152,8.525000,6.296007
2153,7.375000,6.293133
2154,6.066667,6.270891
2155,4.233333,6.234462
2156,2.758333,6.180970
2157,1.775000,6.111208
2158,1.516667,6.027363
2159,1.950000,5.954051
2160,2.200000,5.901013
2161,2.258333,5.856925
2162,2.300000,5.820718
2163,2.183333,5.803434
2164,1.808333,5.795833
2165,1.483333,5.792284
2166,1.458333,5.802025
2167,1.733333,5.824942
2168,2.541667,5.860359
2169,3.641667,5.901186
2170,4.450000,5.914815
2171,5.458333,5.886208
2172,6.466667,5.833729
2173,7.266667,5.768808
2174,7.833333,5.692737
2175,8.116667,5.609742
2176,8.958333,5.527643
2177,9.033333,5.463908
2178,7.416667,5.399045
2179,4.400000,5.313407
2180,2.783333,5.194088
2181,2.583333,5.072126
2182,2.208333,4.968297
2183,1.591667,4.885696
2184,1.125000,4.818017
2185,0.766667,4.759346
2186,0.308333,4.703212
2187,-0.308333,4.633391
2188,-1.241667,4.548370
2189,-1.991667,4.442795
2190,-1.850000,4.322521
2191,-1.250000,4.207600
2192,0.750000,4.106076
2193,4.391667,4.039352
2194,7.500000,4.015538
2195,9.200000,4.013175
2196,9.816667,4.017004
2197,10.016667,4.018866
2198,10.625000,4.007542
2199,10.883333,4.010639
2200,10.683333,4.039805
2201,10.483333,4.094030
2202,9.991667,4.165538
2203,9.291667,4.256472
2204,8.533333,4.369763
2205,7.850000,4.492679
2206,7.425000,4.619145
2207,6.133333,4.730806
2208,5.008333,4.802479
2209,4.100000,4.853945
2210,3.308333,4.883729
2211,3.275000,4.903771
2212,3.808333,4.933218
2213,4.158333,4.982263
2214,3.908333,5.037558
2215,3.816667,5.084742
2216,4.133333,5.124720
2217,4.475000,5.151466
2218,4.891667,5.164246
2219,5.450000,5.170554
2220,5.933333,5.165316
2221,6.041667,5.149045
2222,5.941667,5.117062
2223,5.725000,5.073312
2224,5.425000,5.015432
2225,5.300000,4.936034
2226,5.066667,4.868576
2227,4.666667,4.839969
2228,4.266667,4.861825
2229,3.808333,4.890654
2230,3.366667,4.914921
2231,3.083333,4.941271
2232,3.116667,4.976688
2233,3.258333,5.022521
2234,3.300000,5.078771
2235,3.241667,5.145775
2236,3.316667,5.227305
2237,3.400000,5.330855
2238,3.458333,5.444145
2239,3.558333,5.550395
2240,3.775000,5.638802
2241,4.133333,5.675010
2242,4.766667,5.644599
2243,5.566667,5.577816
2244,6.600000,5.503376
2245,7.683333,5.444367
2246,8.450000,5.398987
2247,8.875000,5.353771
2248,8.825000,5.314246
2249,8.525000,5.274662
2250,8.166667,5.234346
2251,7.766667,5.198929
2252,7.366667,5.170100
2253,7.025000,5.148929
2254,6.608333,5.132658
2255,6.166667,5.119985
2256,5.708333,5.129167
2257,5.325000,5.146788
2258,5.083333,5.178096
2259,4.941667,5.215316
2260,4.900000,5.245554
2261,4.900000,5.264246
2262,4.725000,5.279842
2263,4.366667,5.295891
2264,3.908333,5.301128
2265,3.233333,5.287953
2266,2.666667,5.253212
2267,2.441667,5.199720
2268,2.458333,5.132321
2269,2.558333,5.059008
2270,2.658333,4.988175
2271,2.641667,4.921508
2272,2.600000,4.859346
2273,2.483333,4.801408
2274,2.225000,4.742004
2275,1.983333,4.684008
2276,1.958333,4.630855
2277,1.941667,4.586767
2278,2.016667,4.552025
2279,2.158333,4.528096
2280,2.200000,4.509742
2281,2.200000,4.489246
2282,2.083333,4.465992
2283,1.825000,4.438908
2284,1.816667,4.408333
2285,1.900000,4.377083
2286,1.958333,4.345833
2287,2.291667,4.315934
2288,2.733333,4.292004
2289,3.366667,4.272184
2290,4.166667,4.258333
2291,5.083333,4.246508
2292,5.908333,4.235812
2293,6.375000,4.216387
2294,6.733333,4.184742
2295,7.075000,4.147917
2296,7.083333,4.110754
2297,6.941667,4.075675
2298,6.666667,4.043750
2299,6.208333,4.012162
2300,5.591667,3.978154
2301,4.950000,3.938571
2302,4.466667,3.894088
2303,3.658333,3.847637
2304,2.441667,3.788966
2305,1.433333,3.714979
2306,0.575000,3.628887
2307,0.200000,3.531588
2308,-0.150000,3.431308
2309,-0.750000,3.320891
2310,-0.941667,3.201350
2311,-0.608333,3.088455
2312,0.300000,2.995322
2313,2.258333,2.940307
2314,4.875000,2.947965
2315,7.166667,3.017506
2316,8.700000,3.130797
2317,9.608333,3.268692
2318,10.191667,3.420100
2319,10.866667,3.582205
2320,11.141667,3.757996
2321,10.866667,3.934742
2322,10.175000,4.106308
2323,8.866667,4.264024
2324,7.558333,4.395949
2325,6.866667,4.505237
2326,6.350000,4.603549
2327,5.166667,4.683845
2328,3.975000,4.734462
2329,3.541667,4.766329
2330,3.383333,4.793750
2331,2.891667,4.819483
2332,2.366667,4.837558
2333,1.908333,4.844145
2334,1.583333,4.840654
2335,2.258333,4.833951
2336,3.675000,4.841213
2337,4.825000,4.867004
2338,5.725000,4.898254
2339,7.150000,4.933951
2340,8.950000,4.984963
2341,10.866667,5.059905
2342,12.575000,5.166213
2343,13.491667,5.294425
2344,13.408333,5.428154
2345,12.441667,5.554282
2346,11.316667,5.660475
2347,10.083333,5.751128
2348,8.975000,5.826408
2349,8.075000,5.894821
2350,7.175000,5.956645
2351,6.333333,6.011429
2352,5.475000,6.070100
2353,4.458333,6.134404
2354,3.475000,6.195833
2355,2.983333,6.255575
2356,2.608333,6.312838
2357,2.691667,6.374547
2358,3.541667,6.455459
2359,4.291667,6.554167
2360,4.675000,6.653212
2361,5.091667,6.732832
2362,5.766667,6.774836
2363,7.150000,6.782658
2364,8.716667,6.781925
2365,10.233333,6.786372
2366,11.366667,6.805179
2367,11.875000,6.829562
2368,11.708333,6.846566
2369,11.266667,6.856250
2370,10.575000,6.864583
2371,9.675000,6.875280
2372,8.950000,6.897521
2373,8.466667,6.929167
2374,8.008333,6.962838
2375,7.275000,7.000280
2376,6.725000,7.049942
2377,5.841667,7.106366
2378,5.008333,7.146904
2379,3.691667,7.175116
2380,2.025000,7.181703
2381,0.991667,7.168075
2382,0.758333,7.148929
2383,1.383333,7.132321
2384,4.191667,7.121277
2385,7.241667,7.150559
2386,9.366667,7.212047
2387,10.900000,7.291725
2388,11.925000,7.363628
2389,12.825000,7.417120
2390,13.433333,7.448370
2391,13.891667,7.460417
2392,13.983333,7.469763
2393,13.608333,7.486034
2394,12.700000,7.513908
2395,11.266667,7.540992
2396,10.016667,7.564246
2397,9.308333,7.586767
2398,8.225000,7.612558
2399,6.375000,7.626861
2400,5.733333,7.625222
2401,5.375000,7.638175
2402,4.533333,7.658671
2403,3.908333,7.680237
2404,3.758333,7.699942
2405,3.741667,7.725058
2406,3.525000,7.739024
2407,3.808333,7.731925
2408,5.266667,7.728655
2409,7.383333,7.755739
2410,9.408333,7.816213
2411,11.308333,7.898254
2412,12.800000,7.984742
2413,13.883333,8.066725
2414,14.533333,8.138233
2415,14.816667,8.201746
2416,14.783333,8.263513
2417,14.350000,8.328492
2418,13.400000,8.390654
2419,11.966667,8.445554
2420,10.425000,8.486545
2421,8.983333,8.509124
2422,7.991667,8.513908
2423,6.825000,8.510475
2424,6.141667,8.498592
2425,5.341667,8.487500
2426,3.808333,8.473032
2427,3.041667,8.447743
2428,2.358333,8.445100
2429,1.783333,8.455855
2430,1.408333,8.472975
2431,1.958333,8.484346
2432,4.308333,8.494541
2433,7.350000,8.494030
2434,10.116667,8.502025
2435,12.366667,8.523534
2436,14.133333,8.560696
2437,15.441667,8.611092
2438,16.425000,8.668355
2439,17.091667,8.733333
2440,17.241667,8.800338
2441,17.025000,8.869425
2442,16.433333,8.943017
2443,15.458333,9.024605
2444,14.125000,9.112895
2445,13.441667,9.197184
2446,13.283333,9.289805
2447,12.908333,9.407485
2448,12.291667,9.548370
2449,11.475000,9.679167
2450,10.633333,9.806250
2451,10.125000,9.934008
2452,9.766667,10.062895
2453,9.425000,10.184742
2454,9.125000,10.302083
2455,9.116667,10.417062
2456,9.433333,10.519599
2457,8.783333,10.585764
2458,7.733333,10.586719
2459,7.983333,10.534462
2460,9.683333,10.463792
2461,10.950000,10.402816
2462,11.550000,10.340258
2463,12.150000,10.280517
2464,12.458333,10.228096
2465,11.916667,10.179900
2466,10.683333,10.126408
2467,9.458333,10.070438
2468,8.416667,10.022521
2469,8.116667,9.988735
2470,8.200000,9.981530
2471,8.025000,9.993634
2472,7.608333,10.023650
2473,7.050000,10.054446
2474,6.333333,10.096788
2475,5.650000,10.152479
2476,5.341667,10.207542
2477,5.300000,10.275675
2478,5.125000,10.350675
2479,5.641667,10.428492
2480,7.266667,10.500453
2481,8.800000,10.550174
2482,9.825000,10.565095
2483,10.725000,10.546287
2484,11.741667,10.504562
2485,13.016667,10.453096
2486,14.183333,10.404504
2487,14.950000,10.358671
2488,15.200000,10.314921
2489,15.025000,10.272917
2490,14.433333,10.231250
2491,12.991667,10.186883
2492,11.325000,10.131250
2493,9.766667,10.067853
2494,8.691667,9.981645
2495,8.108333,9.883333
2496,7.433333,9.782996
2497,7.275000,9.685301
2498,6.933333,9.604167
2499,6.891667,9.529784
2500,8.091667,9.473756
2501,8.916667,9.451688
2502,10.866667,9.455565
2503,11.208333,9.504003
2504,8.633333,9.525347
2505,5.725000,9.485195
2506,4.775000,9.418297
2507,5.133333,9.360475
2508,5.650000,9.292515
2509,6.541667,9.201688
2510,7.583333,9.113850
2511,8.583333,9.034684
2512,9.350000,8.964188
2513,9.658333,8.905797
2514,9.175000,8.866271
2515,8.333333,8.838513
2516,7.883333,8.819367
2517,6.283333,8.803048
2518,4.733333,8.747299
2519,4.341667,8.671508
2520,4.125000,8.596508
2521,3.766667,8.525675
2522,3.600000,8.461034
2523,3.425000,8.409346
2524,2.600000,8.360870
2525,1.808333,8.296229
2526,1.600000,8.221846
2527,1.833333,8.147637
2528,2.233333,8.059182
2529,2.750000,7.943808
2530,3.583333,7.814921
2531,4.291667,7.684066
2532,4.791667,7.545891
2533,5.758333,7.397579
2534,6.125000,7.241445
2535,6.700000,7.068692
2536,6.966667,6.898650
2537,6.625000,6.725000
2538,5.216667,6.545274
2539,4.300000,6.352247
2540,3.891667,6.183951
2541,3.366667,6.037384
2542,3.025000,5.911767
2543,3.016667,5.798196
2544,3.158333,5.698872
2545,2.966667,5.612220
2546,2.683333,5.520775
2547,2.483333,5.433054
2548,2.283333,5.331086
2549,2.141667,5.198987
2550,2.158333,5.045785
2551,1.850000,4.851630
2552,2.416667,4.678029
2553,3.525000,4.585069
2554,4.133333,4.558671
2555,4.825000,4.547521
2556,5.083333,4.541049
2557,5.175000,4.522299
2558,5.475000,4.487220
2559,5.775000,4.437220
2560,5.841667,4.372637
2561,5.800000,4.295496
2562,5.625000,4.216609
2563,5.150000,4.146508
2564,4.608333,4.080237
2565,3.991667,4.016831
2566,3.525000,3.980855
2567,2.991667,3.956308
2568,2.525000,3.925000
2569,2.400000,3.893017
2570,2.225000,3.865654
2571,2.041667,3.836092
2572,1.883333,3.811709
2573,1.800000,3.803771
2574,1.916667,3.806925
2575,2.175000,3.814246
2576,2.475000,3.820496
2577,2.950000,3.825000
2578,3.550000,3.827816
2579,4.150000,3.825338
2580,4.691667,3.822917
2581,5.191667,3.818133
2582,5.691667,3.804784
2583,6.075000,3.796962
2584,6.083333,3.779842
2585,5.883333,3.762838
2586,5.800000,3.755343
2587,5.858333,3.779504
2588,6.016667,3.815538
2589,6.100000,3.865934
2590,6.100000,3.926013
2591,6.158333,3.991329
2592,6.200000,4.055912
2593,6.258333,4.120438
2594,6.300000,4.192342
2595,6.358333,4.269763
2596,6.400000,4.352758
2597,6.516667,4.440596
2598,6.716667,4.533671
2599,7.091667,4.632880
2600,7.766667,4.745891
2601,8.683333,4.854504
2602,9.508333,4.963513
2603,10.033333,5.075395
2604,10.491667,5.183613
2605,11.575000,5.304051
2606,13.133333,5.448139
2607,13.625000,5.612558
2608,13.383333,5.772579
2609,13.300000,5.929167
2610,13.066667,6.085079
2611,12.375000,6.238571
2612,11.708333,6.387500
2613,11.150000,6.535754
2614,10.958333,6.686767
2615,10.475000,6.843075
2616,10.041667,6.998592
2617,9.241667,7.151861
2618,7.650000,7.282436
2619,6.783333,7.387162
2620,6.408333,7.484404
2621,6.083333,7.576408
2622,6.350000,7.665934
2623,7.066667,7.762105
2624,8.100000,7.869705
2625,9.125000,7.992679
2626,10.316667,8.125617
2627,10.900000,8.268808
2628,11.425000,8.407600
2629,12.325000,8.551350
2630,13.283333,8.703771
2631,14.166667,8.866271
2632,14.325000,9.037162
2633,14.083333,9.208333
2634,13.008333,9.373428
2635,11.366667,9.508845
2636,10.116667,9.610532
2637,9.116667,9.686208
2638,8.350000,9.741725
2639,7.575000,9.782041
2640,6.616667,9.802874
2641,5.441667,9.801524
2642,4.666667,9.775733
2643,3.975000,9.736208
2644,3.133333,9.678549
2645,2.566667,9.604225
2646,2.575000,9.519088
2647,3.983333,9.439072
2648,6.008333,9.387047
2649,7.791667,9.358613
2650,9.608333,9.347801
2651,11.508333,9.361314
2652,13.175000,9.403376
2653,14.616667,9.464246
2654,15.841667,9.525395
2655,16.825000,9.583218
2656,17.491667,9.658613
2657,17.466667,9.746566
2658,17.183333,9.831925
2659,16.341667,9.917400
2660,14.516667,9.992178
2661,12.491667,10.037278
2662,11.233333,10.055295
2663,9.966667,10.053887
2664,8.833333,10.037220
2665,8.675000,10.013735
2666,8.741667,10.016155
2667,8.000000,10.044541
2668,7.266667,10.064921
2669,7.566667,10.086709
2670,8.308333,10.123254
2671,9.650000,10.167959
2672,11.566667,10.229784
2673,13.216667,10.307938
2674,14.558333,10.395496
2675,15.975000,10.488397
2676,16.950000,10.601071
2677,16.850000,10.709520
2678,16.775000,10.793470
2679,17.016667,10.860475
2680,16.458333,10.913966
2681,16.175000,10.955855
2682,15.833333,11.005122
2683,14.741667,11.069763
2684,13.850000,11.143017
2685,13.191667,11.223929
2686,11.850000,11.306366
2687,10.808333,11.374267
2688,10.483333,11.446451
2689,10.050000,11.533613
2690,9.916667,11.635359
2691,9.941667,11.750617
2692,10.425000,11.884905
2693,10.566667,12.045833
2694,9.991667,12.209124
2695,9.641667,12.350569
2696,9.600000,12.449836
2697,9.775000,12.509857
2698,9.783333,12.536661
2699,9.525000,12.521740
2700,9.750000,12.465712
2701,10.641667,12.388571
2702,11.391667,12.302141
2703,11.366667,12.201861
2704,11.200000,12.079562
2705,11.491667,11.948872
2706,11.583333,11.829167
2707,10.858333,11.713175
2708,10.050000,11.605401
2709,9.625000,11.526235
2710,9.383333,11.477025
2711,8.891667,11.444705
2712,8.250000,11.427758
2713,7.591667,11.413291
2714,7.300000,11.385754
2715,6.600000,11.356250
2716,5.691667,11.326071
2717,5.108333,11.287278
2718,5.075000,11.227816
2719,5.841667,11.155970
2720,7.000000,11.070216
2721,8.550000,10.972184
2722,11.050000,10.882822
2723,13.758333,10.822126
2724,16.316667,10.788002
2725,18.333333,10.792843
2726,19.700000,10.838455
2727,20.608333,10.905855
2728,21.191667,10.988735
2729,21.400000,11.094821
2730,20.875000,11.201746
2731,19.216667,11.303212
2732,17.366667,11.388291
2733,16.058333,11.454900
2734,15.016667,11.515201
2735,13.258333,11.579340
2736,12.183333,11.620833
2737,11.691667,11.655912
2738,10.758333,11.685195
2739,9.716667,11.692795
2740,9.591667,11.681983
2741,9.625000,11.662838
2742,9.733333,11.647463
2743,11.766667,11.659057
2744,15.316667,11.733661
2745,18.241667,11.879668
2746,20.191667,12.073081
2747,21.658333,12.305401
2748,23.075000,12.569705
2749,24.458333,12.852758
2750,24.941667,13.139641
2751,25.191667,13.421788
2752,25.400000,13.714583
2753,24.875000,14.005691
2754,23.566667,14.272357
2755,21.500000,14.510195
2756,19.683333,14.722299
2757,17.933333,14.913011
2758,16.166667,15.072357
2759,15.091667,15.206250
2760,14.333333,15.334742
2761,13.825000,15.461767
2762,12.825000,15.588686
2763,12.083333,15.699209
2764,12.408333,15.823476
2765,12.175000,15.969483
2766,11.916667,16.114246
2767,13.166667,16.259288
2768,15.108333,16.419030
2769,17.300000,16.593692
2770,19.175000,16.774103
2771,19.916667,16.927652
2772,20.816667,17.039699
2773,21.866667,17.124383
2774,22.666667,17.192400
2775,23.233333,17.251071
2776,23.341667,17.302141
2777,23.241667,17.343412
2778,22.616667,17.380912
2779,21.383333,17.419367
2780,19.283333,17.465374
2781,17.266667,17.498312
2782,15.783333,17.519483
2783,15.141667,17.540760
2784,15.041667,17.592004
2785,14.183333,17.649720
2786,13.716667,17.702305
2787,13.566667,17.772859
2788,13.166667,17.853212
2789,13.466667,17.926630
2790,13.216667,18.007774
2791,12.975000,18.063127
2792,14.091667,18.065828
2793,15.441667,18.025116
2794,16.308333,17.957041
2795,16.541667,17.866107
2796,17.550000,17.753096
2797,17.716667,17.631819
2798,17.008333,17.477816
2799,15.341667,17.300289
2800,14.416667,17.079842
2801,13.450000,16.849045
2802,12.466667,16.610301
2803,12.066667,16.392168
2804,11.491667,16.208613
2805,10.675000,16.045380
2806,10.533333,15.906752
2807,10.991667,15.804051
2808,10.966667,15.726350
2809,10.566667,15.657996
2810,9.933333,15.591946
2811,9.425000,15.535079
2812,9.008333,15.475116
2813,8.391667,15.398592
2814,8.333333,15.321508
2815,9.083333,15.244541
2816,10.200000,15.151804
2817,12.041667,15.045496
2818,13.816667,14.935079
2819,14.866667,14.824942
2820,15.608333,14.720554
2821,14.791667,14.599219
2822,13.008333,14.429061
2823,11.541667,14.208845
2824,11.000000,13.956588
2825,10.766667,13.698987
2826,10.541667,13.440538
2827,10.266667,13.197126
2828,9.575000,12.976572
2829,8.850000,12.786709
2830,8.133333,12.618692
2831,7.566667,12.461487
2832,7.108333,12.300733
2833,6.958333,12.138397
2834,6.883333,11.994483
2835,6.391667,11.848987
2836,6.041667,11.698929
2837,5.825000,11.548370
2838,5.700000,11.386709
2839,5.991667,11.236092
2840,6.375000,11.086941
2841,6.850000,10.917062
2842,7.041667,10.732716
2843,7.466667,10.538455
2844,7.625000,10.347078
2845,7.850000,10.134568
2846,8.916667,9.943914
2847,10.141667,9.797569
2848,10.308333,9.705970
2849,9.341667,9.618355
2850,8.450000,9.534742
2851,7.325000,9.446287
2852,5.475000,9.336941
2853,4.600000,9.207205
2854,4.541667,9.083729
2855,4.616667,8.955237
2856,4.466667,8.820833
2857,4.183333,8.686092
2858,3.808333,8.555179
2859,3.075000,8.427141
2860,2.116667,8.289979
2861,1.991667,8.147801
2862,2.841667,8.023196
2863,3.766667,7.911825
2864,4.683333,7.799325
2865,5.975000,7.680633
2866,7.533333,7.550675
2867,9.016667,7.422859
2868,10.708333,7.308218
2869,11.500000,7.218914
2870,11.325000,7.165143
2871,11.550000,7.143914
2872,11.508333,7.152479
2873,11.183333,7.161092
2874,10.750000,7.169145
2875,10.091667,7.169821
2876,9.450000,7.165596
2877,8.791667,7.164246
2878,8.208333,7.163513
2879,7.766667,7.166667
2880,7.541667,7.172184
2881,7.441667,7.182658
2882,7.516667,7.193017
2883,7.658333,7.211034
2884,7.875000,7.243017
2885,8.116667,7.285021
2886,8.375000,7.336429
2887,8.675000,7.393075
2888,9.150000,7.448929
2889,9.691667,7.507996
2890,10.366667,7.569705
2891,11.633333,7.646451
2892,12.650000,7.740538
2893,12.491667,7.845611
2894,12.608333,7.933054
2895,13.016667,8.003212
2896,12.983333,8.059346
2897,13.133333,8.122405
2898,13.008333,8.210754
2899,12.158333,8.307600
2900,11.408333,8.415818
2901,11.025000,8.546904
2902,10.550000,8.677479
2903,10.358333,8.799662
2904,10.633333,8.921451
2905,10.858333,9.055179
2906,10.783333,9.196846
2907,10.758333,9.347126
2908,10.800000,9.515876
2909,10.275000,9.697357
2910,9.316667,9.855411
2911,8.258333,9.972753
2912,7.100000,10.048823
2913,6.075000,10.079398
2914,5.000000,10.059298
2915,4.441667,9.986603
2916,4.166667,9.875569
2917,3.941667,9.726746
2918,3.900000,9.569763
2919,3.608333,9.412953
2920,3.108333,9.241667
2921,2.375000,9.064304
2922,2.233333,8.880459
2923,2.633333,8.712047
2924,2.916667,8.565201
2925,3.058333,8.436034
2926,3.333333,8.323872
2927,3.791667,8.230122
2928,4.000000,8.152421
2929,3.883333,8.078829
2930,3.800000,8.003492
2931,3.858333,7.925000
2932,3.841667,7.844483
2933,3.683333,7.756983
2934,3.775000,7.662500
2935,4.133333,7.567004
2936,4.766667,7.473592
2937,5.450000,7.383671
2938,5.991667,7.294821
2939,6.550000,7.198708
2940,7.150000,7.087500
2941,7.458333,6.975617
2942,7.908333,6.875000
2943,8.608333,6.778771
2944,8.550000,6.688233
2945,7.716667,6.589024
2946,6.891667,6.468075
2947,6.250000,6.341271
2948,5.533333,6.219821
2949,4.383333,6.092120
2950,3.158333,5.946229
2951,2.175000,5.786208
2952,1.508333,5.607378
2953,0.891667,5.409799
2954,0.366667,5.197242
2955,0.025000,4.977816
2956,-0.216667,4.751408
2957,-0.358333,4.523534
2958,0.183333,4.313002
2959,0.950000,4.139072
2960,1.783333,4.003260
2961,3.775000,3.916319
2962,6.533333,3.901003
2963,8.458333,3.958893
2964,9.875000,4.056414
2965,10.616667,4.186429
2966,11.283333,4.330459
2967,11.466667,4.489921
2968,11.183333,4.655179
2969,10.866667,4.826688
2970,10.408333,5.003212
2971,9.966667,5.166049
2972,9.450000,5.311883
2973,8.850000,5.441387
2974,8.425000,5.555970
2975,8.300000,5.656645
2976,7.950000,5.745891
2977,7.466667,5.824325
2978,7.125000,5.896904
2979,6.825000,5.963233
2980,6.408333,6.021566
2981,6.200000,6.073592
2982,6.083333,6.125395
2983,6.408333,6.171846
2984,7.866667,6.224884
2985,9.691667,6.299547
2986,11.216667,6.396788
2987,12.325000,6.511429
2988,13.225000,6.634346
2989,14.008333,6.764525
2990,14.766667,6.904504
2991,15.216667,7.046229
2992,15.358333,7.183613
2993,15.575000,7.333555
2994,15.233333,7.503829
2995,14.491667,7.676746
2996,13.266667,7.845216
2997,12.133333,8.004109
2998,11.391667,8.170100
2999,11.041667,8.346451
3000,10.533333,8.534404
3001,9.383333,8.718470
3002,7.866667,8.887616
3003,7.375000,9.039525
3004,7.791667,9.198196
3005,7.300000,9.365037
3006,7.500000,9.519425
3007,8.816667,9.675617
3008,10.333333,9.845775
3009,11.758333,10.022357
3010,13.466667,10.178549
3011,15.525000,10.321451
3012,17.041667,10.471566
3013,17.908333,10.620438
3014,18.550000,10.773650
3015,18.741667,10.923929
3016,18.641667,11.077421
3017,18.483333,11.234008
3018,17.875000,11.392400
3019,17.441667,11.546846
3020,16.933333,11.703492
3021,16.250000,11.858333
3022,15.416667,12.010137
3023,14.125000,12.147020
3024,12.450000,12.256366
3025,11.175000,12.342062
3026,10.158333,12.413966
3027,9.875000,12.474942
3028,9.183333,12.538628
3029,8.541667,12.591329
3030,8.616667,12.640934
3031,9.400000,12.697521
3032,10.600000,12.759799
3033,11.566667,12.809462
3034,12.191667,12.840712
3035,12.983333,12.856588
3036,13.633333,12.869145
3037,14.675000,12.877701
3038,15.183333,12.892458
3039,14.983333,12.894483
3040,15.016667,12.887838
3041,13.641667,12.871798
3042,12.133333,12.816667
3043,11.683333,12.753771
3044,11.308333,12.701630
3045,10.925000,12.668355
3046,10.508333,12.646508
3047,9.891667,12.627141
3048,9.308333,12.601013
3049,8.750000,12.579784
3050,8.441667,12.575897
3051,8.108333,12.593133
3052,7.783333,12.601804
3053,7.700000,12.601968
3054,7.641667,12.612278
3055,7.541667,12.603270
3056,7.616667,12.564024
3057,7.816667,12.496287
3058,8.016667,12.402257
3059,8.450000,12.274103
3060,8.758333,12.115374
3061,8.975000,11.936150
3062,9.450000,11.747917
3063,9.408333,11.556983
3064,9.200000,11.360754
3065,9.025000,11.164246
3066,8.841667,10.969367
3067,8.683333,10.785079
3068,8.308333,10.603096
3069,7.808333,10.425338
3070,7.366667,10.252025
3071,7.258333,10.092901
3072,7.416667,9.965085
3073,7.675000,9.874884
3074,7.683333,9.811372
3075,7.600000,9.763571
3076,7.716667,9.719985
3077,7.975000,9.699267
3078,8.100000,9.688908
3079,7.925000,9.672020
3080,7.858333,9.629620
3081,8.075000,9.564979
3082,8.491667,9.489583
3083,9.050000,9.411150
3084,9.300000,9.325733
3085,9.183333,9.227595
3086,9.158333,9.105179
3087,8.908333,8.980237
3088,8.700000,8.851408
3089,8.641667,8.726852
3090,8.658333,8.638455
3091,8.583333,8.570833
3092,8.441667,8.507600
3093,8.341667,8.450675
3094,8.241667,8.399267
3095,8.025000,8.355517
3096,7.900000,8.320438
3097,7.725000,8.294763
3098,6.900000,8.271287
3099,6.166667,8.233671
3100,5.883333,8.193750
3101,5.625000,8.153154
3102,5.791667,8.110359
3103,7.166667,8.082089
3104,8.758333,8.089130
3105,10.116667,8.122801
3106,11.458333,8.180797
3107,12.408333,8.258671
3108,13.166667,8.344030
3109,14.083333,8.441946
3110,14.733333,8.551408
3111,15.191667,8.663792
3112,15.516667,8.790258
3113,15.600000,8.923929
3114,15.250000,9.060812
3115,14.183333,9.187616
3116,13.308333,9.295833
3117,12.575000,9.398650
3118,11.675000,9.494145
3119,10.950000,9.578887
3120,10.291667,9.649045
3121,9.300000,9.699103
3122,8.566667,9.724325
3123,8.050000,9.739641
3124,7.975000,9.746171
3125,8.450000,9.753096
3126,8.991667,9.766271
3127,9.783333,9.791889
3128,10.666667,9.839863
3129,11.466667,9.903771
3130,12.325000,9.978434
3131,13.633333,10.063792
3132,15.291667,10.170322
3133,16.700000,10.308893
3134,17.783333,10.475955
3135,18.666667,10.664805
3136,19.058333,10.875338
3137,18.866667,11.090654
3138,18.408333,11.300058
3139,17.558333,11.496962
3140,15.466667,11.670052
3141,13.716667,11.799045
3142,12.950000,11.904562
3143,12.583333,12.000338
3144,12.500000,12.095833
3145,11.858333,12.188966
3146,11.575000,12.275897
3147,11.116667,12.379225
3148,10.466667,12.478492
3149,10.125000,12.572917
3150,10.641667,12.668692
3151,12.558333,12.774605
3152,14.708333,12.891609
3153,15.850000,13.016049
3154,14.700000,13.118760
3155,13.350000,13.162278
3156,12.925000,13.171287
3157,13.441667,13.160754
3158,14.133333,13.147917
3159,14.183333,13.133054
3160,14.216667,13.108333
3161,14.416667,13.081925
3162,14.383333,13.059684
3163,13.950000,13.046451
3164,12.941667,13.043133
3165,12.108333,13.032600
3166,11.083333,13.023312
3167,10.383333,13.009684
3168,10.241667,13.002025
3169,10.083333,13.007542
3170,10.000000,13.030517
3171,9.766667,13.063175
3172,9.658333,13.099325
3173,9.408333,13.129620
3174,9.491667,13.143750
3175,10.400000,13.154842
3176,11.833333,13.171451
3177,13.141667,13.201013
3178,14.358333,13.238850
3179,16.066667,13.284684
3180,17.483333,13.335137
3181,18.716667,13.377758
3182,19.883333,13.420833
3183,20.941667,13.465596
3184,21.341667,13.513908
3185,21.183333,13.561092
3186,21.216667,13.612780
3187,19.491667,13.668248
3188,17.208333,13.701630
3189,15.566667,13.741725
3190,14.433333,13.776408
3191,14.216667,13.807600
3192,13.833333,13.841049
3193,12.508333,13.862558
3194,11.508333,13.870216
3195,11.300000,13.867959
3196,11.066667,13.877083
3197,10.958333,13.890934
3198,10.883333,13.906028
3199,11.150000,13.897753
3200,12.275000,13.856983
3201,13.541667,13.805855
3202,15.050000,13.774595
3203,16.325000,13.809230
3204,17.225000,13.883218
3205,17.891667,13.977141
3206,18.450000,14.067342
3207,18.933333,14.160359
3208,18.925000,14.260812
3209,18.683333,14.354900
3210,18.366667,14.440992
3211,17.908333,14.523254
3212,16.416667,14.603212
3213,14.333333,14.665770
3214,13.383333,14.708218
3215,12.833333,14.760475
3216,12.091667,14.806308
3217,11.800000,14.842342
3218,11.800000,14.879167
3219,11.508333,14.916329
3220,11.125000,14.950733
3221,10.941667,14.980517
3222,11.075000,15.013908
3223,11.725000,15.044821
3224,12.625000,15.068470
3225,13.408333,15.079900
3226,14.108333,15.081308
3227,14.750000,15.068191
3228,15.175000,15.030970
3229,15.941667,14.978154
3230,17.158333,14.919763
3231,17.933333,14.862220
3232,18.275000,14.797184
3233,18.341667,14.735754
3234,18.066667,14.675058
3235,17.258333,14.613002
3236,16.100000,14.578771
3237,14.783333,14.559008
3238,13.150000,14.540374
3239,12.575000,14.508671
3240,12.233333,14.475000
3241,11.666667,14.446055
3242,11.500000,14.437105
3243,11.208333,14.437895
3244,10.766667,14.433333
3245,10.658333,14.427083
3246,11.166667,14.424209
3247,12.316667,14.438117
3248,13.600000,14.465654
3249,15.033333,14.493355
3250,16.516667,14.525733
3251,17.800000,14.555179
3252,18.650000,14.586487
3253,18.900000,14.612895
3254,19.191667,14.630912
3255,20.041667,14.648196
3256,20.850000,14.678038
3257,21.041667,14.723254
3258,20.533333,14.771566
3259,19.558333,14.812558
3260,18.283333,14.846451
3261,16.358333,14.888571
3262,14.758333,14.926128
3263,13.600000,14.948650
3264,12.341667,14.960475
3265,11.508333,14.960812
3266,11.533333,14.953434
3267,12.166667,14.954389
3268,12.675000,14.977025
3269,12.683333,15.012162
3270,12.716667,15.047579
3271,13.150000,15.080237
3272,13.983333,15.108671
3273,14.808333,15.137500
3274,15.625000,15.167342
3275,16.758333,15.202363
3276,17.883333,15.250280
3277,19.000000,15.310754
3278,19.733333,15.371962
3279,20.308333,15.421846
3280,20.716667,15.472579
3281,21.033333,15.524605
3282,20.616667,15.581308
3283,19.441667,15.630575
3284,18.025000,15.673987
3285,16.758333,15.713513
3286,16.300000,15.762326
3287,15.833333,15.833787
3288,14.683333,15.893808
3289,13.633333,15.940316
3290,13.650000,15.981192
3291,13.725000,16.029842
3292,13.483333,16.084008
3293,13.400000,16.141329
3294,13.575000,16.196229
3295,14.050000,16.241049
3296,14.533333,16.270216
3297,14.991667,16.281703
3298,15.141667,16.269936
3299,14.866667,16.227932
3300,15.225000,16.159346
3301,15.775000,16.090596
3302,16.775000,16.030459
3303,17.458333,15.982041
3304,17.266667,15.919541
3305,16.750000,15.837895
3306,16.383333,15.747859
3307,15.833333,15.665596
3308,14.858333,15.590596
3309,13.991667,15.526235
3310,13.525000,15.488117
3311,13.283333,15.470042
3312,12.966667,15.471788
3313,12.450000,15.489246
3314,11.500000,15.502932
3315,10.591667,15.488686
3316,9.775000,15.443866
3317,9.575000,15.378771
3318,9.933333,15.317342
3319,11.383333,15.265818
3320,13.816667,15.242901
3321,16.241667,15.253318
3322,17.841667,15.292342
3323,18.883333,15.338571
3324,19.708333,15.380237
3325,20.466667,15.415316
3326,20.975000,15.443412
3327,21.158333,15.466725
3328,20.850000,15.478549
3329,20.541667,15.475395
3330,20.208333,15.464188
3331,18.191667,15.452257
3332,14.566667,15.408227
3333,13.016667,15.327305
3334,13.275000,15.257263
3335,12.991667,15.196171
3336,12.408333,15.140538
3337,12.025000,15.099605
3338,11.725000,15.065712
3339,11.658333,15.022184
3340,11.408333,14.980237
3341,11.200000,14.935417
3342,11.608333,14.890934
3343,12.366667,14.852758
3344,13.225000,14.820438
3345,14.766667,14.800897
3346,16.416667,14.809230
3347,17.583333,14.848476
3348,18.408333,14.911825
3349,19.050000,14.978096
3350,19.825000,15.045891
3351,19.616667,15.102537
3352,18.616667,15.139641
3353,18.141667,15.166271
3354,17.925000,15.197579
3355,17.333333,15.229167
3356,15.891667,15.257716
3357,14.458333,15.273650
3358,13.125000,15.277199
3359,12.325000,15.262162
3360,12.141667,15.242679
3361,11.983333,15.228434
3362,11.958333,15.225222
3363,11.941667,15.243692
3364,11.725000,15.277025
3365,11.658333,15.320158
3366,12.050000,15.363175
3367,12.825000,15.403945
3368,13.608333,15.420669
3369,14.366667,15.401186
3370,15.225000,15.353492
3371,15.950000,15.296566
3372,16.316667,15.231645
3373,16.458333,15.155970
3374,16.208333,15.066049
3375,15.183333,14.957436
3376,15.416667,14.831752
3377,15.650000,14.727479
3378,14.466667,14.619203
3379,12.400000,14.496113
3380,11.458333,14.393007
3381,11.558333,14.349662
3382,11.541667,14.317400
3383,11.383333,14.280855
3384,11.241667,14.251350
3385,11.141667,14.229842
3386,10.925000,14.212500
3387,10.566667,14.194145
3388,10.283333,14.169763
3389,10.258333,14.148254
3390,10.300000,14.126804
3391,9.891667,14.090770
3392,9.075000,14.025174
3393,8.875000,13.923428
3394,9.058333,13.787278
3395,9.450000,13.625733
3396,9.583333,13.451128
3397,11.133333,13.269927
3398,12.883333,13.117004
3399,13.125000,12.975280
3400,12.941667,12.846788
3401,13.366667,12.736372
3402,13.291667,12.640316
3403,12.183333,12.539641
3404,10.783333,12.430855
3405,10.025000,12.329784
3406,9.550000,12.244705
3407,8.950000,12.173987
3408,8.816667,12.103096
3409,9.016667,12.036767
3410,9.041667,11.976408
3411,8.883333,11.914246
3412,8.450000,11.848987
3413,7.966667,11.777479
3414,8.616667,11.700617
3415,10.308333,11.636709
3416,11.916667,11.591946
3417,13.433333,11.563117
3418,14.566667,11.547579
3419,15.191667,11.532996
3420,14.991667,11.513628
3421,15.108333,11.483275
3422,15.341667,11.459684
3423,15.125000,11.447463
3424,15.350000,11.449383
3425,14.841667,11.441387
3426,14.066667,11.424884
3427,13.666667,11.429668
3428,12.450000,11.460253
3429,11.583333,11.469821
3430,10.741667,11.464699
3431,9.500000,11.438291
3432,8.533333,11.391387
3433,7.616667,11.328212
3434,6.850000,11.248987
3435,6.366667,11.162500
3436,5.675000,11.072637
3437,5.008333,10.970891
3438,5.558333,10.862722
3439,7.325000,10.780285
3440,10.125000,10.755845
3441,12.841667,10.806752
3442,15.025000,10.906752
3443,16.600000,11.043692
3444,18.091667,11.202247
3445,19.500000,11.384182
3446,20.583333,11.550000
3447,21.408333,11.713792
3448,22.050000,11.894030
3449,22.183333,12.084124
3450,21.750000,12.262838
3451,20.450000,12.438233
3452,18.825000,12.607996
3453,16.858333,12.768248
3454,14.733333,12.895274
3455,13.083333,12.993133
3456,11.916667,13.070949
3457,11.033333,13.125791
3458,10.291667,13.160475
3459,9.650000,13.181983
3460,9.166667,13.196508
3461,8.883333,13.213175
3462,9.441667,13.232321
3463,11.300000,13.249605
3464,13.816667,13.276968
3465,16.300000,13.325617
3466,18.350000,13.392959
3467,20.266667,13.482147
3468,21.916667,13.602922
3469,23.141667,13.759684
3470,24.066667,13.932205
3471,24.575000,14.120775
3472,24.700000,14.318808
3473,24.466667,14.513455
3474,23.950000,14.718075
3475,22.708333,14.918528
3476,21.241667,15.101688
3477,19.183333,15.279398
3478,17.983333,15.428713
3479,16.850000,15.583391
3480,15.458333,15.732321
3481,14.300000,15.874325
3482,13.275000,16.011487
3483,12.491667,16.142737
3484,11.791667,16.269425
3485,11.266667,16.398254
3486,12.150000,16.530855
3487,14.241667,16.671508
3488,16.950000,16.815654
3489,19.308333,16.954900
3490,20.858333,17.084799
3491,22.041667,17.201746
3492,23.083333,17.312220
3493,24.375000,17.413513
3494,25.583333,17.516667
3495,26.291667,17.620158
3496,26.500000,17.718808
3497,26.325000,17.807996
3498,25.383333,17.891049
3499,23.808333,17.962838
3500,22.108333,18.032658
3501,20.000000,18.099662
3502,18.241667,18.166946
3503,16.941667,18.244088
3504,15.758333,18.324662
3505,14.425000,18.401804
3506,13.683333,18.470438
3507,12.783333,18.541049
3508,12.375000,18.604446
3509,12.150000,18.673650
3510,12.541667,18.739583
3511,14.283333,18.803492
3512,16.833333,18.865258
3513,19.341667,18.928829
3514,21.175000,18.990654
3515,22.791667,19.046904
3516,24.550000,19.099267
3517,25.883333,19.155912
3518,26.533333,19.211150
3519,25.008333,19.249614
3520,21.350000,19.227488
3521,18.841667,19.132378
3522,17.658333,19.008729
3523,16.791667,18.878376
3524,16.033333,18.762105
3525,15.058333,18.661314
3526,14.308333,18.582321
3527,13.925000,18.509230
3528,14.033333,18.461314
3529,14.025000,18.442622
3530,13.841667,18.444367
3531,13.858333,18.463117
3532,13.841667,18.497859
3533,13.800000,18.545100
3534,14.033333,18.595274
3535,14.141667,18.618981
3536,13.983333,18.593364
3537,13.841667,18.507832
3538,14.208333,18.381308
3539,14.908333,18.238233
3540,15.958333,18.088513
3541,17.025000,17.939641
3542,17.691667,17.781645
3543,18.075000,17.613908
3544,18.083333,17.440992
3545,17.825000,17.264583
3546,17.525000,17.091213
3547,16.408333,16.933333
3548,15.116667,16.781530
3549,14.350000,16.645660
3550,13.983333,16.541213
3551,13.841667,16.462384
3552,13.858333,16.408218
3553,13.783333,16.379389
3554,13.583333,16.372917
3555,13.325000,16.374547
3556,13.083333,16.389979
3557,13.000000,16.404109
3558,13.116667,16.421962
3559,13.200000,16.421740
3560,13.083333,16.377373
3561,13.291667,16.277257
3562,13.383333,16.135928
3563,13.533333,15.960195
3564,13.875000,15.755353
3565,14.233333,15.522975
3566,14.166667,15.274383
3567,13.883333,15.021615
3568,14.266667,14.821046
3569,14.483333,14.703713
3570,14.341667,14.622126
3571,13.950000,14.558671
3572,13.233333,14.500000
3573,12.725000,14.444367
3574,12.541667,14.401350
3575,12.325000,14.366667
3576,12.025000,14.330970
3577,11.725000,14.285417
3578,11.483333,14.237162
3579,11.283333,14.186487
3580,11.200000,14.131588
3581,11.375000,14.078096
3582,11.733333,14.029167
3583,12.191667,13.983275
3584,12.750000,13.948534
3585,13.408333,13.929784
3586,14.225000,13.925675
3587,15.008333,13.927083
3588,15.708333,13.927141
3589,16.816667,13.920438
3590,17.808333,13.919425
3591,18.041667,13.921566
3592,17.883333,13.918750
3593,17.683333,13.914921
3594,17.483333,13.912838
3595,17.225000,13.917226
3596,16.983333,13.944367
3597,16.316667,13.986150
3598,15.200000,14.021624
3599,14.291667,14.039641
3600,14.058333,14.045833
3601,13.808333,14.048987
3602,13.483333,14.047917
3603,13.341667,14.046508
3604,13.125000,14.047579
3605,12.941667,14.047579
3606,13.250000,14.047184
3607,13.966667,14.054784
3608,14.708333,14.078038
3609,15.291667,14.116667
3610,15.675000,14.160021
3611,17.083333,14.216493
3612,18.875000,14.304051
3613,20.375000,14.418297
3614,21.816667,14.558160
3615,22.691667,14.729446
3616,23.250000,14.915992
3617,23.150000,15.100733
3618,22.491667,15.277141
3619,21.500000,15.441725
3620,20.300000,15.594483
3621,18.983333,15.735870
3622,17.583333,15.856028
3623,16.183333,15.950453
3624,14.841667,16.021624
3625,13.541667,16.071624
3626,12.416667,16.101466
3627,11.708333,16.115654
3628,11.325000,16.121904
3629,11.083333,16.121229
3630,11.408333,16.113513
3631,12.283333,16.110021
3632,13.575000,16.117622
3633,15.016667,16.141946
3634,16.358333,16.180517
3635,17.716667,16.229446
3636,18.650000,16.289246
3637,19.541667,16.348987
3638,20.641667,16.405517
3639,21.275000,16.468017
3640,21.691667,16.539863
3641,21.608333,16.621904
3642,21.166667,16.701408
3643,20.183333,16.773370
3644,18.141667,16.821402
3645,16.750000,16.834684
3646,15.625000,16.844821
3647,14.416667,16.851071
3648,14.116667,16.852421
3649,14.083333,16.855179
3650,14.000000,16.863175
3651,13.475000,16.872299
3652,12.050000,16.865770
3653,11.766667,16.838455
3654,12.625000,16.819763
3655,13.875000,16.810696
3656,15.200000,16.814188
3657,17.216667,16.834172
3658,19.816667,16.893181
3659,22.008333,16.990654
3660,23.558333,17.090992
3661,24.741667,17.186150
3662,25.725000,17.273312
3663,26.450000,17.352421
3664,26.816667,17.429900
3665,26.200000,17.500058
3666,25.233333,17.560079
3667,23.966667,17.615316
3668,22.016667,17.661208
3669,19.933333,17.689641
3670,18.808333,17.709288
3671,17.666667,17.738908
3672,16.766667,17.771788
3673,15.783333,17.816329
3674,14.441667,17.861487
3675,13.725000,17.902758
3676,13.716667,17.947521
3677,13.975000,18.001688
3678,14.216667,18.062895
3679,14.475000,18.116387
3680,14.600000,18.153270
3681,14.541667,18.161603
3682,14.616667,18.140037
3683,14.875000,18.094203
3684,15.233333,18.028492
3685,15.691667,17.954225
3686,17.066667,17.873872
3687,18.308333,17.805517
3688,19.008333,17.746508
3689,19.533333,17.694705
3690,19.641667,17.657263
3691,19.308333,17.630122
3692,18.575000,17.622068
3693,17.266667,17.636208
3694,15.841667,17.642342
3695,15.008333,17.649605
3696,14.683333,17.663233
3697,14.483333,17.672917
3698,14.341667,17.680912
3699,14.241667,17.690201
3700,14.141667,17.716155
3701,14.100000,17.766049
3702,14.625000,17.810417
3703,16.166667,17.853771
3704,18.166667,17.906867
3705,19.875000,17.969203
3706,21.491667,18.015712
3707,22.900000,18.043470
3708,23.225000,18.052932
3709,23.858333,18.038175
3710,25.041667,18.021508
3711,26.025000,18.009346
3712,26.400000,18.001408
3713,26.283333,17.995042
3714,25.791667,18.002421
3715,24.800000,18.015934
3716,23.250000,18.036767
3717,21.333333,18.064583
3718,19.158333,18.087674
3719,17.441667,18.086429
3720,16.083333,18.079958
3721,15.616667,18.065818
3722,16.050000,18.077247
3723,16.008333,18.120158
3724,14.750000,18.159915
3725,14.408333,18.172184
3726,15.808333,18.189072
3727,17.941667,18.238002
3728,20.183333,18.328260
3729,21.683333,18.459963
3730,22.625000,18.616946
3731,24.108333,18.792901
3732,26.066667,18.999151
3733,28.066667,19.238397
3734,29.541667,19.501128
3735,30.350000,19.755912
3736,30.716667,20.004562
3737,30.800000,20.244483
3738,29.866667,20.472020
3739,28.441667,20.674383
3740,25.916667,20.851977
3741,23.041667,20.988628
3742,20.308333,21.098765
3743,17.933333,21.178270
3744,16.458333,21.228212
3745,15.475000,21.258054
3746,14.925000,21.274325
3747,14.041667,21.281366
3748,13.500000,21.271171
3749,13.733333,21.259684
3750,15.183333,21.258555
3751,17.383333,21.277758
3752,19.933333,21.306867
3753,22.791667,21.352643
3754,25.283333,21.422521
3755,27.658333,21.508555
3756,28.991667,21.617284
3757,29.725000,21.740316
3758,30.858333,21.861092
3759,31.458333,21.980633
3760,31.150000,22.087558
3761,30.200000,22.179958
3762,28.125000,22.249498
3763,25.541667,22.283111
3764,23.741667,22.293355
3765,22.033333,22.306250
3766,20.675000,22.325559
3767,20.241667,22.368634
3768,19.966667,22.436709
3769,19.391667,22.519878
3770,18.691667,22.589361
3771,18.341667,22.638850
3772,17.891667,22.693297
3773,17.366667,22.760870
3774,17.316667,22.810928
3775,17.808333,22.827932
3776,19.091667,22.814979
3777,19.800000,22.786208
3778,20.616667,22.743355
3779,22.191667,22.703492
3780,23.191667,22.657436
3781,23.750000,22.584857
3782,22.600000,22.475685
3783,19.208333,22.296634
3784,16.683333,22.034182
3785,15.983333,21.732658
3786,15.608333,21.426630
3787,15.341667,21.139468
3788,15.008333,20.882706
3789,14.333333,20.676572
3790,13.650000,20.511931
3791,13.166667,20.390818
3792,12.883333,20.303038
3793,12.800000,20.236372
3794,12.975000,20.187442
3795,13.041667,20.154051
3796,12.883333,20.138908
3797,12.508333,20.121962
3798,12.533333,20.085590
3799,13.691667,20.019145
3800,14.808333,19.932494
3801,15.858333,19.809182
3802,16.516667,19.649498
3803,17.766667,19.454562
3804,19.008333,19.246508
3805,19.825000,19.039583
3806,20.375000,18.829958
3807,20.850000,18.607938
3808,21.275000,18.392622
3809,21.108333,18.194030
3810,20.550000,18.015422
3811,19.658333,17.873476
3812,17.275000,17.751582
3813,15.666667,17.611651
3814,13.808333,17.480748
3815,12.075000,17.324383
3816,11.408333,17.149662
3817,10.908333,16.971508
3818,10.116667,16.794821
3819,9.641667,16.614583
3820,8.958333,16.431983
3821,9.141667,16.248814
3822,11.000000,16.092843
3823,13.691667,15.980343
3824,15.775000,15.905575
3825,17.566667,15.842168
3826,19.275000,15.806588
3827,20.483333,15.776804
3828,21.366667,15.738513
3829,22.516667,15.704784
3830,23.450000,15.693461
3831,23.758333,15.741262
3832,23.741667,15.862722
3833,23.408333,16.015654
3834,23.141667,16.170100
3835,22.166667,16.324103
3836,20.391667,16.453607
3837,18.783333,16.556308
3838,17.500000,16.643808
3839,16.591667,16.719821
3840,15.950000,16.788233
3841,14.825000,16.844936
3842,14.141667,16.877816
3843,13.341667,16.895949
3844,12.625000,16.895496
3845,13.200000,16.895322
3846,15.158333,16.925839
3847,17.191667,16.991667
3848,18.891667,17.067959
3849,20.008333,17.156308
3850,19.833333,17.236208
3851,17.983333,17.284471
3852,16.025000,17.257157
3853,14.875000,17.177257
3854,14.383333,17.062895
3855,14.591667,16.935079
3856,14.916667,16.803829
3857,15.116667,16.673196
3858,15.141667,16.553771
3859,15.216667,16.448139
3860,14.950000,16.371615
3861,14.466667,16.337500
3862,13.950000,16.320264
3863,13.466667,16.337105
3864,13.591667,16.372126
3865,13.391667,16.422242
3866,13.158333,16.476630
3867,13.433333,16.547521
3868,13.191667,16.630517
3869,12.550000,16.715095
3870,12.241667,16.768644
3871,12.433333,16.772811
3872,12.775000,16.729282
3873,13.075000,16.654678
3874,13.316667,16.547695
3875,13.808333,16.415654
3876,14.158333,16.272637
3877,14.666667,16.116725
3878,14.416667,15.944599
3879,12.425000,15.738465
3880,11.650000,15.489863
3881,11.900000,15.243355
3882,11.316667,15.003212
3883,9.966667,14.752083
3884,9.533333,14.505681
3885,9.466667,14.295042
3886,9.241667,14.109963
3887,9.200000,13.946113
3888,9.141667,13.797521
3889,9.100000,13.663397
3890,9.100000,13.552421
3891,9.041667,13.451968
3892,8.883333,13.369088
3893,8.800000,13.287616
3894,9.033333,13.182494
3895,9.433333,13.039361
3896,9.541667,12.864757
3897,9.383333,12.657378
3898,9.241667,12.433613
3899,9.375000,12.226456
3900,9.733333,12.068914
3901,10.075000,11.951968
3902,10.316667,11.859684
3903,10.808333,11.777758
3904,11.333333,11.700675
3905,11.383333,11.625733
3906,11.300000,11.546171
3907,10.775000,11.462953
3908,9.466667,11.361208
3909,8.625000,11.242004
3910,7.916667,11.119483
3911,6.975000,10.989979
3912,6.891667,10.852083
3913,6.575000,10.711825
3914,6.375000,10.569425
3915,6.616667,10.428492
3916,6.641667,10.287442
3917,6.308333,10.154504
3918,6.566667,10.028038
3919,8.241667,9.920997
3920,9.900000,9.846788
3921,11.041667,9.794367
3922,11.850000,9.757600
3923,12.158333,9.727141
3924,13.075000,9.694309
3925,14.283333,9.679842
3926,15.225000,9.679331
3927,15.541667,9.715027
3928,15.850000,9.793750
3929,15.866667,9.879900
3930,15.291667,9.961429
3931,14.650000,10.049209
3932,13.350000,10.144657
3933,11.608333,10.208111
3934,9.966667,10.240770
3935,8.075000,10.240828
3936,6.791667,10.204225
3937,5.975000,10.149045
3938,5.716667,10.079842
3939,6.500000,10.014805
3940,7.408333,9.971788
3941,8.108333,9.948196
3942,8.575000,9.937162
3943,9.166667,9.928434
3944,10.316667,9.930064
3945,11.600000,9.958893
3946,12.216667,10.013513
3947,13.408333,10.082485
3948,14.900000,10.177701
3949,16.216667,10.293297
3950,16.741667,10.426071
3951,17.400000,10.560021
3952,16.441667,10.690210
3953,16.275000,10.786989
3954,16.025000,10.892853
3955,15.341667,10.986034
3956,14.541667,11.086429
3957,13.591667,11.192400
3958,13.066667,11.295775
3959,12.433333,11.406588
3960,12.333333,11.520496
3961,12.266667,11.635021
3962,11.458333,11.751524
3963,11.233333,11.850675
3964,11.283333,11.947579
3965,11.258333,12.045775
3966,11.300000,12.149383
3967,11.475000,12.236998
3968,12.183333,12.293075
3969,13.241667,12.339583
3970,14.341667,12.387105
3971,14.100000,12.437278
3972,12.433333,12.459018
3973,13.175000,12.432822
3974,14.591667,12.417400
3975,14.275000,12.399383
3976,14.250000,12.368750
3977,14.850000,12.338792
3978,14.925000,12.324267
3979,12.991667,12.310311
3980,10.358333,12.260812
3981,8.991667,12.199209
3982,8.991667,12.157089
3983,9.725000,12.158044
3984,10.216667,12.211372
3985,10.533333,12.291889
3986,10.700000,12.393075
3987,10.466667,12.490432
3988,10.241667,12.561883
3989,10.491667,12.615992
3990,10.875000,12.664583
3991,11.408333,12.712162
3992,12.225000,12.756645
3993,13.475000,12.794763
3994,13.808333,12.833054
3995,12.433333,12.849334
3996,11.950000,12.806308
3997,12.725000,12.739979
3998,14.208333,12.671335
3999,13.950000,12.619039
4000,14.833333,12.549142
4001,15.475000,12.535648
4002,14.925000,12.510301
4003,14.100000,12.490037
4004,12.666667,12.457321
4005,11.475000,12.415992
4006,10.750000,12.370158
4007,10.208333,12.321846
4008,9.300000,12.271682
4009,8.158333,12.197637
4010,7.233333,12.109346
4011,6.900000,12.021566
4012,6.783333,11.929167
4013,7.166667,11.837780
4014,8.783333,11.763677
4015,10.808333,11.728318
4016,12.591667,11.725280
4017,14.350000,11.739863
4018,16.033333,11.768355
4019,16.875000,11.811314
4020,17.291667,11.885523
4021,17.791667,11.992573
4022,18.233333,12.076746
4023,18.750000,12.157147
4024,19.116667,12.256983
4025,18.733333,12.351524
4026,17.933333,12.423312
4027,16.725000,12.488735
4028,15.633333,12.580064
4029,14.308333,12.694541
4030,12.608333,12.792573
4031,11.608333,12.851524
4032,11.283333,12.881983
4033,10.616667,12.897357
4034,9.966667,12.890316
4035,9.508333,12.872579
4036,9.066667,12.851071
4037,8.958333,12.823650
4038,9.525000,12.791609
4039,11.416667,12.773081
4040,13.783333,12.787722
4041,15.808333,12.828434
4042,17.241667,12.884568
4043,18.225000,12.974373
4044,19.183333,13.111767
4045,20.241667,13.265258
4046,21.166667,13.419203
4047,21.383333,13.563735
4048,21.241667,13.717294
4049,21.491667,13.840143
4050,21.175000,13.970891
4051,20.158333,14.098254
4052,18.708333,14.224662
4053,16.716667,14.345611
4054,14.633333,14.443191
4055,12.808333,14.512616
4056,11.341667,14.560079
4057,10.450000,14.603771
4058,9.733333,14.654167
4059,9.050000,14.704225
4060,8.683333,14.745833
4061,8.891667,14.784404
4062,10.325000,14.818412
4063,12.775000,14.852701
4064,15.241667,14.899942
4065,17.483333,14.959684
4066,19.683333,15.029109
4067,21.241667,15.111034
4068,22.458333,15.208951
4069,23.466667,15.321846
4070,23.975000,15.441329
4071,24.566667,15.561092
4072,24.958333,15.682996
4073,25.000000,15.806867
4074,24.708333,15.942679
4075,23.916667,16.087105
4076,21.866667,16.232832
4077,18.833333,16.347020
4078,16.333333,16.432321
4079,14.741667,16.505633
4080,13.558333,16.563628
4081,12.575000,16.606588
4082,11.908333,16.647579
4083,11.233333,16.686487
4084,10.666667,16.720833
4085,11.258333,16.758218
4086,12.733333,16.814863
4087,14.975000,16.885754
4088,17.675000,16.962105
4089,20.375000,17.048534
4090,22.491667,17.149942
4091,24.075000,17.264525
4092,25.633333,17.391609
4093,26.825000,17.528492
4094,27.725000,17.664921
4095,28.391667,17.804446
4096,28.950000,17.956530
4097,29.083333,18.118470
4098,28.766667,18.274605
4099,27.608333,18.433391
4100,24.975000,18.580015
4101,21.558333,18.697695
4102,19.166667,18.793017
4103,17.858333,18.891609
4104,16.700000,19.000338
4105,15.558333,19.110812
4106,14.983333,19.216609
4107,14.316667,19.327816
4108,13.900000,19.436092
4109,14.308333,19.546508
4110,15.650000,19.659404
4111,18.616667,19.772463
4112,21.833333,19.901688
4113,24.108333,20.040654
4114,26.066667,20.176408
4115,27.600000,20.308671
4116,28.975000,20.442342
4117,29.950000,20.578492
4118,30.666667,20.714188
4119,31.408333,20.855912
4120,31.816667,20.998254
4121,31.725000,21.140654
4122,30.841667,21.276466
4123,29.425000,21.398312
4124,27.341667,21.511429
4125,25.775000,21.634848
4126,23.591667,21.787953
4127,20.958333,21.929958
4128,19.825000,22.056867
4129,18.941667,22.190316
4130,17.875000,22.319483
4131,17.558333,22.444705
4132,18.300000,22.586651
4133,18.800000,22.749778
4134,18.100000,22.890548
4135,18.066667,22.981086
4136,19.450000,23.032378
4137,21.541667,23.063233
4138,23.083333,23.083054
4139,24.141667,23.090316
4140,24.891667,23.085870
4141,25.158333,23.061883
4142,24.966667,23.018528
4143,24.391667,22.950116
4144,24.158333,22.858729
4145,23.966667,22.755575
4146,23.391667,22.646904
4147,22.750000,22.537047
4148,21.566667,22.447405
4149,19.966667,22.391831
4150,18.950000,22.372126
4151,18.116667,22.373254
4152,17.350000,22.381192
4153,16.808333,22.399942
4154,16.483333,22.429167
4155,15.933333,22.461092
4156,15.483333,22.495158
4157,15.633333,22.526071
4158,16.033333,22.547357
4159,16.725000,22.538127
4160,17.683333,22.477257
4161,18.916667,22.379562
4162,20.083333,22.265374
4163,21.083333,22.134742
4164,22.141667,21.996566
4165,23.008333,21.852421
4166,23.475000,21.706645
4167,23.716667,21.552479
4168,23.741667,21.388571
4169,23.350000,21.217737
4170,22.808333,21.044367
4171,21.841667,20.881925
4172,20.250000,20.727363
4173,18.275000,20.579282
4174,17.458333,20.427469
4175,16.916667,20.321055
4176,15.508333,20.239024
4177,14.683333,20.145380
4178,14.075000,20.062500
4179,12.941667,19.978607
4180,12.575000,19.871962
4181,13.166667,19.750617
4182,14.491667,19.647290
4183,16.425000,19.591889
4184,18.350000,19.564583
4185,19.800000,19.537953
4186,21.058333,19.496846
4187,22.066667,19.455237
4188,22.633333,19.410079
4189,23.500000,19.366213
4190,24.058333,19.339188
4191,24.625000,19.328318
4192,25.058333,19.341667
4193,24.983333,19.361092
4194,24.258333,19.381983
4195,23.216667,19.396566
4196,22.041667,19.405179
4197,20.333333,19.415316
4198,18.275000,19.415770
4199,16.758333,19.393412
4200,15.308333,19.360870
4201,14.483333,19.313513
4202,13.991667,19.264979
4203,13.408333,19.211429
4204,12.850000,19.159066
4205,12.950000,19.102758
4206,14.658333,19.055006
4207,16.925000,19.041551
4208,18.908333,19.055122
4209,21.158333,19.089130
4210,23.366667,19.145042
4211,25.133333,19.220775
4212,26.150000,19.306645
4213,27.158333,19.389525
4214,27.991667,19.479842
4215,26.916667,19.566898
4216,24.950000,19.615095
4217,23.850000,19.631250
4218,23.250000,19.641329
4219,22.241667,19.650000
4220,21.408333,19.662722
4221,20.558333,19.697126
4222,19.225000,19.744599
4223,18.366667,19.774942
4224,17.850000,19.812047
4225,16.841667,19.862953
4226,16.300000,19.905122
4227,16.183333,19.959963
4228,16.041667,20.031983
4229,15.883333,20.098708
4230,16.266667,20.146962
4231,17.358333,20.176466
4232,18.483333,20.188966
4233,19.425000,20.186487
4234,20.383333,20.176071
4235,20.683333,20.157041
4236,21.066667,20.124267
4237,22.041667,20.093412
4238,19.641667,20.045621
4239,17.600000,19.924045
4240,18.008333,19.774942
4241,18.825000,19.634963
4242,19.433333,19.517564
4243,19.425000,19.427363
4244,18.833333,19.353771
4245,17.800000,19.292284
4246,16.950000,19.248814
4247,16.991667,19.234568
4248,17.200000,19.253655
4249,16.966667,19.301408
4250,16.216667,19.351071
4251,15.100000,19.393470
4252,14.775000,19.428038
4253,15.016667,19.471566
4254,15.391667,19.505748
4255,16.066667,19.506028
4256,17.041667,19.478549
4257,18.725000,19.434066
4258,20.650000,19.380575
4259,22.450000,19.323592
4260,23.666667,19.269425
4261,24.466667,19.217062
4262,25.441667,19.160359
4263,25.783333,19.117168
4264,25.000000,19.106192
4265,23.683333,19.107716
4266,21.816667,19.094599
4267,19.908333,19.054900
4268,18.500000,19.001804
4269,17.708333,18.939525
4270,17.441667,18.888059
4271,17.225000,18.858671
4272,17.333333,18.838792
4273,17.500000,18.837722
4274,17.325000,18.857321
4275,17.375000,18.878771
4276,17.500000,18.906588
4277,17.383333,18.937500
4278,17.358333,18.966387
4279,17.516667,18.981703
4280,17.833333,18.977141
4281,17.883333,18.956703
4282,17.508333,18.913686
4283,17.241667,18.846171
4284,17.258333,18.772637
4285,17.183333,18.685195
4286,17.216667,18.594300
4287,17.475000,18.571846
4288,17.775000,18.569483
4289,18.016667,18.560137
4290,17.983333,18.537558
4291,17.666667,18.503829
4292,17.091667,18.467004
4293,16.566667,18.433951
4294,16.341667,18.414188
4295,16.183333,18.401804
4296,16.100000,18.381250
4297,15.983333,18.359008
4298,15.550000,18.340934
4299,15.125000,18.332205
4300,15.000000,18.336487
4301,15.000000,18.338908
4302,15.408333,18.338175
4303,16.166667,18.339583
4304,17.200000,18.342004
4305,18.691667,18.344483
4306,19.983333,18.338966
4307,20.575000,18.315770
4308,21.166667,18.268750
4309,22.258333,18.218355
4310,23.150000,18.173312
4311,23.516667,18.124267
4312,23.716667,18.083893
4313,23.741667,18.068972
4314,23.350000,18.082485
4315,22.166667,18.123254
4316,20.158333,18.167120
4317,18.500000,18.193470
4318,17.358333,18.202874
4319,15.850000,18.190770
4320,14.575000,18.149778
4321,13.733333,18.082716
4322,12.758333,17.997299
4323,12.066667,17.895554
4324,11.608333,17.779562
4325,11.750000,17.656867
4326,12.991667,17.549151
4327,15.100000,17.474093
4328,17.208333,17.440480
4329,18.991667,17.441831
4330,20.750000,17.482764
4331,21.966667,17.565538
4332,22.883333,17.671788
4333,23.708333,17.796788
4334,24.291667,17.938513
4335,24.208333,18.084799
4336,23.883333,18.219145
4337,23.333333,18.340374
4338,22.533333,18.443808
4339,21.383333,18.532041
4340,20.158333,18.602816
4341,19.116667,18.662558
4342,17.825000,18.707774
4343,16.500000,18.727874
4344,15.416667,18.725791
4345,14.416667,18.703549
4346,13.358333,18.664979
4347,12.666667,18.616329
4348,12.441667,18.564246
4349,12.866667,18.513117
4350,14.075000,18.475617
4351,15.575000,18.454446
4352,17.308333,18.448196
4353,18.041667,18.448090
4354,18.408333,18.423987
4355,19.283333,18.391946
4356,20.400000,18.370100
4357,21.600000,18.355912
4358,22.333333,18.340992
4359,23.258333,18.326630
4360,24.208333,18.328771
4361,24.441667,18.341667
4362,23.933333,18.355575
4363,22.783333,18.367342
4364,21.675000,18.385976
4365,20.833333,18.426350
4366,19.158333,18.473032
4367,17.150000,18.504167
4368,16.166667,18.532938
4369,15.766667,18.570100
4370,15.308333,18.616609
4371,14.808333,18.672579
4372,14.133333,18.728154
4373,13.625000,18.776128
4374,13.441667,18.804340
4375,13.458333,18.796402
4376,13.558333,18.743924
4377,13.716667,18.653270
4378,13.975000,18.530353
4379,14.216667,18.379225
4380,14.650000,18.213233
4381,15.541667,18.040934
4382,16.233333,17.872579
4383,16.458333,17.706192
4384,16.558333,17.548929
4385,16.541667,17.400280
4386,16.383333,17.264525
4387,16.300000,17.144309
4388,16.008333,17.047859
4389,15.683333,16.967284
4390,15.483333,16.904389
4391,15.166667,16.865201
4392,14.941667,16.844705
4393,14.783333,16.842284
4394,14.700000,16.857880
4395,14.641667,16.892679
4396,14.541667,16.935417
4397,14.500000,16.976466
4398,14.675000,17.002199
4399,14.741667,17.002932
4400,15.050000,16.972695
4401,15.766667,16.921788
4402,16.916667,16.881530
4403,17.558333,16.851128
4404,17.483333,16.805691
4405,17.808333,16.735812
4406,18.625000,16.655855
4407,19.058333,16.577199
4408,18.341667,16.476582
4409,17.158333,16.340374
4410,16.116667,16.182658
4411,15.291667,16.021113
4412,14.766667,15.870438
4413,14.425000,15.730855
4414,14.241667,15.607427
4415,14.025000,15.521730
4416,13.725000,15.464921
4417,13.425000,15.414921
4418,12.891667,15.365992
4419,12.250000,15.314246
4420,12.233333,15.264468
4421,12.983333,15.235639
4422,13.516667,15.230179
4423,14.183333,15.236372
4424,15.008333,15.258275
4425,15.883333,15.294367
4426,16.941667,15.346451
4427,18.100000,15.415876
4428,19.008333,15.502421
4429,19.825000,15.593075
4430,20.666667,15.682600
4431,21.233333,15.778096
4432,21.283333,15.878154
4433,20.850000,15.973312
4434,20.308333,16.059404
4435,19.225000,16.134520
4436,17.491667,16.182774
4437,16.058333,16.203212
4438,15.250000,16.204900
4439,14.650000,16.197242
4440,13.933333,16.183054
4441,13.891667,16.160696
4442,14.041667,16.145496
4443,13.708333,16.129900
4444,13.908333,16.111034
4445,14.258333,16.102421
4446,14.591667,16.098592
4447,15.266667,16.100955
4448,15.600000,16.114641
4449,16.241667,16.123929
4450,17.400000,16.134742
4451,18.425000,16.146451
4452,19.500000,16.173476
4453,20.641667,16.224267
4454,21.508333,16.284742
4455,21.683333,16.342737
4456,21.658333,16.400559
4457,21.641667,16.480459
4458,21.833333,16.583893
4459,21.300000,16.708729
4460,19.925000,16.827537
4461,18.366667,16.924778
4462,17.175000,16.997299
4463,15.400000,17.047078
4464,13.933333,17.062895
4465,13.658333,17.065934
4466,13.058333,17.071566
4467,12.308333,17.073254
4468,11.983333,17.072975
4469,11.666667,17.059857
4470,13.016667,17.033102
4471,15.966667,17.042843
4472,18.408333,17.095718
4473,19.725000,17.172579
4474,21.150000,17.254446
4475,22.366667,17.344483
4476,23.516667,17.433613
4477,24.333333,17.529562
4478,24.500000,17.618133
4479,24.383333,17.691725
4480,23.891667,17.752479
4481,24.008333,17.808555
4482,24.008333,17.881250
4483,22.750000,17.957321
4484,21.008333,18.029842
4485,19.775000,18.104842
4486,18.583333,18.180633
4487,17.825000,18.246846
4488,16.941667,18.312895
4489,16.166667,18.369878
4490,15.475000,18.409799
4491,14.458333,18.433391
4492,13.591667,18.441107
4493,13.650000,18.428771
4494,14.425000,18.420100
4495,15.266667,18.418750
4496,16.066667,18.421451
4497,17.216667,18.436429
4498,18.616667,18.459008
4499,19.608333,18.484742
4500,19.783333,18.503607
4501,20.750000,18.504446
4502,21.733333,18.509404
4503,21.666667,18.511825
4504,22.258333,18.514468
4505,22.100000,18.529620
4506,19.733333,18.521181
4507,16.825000,18.453270
4508,14.883333,18.352421
4509,13.600000,18.249267
4510,12.750000,18.153096
4511,12.383333,18.069927
4512,12.008333,18.019763
4513,11.916667,17.981588
4514,11.941667,17.949209
4515,11.783333,17.932263
4516,11.758333,17.923929
4517,11.800000,17.922184
4518,12.266667,17.921007
4519,12.950000,17.887056
4520,13.550000,17.806028
4521,13.800000,17.694878
4522,13.508333,17.558902
4523,13.941667,17.388513
4524,15.100000,17.213908
4525,15.716667,17.036825
4526,15.683333,16.855575
4527,14.841667,16.667120
4528,13.483333,16.460137
4529,13.016667,16.237895
4530,13.275000,16.008951
4531,13.341667,15.795322
4532,13.066667,15.612722
4533,12.433333,15.454504
4534,11.808333,15.305122
4535,11.366667,15.168412
4536,10.850000,15.035696
4537,10.600000,14.913850
4538,10.425000,14.802025
4539,9.600000,14.699662
4540,8.925000,14.599267
4541,8.800000,14.502141
4542,10.083333,14.402305
4543,12.283333,14.323476
4544,14.483333,14.273476
4545,16.100000,14.247242
4546,17.008333,14.220554
4547,17.183333,14.180295
4548,16.808333,14.123987
4549,16.891667,14.056028
4550,17.566667,13.970100
4551,17.841667,13.886429
4552,18.383333,13.807321
4553,19.208333,13.731414
4554,19.325000,13.691040
4555,18.500000,13.702980
4556,16.891667,13.744145
4557,15.225000,13.782321
4558,14.950000,13.818634
4559,15.783333,13.874884
4560,15.966667,13.952421
4561,15.391667,14.032378
4562,14.808333,14.098650
4563,14.483333,14.156250
4564,14.458333,14.212500
4565,14.733333,14.270100
4566,14.550000,14.328607
4567,14.533333,14.368075
4568,15.283333,14.401350
4569,16.458333,14.443972
4570,17.408333,14.510301
4571,18.283333,14.597579
4572,19.400000,14.687500
4573,20.308333,14.778771
4574,20.833333,14.879109
4575,20.766667,14.992622
4576,20.366667,15.124209
4577,19.791667,15.269878
4578,19.500000,15.405237
4579,19.441667,15.533333
4580,18.525000,15.656703
4581,17.725000,15.766271
4582,17.250000,15.878829
4583,16.883333,15.992342
4584,16.275000,16.107321
4585,15.550000,16.216725
4586,15.125000,16.316667
4587,15.058333,16.418972
4588,15.333333,16.541946
4589,16.025000,16.682205
4590,16.400000,16.830073
4591,15.816667,16.939198
4592,15.400000,16.988407
4593,16.391667,16.997521
4594,17.975000,17.008951
4595,18.658333,17.034346
4596,20.158333,17.076794
4597,21.258333,17.161150
4598,21.300000,17.247299
4599,21.416667,17.321846
4600,21.383333,17.393866
4601,20.833333,17.444936
4602,20.033333,17.469145
4603,19.758333,17.485639
4604,19.450000,17.523139
4605,18.908333,17.586709
4606,18.058333,17.663011
4607,17.366667,17.714024
4608,17.083333,17.740258
4609,17.116667,17.767622
4610,17.083333,17.809346
4611,17.175000,17.860021
4612,17.475000,17.919425
4613,17.658333,17.982321
4614,17.816667,18.044367
4615,18.308333,18.117679
4616,19.183333,18.197917
4617,21.000000,18.282880
4618,22.875000,18.386034
4619,24.025000,18.503829
4620,25.391667,18.624605
4621,26.741667,18.753434
4622,27.316667,18.888908
4623,27.575000,19.025280
4624,27.641667,19.171846
4625,27.308333,19.325675
4626,26.400000,19.479282
4627,24.966667,19.611603
4628,23.541667,19.719425
4629,21.075000,19.814873
4630,18.300000,19.862674
4631,16.658333,19.871962
4632,15.966667,19.864188
4633,15.391667,19.860079
4634,14.808333,19.855575
4635,14.016667,19.844203
4636,13.308333,19.813628
4637,13.333333,19.764979
4638,15.541667,19.718065
4639,18.341667,19.729890
4640,20.408333,19.806414
4641,22.775000,19.924209
4642,24.541667,20.061150
4643,25.408333,20.197859
4644,26.400000,20.337278
4645,27.191667,20.461767
4646,25.533333,20.576698
4647,22.333333,20.636439
4648,20.125000,20.633111
4649,19.033333,20.600000
4650,18.991667,20.566889
4651,18.966667,20.550395
4652,18.391667,20.530912
4653,17.925000,20.509008
4654,16.691667,20.486883
4655,15.258333,20.451804
4656,14.858333,20.405179
4657,14.666667,20.358391
4658,13.683333,20.300116
4659,12.750000,20.219878
4660,11.916667,20.118528
4661,11.325000,19.994483
4662,11.433333,19.861092
4663,12.475000,19.731867
4664,13.800000,19.615258
4665,15.233333,19.501466
4666,16.308333,19.374383
4667,16.833333,19.231645
4668,17.991667,19.079167
4669,19.400000,18.925338
4670,19.958333,18.772579
4671,20.175000,18.618750
4672,20.125000,18.463908
4673,19.883333,18.307263
4674,19.275000,18.155179
4675,17.558333,18.005970
4676,15.491667,17.845891
4677,14.583333,17.685465
4678,14.266667,17.573418
4679,13.050000,17.497637
4680,11.425000,17.415037
4681,10.741667,17.316609
4682,11.108333,17.226968
4683,11.225000,17.158613
4684,10.691667,17.103492
4685,10.575000,17.047579
4686,11.400000,16.981819
4687,12.833333,16.880970
4688,14.841667,16.763850
4689,17.025000,16.647975
4690,18.541667,16.525000
4691,18.883333,16.396962
4692,19.616667,16.256925
4693,20.433333,16.116329
4694,20.366667,15.984452
4695,20.375000,15.903482
4696,20.616667,15.886989
4697,20.408333,15.907263
4698,20.083333,15.935137
4699,19.183333,15.950791
4700,17.666667,15.946962
4701,16.358333,15.924383
4702,15.433333,15.891213
4703,15.158333,15.874884
4704,14.675000,15.875791
4705,13.950000,15.865992
4706,13.233333,15.852025
4707,12.200000,15.843808
4708,11.116667,15.829167
4709,10.466667,15.812162
4710,11.175000,15.797463
4711,12.733333,15.798254
4712,13.983333,15.803492
4713,15.158333,15.805237
4714,16.458333,15.804109
4715,17.525000,15.812105
4716,18.016667,15.824103
4717,17.925000,15.811603
4718,16.866667,15.767178
4719,16.025000,15.691725
4720,15.958333,15.603434
4721,15.358333,15.515712
4722,14.725000,15.418692
4723,14.541667,15.334510
4724,14.441667,15.289410
4725,14.516667,15.278434
4726,14.600000,15.280517
4727,14.716667,15.296335
4728,14.508333,15.345042
4729,14.066667,15.413571
4730,13.666667,15.477537
4731,13.266667,15.524662
4732,12.691667,15.566667
4733,12.925000,15.610359
4734,13.883333,15.661825
4735,15.175000,15.712162
4736,16.675000,15.757716
4737,18.000000,15.788628
4738,19.141667,15.804167
4739,20.533333,15.822743
4740,21.666667,15.864641
4741,22.525000,15.905855
4742,23.250000,15.955459
4743,23.616667,16.020496
4744,23.875000,16.087838
4745,23.825000,16.156925
4746,23.116667,16.226466
4747,21.766667,16.284742
4748,20.400000,16.338850
4749,18.733333,16.394878
4750,17.433333,16.439583
4751,16.983333,16.480237
4752,16.258333,16.515992
4753,16.091667,16.551630
4754,16.300000,16.604784
4755,16.533333,16.678318
4756,17.108333,16.782822
4757,16.991667,16.915654
4758,16.641667,17.044599
4759,17.708333,17.151013
4760,19.491667,17.258613
4761,20.900000,17.376746
4762,22.216667,17.496171
4763,22.858333,17.613966
4764,23.833333,17.725559
4765,24.908333,17.857542
4766,25.608333,18.016098
4767,26.308333,18.213792
4768,26.541667,18.432658
4769,26.091667,18.653434
4770,25.275000,18.877141
4771,23.733333,19.087336
4772,21.966667,19.263686
4773,19.841667,19.403385
4774,18.275000,19.496962
4775,17.491667,19.565712
4776,16.908333,19.618750
4777,15.708333,19.664361
4778,14.241667,19.688628
4779,13.291667,19.694821
4780,13.116667,19.696788
4781,13.550000,19.709404
4782,14.616667,19.722184
4783,16.775000,19.743634
4784,19.125000,19.785359
4785,21.400000,19.843634
4786,23.333333,19.922521
4787,25.050000,20.013175
4788,26.616667,20.110359
4789,28.075000,20.218692
4790,29.458333,20.339863
4791,30.466667,20.474942
4792,30.916667,20.620496
4793,31.000000,20.767679
4794,30.708333,20.920438
4795,29.275000,21.079562
4796,27.058333,21.229620
4797,24.466667,21.359799
4798,22.425000,21.472637
4799,21.800000,21.573592
4800,21.391667,21.676350
4801,20.808333,21.782041
4802,20.191667,21.872637
4803,19.083333,21.943924
4804,18.266667,21.983787
4805,17.691667,22.002083
4806,17.925000,22.020042
4807,19.700000,22.053771
4808,22.216667,22.100955
4809,24.758333,22.166889
4810,27.025000,22.256530
4811,28.891667,22.365818
4812,30.766667,22.501350
4813,32.650000,22.651630
4814,33.750000,22.818412
4815,34.058333,22.985475
4816,34.100000,23.144088
4817,33.691667,23.302083
4818,32.525000,23.458391
4819,30.150000,23.602874
4820,27.441667,23.728212
4821,25.525000,23.840876
4822,23.908333,23.961883
4823,22.150000,24.071287
4824,20.175000,24.157099
4825,18.775000,24.219367
4826,17.933333,24.289188
4827,17.658333,24.371451
4828,17.641667,24.465654
4829,17.541667,24.555970
4830,18.083333,24.634066
4831,21.358333,24.711593
4832,24.508333,24.818075
4833,26.291667,24.926804
4834,27.525000,25.022637
4835,28.366667,25.102874
4836,29.516667,25.166667
4837,30.683333,25.225395
4838,31.275000,25.273708
4839,29.941667,25.295110
4840,25.866667,25.248438
4841,22.650000,25.108507
4842,21.841667,24.926350
4843,21.741667,24.750502
4844,20.591667,24.605517
4845,19.800000,24.482369
4846,19.333333,24.402363
4847,18.708333,24.339979
4848,18.266667,24.273929
4849,17.925000,24.211092
4850,17.741667,24.154109
4851,17.758333,24.111314
4852,17.800000,24.093017
4853,17.800000,24.087780
4854,17.916667,24.091387
4855,18.291667,24.081086
4856,18.558333,24.033227
4857,19.183333,23.938686
4858,20.825000,23.814583
4859,22.691667,23.685417
4860,23.983333,23.552874
4861,24.341667,23.399836
4862,24.591667,23.216329
4863,25.150000,23.026688
4864,25.516667,22.844425
4865,25.775000,22.670042
4866,25.900000,22.515480
4867,25.316667,22.392168
4868,24.025000,22.305459
4869,22.466667,22.239246
4870,20.866667,22.175338
4871,19.441667,22.114188
4872,18.025000,22.062442
4873,16.816667,22.020496
4874,16.225000,21.980855
4875,15.808333,21.945891
4876,15.250000,21.902479
4877,15.233333,21.851688
4878,16.041667,21.806588
4879,18.075000,21.757157
4880,20.600000,21.678771
4881,22.825000,21.601350
4882,24.925000,21.535301
4883,26.616667,21.489525
4884,27.958333,21.455912
4885,29.141667,21.423254
4886,30.008333,21.393017
4887,30.416667,21.377865
4888,30.033333,21.416937
4889,29.291667,21.530797
4890,28.125000,21.670274
4891,26.975000,21.791049
4892,25.608333,21.896508
4893,24.200000,21.998032
4894,22.941667,22.081645
4895,20.533333,22.145052
4896,19.083333,22.169425
4897,18.766667,22.187162
4898,18.483333,22.203829
4899,18.458333,22.218750
4900,18.091667,22.230970
4901,17.625000,22.232321
4902,17.558333,22.226746
4903,17.775000,22.218075
4904,18.191667,22.207600
4905,19.041667,22.202421
4906,20.491667,22.198650
4907,21.958333,22.188233
4908,23.025000,22.170496
4909,23.983333,22.153713
4910,24.750000,22.152421
4911,25.291667,22.155912
4912,25.791667,22.159346
4913,25.708333,22.163966
4914,24.683333,22.153607
4915,23.808333,22.122521
4916,23.075000,22.095775
4917,21.941667,22.080179
4918,20.233333,22.069483
4919,18.875000,22.055517
4920,18.150000,22.048872
4921,17.433333,22.056925
4922,16.983333,22.071171
4923,16.491667,22.086825
4924,15.675000,22.098987
4925,15.591667,22.106588
4926,16.500000,22.114921
4927,17.466667,22.118586
4928,18.616667,22.092458
4929,19.666667,22.041445
4930,20.991667,21.967400
4931,22.341667,21.882321
4932,23.616667,21.792004
4933,23.908333,21.696682
4934,23.700000,21.576804
4935,23.991667,21.442679
4936,23.966667,21.311767
4937,23.741667,21.189525
4938,23.525000,21.081134
4939,22.758333,20.990992
4940,21.600000,20.903771
4941,19.933333,20.820216
4942,17.875000,20.724383
4943,16.591667,20.623023
4944,15.833333,20.552141
4945,14.975000,20.479562
4946,14.133333,20.395891
4947,13.450000,20.299720
4948,13.083333,20.193355
4949,13.291667,20.094367
4950,14.025000,20.011034
4951,15.741667,19.948418
4952,17.808333,19.921393
4953,19.708333,19.923534
4954,21.316667,19.940654
4955,22.833333,19.957263
4956,24.433333,19.979446
4957,25.683333,20.012500
4958,26.916667,20.050617
4959,27.966667,20.101013
4960,28.300000,20.156645
4961,28.300000,20.207938
4962,27.775000,20.266271
4963,26.816667,20.331645
4964,25.058333,20.386941
4965,22.933333,20.418470
4966,20.816667,20.434742
4967,19.316667,20.445496
4968,18.083333,20.451466
4969,16.975000,20.445496
4970,16.600000,20.436092
4971,17.008333,20.433893
4972,17.300000,20.455122
4973,17.183333,20.491387
4974,16.983333,20.516107
4975,16.900000,20.516049
4976,16.900000,20.495274
4977,17.075000,20.450395
4978,17.550000,20.390037
4979,18.091667,20.310475
4980,18.708333,20.216387
4981,19.408333,20.114468
4982,19.641667,20.026746
4983,19.133333,19.937278
4984,18.858333,19.830855
4985,18.316667,19.724045
4986,17.666667,19.605912
4987,17.325000,19.486034
4988,17.258333,19.381472
4989,17.125000,19.303655
4990,16.766667,19.259905
4991,16.308333,19.246508
4992,15.866667,19.243017
4993,15.758333,19.249209
4994,15.683333,19.272859
4995,15.541667,19.310021
4996,15.441667,19.356588
4997,15.516667,19.405237
4998,15.658333,19.447299
4999,16.166667,19.472020
5000,17.083333,19.469878
5001,18.316667,19.448312
5002,19.075000,19.412953
5003,19.141667,19.354678
5004,18.808333,19.261661
5005,19.066667,19.132658
5006,19.575000,18.990037
5007,19.933333,18.829900
5008,19.983333,18.659742
5009,19.550000,18.483391
5010,19.008333,18.299267
5011,18.216667,18.118750
5012,17.391667,17.944985
5013,16.458333,17.796788
5014,15.708333,17.672405
5015,15.325000,17.577363
5016,15.433333,17.503993
5017,15.950000,17.463397
5018,15.908333,17.448312
5019,15.641667,17.428549
5020,15.483333,17.395158
5021,15.166667,17.355575
5022,14.650000,17.311150
5023,14.925000,17.263455
5024,15.941667,17.230797
5025,17.741667,17.223418
5026,19.633333,17.251292
5027,21.000000,17.302363
5028,21.791667,17.365992
5029,21.883333,17.426128
5030,22.558333,17.477643
5031,23.508333,17.550897
5032,23.741667,17.649325
5033,23.758333,17.753713
5034,23.100000,17.870216
5035,21.841667,17.975791
5036,20.075000,18.057157
5037,19.141667,18.104842
5038,18.050000,18.143191
5039,16.950000,18.162162
5040,15.475000,18.169261
5041,14.425000,18.150733
5042,14.125000,18.120496
5043,13.941667,18.087500
5044,13.491667,18.052141
5045,13.316667,18.008333
5046,14.625000,17.969252
5047,17.308333,17.966098
5048,19.533333,18.004109
5049,20.725000,18.056645
5050,21.858333,18.107542
5051,22.925000,18.174209
5052,24.350000,18.266098
5053,25.216667,18.391725
5054,25.475000,18.516667
5055,25.308333,18.636545
5056,24.633333,18.741725
5057,23.425000,18.832378
5058,21.866667,18.904620
5059,20.033333,18.954958
5060,18.500000,18.985812
5061,17.825000,19.008951
5062,17.291667,19.040992
5063,15.600000,19.065828
5064,14.191667,19.056703
5065,13.900000,19.022975
5066,14.075000,18.979784
5067,14.258333,18.946508
5068,14.241667,18.919088
5069,14.258333,18.895438
5070,14.475000,18.882205
5071,14.950000,18.882321
5072,15.433333,18.878887
5073,15.950000,18.858845
5074,16.608333,18.809462
5075,17.250000,18.739641
5076,17.850000,18.658671
5077,18.100000,18.577758
5078,18.566667,18.498312
5079,19.425000,18.413175
5080,20.091667,18.331192
5081,20.183333,18.257321
5082,19.866667,18.183951
5083,19.233333,18.122521
5084,18.491667,18.075559
5085,17.675000,18.047299
5086,16.716667,18.015201
5087,15.775000,17.990654
5088,14.875000,17.968634
5089,13.916667,17.960137
5090,12.916667,17.943470
5091,12.091667,17.912558
5092,11.391667,17.870833
5093,10.750000,17.824383
5094,10.441667,17.759240
5095,10.225000,17.648939
5096,10.333333,17.479282
5097,11.025000,17.281250
5098,11.516667,17.075453
5099,11.833333,16.852479
5100,12.875000,16.617737
5101,12.975000,16.373370
5102,11.900000,16.107436
5103,12.041667,15.822068
5104,13.141667,15.560581
5105,13.308333,15.334626
5106,13.275000,15.135581
5107,12.933333,14.970718
5108,11.958333,14.829504
5109,11.616667,14.695438
5110,11.525000,14.570100
5111,10.525000,14.455122
5112,10.016667,14.357205
5113,10.100000,14.275000
5114,10.041667,14.194483
5115,9.883333,14.107321
5116,9.625000,14.013908
5117,9.441667,13.915992
5118,9.516667,13.814246
5119,10.825000,13.715480
5120,12.575000,13.641213
5121,13.666667,13.588175
5122,14.583333,13.542679
5123,15.233333,13.501408
5124,15.225000,13.455295
5125,15.450000,13.397859
5126,15.525000,13.342120
5127,15.808333,13.272242
5128,16.158333,13.194483
5129,16.141667,13.110754
5130,15.866667,13.027083
5131,15.000000,12.942400
5132,14.150000,12.852421
5133,13.258333,12.761825
5134,12.216667,12.668750
5135,11.275000,12.575000
5136,10.491667,12.481925
5137,10.083333,12.394367
5138,9.183333,12.317400
5139,8.483333,12.239188
5140,8.108333,12.167342
5141,7.725000,12.101013
5142,8.300000,12.043972
5143,10.433333,12.016715
5144,13.291667,12.045939
5145,15.491667,12.123534
5146,16.958333,12.224547
5147,17.908333,12.344763
5148,18.841667,12.471566
5149,19.766667,12.599489
5150,20.683333,12.757427
5151,21.158333,12.948708
5152,21.258333,13.129958
5153,21.241667,13.295100
5154,20.675000,13.458449
5155,18.900000,13.600849
5156,16.908333,13.714641
5157,15.208333,13.808169
5158,13.916667,13.870554
5159,12.508333,13.915992
5160,11.450000,13.953549
5161,10.733333,13.976466
5162,10.050000,13.983729
5163,9.625000,13.980912
5164,9.091667,13.973650
5165,8.566667,13.959404
5166,8.750000,13.940934
5167,10.458333,13.928434
5168,12.783333,13.925280
5169,15.041667,13.938397
5170,16.875000,13.976688
5171,18.550000,14.031809
5172,20.000000,14.113397
5173,20.966667,14.221508
5174,22.000000,14.342564
5175,22.791667,14.484742
5176,23.408333,14.631192
5177,23.583333,14.785079
5178,23.266667,14.939583
5179,22.400000,15.093750
5180,20.091667,15.239477
5181,17.866667,15.348312
5182,16.091667,15.438628
5183,14.775000,15.514583
5184,13.933333,15.587162
5185,13.075000,15.655970
5186,12.350000,15.717284
5187,11.866667,15.786825
5188,11.291667,15.855575
5189,10.941667,15.921508
5190,11.133333,15.986883
5191,12.466667,16.038966
5192,14.583333,16.074720
5193,17.075000,16.101292
5194,19.308333,16.141609
5195,21.150000,16.197463
5196,22.950000,16.273196
5197,24.341667,16.363513
5198,25.441667,16.460754
5199,26.133333,16.561429
5200,26.241667,16.665992
5201,25.208333,16.763349
5202,24.208333,16.838850
5203,23.008333,16.916946
5204,21.541667,17.007600
5205,20.008333,17.106250
5206,18.366667,17.204225
5207,17.291667,17.297126
5208,16.766667,17.402758
5209,16.308333,17.515596
5210,16.041667,17.635021
5211,15.825000,17.762500
5212,15.933333,17.895380
5213,16.566667,18.047801
5214,16.900000,18.218808
5215,16.900000,18.376977
5216,17.075000,18.491503
5217,17.433333,18.564419
5218,18.475000,18.604167
5219,19.391667,18.633111
5220,19.891667,18.641387
5221,20.916667,18.637442
5222,22.375000,18.640596
5223,23.408333,18.650675
5224,23.991667,18.663908
5225,24.375000,18.676688
5226,24.033333,18.694483
5227,22.533333,18.705633
5228,20.766667,18.709230
5229,20.100000,18.736651
5230,19.341667,18.793692
5231,18.216667,18.864246
5232,18.033333,18.939468
5233,17.850000,19.032263
5234,17.250000,19.133333
5235,16.591667,19.234404
5236,16.183333,19.332938
5237,16.041667,19.437500
5238,16.291667,19.544088
5239,16.791667,19.647020
5240,18.050000,19.727816
5241,20.025000,19.795891
5242,21.775000,19.852816
5243,23.216667,19.900733
5244,24.441667,19.939304
5245,25.133333,19.964304
5246,25.475000,19.974383
5247,25.716667,19.970158
5248,25.100000,19.956703
5249,23.491667,19.926408
5250,20.658333,19.879456
5251,18.558333,19.791609
5252,18.041667,19.706134
5253,17.825000,19.644309
5254,17.350000,19.609626
5255,17.158333,19.596451
5256,17.200000,19.599267
5257,17.200000,19.612105
5258,17.141667,19.633333
5259,17.041667,19.656925
5260,16.883333,19.681308
5261,16.916667,19.695891
5262,17.175000,19.701013
5263,17.708333,19.710696
5264,18.350000,19.732263
5265,18.950000,19.761092
5266,19.258333,19.789024
5267,19.708333,19.798592
5268,20.350000,19.806588
5269,21.008333,19.814304
5270,21.008333,19.805748
5271,20.625000,19.763291
5272,20.266667,19.696962
5273,19.866667,19.612220
5274,19.408333,19.515596
5275,18.733333,19.424884
5276,18.050000,19.355459
5277,17.216667,19.300791
5278,16.508333,19.238117
5279,16.066667,19.185359
5280,15.958333,19.142737
5281,15.766667,19.098592
5282,15.308333,19.056588
5283,14.983333,19.018355
5284,15.075000,18.989188
5285,15.200000,18.969088
5286,15.083333,18.949720
5287,15.408333,18.921508
5288,16.108333,18.890037
5289,16.633333,18.838011
5290,17.441667,18.756983
5291,18.658333,18.664246
5292,20.075000,18.570100
5293,21.400000,18.483951
5294,22.133333,18.410754
5295,22.358333,18.341329
5296,22.050000,18.272859
5297,21.800000,18.218914
5298,21.916667,18.206240
5299,21.125000,18.250733
5300,19.450000,18.296345
5301,17.358333,18.309915
5302,15.875000,18.288571
5303,14.741667,18.251524
5304,13.733333,18.191049
5305,12.991667,18.112220
5306,12.641667,18.020833
5307,12.308333,17.925733
5308,11.925000,17.824662
5309,11.566667,17.718808
5310,11.575000,17.604167
5311,12.516667,17.489863
5312,14.383333,17.390818
5313,16.933333,17.324093
5314,19.033333,17.298814
5315,20.458333,17.304109
5316,21.000000,17.320891
5317,21.933333,17.334288
5318,23.008333,17.362384
5319,23.591667,17.413117
5320,23.858333,17.480855
5321,24.425000,17.562722
5322,24.391667,17.663908
5323,22.758333,17.761603
5324,20.750000,17.833449
5325,19.533333,17.884008
5326,18.675000,17.931983
5327,18.183333,17.975675
5328,18.100000,18.020496
5329,17.633333,18.063233
5330,17.183333,18.101013
5331,16.750000,18.140316
5332,16.325000,18.172975
5333,15.850000,18.193808
5334,15.541667,18.204504
5335,15.966667,18.214921
5336,17.466667,18.231472
5337,19.291667,18.271055
5338,20.466667,18.332321
5339,21.383333,18.392737
5340,22.383333,18.446229
5341,23.208333,18.489979
5342,23.500000,18.523650
5343,23.675000,18.550675
5344,23.566667,18.579842
5345,22.700000,18.608449
5346,21.675000,18.617120
5347,20.950000,18.609288
5348,20.058333,18.612780
5349,19.541667,18.636593
5350,18.975000,18.693750
5351,18.483333,18.762047
5352,18.341667,18.848196
5353,18.183333,18.949605
5354,17.691667,19.058391
5355,17.400000,19.162105
5356,17.166667,19.270496
5357,16.650000,19.378492
5358,16.341667,19.481983
5359,17.700000,19.582542
5360,19.925000,19.695496
5361,21.266667,19.803665
5362,22.416667,19.882658
5363,23.233333,19.949045
5364,23.225000,20.001071
5365,23.216667,20.041107
5366,22.833333,20.055353
5367,22.791667,20.043750
5368,23.116667,20.027421
5369,22.733333,20.006761
5370,21.058333,19.957099
5371,19.341667,19.882542
5372,18.508333,19.821055
5373,18.008333,19.782263
5374,17.508333,19.753434
5375,17.008333,19.730237
5376,16.450000,19.702141
5377,15.500000,19.663233
5378,14.708333,19.615654
5379,13.916667,19.561150
5380,13.616667,19.501688
5381,13.583333,19.449267
5382,13.733333,19.405855
5383,14.950000,19.374209
5384,17.041667,19.359346
5385,18.933333,19.351746
5386,20.416667,19.345775
5387,22.166667,19.351292
5388,23.525000,19.372579
5389,24.541667,19.397184
5390,25.641667,19.430797
5391,25.866667,19.478887
5392,26.108333,19.524547
5393,26.516667,19.588059
5394,26.191667,19.675675
5395,24.791667,19.766445
5396,22.716667,19.835870
5397,20.866667,19.880353
5398,19.791667,19.900675
5399,18.800000,19.915374
5400,18.066667,19.915654
5401,17.608333,19.907321
5402,17.458333,19.896451
5403,17.850000,19.897859
5404,18.566667,19.914468
5405,18.550000,19.950000
5406,18.125000,19.988908
5407,18.408333,20.019261
5408,19.458333,20.022299
5409,20.641667,20.009346
5410,21.800000,19.997242
5411,22.883333,19.985359
5412,23.825000,19.985301
5413,24.491667,20.005179
5414,25.050000,20.038059
5415,25.066667,20.088628
5416,24.841667,20.130237
5417,24.566667,20.165934
5418,23.233333,20.207263
5419,20.883333,20.249778
5420,19.450000,20.274662
5421,18.908333,20.293750
5422,18.291667,20.311825
5423,17.533333,20.326071
5424,16.850000,20.335417
5425,16.016667,20.344425
5426,16.066667,20.360639
5427,16.575000,20.400222
5428,16.641667,20.461487
5429,16.366667,20.522242
5430,16.141667,20.577479
5431,16.450000,20.620949
5432,17.633333,20.643470
5433,19.641667,20.654446
5434,21.941667,20.675955
5435,24.008333,20.712162
5436,25.616667,20.751688
5437,27.075000,20.799267
5438,27.991667,20.852141
5439,28.841667,20.902980
5440,29.475000,20.971566
5441,29.541667,21.038571
5442,28.916667,21.098987
5443,27.100000,21.152479
5444,24.758333,21.197579
5445,22.750000,21.238908
5446,21.183333,21.274720
5447,19.958333,21.300338
5448,19.033333,21.323650
5449,18.291667,21.340992
5450,17.708333,21.352141
5451,17.033333,21.349441
5452,16.583333,21.321624
5453,16.033333,21.274325
5454,15.816667,21.222521
5455,17.591667,21.184510
5456,20.375000,21.183893
5457,22.725000,21.213792
5458,24.825000,21.265538
5459,26.575000,21.335021
5460,27.958333,21.415934
5461,29.433333,21.507880
5462,30.741667,21.618355
5463,31.666667,21.743634
5464,32.233333,21.889188
5465,32.108333,22.045496
5466,31.200000,22.204784
5467,29.650000,22.377701
5468,26.566667,22.553106
5469,23.733333,22.678270
5470,20.158333,22.757330
5471,17.383333,22.772975
5472,16.800000,22.768692
5473,16.741667,22.773872
5474,16.875000,22.792062
5475,17.000000,22.805237
5476,16.941667,22.812500
5477,16.841667,22.819763
5478,16.800000,22.831588
5479,17.266667,22.846508
5480,18.416667,22.863908
5481,19.291667,22.873090
5482,19.966667,22.851186
5483,21.000000,22.799720
5484,21.908333,22.730970
5485,22.666667,22.647637
5486,23.466667,22.553096
5487,23.858333,22.457041
5488,23.900000,22.346904
5489,23.375000,22.226466
5490,22.475000,22.094088
5491,21.750000,21.966493
5492,20.858333,21.868634
5493,20.050000,21.797801
5494,18.633333,21.745891
5495,17.450000,21.691271
5496,17.141667,21.644030
5497,17.041667,21.610359
5498,17.116667,21.589863
5499,17.200000,21.583951
5500,16.908333,21.590654
5501,16.641667,21.598196
5502,16.716667,21.614583
5503,16.975000,21.624556
5504,17.508333,21.591165
5505,18.208333,21.516107
5506,19.141667,21.411208
5507,20.241667,21.286150
5508,21.458333,21.152083
5509,21.941667,21.010928
5510,22.250000,20.844145
5511,22.733333,20.663233
5512,22.783333,20.472975
5513,22.875000,20.275617
5514,22.533333,20.088850
5515,21.266667,19.911092
5516,19.725000,19.745939
5517,18.575000,19.620380
5518,17.616667,19.531240
5519,17.025000,19.501630
5520,16.200000,19.495949
5521,15.583333,19.476746
5522,15.091667,19.448708
5523,14.216667,19.402874
5524,13.858333,19.340258
5525,13.608333,19.275733
5526,13.341667,19.205912
5527,14.350000,19.136709
5528,16.208333,19.082938
5529,17.641667,19.041609
5530,19.091667,19.013455
5531,20.850000,19.002025
5532,22.300000,19.003771
5533,23.441667,19.015596
5534,24.658333,19.035021
5535,25.608333,19.064525
5536,26.133333,19.105517
5537,26.416667,19.157880
5538,26.325000,19.229109
5539,24.566667,19.305073
5540,21.533333,19.344994
5541,19.383333,19.345216
5542,17.341667,19.325395
5543,16.066667,19.296508
5544,15.258333,19.265374
5545,14.391667,19.218808
5546,13.983333,19.159066
5547,13.608333,19.089979
5548,13.283333,19.013513
5549,13.141667,18.939583
5550,13.275000,18.867004
5551,14.741667,18.802585
5552,17.216667,18.773081
5553,19.525000,18.781809
5554,21.916667,18.821730
5555,23.875000,18.888850
5556,25.258333,18.966667
5557,26.383333,19.049547
5558,27.733333,19.151292
5559,28.341667,19.269145
5560,28.533333,19.385359
5561,28.875000,19.508333
5562,28.591667,19.633671
5563,26.433333,19.755015
5564,23.641667,19.850791
5565,21.491667,19.923708
5566,20.116667,19.979167
5567,19.116667,20.028887
5568,18.116667,20.069425
5569,18.458333,20.115480
5570,18.766667,20.184346
5571,18.658333,20.266213
5572,18.233333,20.361545
5573,17.900000,20.449605
5574,18.016667,20.542679
5575,18.858333,20.639979
5576,20.158333,20.729225
5577,21.983333,20.812047
5578,23.541667,20.906308
5579,24.583333,20.993133
5580,25.758333,21.067004
5581,26.941667,21.139583
5582,27.866667,21.210812
5583,28.375000,21.273650
5584,28.383333,21.327141
5585,28.008333,21.368470
5586,26.633333,21.392178
5587,24.691667,21.392622
5588,22.850000,21.404726
5589,21.750000,21.442284
5590,21.266667,21.502922
5591,20.341667,21.592795
5592,19.216667,21.677421
5593,18.100000,21.758729
5594,16.958333,21.830295
5595,16.558333,21.889525
5596,15.841667,21.950453
5597,15.533333,21.999605
5598,15.933333,22.052421
5599,17.500000,22.108671
5600,19.433333,22.163291
5601,21.033333,22.202479
5602,22.458333,22.226861
5603,23.816667,22.230912
5604,25.100000,22.228829
5605,26.241667,22.225338
5606,27.108333,22.219878
5607,27.808333,22.204784
5608,26.175000,22.185426
5609,24.158333,22.111941
5610,22.475000,22.001524
5611,21.250000,21.875444
5612,19.658333,21.781925
5613,18.408333,21.704726
5614,18.200000,21.651292
5615,17.733333,21.617342
5616,17.400000,21.592959
5617,17.050000,21.576919
5618,16.566667,21.537500
5619,16.341667,21.490992
5620,16.300000,21.444367
5621,16.125000,21.407321
5622,16.116667,21.368750
5623,16.841667,21.328492
5624,17.883333,21.284404
5625,18.941667,21.231703
5626,19.983333,21.162162
5627,21.858333,21.092564
5628,23.366667,21.042062
5629,24.341667,20.989583
5630,24.683333,20.932041
5631,23.200000,20.851302
5632,23.308333,20.736256
5633,23.750000,20.641329
5634,22.975000,20.555797
5635,21.083333,20.483054
5636,19.300000,20.406192
5637,18.566667,20.336092
5638,17.875000,20.269145
5639,17.325000,20.199209
5640,16.966667,20.143692
5641,16.625000,20.103038
5642,16.325000,20.079784
5643,15.733333,20.067795
5644,15.050000,20.048196
5645,14.566667,20.032716
5646,14.633333,20.008333
5647,15.383333,19.976524
5648,16.500000,19.923650
5649,17.816667,19.859742
5650,19.100000,19.791329
5651,20.358333,19.720496
5652,21.775000,19.648929
5653,22.750000,19.579562
5654,23.641667,19.505517
5655,24.333333,19.434404
5656,24.675000,19.372569
5657,24.683333,19.363455
5658,23.783333,19.381530
5659,22.091667,19.408111
5660,20.133333,19.419763
5661,18.366667,19.427537
5662,17.175000,19.417795
5663,16.100000,19.390316
5664,15.133333,19.351466
5665,14.333333,19.299325
5666,13.533333,19.240316
5667,12.966667,19.173987
5668,12.158333,19.098370
5669,11.641667,19.006925
5670,11.483333,18.913233
5671,12.508333,18.817284
5672,14.525000,18.734963
5673,17.150000,18.677247
5674,20.150000,18.656752
5675,22.333333,18.667795
5676,23.408333,18.672579
5677,24.341667,18.672917
5678,24.683333,18.672917
5679,24.775000,18.682031
5680,25.075000,18.723765
5681,24.791667,18.751746
5682,23.683333,18.771229
5683,22.341667,18.787722
5684,21.100000,18.820833
5685,20.075000,18.856645
5686,18.825000,18.883391
5687,17.791667,18.898650
5688,17.325000,18.906588
5689,16.908333,18.913908
5690,16.466667,18.918412
5691,16.183333,18.922859
5692,16.158333,18.937780
5693,16.200000,18.965934
5694,16.433333,19.002083
5695,16.425000,19.035195
5696,15.891667,19.043586
5697,14.900000,19.012056
5698,14.750000,18.935475
5699,15.641667,18.840992
5700,17.033333,18.742004
5701,18.458333,18.646113
5702,19.350000,18.558729
5703,19.891667,18.467004
5704,20.158333,18.374325
5705,20.025000,18.278829
5706,19.608333,18.184288
5707,19.050000,18.106472
5708,18.275000,18.053713
5709,17.491667,18.023872
5710,17.083333,18.012780
5711,16.766667,18.017284
5712,16.600000,18.038117
5713,16.308333,18.073929
5714,16.100000,18.119367
5715,15.983333,18.177758
5716,15.900000,18.245380
5717,16.133333,18.330855
5718,16.416667,18.428434
5719,16.733333,18.528270
5720,16.841667,18.600907
5721,16.450000,18.625347
5722,15.500000,18.577488
5723,14.941667,18.452595
5724,15.658333,18.291609
5725,15.908333,18.127932
5726,15.816667,17.945100
5727,16.891667,17.767226
5728,17.658333,17.609742
5729,17.058333,17.452816
5730,16.366667,17.292959
5731,15.966667,17.148872
5732,15.333333,17.022184
5733,14.416667,16.903829
5734,13.591667,16.788117
5735,13.183333,16.685021
5736,13.100000,16.592679
5737,12.516667,16.504562
5738,11.983333,16.411092
5739,12.016667,16.320100
5740,11.983333,16.234404
5741,11.550000,16.143808
5742,11.125000,16.041387
5743,11.408333,15.930459
5744,12.166667,15.836314
5745,12.791667,15.772405
5746,12.591667,15.733111
5747,12.241667,15.677199
5748,13.075000,15.599662
5749,13.875000,15.513291
5750,13.883333,15.409799
5751,14.500000,15.294030
5752,15.058333,15.185417
5753,14.633333,15.077479
5754,13.250000,14.958111
5755,12.033333,14.818075
5756,10.475000,14.666782
5757,9.658333,14.500617
5758,9.700000,14.342342
5759,9.700000,14.190934
5760,9.758333,14.046171
5761,9.800000,13.905855
5762,9.741667,13.772579
5763,9.700000,13.640258
5764,9.525000,13.509404
5765,9.166667,13.372299
5766,8.825000,13.221229
5767,9.341667,13.062780
5768,10.383333,12.916213
5769,11.791667,12.795264
5770,13.316667,12.719194
5771,14.250000,12.689863
5772,15.025000,12.677816
5773,15.225000,12.663175
5774,15.391667,12.651013
5775,15.833333,12.639361
5776,15.650000,12.608054
5777,15.166667,12.564863
5778,14.708333,12.528829
5779,13.625000,12.490037
5780,11.891667,12.431703
5781,10.225000,12.352479
5782,9.191667,12.262500
5783,8.316667,12.168133
5784,7.666667,12.061150
5785,7.266667,11.947859
5786,6.866667,11.840992
5787,6.408333,11.730970
5788,5.908333,11.609404
5789,5.525000,11.482263
5790,5.341667,11.359008
5791,6.291667,11.242959
5792,8.458333,11.147405
5793,11.191667,11.087269
5794,13.858333,11.077469
5795,15.425000,11.124209
5796,16.091667,11.192458
5797,16.533333,11.250338
5798,17.283333,11.310301
5799,17.758333,11.383787
5800,17.741667,11.445158
5801,17.408333,11.501013
5802,16.500000,11.562442
5803,14.891667,11.629620
5804,12.991667,11.684008
5805,12.083333,11.736487
5806,11.416667,11.782041
5807,10.766667,11.811150
5808,10.133333,11.828212
5809,9.508333,11.829562
5810,9.183333,11.820496
5811,8.108333,11.802595
5812,6.641667,11.757041
5813,6.391667,11.694705
5814,6.716667,11.643355
5815,8.025000,11.605459
5816,10.358333,11.588397
5817,12.450000,11.596171
5818,14.133333,11.611092
5819,15.558333,11.631530
5820,17.150000,11.665538
5821,18.366667,11.718297
5822,19.283333,11.791271
5823,19.991667,11.875338
5824,20.316667,11.965201
5825,20.225000,12.067004
5826,19.516667,12.171229
5827,17.875000,12.266725
5828,15.833333,12.351746
5829,13.891667,12.431983
5830,12.400000,12.504562
5831,11.316667,12.568750
5832,10.433333,12.629900
5833,9.341667,12.682378
5834,8.566667,12.720833
5835,8.400000,12.757938
5836,8.225000,12.802758
5837,7.983333,12.852421
5838,7.958333,12.904842
5839,8.700000,12.958729
5840,10.425000,13.004900
5841,12.641667,13.041725
5842,15.058333,13.068750
5843,17.091667,13.096451
5844,18.500000,13.137780
5845,19.408333,13.192679
5846,20.050000,13.252816
5847,20.475000,13.309008
5848,20.308333,13.365316
5849,19.400000,13.414304
5850,18.491667,13.453771
5851,17.791667,13.501968
5852,17.033333,13.572463
5853,16.525000,13.662162
5854,16.108333,13.755855
5855,15.608333,13.855912
5856,15.225000,13.957938
5857,14.866667,14.067004
5858,14.641667,14.179504
5859,14.600000,14.299489
5860,14.191667,14.445775
5861,13.491667,14.602199
5862,13.141667,14.742737
5863,13.041667,14.867573
5864,13.116667,14.952652
5865,13.258333,14.992178
5866,13.358333,14.994936
5867,13.575000,14.967458
5868,13.933333,14.916107
5869,14.333333,14.840316
5870,14.383333,14.750116
5871,14.300000,14.639979
5872,14.183333,14.517400
5873,13.691667,14.386150
5874,13.108333,14.249605
5875,12.666667,14.124489
5876,12.266667,14.030401
5877,11.925000,13.969985
5878,11.566667,13.940201
5879,11.283333,13.929784
5880,11.083333,13.935359
5881,11.000000,13.956472
5882,10.941667,13.998929
5883,10.841667,14.049662
5884,10.683333,14.100338
5885,10.600000,14.152758
5886,10.658333,14.208333
5887,10.991667,14.262220
5888,11.958333,14.303549
5889,13.025000,14.326524
5890,13.633333,14.319994
5891,13.916667,14.274103
5892,13.183333,14.191223
5893,13.766667,14.071055
5894,13.433333,13.951640
5895,11.316667,13.791561
5896,10.633333,13.590538
5897,10.858333,13.398139
5898,10.841667,13.229109
5899,10.741667,13.074942
5900,10.583333,12.933275
5901,10.500000,12.803096
5902,10.325000,12.679842
5903,10.083333,12.561429
5904,10.000000,12.448929
5905,9.941667,12.342679
5906,9.841667,12.241667
5907,9.858333,12.142004
5908,9.783333,12.045438
5909,9.700000,11.958613
5910,9.641667,11.883333
5911,9.541667,11.810417
5912,9.558333,11.737162
5913,10.066667,11.664863
5914,10.925000,11.604784
5915,11.475000,11.558333
5916,11.950000,11.515258
5917,12.200000,11.473650
5918,11.908333,11.426071
5919,11.408333,11.371229
5920,11.141667,11.308671
5921,11.450000,11.250222
5922,11.641667,11.211767
5923,11.483333,11.184008
5924,11.225000,11.160754
5925,10.925000,11.139583
5926,10.625000,11.119088
5927,10.383333,11.100000
5928,9.950000,11.079900
5929,9.466667,11.052816
5930,9.416667,11.019763
5931,9.266667,10.988571
5932,8.866667,10.953492
5933,8.758333,10.914921
5934,8.741667,10.876408
5935,9.166667,10.836429
5936,10.083333,10.798987
5937,11.316667,10.760021
5938,13.066667,10.732485
5939,14.658333,10.732880
5940,15.608333,10.761256
5941,16.191667,10.817853
5942,16.866667,10.869869
5943,17.433333,10.965027
5944,17.541667,11.104562
5945,17.150000,11.243470
5946,16.141667,11.366782
5947,14.841667,11.466782
5948,13.658333,11.542795
5949,12.616667,11.598708
5950,11.383333,11.633787
5951,10.508333,11.648987
5952,10.241667,11.655912
5953,9.850000,11.658729
5954,9.016667,11.651128
5955,8.541667,11.628492
5956,7.975000,11.597637
5957,7.600000,11.556250
5958,7.250000,11.510812
5959,7.583333,11.462047
5960,9.575000,11.435860
5961,11.400000,11.451350
5962,12.541667,11.481925
5963,14.166667,11.522405
5964,15.991667,11.591213
5965,16.991667,11.682938
5966,17.900000,11.791155
5967,18.400000,11.926688
5968,18.575000,12.076350
5969,18.291667,12.228945
5970,17.066667,12.359520
5971,15.583333,12.460532
5972,14.300000,12.536545
5973,13.041667,12.592458
5974,12.091667,12.629900
5975,11.566667,12.657658
5976,11.108333,12.681588
5977,10.025000,12.702537
5978,9.283333,12.706983
5979,9.083333,12.702758
5980,8.941667,12.701013
5981,8.608333,12.702141
5982,8.400000,12.696171
5983,9.100000,12.690934
5984,10.941667,12.696055
5985,12.716667,12.720833
5986,14.058333,12.747637
5987,15.591667,12.765934
5988,17.175000,12.790201
5989,18.500000,12.829446
5990,19.350000,12.880575
5991,19.950000,12.931925
5992,20.200000,12.985754
5993,19.791667,13.041329
5994,18.625000,13.095158
5995,17.066667,13.144821
5996,15.991667,13.190934
5997,15.058333,13.241329
5998,14.075000,13.293355
5999,13.291667,13.351408
6000,12.183333,13.403945
6001,11.075000,13.436487
6002,10.466667,13.462442
6003,9.775000,13.493133
6004,9.225000,13.516609
6005,8.866667,13.544483
6006,8.408333,13.569088
6007,8.900000,13.594425
6008,10.391667,13.619541
6009,11.916667,13.631925
6010,12.616667,13.640712
6011,13.575000,13.635812
6012,14.900000,13.619145
6013,16.508333,13.598476
6014,18.233333,13.597184
6015,19.483333,13.609626
6016,20.016667,13.637162
6017,19.691667,13.666667
6018,18.816667,13.697859
6019,17.291667,13.735812
6020,15.741667,13.768412
6021,14.383333,13.797579
6022,13.216667,13.823987
6023,12.391667,13.844821
6024,12.100000,13.862105
6025,11.516667,13.887105
6026,10.516667,13.918133
6027,9.808333,13.938571
6028,9.308333,13.950733
6029,8.750000,13.955912
6030,8.616667,13.959008
6031,9.341667,13.964246
6032,10.383333,13.964361
6033,12.083333,13.948534
6034,14.458333,13.943634
6035,16.316667,13.957321
6036,18.066667,13.972521
6037,19.366667,13.992400
6038,20.575000,14.011372
6039,21.433333,14.040992
6040,21.658333,14.071171
6041,21.466667,14.103096
6042,20.308333,14.138908
6043,18.316667,14.170891
6044,17.050000,14.194088
6045,16.625000,14.219367
6046,16.675000,14.260301
6047,16.858333,14.323534
6048,16.666667,14.405459
6049,16.266667,14.505855
6050,15.866667,14.616667
6051,15.466667,14.730855
6052,14.833333,14.850395
6053,14.325000,14.964921
6054,14.141667,15.080517
6055,14.450000,15.200058
6056,15.341667,15.310475
6057,16.500000,15.409742
6058,18.108333,15.509905
6059,19.891667,15.634008
6060,21.300000,15.766667
6061,22.150000,15.895611
6062,22.575000,16.001861
6063,23.050000,16.084066
6064,23.241667,16.155237
6065,22.733333,16.220496
6066,21.525000,16.281645
6067,19.441667,16.333391
6068,17.583333,16.374662
6069,16.241667,16.412838
6070,15.058333,16.451746
6071,13.900000,16.487895
6072,13.108333,16.514979
6073,12.433333,16.534008
6074,11.866667,16.556192
6075,11.408333,16.587500
6076,11.083333,16.621846
6077,10.883333,16.661767
6078,11.033333,16.709008
6079,11.725000,16.759742
6080,13.325000,16.812047
6081,15.191667,16.877479
6082,16.541667,16.934857
6083,18.225000,16.973196
6084,19.625000,17.012953
6085,20.700000,17.040934
6086,21.666667,17.068470
6087,22.233333,17.087500
6088,21.641667,17.099441
6089,20.341667,17.088628
6090,19.391667,17.063792
6091,18.400000,17.053376
6092,17.433333,17.059742
6093,16.983333,17.067004
6094,15.383333,17.065210
6095,13.891667,17.020216
6096,13.541667,16.955179
6097,13.558333,16.893355
6098,13.716667,16.841609
6099,13.800000,16.801350
6100,13.741667,16.771113
6101,13.641667,16.752758
6102,13.600000,16.739921
6103,13.658333,16.727479
6104,13.933333,16.705970
6105,14.450000,16.670891
6106,15.341667,16.622299
6107,16.325000,16.557716
6108,17.341667,16.478829
6109,18.441667,16.397521
6110,19.308333,16.324267
6111,18.666667,16.250907
6112,18.058333,16.148592
6113,17.983333,16.043692
6114,17.608333,15.951292
6115,16.408333,15.877701
6116,15.058333,15.819763
6117,14.133333,15.770438
6118,13.275000,15.729842
6119,12.783333,15.697126
6120,12.466667,15.679504
6121,12.125000,15.668355
6122,12.175000,15.666946
6123,12.241667,15.678434
6124,12.083333,15.697917
6125,12.058333,15.719763
6126,12.216667,15.745158
6127,12.533333,15.767062
6128,13.050000,15.776186
6129,13.883333,15.760137
6130,15.175000,15.730517
6131,16.733333,15.702479
6132,17.925000,15.668750
6133,19.000000,15.633333
6134,19.791667,15.596904
6135,17.083333,15.538021
6136,14.650000,15.404446
6137,14.400000,15.266889
6138,14.166667,15.151013
6139,13.708333,15.046113
6140,13.441667,14.954446
6141,12.991667,14.873312
6142,12.933333,14.797627
6143,13.216667,14.765538
6144,13.241667,14.756250
6145,13.200000,14.749662
6146,13.375000,14.742004
6147,13.150000,14.733391
6148,12.666667,14.715654
6149,12.733333,14.693355
6150,12.841667,14.676746
6151,12.683333,14.659404
6152,12.658333,14.636487
6153,13.166667,14.609008
6154,13.791667,14.581308
6155,14.350000,14.544821
6156,15.241667,14.502083
6157,15.816667,14.455295
6158,16.016667,14.394145
6159,15.400000,14.324267
6160,15.075000,14.259008
6161,14.850000,14.196566
6162,14.425000,14.129842
6163,13.775000,14.067284
6164,13.166667,14.019030
6165,12.475000,13.982996
6166,11.925000,13.949942
6167,11.858333,13.926013
6168,12.133333,13.911034
6169,12.125000,13.908333
6170,12.116667,13.907996
6171,12.083333,13.905912
6172,12.175000,13.903771
6173,12.650000,13.910021
6174,12.958333,13.924662
6175,13.350000,13.940258
6176,14.125000,13.959346
6177,14.850000,13.981983
6178,15.100000,13.994936
6179,15.450000,13.982041
6180,14.825000,13.941898
6181,14.316667,13.861208
6182,14.750000,13.758671
6183,15.583333,13.674421
6184,16.233333,13.678376
6185,16.516667,13.717342
6186,16.425000,13.762838
6187,15.950000,13.810079
6188,15.116667,13.853212
6189,14.408333,13.884008
6190,14.200000,13.913233
6191,14.375000,13.937838
6192,14.208333,13.961150
6193,14.291667,13.980855
6194,14.500000,14.005237
6195,14.150000,14.027083
6196,13.375000,14.046229
6197,13.000000,14.056983
6198,12.766667,14.059404
6199,13.241667,14.060639
6200,14.633333,14.084230
6201,16.758333,14.139072
6202,18.675000,14.226292
6203,20.058333,14.335696
6204,20.891667,14.456308
6205,21.508333,14.572521
6206,22.033333,14.694425
6207,22.258333,14.825222
6208,22.183333,14.973312
6209,21.691667,15.118412
6210,20.583333,15.256703
6211,18.658333,15.374441
6212,16.708333,15.464361
6213,15.475000,15.531250
6214,14.633333,15.592062
6215,13.658333,15.641782
6216,13.025000,15.670554
6217,12.550000,15.684404
6218,12.008333,15.689304
6219,11.508333,15.682321
6220,11.241667,15.667400
6221,10.966667,15.642458
6222,10.741667,15.601408
6223,11.166667,15.554842
6224,11.966667,15.510079
6225,13.816667,15.471335
6226,16.825000,15.471557
6227,19.600000,15.531076
6228,21.533333,15.637548
6229,23.191667,15.798814
6230,24.483333,15.993017
6231,25.075000,16.195554
6232,25.025000,16.387220
6233,24.433333,16.563291
6234,22.933333,16.717178
6235,21.050000,16.839699
6236,19.891667,16.940596
6237,19.191667,17.040992
6238,17.733333,17.132832
6239,16.375000,17.191782
6240,15.475000,17.225733
6241,14.808333,17.246624
6242,14.308333,17.250395
6243,13.691667,17.243412
6244,13.341667,17.236034
6245,12.891667,17.237220
6246,12.366667,17.231250
6247,12.375000,17.220216
6248,13.900000,17.200617
6249,16.300000,17.189246
6250,18.991667,17.183893
6251,21.191667,17.199267
6252,22.541667,17.227025
6253,23.991667,17.267959
6254,25.166667,17.326350
6255,25.616667,17.394088
6256,25.700000,17.465258
6257,25.291667,17.539583
6258,23.775000,17.612220
6259,21.033333,17.671962
6260,18.825000,17.717342
6261,17.733333,17.762838
6262,17.516667,17.813792
6263,17.075000,17.879842
6264,16.583333,17.952421
6265,15.916667,18.025733
6266,15.325000,18.094425
6267,14.966667,18.164921
6268,14.275000,18.234799
6269,14.075000,18.296113
6270,13.675000,18.361883
6271,13.825000,18.419088
6272,16.008333,18.482764
6273,18.758333,18.578829
6274,20.383333,18.673486
6275,21.908333,18.733729
6276,23.050000,18.775791
6277,23.008333,18.794657
6278,22.858333,18.776128
6279,22.783333,18.735812
6280,21.941667,18.682041
6281,20.875000,18.612162
6282,19.916667,18.540876
6283,18.741667,18.485021
6284,18.200000,18.441946
6285,18.083333,18.412105
6286,17.766667,18.397068
6287,17.658333,18.409626
6288,17.233333,18.442004
6289,16.550000,18.478829
6290,16.008333,18.514583
6291,15.450000,18.550338
6292,14.791667,18.585475
6293,14.091667,18.612500
6294,13.625000,18.637838
6295,13.850000,18.665596
6296,14.975000,18.694878
6297,16.883333,18.711825
6298,18.675000,18.718191
6299,19.825000,18.701466
6300,20.783333,18.668412
6301,21.491667,18.627199
6302,22.108333,18.568412
6303,22.516667,18.504167
6304,22.716667,18.440258
6305,22.391667,18.379167
6306,21.516667,18.322463
6307,19.816667,18.284626
6308,18.258333,18.265934
6309,17.216667,18.255575
6310,16.216667,18.239699
6311,15.275000,18.206250
6312,14.783333,18.168750
6313,14.116667,18.131250
6314,13.525000,18.093750
6315,13.108333,18.055912
6316,12.491667,18.017342
6317,12.550000,17.982263
6318,12.975000,17.956134
6319,13.158333,17.945216
6320,13.608333,17.918981
6321,14.250000,17.849836
6322,15.491667,17.748196
6323,16.608333,17.645949
6324,17.775000,17.532205
6325,19.275000,17.433835
6326,20.541667,17.370042
6327,21.933333,17.333160
6328,23.008333,17.331752
6329,22.658333,17.363908
6330,21.500000,17.399325
6331,19.600000,17.427537
6332,17.725000,17.434520
6333,16.400000,17.413291
6334,15.783333,17.373592
6335,15.466667,17.331645
6336,14.541667,17.281645
6337,14.000000,17.224942
6338,13.766667,17.175338
6339,13.833333,17.132542
6340,14.291667,17.108218
6341,14.500000,17.106530
6342,14.675000,17.120775
6343,15.033333,17.145158
6344,15.608333,17.166049
6345,16.600000,17.171624
6346,18.091667,17.161092
6347,19.850000,17.153038
6348,21.591667,17.160696
6349,22.708333,17.181925
6350,23.758333,17.210359
6351,24.416667,17.247917
6352,24.675000,17.287838
6353,24.508333,17.329842
6354,22.783333,17.369599
6355,20.358333,17.387162
6356,18.525000,17.396566
6357,17.433333,17.400675
6358,16.458333,17.405912
6359,15.475000,17.410417
6360,14.866667,17.413908
6361,14.525000,17.416946
6362,14.108333,17.428492
6363,13.375000,17.438233
6364,13.291667,17.445718
6365,13.325000,17.465712
6366,13.608333,17.478434
6367,14.950000,17.499489
6368,15.991667,17.545158
6369,16.491667,17.593412
6370,17.750000,17.639921
6371,18.675000,17.686150
6372,18.508333,17.720332
6373,16.841667,17.711497
6374,14.983333,17.631144
6375,13.641667,17.492294
6376,13.158333,17.302141
6377,13.025000,17.096451
6378,12.666667,16.902701
6379,12.266667,16.729668
6380,12.041667,16.592226
6381,11.941667,16.484963
6382,11.783333,16.397917
6383,11.525000,16.314921
6384,11.225000,16.236709
6385,10.983333,16.172242
6386,10.666667,16.108333
6387,9.975000,16.039361
6388,9.541667,15.950058
6389,9.500000,15.847917
6390,9.383333,15.742062
6391,9.591667,15.629504
6392,10.383333,15.517679
6393,11.266667,15.409066
6394,12.183333,15.293470
6395,13.125000,15.163628
6396,13.908333,15.015374
6397,14.783333,14.851013
6398,15.725000,14.686150
6399,16.625000,14.519030
6400,16.825000,14.358391
6401,16.525000,14.192342
6402,15.758333,14.032147
6403,14.191667,13.895100
6404,12.875000,13.770775
6405,12.033333,13.656250
6406,11.466667,13.546113
6407,11.066667,13.447521
6408,10.666667,13.358333
6409,10.208333,13.270158
6410,10.116667,13.181530
6411,10.200000,13.105122
6412,10.258333,13.042400
6413,10.008333,12.976408
6414,9.800000,12.903887
6415,10.325000,12.817795
6416,11.633333,12.720380
6417,12.533333,12.635079
6418,13.400000,12.550058
6419,14.250000,12.457263
6420,15.083333,12.371730
6421,16.200000,12.320824
6422,17.283333,12.335185
6423,17.758333,12.400559
6424,17.391667,12.491049
6425,16.283333,12.571287
6426,15.350000,12.632658
6427,14.575000,12.685812
6428,13.266667,12.726186
6429,12.250000,12.742062
6430,12.058333,12.746846
6431,12.100000,12.755179
6432,11.866667,12.768412
6433,11.641667,12.781588
6434,11.366667,12.795833
6435,10.966667,12.812105
6436,10.741667,12.835417
6437,10.700000,12.860417
6438,10.758333,12.886429
6439,10.916667,12.915654
6440,11.350000,12.940316
6441,12.008333,12.957996
6442,12.825000,12.972579
6443,13.608333,12.984742
6444,14.541667,12.995100
6445,15.408333,13.009404
6446,15.933333,13.019145
6447,16.333333,13.019145
6448,16.091667,13.009066
6449,15.158333,12.988966
6450,14.350000,12.957938
6451,13.575000,12.934626
6452,13.375000,12.931134
6453,13.208333,12.948929
6454,13.000000,12.976350
6455,13.000000,13.011767
6456,12.825000,13.054504
6457,12.525000,13.100675
6458,12.108333,13.147637
6459,11.608333,13.183729
6460,11.225000,13.209066
6461,11.041667,13.228434
6462,11.350000,13.254109
6463,11.833333,13.287895
6464,12.233333,13.312616
6465,12.750000,13.319425
6466,13.466667,13.323650
6467,14.150000,13.322917
6468,14.750000,13.319483
6469,15.000000,13.306366
6470,15.233333,13.272975
6471,15.283333,13.226071
6472,14.966667,13.173929
6473,14.100000,13.125675
6474,13.191667,13.080912
6475,12.608333,13.036767
6476,12.108333,13.001630
6477,10.908333,12.979620
6478,10.083333,12.944821
6479,9.241667,12.897695
6480,8.058333,12.828887
6481,7.191667,12.743808
6482,6.316667,12.645891
6483,5.608333,12.537162
6484,4.875000,12.422299
6485,4.208333,12.294145
6486,4.116667,12.156588
6487,4.433333,12.019425
6488,5.650000,11.889468
6489,7.450000,11.780797
6490,8.608333,11.690992
6491,9.483333,11.603096
6492,10.133333,11.516387
6493,10.533333,11.419821
6494,10.816667,11.315992
6495,10.841667,11.206645
6496,10.800000,11.091946
6497,10.625000,10.988117
6498,10.383333,10.899267
6499,10.183333,10.821113
6500,9.925000,10.752141
6501,9.683333,10.678096
6502,9.366667,10.604900
6503,9.083333,10.526408
6504,8.941667,10.444425
6505,8.783333,10.364921
6506,8.700000,10.289188
6507,8.758333,10.222859
6508,9.208333,10.170042
6509,9.558333,10.134008
6510,9.658333,10.102479
6511,9.816667,10.063908
6512,10.016667,10.020158
6513,10.158333,9.971229
6514,10.258333,9.912220
6515,10.650000,9.841667
6516,11.366667,9.769425
6517,11.875000,9.701013
6518,12.116667,9.636825
6519,12.025000,9.570496
6520,11.491667,9.501071
6521,11.200000,9.431134
6522,11.083333,9.378771
6523,10.883333,9.338513
6524,10.741667,9.305517
6525,10.466667,9.283555
6526,10.008333,9.280237
6527,9.041667,9.277083
6528,7.741667,9.272242
6529,6.441667,9.262558
6530,5.725000,9.246113
6531,5.716667,9.239863
6532,5.450000,9.246846
6533,4.558333,9.258391
6534,4.100000,9.261825
6535,4.391667,9.260754
6536,5.766667,9.261092
6537,8.058333,9.266946
6538,10.150000,9.287047
6539,11.541667,9.325338
6540,12.525000,9.370438
6541,13.483333,9.424942
6542,14.075000,9.489921
6543,14.141667,9.558333
6544,13.575000,9.624045
6545,12.500000,9.674045
6546,11.533333,9.706308
6547,11.083333,9.727083
6548,10.825000,9.745833
6549,10.350000,9.763233
6550,9.691667,9.773987
6551,8.991667,9.777479
6552,8.175000,9.770216
6553,7.275000,9.747637
6554,6.433333,9.709799
6555,5.866667,9.656645
6556,5.525000,9.590374
6557,5.341667,9.507658
6558,5.475000,9.419425
6559,5.716667,9.333333
6560,5.975000,9.248254
6561,6.216667,9.164921
6562,6.650000,9.085021
6563,7.833333,9.015876
6564,10.775000,8.972965
6565,13.916667,8.984848
6566,15.991667,9.044647
6567,17.166667,9.137047
6568,17.500000,9.252363
6569,16.683333,9.376524
6570,14.116667,9.472531
6571,11.125000,9.510311
6572,9.008333,9.496682
6573,7.716667,9.450058
6574,6.833333,9.388571
6575,6.150000,9.323196
6576,5.608333,9.269367
6577,5.108333,9.231867
6578,4.608333,9.207658
6579,4.283333,9.181983
6580,3.966667,9.150675
6581,4.150000,9.126572
6582,4.866667,9.129784
6583,5.666667,9.151013
6584,6.583333,9.175791
6585,7.350000,9.181086
6586,8.300000,9.154225
6587,9.908333,9.115201
6588,12.333333,9.091831
6589,14.783333,9.101968
6590,16.575000,9.139468
6591,17.666667,9.200955
6592,17.766667,9.280855
6593,16.666667,9.369483
6594,14.775000,9.449778
6595,12.908333,9.505353
6596,11.208333,9.530691
6597,10.033333,9.530575
6598,9.000000,9.521229
6599,7.741667,9.502141
6600,6.908333,9.474267
6601,6.991667,9.454726
6602,7.258333,9.459288
6603,7.241667,9.482263
6604,7.025000,9.512500
6605,6.783333,9.543412
6606,6.816667,9.572579
6607,7.425000,9.602363
6608,9.375000,9.649769
6609,10.908333,9.735021
6610,12.250000,9.839468
6611,14.341667,9.964863
6612,16.408333,10.097415
6613,17.783333,10.198765
6614,18.608333,10.267458
6615,19.016667,10.314641
6616,18.983333,10.349325
6617,18.025000,10.378829
6618,15.825000,10.408613
6619,13.650000,10.450955
6620,12.491667,10.511709
6621,12.375000,10.593972
6622,12.500000,10.700617
6623,12.208333,10.823254
6624,12.000000,10.951688
6625,11.941667,11.088850
6626,11.958333,11.235359
6627,12.000000,11.392342
6628,11.883333,11.554842
6629,11.683333,11.718133
6630,11.716667,11.868808
6631,11.858333,12.005970
6632,12.250000,12.129900
6633,12.791667,12.245496
6634,13.525000,12.357321
6635,14.191667,12.459857
6636,14.633333,12.533565
6637,15.091667,12.563011
6638,15.125000,12.554340
6639,15.175000,12.512895
6640,15.183333,12.459008
6641,13.991667,12.405237
6642,11.975000,12.347917
6643,10.866667,12.293972
6644,10.466667,12.262722
6645,10.241667,12.256530
6646,10.083333,12.267959
6647,9.883333,12.299547
6648,9.800000,12.351688
6649,9.450000,12.410870
6650,9.083333,12.455237
6651,8.358333,12.488291
6652,7.258333,12.503549
6653,6.975000,12.505855
6654,7.333333,12.513175
6655,7.500000,12.521962
6656,7.850000,12.511661
6657,8.450000,12.468412
6658,9.283333,12.413966
6659,10.633333,12.345554
6660,12.233333,12.263571
6661,13.891667,12.177363
6662,14.891667,12.099325
6663,15.216667,12.020833
6664,14.950000,11.940316
6665,13.825000,11.854167
6666,12.791667,11.773418
6667,11.975000,11.723872
6668,11.483333,11.695438
6669,11.108333,11.674383
6670,11.016667,11.644425
6671,10.750000,11.614246
6672,10.441667,11.582996
6673,10.225000,11.549325
6674,10.041667,11.511825
6675,9.883333,11.470158
6676,9.683333,11.425000
6677,9.541667,11.379504
6678,9.441667,11.334404
6679,9.458333,11.285417
6680,9.616667,11.234066
6681,9.700000,11.175395
6682,9.758333,11.105633
6683,9.858333,11.021566
6684,9.958333,10.928154
6685,10.058333,10.827816
6686,10.391667,10.723534
6687,10.775000,10.629167
6688,10.783333,10.537500
6689,10.700000,10.452247
6690,10.583333,10.400164
6691,10.500000,10.382600
6692,10.616667,10.379109
6693,10.641667,10.385417
6694,10.425000,10.393412
6695,10.125000,10.399662
6696,9.941667,10.403829
6697,9.608333,10.406588
6698,9.108333,10.409404
6699,8.783333,10.411372
6700,8.583333,10.428038
6701,8.383333,10.458729
6702,8.241667,10.483729
6703,8.141667,10.499662
6704,8.450000,10.512500
6705,9.341667,10.526688
6706,10.383333,10.547917
6707,11.500000,10.569483
6708,11.591667,10.577652
6709,11.475000,10.547357
6710,11.891667,10.489583
6711,12.391667,10.428096
6712,12.600000,10.372859
6713,12.016667,10.328771
6714,10.083333,10.287336
6715,8.008333,10.218133
6716,6.250000,10.125849
6717,5.266667,10.008671
6718,4.575000,9.883787
6719,4.200000,9.745775
6720,3.966667,9.611487
6721,3.158333,9.472299
6722,2.466667,9.319821
6723,2.066667,9.159742
6724,1.783333,8.995833
6725,1.933333,8.832938
6726,2.333333,8.678771
6727,2.908333,8.535359
6728,3.841667,8.405122
6729,4.941667,8.293297
6730,6.100000,8.203713
6731,7.883333,8.140422
6732,10.141667,8.117843
6733,12.150000,8.139072
6734,13.016667,8.190654
6735,12.925000,8.241725
6736,12.800000,8.284008
6737,12.100000,8.323032
6738,10.841667,8.342120
6739,9.425000,8.336603
6740,7.925000,8.300511
6741,7.241667,8.235417
6742,7.258333,8.165934
6743,6.541667,8.098708
6744,5.183333,8.014361
6745,3.900000,7.905970
6746,3.283333,7.784346
6747,3.258333,7.665596
6748,4.291667,7.558497
6749,5.233333,7.481192
6750,5.691667,7.420775
6751,5.900000,7.371171
6752,6.016667,7.323650
6753,6.275000,7.268133
6754,6.575000,7.197637
6755,6.991667,7.112220
6756,7.491667,7.018634
6757,8.283333,6.941946
6758,8.816667,6.878154
6759,8.900000,6.810812
6760,9.308333,6.737780
6761,9.250000,6.674267
6762,8.591667,6.625164
6763,7.016667,6.602479
6764,5.866667,6.583893
6765,6.166667,6.587384
6766,6.966667,6.618239
6767,7.475000,6.678096
6768,7.483333,6.748592
6769,6.991667,6.824267
6770,7.108333,6.909963
6771,7.516667,7.014525
6772,7.541667,7.131588
6773,7.325000,7.249720
6774,7.141667,7.356645
6775,7.100000,7.451804
6776,7.275000,7.532716
6777,7.691667,7.597975
6778,8.366667,7.650733
6779,8.875000,7.689419
6780,9.350000,7.694261
6781,9.541667,7.662336
6782,9.500000,7.597242
6783,9.441667,7.523592
6784,8.991667,7.449720
6785,8.466667,7.369367
6786,8.300000,7.302305
6787,8.241667,7.260976
6788,8.141667,7.248476
6789,7.983333,7.260079
6790,7.900000,7.274662
6791,7.841667,7.291551
6792,7.858333,7.330064
6793,7.783333,7.397126
6794,7.700000,7.484008
6795,7.700000,7.576746
6796,7.816667,7.663686
6797,7.900000,7.727816
6798,8.016667,7.780237
6799,8.275000,7.828096
6800,8.575000,7.879504
6801,8.816667,7.932996
6802,9.191667,7.986092
6803,9.925000,8.043017
6804,10.533333,8.105912
6805,10.933333,8.166725
6806,10.925000,8.217062
6807,10.683333,8.257658
6808,10.366667,8.290037
6809,9.791667,8.305912
6810,9.325000,8.318017
6811,9.083333,8.342168
6812,8.766667,8.395833
6813,8.600000,8.453549
6814,8.541667,8.496962
6815,8.500000,8.523987
6816,8.441667,8.544088
6817,8.341667,8.566609
6818,8.300000,8.595554
6819,8.241667,8.615654
6820,8.258333,8.629842
6821,8.241667,8.646508
6822,8.200000,8.667004
6823,8.316667,8.690258
6824,8.633333,8.717004
6825,8.858333,8.744483
6826,9.075000,8.764979
6827,9.258333,8.776408
6828,9.650000,8.783333
6829,10.250000,8.791946
6830,10.383333,8.809742
6831,10.183333,8.826746
6832,10.158333,8.844367
6833,10.025000,8.873254
6834,9.258333,8.902537
6835,8.566667,8.915654
6836,8.575000,8.922184
6837,8.758333,8.934346
6838,8.858333,8.952421
6839,8.900000,8.973254
6840,9.016667,8.996171
6841,9.216667,9.022184
6842,9.591667,9.055855
6843,9.625000,9.096904
6844,9.441667,9.134404
6845,9.166667,9.165316
6846,9.175000,9.189921
6847,9.125000,9.212558
6848,9.175000,9.227083
6849,9.416667,9.239583
6850,10.083333,9.253771
6851,11.083333,9.275338
6852,12.258333,9.303038
6853,13.325000,9.345438
6854,13.700000,9.398929
6855,13.758333,9.459346
6856,13.566667,9.525000
6857,12.700000,9.589979
6858,11.091667,9.642515
6859,9.075000,9.664419
6860,7.266667,9.650116
6861,6.541667,9.612162
6862,6.616667,9.569763
6863,7.050000,9.533275
6864,7.650000,9.508613
6865,8.075000,9.497184
6866,8.666667,9.496451
6867,9.466667,9.511372
6868,10.033333,9.542679
6869,10.316667,9.582263
6870,10.341667,9.626746
6871,10.241667,9.669821
6872,10.258333,9.707321
6873,10.591667,9.740934
6874,10.975000,9.779167
6875,11.100000,9.818412
6876,11.216667,9.854900
6877,11.650000,9.885417
6878,11.841667,9.914921
6879,11.800000,9.946508
6880,11.741667,9.980575
6881,11.525000,10.012500
6882,11.225000,10.046451
6883,10.633333,10.090316
6884,10.125000,10.129225
6885,9.883333,10.157321
6886,9.625000,10.177816
6887,9.208333,10.189979
6888,8.941667,10.192737
6889,8.958333,10.189246
6890,8.941667,10.181308
6891,8.958333,10.165934
6892,8.941667,10.154167
6893,8.958333,10.145438
6894,9.058333,10.143075
6895,9.158333,10.140934
6896,9.608333,10.145100
6897,10.133333,10.156925
6898,10.941667,10.173254
6899,12.158333,10.192679
6900,12.758333,10.212616
6901,13.091667,10.215316
6902,13.533333,10.209684
6903,14.225000,10.211034
6904,14.775000,10.227363
6905,14.725000,10.259288
6906,14.016667,10.309288
6907,13.191667,10.379726
6908,12.666667,10.476968
6909,12.558333,10.596508
6910,12.658333,10.722579
6911,12.991667,10.847579
6912,13.316667,10.969483
6913,13.400000,11.084404
6914,13.225000,11.190037
6915,13.041667,11.276128
6916,12.708333,11.342795
6917,12.266667,11.391725
6918,11.750000,11.427479
6919,11.383333,11.453829
6920,11.766667,11.479446
6921,12.975000,11.517959
6922,14.591667,11.577643
6923,15.941667,11.664130
6924,17.800000,11.778260
6925,20.375000,11.934172
6926,21.791667,12.129109
6927,21.708333,12.337895
6928,20.566667,12.536603
6929,19.083333,12.708787
6930,17.508333,12.855691
6931,16.216667,12.978492
6932,15.100000,13.090712
6933,14.191667,13.187895
6934,13.666667,13.274662
6935,13.091667,13.357658
6936,12.508333,13.436150
6937,11.716667,13.504620
6938,11.066667,13.555237
6939,10.841667,13.597242
6940,10.975000,13.636767
6941,11.100000,13.680912
6942,10.983333,13.723987
6943,11.075000,13.763175
6944,11.316667,13.802479
6945,11.458333,13.834404
6946,11.383333,13.856028
6947,11.183333,13.853270
6948,10.866667,13.823312
6949,10.758333,13.779900
6950,11.033333,13.729167
6951,11.083333,13.673370
6952,10.766667,13.599720
6953,10.191667,13.511150
6954,9.783333,13.417284
6955,9.583333,13.335021
6956,9.441667,13.263513
6957,9.400000,13.197579
6958,8.933333,13.128212
6959,8.366667,13.042795
6960,8.258333,12.941329
6961,8.008333,12.833729
6962,7.450000,12.717737
6963,7.141667,12.595833
6964,6.925000,12.473592
6965,6.333333,12.352816
6966,6.000000,12.229109
6967,6.058333,12.113513
6968,6.683333,12.004842
6969,7.858333,11.899325
6970,8.633333,11.787278
6971,9.266667,11.655237
6972,10.358333,11.510870
6973,10.841667,11.340548
6974,9.633333,11.118644
6975,7.750000,10.847695
6976,7.000000,10.555401
6977,6.941667,10.285639
6978,7.250000,10.047348
6979,7.675000,9.850222
6980,7.858333,9.683555
6981,7.783333,9.541271
6982,7.525000,9.410754
6983,7.341667,9.285359
6984,7.358333,9.170775
6985,7.341667,9.069705
6986,7.066667,8.983333
6987,6.666667,8.898987
6988,6.033333,8.806703
6989,5.933333,8.699267
6990,5.866667,8.593075
6991,5.641667,8.484066
6992,6.066667,8.370775
6993,6.283333,8.263571
6994,5.850000,8.152816
6995,6.358333,8.040480
6996,7.891667,7.955006
6997,8.308333,7.902141
6998,8.508333,7.848929
6999,9.033333,7.799942
7000,9.083333,7.761092
7001,8.300000,7.725395
7002,7.041667,7.679620
7003,5.683333,7.612616
7004,4.925000,7.524325
7005,4.333333,7.426466
7006,3.241667,7.314979
7007,2.175000,7.192062
7008,1.333333,7.057378
7009,1.058333,6.910359
7010,1.275000,6.771788
7011,1.575000,6.649267
7012,1.875000,6.537442
7013,2.116667,6.438792
7014,2.433333,6.357600
7015,2.950000,6.287105
7016,3.433333,6.222975
7017,4.125000,6.150733
7018,4.791667,6.071171
7019,5.583333,5.992342
7020,6.466667,5.914979
7021,7.325000,5.834626
7022,8.283333,5.776794
7023,9.108333,5.773023
7024,9.341667,5.814246
7025,8.658333,5.859124
7026,7.325000,5.882494
7027,6.000000,5.867853
7028,4.858333,5.820949
7029,4.400000,5.752758
7030,3.933333,5.681645
7031,3.600000,5.604504
7032,3.075000,5.523708
7033,2.700000,5.429504
7034,2.758333,5.335021
7035,3.091667,5.250955
7036,3.591667,5.185639
7037,4.441667,5.144030
7038,4.900000,5.118017
7039,5.016667,5.101013
7040,5.275000,5.087895
7041,5.691667,5.071113
7042,6.250000,5.066551
7043,7.725000,5.083951
7044,9.591667,5.116667
7045,10.650000,5.155797
7046,11.308333,5.210417
7047,11.891667,5.269088
7048,11.866667,5.328492
7049,11.525000,5.388455
7050,11.225000,5.463792
7051,10.750000,5.558951
7052,10.091667,5.667400
7053,9.041667,5.771229
7054,8.325000,5.870042
7055,8.725000,5.987326
7056,9.391667,6.137722
7057,10.183333,6.315538
7058,11.066667,6.512105
7059,11.050000,6.715712
7060,10.683333,6.906645
7061,10.366667,7.085475
7062,10.316667,7.253492
7063,10.691667,7.416329
7064,11.366667,7.578434
7065,12.400000,7.746846
7066,13.775000,7.924209
7067,14.925000,8.116329
7068,16.058333,8.312105
7069,16.658333,8.511883
7070,16.291667,8.696345
7071,16.058333,8.852141
7072,15.983333,8.993412
7073,15.666667,9.133613
7074,15.325000,9.287384
7075,14.966667,9.463117
7076,14.450000,9.655855
7077,13.616667,9.854958
7078,12.733333,10.041667
7079,13.100000,10.229051
7080,13.366667,10.435021
7081,12.675000,10.649045
7082,11.833333,10.849045
7083,12.375000,11.036709
7084,13.116667,11.234404
7085,13.141667,11.427199
7086,13.100000,11.602083
7087,13.333333,11.773592
7088,13.616667,11.947579
7089,13.758333,12.119483
7090,13.975000,12.284404
7091,13.516667,12.433285
7092,12.166667,12.526360
7093,11.383333,12.559799
7094,10.483333,12.563744
7095,9.900000,12.533729
7096,10.016667,12.491609
7097,9.866667,12.455912
7098,9.116667,12.418470
7099,8.408333,12.371171
7100,7.908333,12.323592
7101,7.466667,12.282205
7102,7.358333,12.255517
7103,7.108333,12.232774
7104,6.491667,12.187616
7105,5.675000,12.114419
7106,5.241667,12.007378
7107,4.500000,11.879225
7108,3.708333,11.738571
7109,3.791667,11.594705
7110,4.641667,11.465538
7111,5.508333,11.352758
7112,6.033333,11.244483
7113,7.250000,11.133275
7114,8.758333,11.028492
7115,9.883333,10.923254
7116,10.708333,10.816725
7117,10.941667,10.701408
7118,10.900000,10.583613
7119,10.900000,10.474662
7120,10.666667,10.365992
7121,10.091667,10.253154
7122,9.333333,10.133729
7123,8.766667,10.006250
7124,8.133333,9.876408
7125,7.450000,9.745100
7126,6.966667,9.620100
7127,6.858333,9.498370
7128,6.958333,9.364188
7129,7.350000,9.238397
7130,7.775000,9.139130
7131,7.841667,9.055015
7132,8.033333,8.952758
7133,8.608333,8.850617
7134,8.608333,8.758729
7135,8.400000,8.661150
7136,8.750000,8.557600
7137,9.816667,8.462722
7138,11.158333,8.390876
7139,12.050000,8.342901
7140,12.416667,8.326910
7141,12.500000,8.342342
7142,12.383333,8.370718
7143,12.125000,8.415654
7144,11.708333,8.458054
7145,11.791667,8.492622
7146,12.116667,8.541551
7147,12.783333,8.615480
7148,13.666667,8.718972
7149,13.883333,8.846508
7150,13.858333,8.981250
7151,13.841667,9.118017
7152,14.033333,9.264130
7153,14.375000,9.431134
7154,14.675000,9.620100
7155,14.566667,9.821451
7156,14.225000,10.036092
7157,14.100000,10.254562
7158,13.750000,10.460928
7159,13.325000,10.638291
7160,12.966667,10.793133
7161,13.441667,10.930970
7162,14.308333,11.054225
7163,14.950000,11.165316
7164,15.608333,11.268750
7165,16.075000,11.372184
7166,16.200000,11.481250
7167,15.675000,11.588628
7168,15.008333,11.682996
7169,13.458333,11.767515
7170,12.441667,11.831530
7171,11.641667,11.896962
7172,10.283333,11.950058
7173,8.941667,11.989304
7174,7.175000,12.010928
7175,6.475000,12.006925
7176,6.133333,11.996962
7177,5.508333,11.971287
7178,5.358333,11.926408
7179,5.341667,11.875000
7180,4.891667,11.819203
7181,4.891667,11.747242
7182,6.150000,11.676514
7183,7.775000,11.642564
7184,9.683333,11.642901
7185,11.825000,11.673196
7186,13.400000,11.718412
7187,14.716667,11.767284
7188,16.816667,11.835185
7189,18.833333,11.944985
7190,19.441667,12.085754
7191,18.758333,12.230633
7192,17.891667,12.363908
7193,17.250000,12.487953
7194,16.475000,12.592120
7195,15.575000,12.670669
7196,13.741667,12.707610
7197,12.641667,12.692004
7198,12.366667,12.664979
7199,12.141667,12.631250
7200,11.400000,12.590432
7201,10.550000,12.524045
7202,9.250000,12.432494
7203,7.975000,12.306645
7204,7.308333,12.165992
7205,7.158333,12.021171
7206,7.025000,11.878096
7207,7.133333,11.741946
7208,7.941667,11.621730
7209,9.041667,11.525000
7210,10.141667,11.434684
7211,11.066667,11.350675
7212,11.808333,11.270833
7213,12.391667,11.192342
7214,12.425000,11.115654
7215,12.066667,11.037105
7216,11.316667,10.962895
7217,9.616667,10.883671
7218,7.883333,10.799778
7219,6.425000,10.697242
7220,5.100000,10.588175
7221,4.191667,10.483275
7222,3.491667,10.392226
7223,2.033333,10.315152
7224,1.025000,10.212105
7225,0.550000,10.107996
7226,0.125000,10.002816
7227,-0.291667,9.890316
7228,-0.791667,9.771508
7229,-1.525000,9.649441
7230,-1.666667,9.503607
7231,-1.616667,9.327595
7232,-0.825000,9.120554
7233,1.375000,8.899942
7234,4.133333,8.690818
7235,6.408333,8.507938
7236,8.308333,8.335137
7237,9.741667,8.152479
7238,10.491667,7.962442
7239,10.933333,7.784230
7240,10.808333,7.629842
7241,9.666667,7.479958
7242,8.183333,7.314979
7243,7.075000,7.139583
7244,6.875000,6.971952
7245,6.475000,6.841049
7246,5.691667,6.707321
7247,5.866667,6.569705
7248,6.258333,6.448139
7249,5.600000,6.345891
7250,5.216667,6.246335
7251,6.291667,6.181694
7252,7.000000,6.162105
7253,6.183333,6.153270
7254,6.008333,6.128376
7255,7.466667,6.117901
7256,8.416667,6.130295
7257,9.725000,6.138792
7258,11.883333,6.162047
7259,13.675000,6.206530
7260,14.825000,6.265258
7261,15.783333,6.330855
7262,16.200000,6.405179
7263,16.200000,6.486767
7264,16.083333,6.577701
7265,14.483333,6.679900
7266,12.350000,6.777816
7267,10.841667,6.869425
7268,9.658333,6.962838
7269,8.850000,7.058671
7270,8.075000,7.155575
7271,7.175000,7.253713
7272,6.391667,7.365316
7273,5.633333,7.474325
7274,5.241667,7.579842
7275,4.966667,7.687838
7276,4.391667,7.797242
7277,4.275000,7.908218
7278,4.691667,8.035754
7279,5.425000,8.172463
7280,6.791667,8.325675
7281,8.141667,8.480015
7282,10.350000,8.613175
7283,12.125000,8.740374
7284,13.258333,8.852141
7285,14.383333,8.951746
7286,15.266667,9.048929
7287,15.658333,9.148987
7288,15.525000,9.246508
7289,14.291667,9.344821
7290,12.858333,9.440596
7291,11.933333,9.539921
7292,10.958333,9.636941
7293,9.975000,9.714583
7294,9.191667,9.787500
7295,8.550000,9.855691
7296,8.066667,9.902479
7297,7.841667,9.941213
7298,7.800000,9.993075
7299,7.858333,10.040432
7300,8.075000,10.065596
7301,8.375000,10.095322
7302,8.675000,10.148650
7303,8.916667,10.196007
7304,9.233333,10.217342
7305,9.575000,10.229340
7306,9.875000,10.210253
7307,10.116667,10.153945
7308,10.200000,10.069878
7309,10.316667,9.966049
7310,10.808333,9.850280
7311,11.391667,9.743355
7312,11.600000,9.646508
7313,11.366667,9.561593
7314,11.258333,9.514747
7315,10.775000,9.503434
7316,9.875000,9.504842
7317,8.858333,9.508729
7318,7.583333,9.504562
7319,6.708333,9.493017
7320,5.858333,9.484066
7321,5.633333,9.474884
7322,6.208333,9.483951
7323,6.091667,9.507321
7324,6.033333,9.532880
7325,6.725000,9.574942
7326,6.925000,9.626466
7327,6.158333,9.661998
7328,6.225000,9.663966
7329,8.175000,9.653318
7330,10.408333,9.658787
7331,12.250000,9.657205
7332,13.466667,9.662895
7333,13.391667,9.658845
7334,12.925000,9.625453
7335,12.858333,9.570833
7336,12.433333,9.510812
7337,10.875000,9.443075
7338,9.591667,9.372184
7339,8.075000,9.301861
7340,7.083333,9.217622
7341,6.416667,9.141329
7342,5.883333,9.068355
7343,5.566667,9.002758
7344,4.933333,8.940316
7345,4.658333,8.873592
7346,4.466667,8.806983
7347,3.950000,8.733054
7348,3.525000,8.645891
7349,3.750000,8.548929
7350,3.591667,8.450791
7351,2.658333,8.335195
7352,3.016667,8.201292
7353,4.941667,8.083835
7354,7.358333,8.005343
7355,10.091667,7.973698
7356,12.233333,7.992901
7357,13.658333,8.047463
7358,14.433333,8.121904
7359,14.775000,8.195158
7360,14.433333,8.261883
7361,12.816667,8.310590
7362,11.083333,8.326186
7363,9.975000,8.314583
7364,8.608333,8.295216
7365,7.608333,8.266609
7366,7.050000,8.246451
7367,6.041667,8.236883
7368,4.916667,8.219088
7369,3.975000,8.195611
7370,3.658333,8.152141
7371,3.116667,8.094821
7372,3.225000,8.032938
7373,5.058333,7.982485
7374,5.983333,7.956588
7375,5.725000,7.940201
7376,5.600000,7.932378
7377,5.658333,7.905806
7378,6.225000,7.836208
7379,8.466667,7.748476
7380,11.608333,7.684848
7381,14.300000,7.668798
7382,16.466667,7.711931
7383,17.300000,7.797579
7384,16.600000,7.888233
7385,14.408333,7.970216
7386,11.158333,8.030131
7387,9.291667,8.052643
7388,10.691667,8.095882
7389,12.658333,8.195264
7390,12.441667,8.333787
7391,10.558333,8.458169
7392,11.466667,8.565586
7393,12.683333,8.721904
7394,12.541667,8.888513
7395,12.033333,9.057658
7396,11.116667,9.222637
7397,9.241667,9.366618
7398,9.133333,9.472348
7399,10.266667,9.606414
7400,10.658333,9.770611
7401,10.525000,9.914140
7402,9.525000,10.003164
7403,9.075000,10.018306
7404,9.316667,9.978607
7405,9.050000,9.904003
7406,9.208333,9.798929
7407,9.966667,9.693355
7408,10.300000,9.598534
7409,9.775000,9.521055
7410,8.933333,9.466609
7411,8.250000,9.426013
7412,7.941667,9.397068
7413,7.608333,9.391667
7414,6.466667,9.388291
7415,5.858333,9.375559
7416,5.200000,9.378492
7417,4.175000,9.383333
7418,3.100000,9.383111
7419,2.600000,9.367959
7420,2.075000,9.356424
7421,1.408333,9.312789
7422,1.725000,9.224547
7423,3.150000,9.148756
7424,4.541667,9.109963
7425,5.875000,9.098476
7426,7.258333,9.111767
7427,8.675000,9.129678
7428,10.291667,9.120274
7429,11.350000,9.079340
7430,11.716667,9.002257
7431,11.975000,8.894763
7432,11.866667,8.788117
7433,11.291667,8.701177
7434,11.000000,8.659732
7435,11.116667,8.678038
7436,11.025000,8.710031
7437,10.725000,8.694599
7438,10.891667,8.651910
7439,11.450000,8.638956
7440,11.933333,8.663465
7441,11.983333,8.658333
7442,11.725000,8.643075
7443,11.191667,8.625338
7444,10.900000,8.611709
7445,10.666667,8.619589
7446,10.675000,8.656028
7447,11.208333,8.680912
7448,11.850000,8.701688
7449,12.508333,8.732542
7450,13.500000,8.788281
7451,14.525000,8.887442
7452,14.491667,9.001128
7453,14.550000,9.108218
7454,15.033333,9.228154
7455,14.850000,9.343191
7456,12.675000,9.426360
7457,10.775000,9.458333
7458,10.225000,9.480855
7459,10.041667,9.512105
7460,9.883333,9.551746
7461,9.800000,9.593355
7462,9.625000,9.646055
7463,8.741667,9.714024
7464,8.083333,9.770042
7465,7.475000,9.835417
7466,6.808333,9.906530
7467,6.775000,9.988513
7468,6.200000,10.076071
7469,5.583333,10.161429
7470,5.850000,10.248987
7471,6.333333,10.328607
7472,7.025000,10.386825
7473,7.691667,10.434124
7474,8.133333,10.463628
7475,9.058333,10.476408
7476,9.775000,10.478607
7477,10.016667,10.459066
7478,10.450000,10.430517
7479,10.058333,10.401524
7480,9.016667,10.352141
7481,7.375000,10.284857
7482,5.683333,10.191107
7483,4.808333,10.070554
7484,3.608333,9.930691
7485,2.783333,9.769088
7486,2.116667,9.599103
7487,1.350000,9.404282
7488,0.633333,9.183449
7489,0.008333,8.940654
7490,-0.141667,8.690934
7491,-0.508333,8.445833
7492,-0.741667,8.202421
7493,-0.291667,7.964130
7494,0.000000,7.740654
7495,-0.233333,7.512953
7496,0.416667,7.271451
7497,2.691667,7.044927
7498,5.300000,6.856134
7499,7.000000,6.692679
7500,8.550000,6.545939
7501,9.825000,6.436429
7502,10.200000,6.338233
7503,9.733333,6.234742
7504,9.283333,6.137548
7505,8.325000,6.081308
7506,6.766667,6.022695
7507,4.991667,5.937674
7508,3.500000,5.819541
7509,2.475000,5.678212
7510,2.216667,5.522521
7511,1.541667,5.370833
7512,0.766667,5.220158
7513,0.600000,5.069705
7514,0.366667,4.931588
7515,-0.150000,4.794878
7516,-0.225000,4.650897
7517,0.016667,4.526350
7518,0.158333,4.410812
7519,-0.033333,4.286883
7520,0.091667,4.148650
7521,1.058333,4.004784
7522,2.533333,3.874884
7523,4.366667,3.766946
7524,5.958333,3.676292
7525,6.908333,3.603771
7526,7.491667,3.541329
7527,7.700000,3.482880
7528,7.350000,3.440934
7529,6.808333,3.413735
7530,6.075000,3.412105
7531,5.525000,3.423592
7532,5.341667,3.444985
7533,5.183333,3.489583
7534,5.041667,3.542622
7535,5.000000,3.610359
7536,4.825000,3.691271
7537,4.408333,3.781250
7538,3.325000,3.867515
7539,2.875000,3.934626
7540,2.825000,4.009066
7541,1.941667,4.074498
7542,1.925000,4.113455
7543,2.241667,4.159346
7544,2.900000,4.211825
7545,4.216667,4.257436
7546,5.266667,4.275849
7547,5.775000,4.263628
7548,6.308333,4.229620
7549,7.416667,4.178771
7550,8.058333,4.131588
7551,8.158333,4.090538
7552,7.908333,4.061487
7553,7.175000,4.033275
7554,7.033333,4.019252
7555,7.783333,4.045206
7556,7.383333,4.118075
7557,6.800000,4.200955
7558,7.441667,4.298872
7559,7.783333,4.416213
7560,7.758333,4.553771
7561,8.325000,4.705122
7562,7.825000,4.867120
7563,6.208333,5.012953
7564,5.558333,5.138908
7565,5.891667,5.259346
7566,6.683333,5.386372
7567,6.983333,5.527758
7568,7.250000,5.675338
7569,8.025000,5.823650
7570,9.625000,5.968355
7571,10.733333,6.113349
7572,12.008333,6.239525
7573,13.558333,6.370775
7574,13.633333,6.508111
7575,13.241667,6.628829
7576,12.791667,6.743412
7577,12.441667,6.857600
7578,12.166667,6.978771
7579,11.591667,7.106983
7580,11.125000,7.230575
7581,11.000000,7.350675
7582,10.591667,7.470891
7583,10.416667,7.584008
7584,10.091667,7.696566
7585,9.450000,7.803829
7586,8.091667,7.906983
7587,6.891667,8.000791
7588,6.425000,8.079167
7589,7.291667,8.164294
7590,8.058333,8.288966
7591,7.925000,8.411825
7592,7.975000,8.526128
7593,7.983333,8.621682
7594,7.375000,8.685928
7595,6.708333,8.718133
7596,6.500000,8.730970
7597,6.558333,8.726861
7598,6.658333,8.702083
7599,6.816667,8.673254
7600,6.841667,8.647184
7601,6.800000,8.630122
7602,6.741667,8.625395
7603,6.700000,8.613291
7604,6.641667,8.589805
7605,6.600000,8.581250
7606,6.541667,8.573032
7607,6.500000,8.548592
7608,6.441667,8.522242
7609,6.341667,8.490374
7610,5.950000,8.446788
7611,5.175000,8.415201
7612,4.566667,8.396229
7613,4.225000,8.370216
7614,3.691667,8.325511
7615,3.050000,8.252816
7616,2.858333,8.167062
7617,3.016667,8.070554
7618,3.216667,7.956086
7619,3.475000,7.812162
7620,3.658333,7.654340
7621,3.700000,7.466445
7622,3.525000,7.255855
7623,3.516667,7.048929
7624,3.425000,6.849267
7625,3.183333,6.655912
7626,3.216667,6.464525
7627,3.300000,6.283613
7628,3.241667,6.115258
7629,3.200000,5.952083
7630,3.200000,5.791946
7631,3.316667,5.641667
7632,3.283333,5.495438
7633,3.141667,5.357938
7634,3.041667,5.235243
7635,3.000000,5.141946
7636,3.000000,5.065596
7637,2.941667,4.989757
7638,2.841667,4.888908
7639,2.800000,4.780179
7640,2.858333,4.674325
7641,3.016667,4.568017
7642,3.275000,4.470718
7643,3.516667,4.394030
7644,3.833333,4.332600
7645,4.116667,4.279504
7646,4.200000,4.228829
7647,4.141667,4.176071
7648,3.983333,4.118412
7649,3.841667,4.057996
7650,3.683333,3.995496
7651,3.658333,3.931588
7652,3.700000,3.869088
7653,3.700000,3.808333
7654,3.700000,3.748254
7655,3.641667,3.689246
7656,3.541667,3.629167
7657,3.500000,3.569088
7658,3.500000,3.512442
7659,3.500000,3.467622
7660,3.558333,3.439188
7661,3.600000,3.421846
7662,3.600000,3.412780
7663,3.600000,3.416609
7664,3.716667,3.431588
7665,3.858333,3.449662
7666,4.250000,3.468017
7667,4.616667,3.491329
7668,4.816667,3.514921
7669,4.958333,3.539921
7670,5.058333,3.568017
7671,5.041667,3.601071
7672,4.708333,3.630575
7673,4.208333,3.655237
7674,3.883333,3.673650
7675,3.800000,3.685417
7676,3.858333,3.696508
7677,3.900000,3.710417
7678,3.958333,3.725338
7679,3.883333,3.740316
7680,3.625000,3.749662
7681,3.441667,3.756250
7682,3.283333,3.762162
7683,3.200000,3.766667
7684,3.083333,3.770158
7685,2.883333,3.770496
7686,2.741667,3.768750
7687,2.758333,3.767004
7688,3.033333,3.767679
7689,3.258333,3.772579
7690,3.475000,3.777083
7691,3.775000,3.781588
7692,4.133333,3.787500
7693,4.475000,3.794088
7694,4.833333,3.803434
7695,5.058333,3.819425
7696,5.100000,3.840258
7697,5.041667,3.864583
7698,4.941667,3.889921
7699,4.900000,3.916329
7700,4.783333,3.940992
7701,4.525000,3.961487
7702,4.225000,3.976071
7703,3.983333,3.985079
7704,3.783333,3.991329
7705,3.583333,3.995158
7706,3.325000,3.994821
7707,2.966667,3.988233
7708,2.800000,3.974662
7709,2.741667,3.957996
7710,2.700000,3.939583
7711,2.758333,3.921171
7712,2.741667,3.903154
7713,2.700000,3.880912
7714,2.816667,3.854900
7715,2.958333,3.822579
7716,3.058333,3.787162
7717,2.691667,3.747299
7718,2.341667,3.695158
7719,2.241667,3.637500
7720,2.025000,3.579842
7721,1.841667,3.526350
7722,2.150000,3.481867
7723,2.575000,3.451013
7724,2.758333,3.427083
7725,2.800000,3.404167
7726,2.800000,3.380912
7727,2.625000,3.355912
7728,2.441667,3.329842
7729,2.341667,3.306250
7730,2.300000,3.284008
7731,2.416667,3.265258
7732,2.441667,3.250338
7733,2.400000,3.238175
7734,2.516667,3.230179
7735,2.658333,3.227083
7736,2.758333,3.223987
7737,3.033333,3.217679
7738,3.666667,3.216271
7739,4.350000,3.223929
7740,4.950000,3.238175
7741,5.550000,3.257263
7742,5.858333,3.280237
7743,6.016667,3.300338
7744,4.875000,3.313744
7745,3.008333,3.292515
7746,2.650000,3.244030
7747,3.191667,3.201688
7748,3.516667,3.170100
7749,3.366667,3.145496
7750,3.141667,3.121508
7751,2.925000,3.099662
7752,3.033333,3.079109
7753,3.141667,3.067004
7754,2.925000,3.058333
7755,2.450000,3.049325
7756,2.200000,3.037500
7757,2.200000,3.025338
7758,1.733333,3.011883
7759,1.458333,2.987500
7760,1.791667,2.962442
7761,2.816667,2.950559
7762,4.508333,2.966155
7763,6.116667,3.014805
7764,7.225000,3.090201
7765,7.483333,3.182938
7766,6.875000,3.282716
7767,6.441667,3.372917
7768,6.225000,3.460417
7769,5.866667,3.546904
7770,5.641667,3.626804
7771,4.666667,3.689419
7772,3.941667,3.722242
7773,3.958333,3.746171
7774,3.883333,3.770158
7775,3.566667,3.791329
7776,3.225000,3.809742
7777,2.866667,3.823987
7778,2.291667,3.830970
7779,2.000000,3.826408
7780,2.175000,3.818017
7781,2.475000,3.815596
7782,2.483333,3.817400
7783,2.108333,3.812558
7784,2.075000,3.798592
7785,2.841667,3.787780
7786,3.650000,3.786825
7787,3.725000,3.782378
7788,3.133333,3.759857
7789,2.625000,3.711545
7790,1.683333,3.640770
7791,1.333333,3.546508
7792,1.208333,3.455401
7793,1.058333,3.393576
7794,0.808333,3.358787
7795,0.483333,3.312220
7796,-0.533333,3.246007
7797,-1.141667,3.153771
7798,-1.041667,3.063175
7799,-1.233333,2.976746
7800,-1.691667,2.886545
7801,-1.666667,2.785021
7802,-1.266667,2.689863
7803,-0.866667,2.609626
7804,-0.700000,2.545833
7805,-0.408333,2.487105
7806,-0.200000,2.438117
7807,-0.141667,2.402083
7808,-0.041667,2.367400
7809,0.000000,2.322357
7810,0.233333,2.251186
7811,1.158333,2.153829
7812,2.283333,2.050338
7813,2.700000,1.948592
7814,3.166667,1.855739
7815,3.325000,1.786825
7816,2.733333,1.719145
7817,1.350000,1.639024
7818,-0.216667,1.533111
7819,-1.208333,1.407205
7820,-2.025000,1.286883
7821,-2.400000,1.157996
7822,-2.691667,1.023987
7823,-3.191667,0.885079
7824,-3.400000,0.744763
7825,-2.700000,0.613735
7826,-2.200000,0.508613
7827,-2.375000,0.417737
7828,-3.083333,0.320611
7829,-3.091667,0.205517
7830,-2.450000,0.094367
7831,-2.200000,-0.002479
7832,-1.966667,-0.089246
7833,-1.216667,-0.173254
7834,0.016667,-0.255633
7835,1.183333,-0.322695
7836,1.775000,-0.365037
7837,2.075000,-0.385475
7838,2.141667,-0.389361
7839,1.516667,-0.377643
7840,0.341667,-0.383951
7841,-0.375000,-0.407600
7842,-0.441667,-0.437558
7843,-0.341667,-0.459404
7844,-0.300000,-0.469599
7845,-0.183333,-0.455912
7846,0.191667,-0.434066
7847,0.633333,-0.403549
7848,0.566667,-0.360079
7849,0.458333,-0.313513
7850,0.441667,-0.272521
7851,0.458333,-0.240596
7852,0.266667,-0.215934
7853,-0.600000,-0.203655
7854,-1.333333,-0.218017
7855,-1.850000,-0.246113
7856,-2.158333,-0.286092
7857,-2.141667,-0.330912
7858,-2.041667,-0.376013
7859,-1.183333,-0.424662
7860,0.100000,-0.472242
7861,0.833333,-0.515316
7862,1.291667,-0.553096
7863,1.150000,-0.594763
7864,0.491667,-0.641329
7865,-0.850000,-0.687500
7866,-1.950000,-0.730633
7867,-2.258333,-0.760475
7868,-2.475000,-0.777141
7869,-2.541667,-0.782996
7870,-2.150000,-0.781703
7871,-1.900000,-0.762895
7872,-1.958333,-0.733671
7873,-2.116667,-0.708893
7874,-1.908333,-0.702479
7875,-1.641667,-0.692400
7876,-1.483333,-0.670949
7877,-1.341667,-0.633275
7878,-1.183333,-0.601350
7879,-1.216667,-0.577758
7880,-1.125000,-0.558671
7881,-0.416667,-0.541667
7882,0.583333,-0.526350
7883,1.291667,-0.518355
7884,1.733333,-0.518412
7885,2.016667,-0.519088
7886,2.275000,-0.519483
7887,2.400000,-0.511208
7888,2.633333,-0.481761
7889,2.975000,-0.422975
7890,3.391667,-0.348650
7891,3.716667,-0.266329
7892,4.558333,-0.176861
7893,5.041667,-0.069763
7894,4.708333,0.034124
7895,4.500000,0.121566
7896,4.791667,0.203038
7897,5.175000,0.296508
7898,5.183333,0.395496
7899,4.633333,0.490712
7900,4.183333,0.573592
7901,4.100000,0.660301
7902,4.333333,0.767284
7903,4.208333,0.889921
7904,4.000000,1.017004
7905,4.116667,1.146171
7906,4.258333,1.277083
7907,4.358333,1.403945
7908,4.633333,1.509799
7909,4.333333,1.595949
7910,4.000000,1.660812
7911,4.233333,1.717959
7912,4.341667,1.789525
7913,4.125000,1.877980
7914,3.650000,1.989583
7915,3.458333,2.106925
7916,3.616667,2.228771
7917,3.641667,2.357658
7918,3.250000,2.481366
7919,3.116667,2.588175
7920,3.200000,2.694088
7921,3.025000,2.801746
7922,2.900000,2.906645
7923,2.666667,3.002479
7924,2.558333,3.089246
7925,2.600000,3.172579
7926,2.716667,3.254167
7927,2.625000,3.335079
7928,2.266667,3.412220
7929,2.333333,3.477141
7930,2.733333,3.529225
7931,3.250000,3.571171
7932,3.266667,3.609799
7933,3.100000,3.636825
7934,3.333333,3.658671
7935,3.500000,3.681250
7936,3.325000,3.701804
7937,2.966667,3.710137
7938,2.683333,3.703887
7939,1.841667,3.680353
7940,0.658333,3.625231
7941,0.316667,3.532263
7942,0.341667,3.436767
7943,0.533333,3.349267
7944,0.583333,3.266387
7945,0.441667,3.173650
7946,0.458333,3.073929
7947,0.500000,2.979784
7948,0.383333,2.897917
7949,0.125000,2.817737
7950,0.058333,2.732321
7951,-0.016667,2.642679
7952,-0.158333,2.555912
7953,-0.200000,2.468075
7954,-0.141667,2.377083
7955,-0.158333,2.284742
7956,-0.025000,2.189246
7957,-0.133333,2.093017
7958,-0.008333,2.003771
7959,0.258333,1.921904
7960,0.008333,1.836150
7961,-0.258333,1.744425
7962,-0.241667,1.656530
7963,-0.491667,1.577141
7964,-0.525000,1.492004
7965,-0.516667,1.405912
7966,-0.541667,1.321113
7967,-0.558333,1.244821
7968,-0.716667,1.165992
7969,-0.858333,1.084008
7970,-1.191667,1.002479
7971,-1.341667,0.916271
7972,-1.241667,0.835417
7973,-1.258333,0.755912
7974,-1.241667,0.674662
7975,-1.433333,0.591329
7976,-1.425000,0.508613
7977,-1.358333,0.433729
7978,-1.166667,0.354167
7979,-0.650000,0.272917
7980,-0.166667,0.194367
7981,0.116667,0.127758
7982,0.025000,0.064304
7983,-0.450000,-0.010359
7984,-0.816667,-0.095496
7985,-0.783333,-0.179225
7986,-0.466667,-0.252141
7987,0.225000,-0.307157
7988,1.183333,-0.322078
7989,2.241667,-0.296962
7990,3.050000,-0.249720
7991,3.475000,-0.189921
7992,3.075000,-0.131530
7993,2.175000,-0.086034
7994,1.566667,-0.055855
7995,1.341667,-0.035754
7996,1.533333,-0.016725
7997,1.816667,0.012105
7998,2.075000,0.050675
7999,2.083333,0.093750
8000,2.058333,0.138175
8001,2.216667,0.186092
8002,2.475000,0.238175
8003,2.600000,0.294088
8004,2.483333,0.350395
8005,1.816667,0.397975
8006,0.875000,0.430691
8007,1.200000,0.445380
8008,1.641667,0.472184
8009,1.658333,0.509008
8010,1.700000,0.549662
8011,1.700000,0.591271
8012,1.758333,0.638908
8013,1.683333,0.685417
8014,1.308333,0.729225
8015,0.866667,0.763571
8016,0.291667,0.789979
8017,-0.466667,0.805970
8018,-1.266667,0.809404
8019,-1.950000,0.803887
8020,-2.491667,0.785475
8021,-2.875000,0.755575
8022,-2.883333,0.721171
8023,-2.741667,0.689188
8024,-2.175000,0.666609
8025,-1.100000,0.658555
8026,-0.191667,0.671846
8027,1.325000,0.698814
8028,2.841667,0.750280
8029,3.825000,0.819030
8030,4.900000,0.905064
8031,5.458333,1.016946
8032,5.033333,1.141725
8033,4.408333,1.258054
8034,4.083333,1.360475
8035,3.941667,1.448708
8036,4.016667,1.518133
8037,4.041667,1.568866
8038,3.766667,1.596624
8039,3.308333,1.603549
8040,2.983333,1.598196
8041,3.016667,1.603713
8042,3.158333,1.628771
8043,3.200000,1.664921
8044,3.841667,1.706530
8045,3.950000,1.755633
8046,3.991667,1.796508
8047,4.666667,1.840876
8048,4.825000,1.898650
8049,5.050000,1.955517
8050,5.533333,2.017004
8051,6.108333,2.083613
8052,7.216667,2.165818
8053,7.916667,2.276968
8054,8.116667,2.414130
8055,8.491667,2.568470
8056,8.291667,2.714641
8057,7.358333,2.845949
8058,6.550000,2.956308
8059,6.125000,3.053154
8060,5.650000,3.141387
8061,5.341667,3.219088
8062,4.541667,3.293133
8063,3.766667,3.356250
8064,3.250000,3.417004
8065,3.058333,3.482205
8066,3.508333,3.565480
8067,3.800000,3.674942
8068,3.450000,3.797579
8069,2.966667,3.920496
8070,2.275000,4.037953
8071,1.491667,4.136883
8072,1.550000,4.219821
8073,1.916667,4.292458
8074,3.050000,4.353713
8075,4.850000,4.426071
8076,5.833333,4.495554
8077,6.175000,4.552141
8078,6.358333,4.594203
8079,6.458333,4.618750
8080,5.975000,4.639246
8081,5.483333,4.659346
8082,5.050000,4.681983
8083,4.683333,4.699662
8084,4.600000,4.713908
8085,4.483333,4.724662
8086,5.158333,4.739072
8087,5.000000,4.774720
8088,3.741667,4.802537
8089,3.083333,4.811150
8090,3.758333,4.814468
8091,4.008333,4.831645
8092,3.800000,4.842120
8093,3.916667,4.838117
8094,4.700000,4.844030
8095,5.783333,4.863175
8096,6.550000,4.890538
8097,7.033333,4.930575
8098,7.375000,4.970496
8099,7.733333,5.007321
8100,8.600000,5.038908
8101,9.216667,5.066667
8102,8.833333,5.090374
8103,7.800000,5.094261
8104,7.066667,5.071846
8105,6.841667,5.051292
8106,6.683333,5.047184
8107,6.600000,5.053096
8108,5.608333,5.060870
8109,4.491667,5.052141
8110,4.200000,5.035639
8111,4.375000,5.037780
8112,4.091667,5.053829
8113,3.450000,5.068470
8114,3.200000,5.070554
8115,3.200000,5.060417
8116,3.141667,5.049605
8117,2.866667,5.045833
8118,2.466667,5.045438
8119,1.716667,5.051071
8120,0.483333,5.047415
8121,-0.275000,5.012895
8122,-0.108333,4.960195
8123,0.508333,4.883787
8124,1.091667,4.787838
8125,1.650000,4.690596
8126,2.191667,4.599267
8127,2.225000,4.513233
8128,1.341667,4.421566
8129,0.275000,4.320554
8130,-0.275000,4.209346
8131,0.066667,4.103376
8132,0.575000,4.013513
8133,0.525000,3.930912
8134,0.341667,3.843191
8135,0.183333,3.738792
8136,-0.075000,3.647126
8137,-0.550000,3.571566
8138,-1.325000,3.486323
8139,-1.583333,3.371113
8140,-1.850000,3.256308
8141,-1.925000,3.135754
8142,-1.741667,3.010870
8143,-2.050000,2.865432
8144,-2.241667,2.692062
8145,-1.733333,2.507600
8146,-0.641667,2.330459
8147,0.716667,2.172126
8148,1.358333,2.027537
8149,1.633333,1.871508
8150,1.858333,1.717622
8151,1.900000,1.581134
8152,1.783333,1.465258
8153,1.408333,1.354900
8154,1.025000,1.239246
8155,0.608333,1.119145
8156,0.341667,0.997068
8157,0.008333,0.896508
8158,-0.141667,0.804504
8159,-0.216667,0.712895
8160,-0.416667,0.616271
8161,-0.325000,0.528038
8162,-0.258333,0.453829
8163,0.225000,0.384288
8164,0.308333,0.325733
8165,-0.366667,0.263233
8166,-1.225000,0.192062
8167,-1.250000,0.117901
8168,-1.583333,0.065934
8169,-0.833333,0.032764
8170,1.050000,0.037722
8171,2.791667,0.072126
8172,4.258333,0.127701
8173,5.558333,0.200280
8174,6.741667,0.287442
8175,7.258333,0.386767
8176,6.366667,0.492737
8177,5.058333,0.595158
8178,3.958333,0.691049
8179,3.558333,0.772637
8180,4.358333,0.845042
8181,5.133333,0.931530
8182,4.425000,1.026524
8183,3.683333,1.104167
8184,3.833333,1.179446
8185,4.291667,1.268297
8186,4.850000,1.380064
8187,5.158333,1.516329
8188,5.375000,1.659288
8189,5.733333,1.814921
8190,5.900000,1.974662
8191,5.900000,2.135359
8192,5.725000,2.302816
8193,5.658333,2.464304
8194,6.050000,2.612220
8195,6.941667,2.746904
8196,7.750000,2.876688
8197,8.175000,3.012162
8198,8.416667,3.148254
8199,8.325000,3.284404
8200,7.733333,3.414641
8201,7.108333,3.535417
8202,6.608333,3.653492
8203,6.166667,3.769088
8204,5.066667,3.880353
8205,4.516667,3.973196
8206,4.016667,4.067120
8207,3.075000,4.145554
8208,2.816667,4.211767
8209,2.666667,4.278887
8210,2.150000,4.335812
8211,2.075000,4.381308
8212,1.850000,4.416329
8213,1.716667,4.451292
8214,3.375000,4.512153
8215,5.491667,4.630797
8216,5.966667,4.779109
8217,6.558333,4.937220
8218,5.991667,5.075010
8219,5.550000,5.154620
8220,6.675000,5.206925
8221,8.175000,5.259008
8222,8.683333,5.310195
8223,8.191667,5.341049
8224,7.900000,5.361651
8225,8.016667,5.406472
8226,7.516667,5.475338
8227,6.691667,5.547299
8228,7.216667,5.608671
8229,7.566667,5.666049
8230,7.225000,5.716551
8231,6.575000,5.778887
8232,6.025000,5.833054
8233,5.900000,5.873312
8234,5.608333,5.900453
8235,5.108333,5.908391
8236,4.783333,5.902479
8237,4.700000,5.886150
8238,4.758333,5.862838
8239,4.916667,5.840258
8240,4.825000,5.820833
8241,4.700000,5.801746
8242,4.758333,5.779562
8243,4.858333,5.746624
8244,5.133333,5.697242
8245,5.358333,5.640992
8246,5.225000,5.579562
8247,5.100000,5.511429
8248,4.866667,5.447184
8249,4.466667,5.389921
8250,4.066667,5.335754
8251,3.491667,5.282321
8252,3.258333,5.230739
8253,2.950000,5.199383
8254,2.700000,5.165876
8255,2.525000,5.145775
8256,2.808333,5.139188
8257,3.158333,5.143355
8258,2.733333,5.155575
8259,2.166667,5.164304
8260,0.950000,5.158449
8261,-0.325000,5.129620
8262,-0.583333,5.072811
8263,-0.558333,4.971007
8264,0.041667,4.840480
8265,0.966667,4.723312
8266,1.358333,4.610918
8267,1.691667,4.524662
8268,2.016667,4.439361
8269,2.625000,4.333391
8270,3.233333,4.216609
8271,3.341667,4.108275
8272,3.416667,4.011092
8273,3.558333,3.918412
8274,3.775000,3.829389
8275,4.075000,3.761709
8276,4.433333,3.709124
8277,4.891667,3.648872
8278,5.800000,3.602980
8279,6.708333,3.586651
8280,7.233333,3.600280
8281,7.691667,3.630855
8282,8.191667,3.674209
8283,8.516667,3.735696
8284,8.658333,3.811429
8285,8.000000,3.889699
8286,7.325000,3.950733
8287,7.841667,4.005122
8288,8.825000,4.074884
8289,9.666667,4.167284
8290,10.700000,4.278713
8291,10.791667,4.405633
8292,10.558333,4.523987
8293,11.475000,4.640143
8294,10.291667,4.765548
8295,8.825000,4.855237
8296,8.758333,4.932938
8297,8.450000,5.015992
8298,7.675000,5.096229
8299,6.483333,5.166387
8300,4.791667,5.218248
8301,3.883333,5.240934
8302,4.150000,5.264525
8303,4.283333,5.298254
8304,3.908333,5.331366
8305,3.408333,5.345891
8306,3.491667,5.352305
8307,3.525000,5.375338
8308,3.341667,5.409905
8309,3.241667,5.471451
8310,3.025000,5.548312
8311,2.900000,5.621171
8312,3.133333,5.691387
8313,3.416667,5.750058
8314,3.675000,5.798592
8315,3.450000,5.844203
8316,3.258333,5.874662
8317,3.066667,5.895611
8318,3.716667,5.901292
8319,4.358333,5.917342
8320,4.400000,5.938908
8321,4.283333,5.957321
8322,3.908333,5.968133
8323,3.583333,5.964979
8324,3.675000,5.951746
8325,3.858333,5.934066
8326,3.725000,5.905353
8327,3.191667,5.849441
8328,3.250000,5.769425
8329,3.675000,5.686825
8330,3.858333,5.600733
8331,3.725000,5.506645
8332,3.600000,5.403829
8333,3.833333,5.303318
8334,4.116667,5.226688
8335,4.258333,5.159124
8336,4.358333,5.076466
8337,4.633333,4.977816
8338,5.150000,4.868808
8339,5.458333,4.752701
8340,5.441667,4.645158
8341,5.458333,4.532774
8342,5.441667,4.410127
8343,4.466667,4.320611
8344,3.391667,4.220216
8345,2.866667,4.104842
8346,2.641667,3.992284
8347,2.600000,3.896393
8348,2.250000,3.827305
8349,1.708333,3.780237
8350,1.325000,3.730295
8351,1.200000,3.667342
8352,0.966667,3.604504
8353,0.800000,3.545438
8354,0.391667,3.489699
8355,-0.366667,3.417062
8356,-0.758333,3.333333
8357,-0.858333,3.247917
8358,-0.200000,3.167564
8359,-0.225000,3.105295
8360,-0.833333,3.032716
8361,-0.358333,2.948872
8362,0.275000,2.875000
8363,1.158333,2.810581
8364,1.758333,2.772917
8365,2.091667,2.744705
8366,2.358333,2.724778
8367,2.166667,2.687895
8368,1.475000,2.636545
8369,0.983333,2.570833
8370,0.841667,2.503434
8371,0.625000,2.441329
8372,-0.025000,2.375116
8373,-0.516667,2.290654
8374,-0.716667,2.198254
8375,-1.033333,2.107263
8376,-1.200000,2.018808
8377,-1.666667,1.919203
8378,-2.116667,1.801071
8379,-2.025000,1.677025
8380,-1.725000,1.561429
8381,-1.541667,1.451071
8382,-1.383333,1.337500
8383,-1.533333,1.221229
8384,-1.816667,1.096904
8385,-2.075000,0.964304
8386,-1.966667,0.820158
8387,-1.566667,0.671846
8388,-1.166667,0.528771
8389,-1.000000,0.393412
8390,-1.000000,0.258671
8391,-1.175000,0.129389
8392,-1.416667,0.020438
8393,-1.791667,-0.077421
8394,-2.058333,-0.175000
8395,-2.216667,-0.273592
8396,-2.416667,-0.373650
8397,-2.616667,-0.467737
8398,-2.816667,-0.555912
8399,-3.541667,-0.645380
8400,-4.816667,-0.753376
8401,-6.041667,-0.882880
8402,-6.675000,-1.029900
8403,-6.916667,-1.172975
8404,-7.233333,-1.307263
8405,-7.633333,-1.444763
8406,-7.800000,-1.591551
8407,-7.683333,-1.752537
8408,-7.366667,-1.899383
8409,-6.733333,-2.032263
8410,-5.175000,-2.160590
8411,-3.308333,-2.263233
8412,-2.191667,-2.352141
8413,-1.608333,-2.431250
8414,-1.225000,-2.507658
8415,-1.100000,-2.579900
8416,-1.158333,-2.643133
8417,-1.025000,-2.692062
8418,-0.958333,-2.731250
8419,-0.650000,-2.765712
8420,-0.108333,-2.782774
8421,0.508333,-2.774045
8422,1.091667,-2.745554
8423,1.650000,-2.700791
8424,2.308333,-2.637220
8425,2.775000,-2.556703
8426,3.016667,-2.456983
8427,3.100000,-2.348929
8428,2.983333,-2.245438
8429,3.016667,-2.149662
8430,3.041667,-2.055179
8431,3.175000,-1.962220
8432,3.358333,-1.859404
8433,3.866667,-1.746287
8434,4.491667,-1.616329
8435,4.933333,-1.481250
8436,5.041667,-1.347521
8437,5.058333,-1.220496
8438,5.975000,-1.088686
8439,6.016667,-0.937780
8440,5.425000,-0.792004
8441,5.241667,-0.648650
8442,5.025000,-0.500675
8443,4.958333,-0.353154
8444,5.583333,-0.198032
8445,6.350000,-0.022299
8446,7.125000,0.172463
8447,7.616667,0.389805
8448,7.700000,0.633893
8449,7.583333,0.905122
8450,7.441667,1.194425
8451,7.633333,1.491609
8452,8.266667,1.801968
8453,8.833333,2.133951
8454,9.058333,2.481588
8455,9.333333,2.834008
8456,9.383333,3.187558
8457,9.358333,3.530970
8458,9.808333,3.857774
8459,10.100000,4.156761
8460,9.225000,4.419657
8461,6.616667,4.632668
8462,3.158333,4.770505
8463,1.058333,4.837953
8464,0.600000,4.877421
8465,0.600000,4.913571
8466,0.541667,4.945833
8467,0.325000,4.974045
8468,0.141667,4.987558
8469,-0.250000,4.985195
8470,-0.500000,4.960812
8471,-0.441667,4.923312
8472,-0.633333,4.873370
8473,-1.208333,4.802874
8474,-2.258333,4.709520
8475,-2.625000,4.592679
8476,-2.558333,4.475338
8477,-2.483333,4.360417
8478,-2.166667,4.247521
8479,-2.525000,4.137616
8480,-2.841667,4.012500
8481,-2.566667,3.881983
8482,-2.108333,3.745833
8483,-1.900000,3.606983
8484,-1.725000,3.463850
8485,-1.366667,3.326013
8486,-1.375000,3.187674
8487,-1.441667,3.028713
8488,-1.400000,2.880179
8489,-1.516667,2.739246
8490,-1.600000,2.598929
8491,-1.950000,2.460137
8492,-2.258333,2.308787
8493,-2.241667,2.137895
8494,-2.025000,1.954225
8495,-2.016667,1.759066
8496,-2.275000,1.555237
8497,-2.516667,1.345833
8498,-2.600000,1.135754
8499,-2.658333,0.925395
8500,-2.641667,0.705970
8501,-2.658333,0.473312
8502,-2.991667,0.229225
8503,-3.666667,-0.029051
8504,-3.358333,-0.301861
8505,-2.608333,-0.559066
8506,-2.108333,-0.806925
8507,-1.725000,-1.055237
8508,-1.425000,-1.293924
8509,-1.300000,-1.494772
8510,-1.300000,-1.629851
8511,-1.358333,-1.700791
8512,-1.516667,-1.746508
8513,-1.775000,-1.792679
8514,-2.016667,-1.844088
8515,-2.450000,-1.898929
8516,-3.283333,-1.961372
8517,-4.225000,-2.038513
8518,-4.541667,-2.122579
8519,-5.258333,-2.210976
8520,-6.208333,-2.319763
8521,-7.200000,-2.439188
8522,-8.283333,-2.565654
8523,-8.700000,-2.690596
8524,-7.650000,-2.812336
8525,-6.141667,-2.904620
8526,-5.308333,-2.974662
8527,-5.100000,-3.036545
8528,-5.216667,-3.086429
8529,-5.241667,-3.138513
8530,-5.083333,-3.196846
8531,-4.941667,-3.260079
8532,-4.841667,-3.323592
8533,-4.625000,-3.389921
8534,-4.500000,-3.457321
8535,-4.675000,-3.522184
8536,-5.208333,-3.594030
8537,-5.500000,-3.676408
8538,-5.558333,-3.758671
8539,-5.600000,-3.839641
8540,-5.716667,-3.912838
8541,-6.033333,-3.987105
8542,-6.375000,-4.070775
8543,-6.383333,-4.163233
8544,-6.241667,-4.250733
8545,-6.025000,-4.329562
8546,-5.783333,-4.399325
8547,-5.816667,-4.464921
8548,-5.783333,-4.530912
8549,-5.525000,-4.594483
8550,-5.341667,-4.650058
8551,-5.241667,-4.692795
8552,-5.025000,-4.723534
8553,-4.841667,-4.763850
8554,-4.391667,-4.811825
8555,-3.400000,-4.855295
8556,-2.316667,-4.883054
8557,-1.375000,-4.894878
8558,-0.708333,-4.889979
8559,-0.266667,-4.873312
8560,-0.158333,-4.847579
8561,-0.491667,-4.819425
8562,-0.933333,-4.794425
8563,-1.391667,-4.772579
8564,-1.716667,-4.747299
8565,-2.208333,-4.709742
8566,-2.033333,-4.664304
8567,-1.700000,-4.603945
8568,-1.641667,-4.520216
8569,-1.600000,-4.416782
8570,-1.425000,-4.289361
8571,-1.183333,-4.138908
8572,-1.100000,-3.987326
8573,-1.800000,-3.868856
8574,-2.591667,-3.795042
8575,-2.916667,-3.744425
8576,-3.408333,-3.701688
8577,-3.116667,-3.663628
8578,-2.000000,-3.611208
8579,-0.916667,-3.538628
8580,0.375000,-3.445274
8581,1.816667,-3.325453
8582,2.458333,-3.185079
8583,2.383333,-3.039246
8584,1.833333,-2.892004
8585,2.025000,-2.742795
8586,1.525000,-2.585976
8587,0.258333,-2.449547
8588,-0.433333,-2.334008
8589,-0.541667,-2.223312
8590,-0.850000,-2.107263
8591,0.008333,-1.988011
8592,1.208333,-1.843808
8593,2.083333,-1.683054
8594,2.441667,-1.511429
8595,4.441667,-1.329176
8596,5.491667,-1.098872
8597,5.958333,-0.865374
8598,6.558333,-0.620833
8599,5.958333,-0.376968
8600,6.550000,-0.144936
8601,8.058333,0.108218
8602,7.725000,0.375907
8603,6.458333,0.608902
8604,6.350000,0.800733
8605,7.066667,0.978829
8606,7.866667,1.155179
8607,8.375000,1.335079
8608,8.150000,1.512895
8609,5.741667,1.672531
8610,4.900000,1.790818
8611,6.275000,1.927585
8612,6.958333,2.098929
8613,7.291667,2.285301
8614,7.208333,2.485195
8615,6.416667,2.667458
8616,5.766667,2.829562
8617,4.725000,2.976186
8618,3.808333,3.097299
8619,3.716667,3.202083
8620,4.033333,3.305517
8621,4.433333,3.419985
8622,4.833333,3.561372
8623,4.183333,3.716782
8624,3.658333,3.861034
8625,3.933333,4.010475
8626,4.741667,4.153829
8627,7.125000,4.301514
8628,8.733333,4.477537
8629,8.666667,4.639757
8630,8.091667,4.770216
8631,7.741667,4.883671
8632,7.350000,4.996508
8633,6.750000,5.107436
8634,6.616667,5.203655
8635,6.350000,5.320438
8636,5.400000,5.447299
8637,5.775000,5.569309
8638,6.808333,5.712722
8639,6.575000,5.869715
8640,5.500000,5.985253
8641,4.708333,6.059520
8642,4.383333,6.105912
8643,4.766667,6.136719
8644,4.808333,6.129842
8645,4.250000,6.110253
8646,4.408333,6.066609
8647,4.816667,6.029389
8648,4.666667,6.005073
8649,4.325000,5.948765
8650,4.433333,5.868914
8651,4.775000,5.815143
8652,5.133333,5.786825
8653,5.300000,5.757716
8654,5.183333,5.713291
8655,4.983333,5.650395
8656,4.725000,5.578096
8657,4.191667,5.518461
8658,3.725000,5.497020
8659,3.250000,5.457494
8660,2.941667,5.382658
8661,3.133333,5.297579
8662,1.900000,5.204003
8663,0.550000,5.084684
8664,0.241667,4.965596
8665,0.375000,4.858160
8666,0.500000,4.778771
8667,0.441667,4.711487
8668,0.458333,4.640654
8669,1.258333,4.567622
8670,2.091667,4.506588
8671,1.775000,4.451688
8672,1.166667,4.402479
8673,1.000000,4.346566
8674,0.941667,4.279282
8675,0.958333,4.182948
8676,1.175000,4.037162
8677,1.533333,3.881867
8678,1.700000,3.739863
8679,1.758333,3.611092
8680,1.625000,3.488513
8681,1.383333,3.372184
8682,1.008333,3.260137
8683,0.858333,3.141946
8684,0.958333,3.035639
8685,0.825000,2.943924
8686,0.641667,2.828549
8687,0.541667,2.698534
8688,0.500000,2.581134
8689,0.266667,2.483671
8690,0.216667,2.393017
8691,0.358333,2.305970
8692,0.516667,2.212780
8693,0.541667,2.128771
8694,0.500000,2.051804
8695,0.558333,1.966329
8696,0.541667,1.878096
8697,0.616667,1.795438
8698,0.758333,1.719821
8699,0.800000,1.640654
8700,0.800000,1.554900
8701,0.916667,1.463175
8702,1.058333,1.373929
8703,1.158333,1.290596
8704,1.083333,1.212838
8705,0.650000,1.137838
8706,0.400000,1.065596
8707,0.691667,1.001630
8708,0.783333,0.953829
8709,0.700000,0.906983
8710,0.466667,0.860918
8711,0.066667,0.842342
8712,0.016667,0.834346
8713,-0.133333,0.828887
8714,-0.941667,0.810870
8715,-1.750000,0.773312
8716,-1.941667,0.725000
8717,-2.016667,0.669936
8718,-2.916667,0.587336
8719,-2.741667,0.480343
8720,-2.141667,0.399605
8721,-1.808333,0.335021
8722,-0.958333,0.283218
8723,-0.208333,0.251350
8724,0.466667,0.230855
8725,0.916667,0.218075
8726,1.116667,0.204842
8727,0.966667,0.192062
8728,0.450000,0.171904
8729,-0.033333,0.145158
8730,-0.200000,0.116271
8731,-0.258333,0.093075
8732,-0.533333,0.067062
8733,-1.050000,0.032321
8734,-1.183333,-0.007321
8735,-1.216667,-0.044088
8736,-1.416667,-0.081925
8737,-2.141667,-0.125280
8738,-2.891667,-0.181530
8739,-3.158333,-0.250675
8740,-3.083333,-0.325000
8741,-3.000000,-0.399662
8742,-3.350000,-0.474942
8743,-3.716667,-0.559346
8744,-3.508333,-0.647975
8745,-2.775000,-0.726804
8746,-1.933333,-0.791387
8747,-1.016667,-0.840374
8748,-0.191667,-0.870554
8749,0.275000,-0.887162
8750,0.575000,-0.899325
8751,0.525000,-0.909684
8752,0.458333,-0.923987
8753,0.208333,-0.935079
8754,-0.350000,-0.945775
8755,-0.600000,-0.966271
8756,-0.658333,-0.995496
8757,-0.758333,-1.025338
8758,-0.800000,-1.054900
8759,-0.683333,-1.077141
8760,-0.483333,-1.089583
