ISO-10303-21;
HEADER;
FILE_DESCRIPTION(('ViewDefinition [CoordinationView]'),'2;1');
FILE_NAME('IFC_Beispieleb\X2\00E4\X0\ude_201106_abstractBIM.ifc','2021-04-19T09:35:43',('AbstractBIMService'),('AbstractBIM'),'AbstractBIMNormalizer_master5aa11292-buiild275','AbstractBIMNormalizer_master5aa11292-buiild275','');
FILE_SCHEMA(('IFC2X3'));
ENDSEC;
DATA;
#1=IFCPERSON($,$,'AbstractBIMService',$,$,$,$,$);
#2=IFCORGANIZATION($,'AbstractBIM',$,$,$);
#3=IFCPERSONANDORGANIZATION(#1,#2,$);
#4=IFCAPPLICATION(#2,'master5aa11292-buiild275','AbstractBIMNormalizer_master5aa11292-buiild275','');
#5=IFCOWNERHISTORY(#3,#4,$,.ADDED.,$,#3,#4,1618824943);
#6=IFCDIRECTION((1.0,0.0,0.0));
#7=IFCDIRECTION((0.0,0.0,1.0));
#8=IFCCARTESIANPOINT((0.0,0.0,0.0));
#9=IFCAXIS2PLACEMENT3D(#8,#7,#6);
#10=IFCDIRECTION((0.0,1.0,0.0));
#11=IFCGEOMETRICREPRESENTATIONCONTEXT($,'Model',3,1.E-05,#9,#10);
#12=IFCDIMENSIONALEXPONENTS(0,0,0,0,0,0,0);
#13=IFCSIUNIT(*,.LENGTHUNIT.,$,.METRE.);
#14=IFCSIUNIT(*,.AREAUNIT.,$,.SQUARE_METRE.);
#15=IFCSIUNIT(*,.VOLUMEUNIT.,$,.CUBIC_METRE.);
#16=IFCSIUNIT(*,.PLANEANGLEUNIT.,$,.RADIAN.);
#17=IFCMEASUREWITHUNIT(IFCPLANEANGLEMEASURE(0.017453292519943295),#16);
#18=IFCCONVERSIONBASEDUNIT(#12,.PLANEANGLEUNIT.,'DEGREE',#17);
#19=IFCUNITASSIGNMENT((#13,#14,#15,#18));
#20=IFCPROJECT('1r39W9e5L7WffKJNp56xii',#5,'SIA 4010 Beispielgeb\X2\00E4\X0\ude',$,$,$,$,(#11),#19);
#21=IFCRELAGGREGATES('2bWAbSNLCHwe9z0aAi4m03',#5,'Project Container',$,#20,(#27));
#22=IFCCARTESIANPOINT((0.0000,0.0000,0.0000));
#23=IFCDIRECTION((0.00000,0.00000,1.00000));
#24=IFCDIRECTION((1.00000,0.00000,0.00000));
#25=IFCAXIS2PLACEMENT3D(#22,#23,#24);
#26=IFCLOCALPLACEMENT($,#25);
#27=IFCSITE('2SgG$eeF8Hwx4d0aAi40G6',#5,'Site 1',$,$,#26,$,$,.ELEMENT.,$,$,$,$,$);
#28=IFCRELAGGREGATES('2SgHFaeF8Hwx4d0aAi40G6',#5, 'Site Container', $, #27, (#32));
#29=IFCCARTESIANPOINT((-0.0000,-0.0000,-0.0000));
#30=IFCAXIS2PLACEMENT3D(#29,#23,#24);
#31=IFCLOCALPLACEMENT(#26,#30);
#32=IFCBUILDING('2SgHl8eF8Hwx4d0aAi40G6',#5,'Neu Geb\X2\00E4\X0\ude',$,$,#31,$,$,.ELEMENT.,$,$,$);
#33=IFCRELAGGREGATES('2SgHyueF8Hwx4d0aAi40G6',#5, 'Neu Geb\X2\00E4\X0\ude Container', $, #32, (#37,#827,#2235,#3490,#4811));
#34=IFCCARTESIANPOINT((0.0000,0.0000,-3.5100));
#35=IFCAXIS2PLACEMENT3D(#34,#23,#24);
#36=IFCLOCALPLACEMENT(#31,#35);
#37=IFCBUILDINGSTOREY('2SgJDqeF8Hwx4d0aAi40G6',#5, 'Storey -3.5', $, $,#36,$,$,.ELEMENT.,-3.5100000000000002);
#38=IFCRELCONTAINEDINSPATIALSTRUCTURE('2SgJSMeF8Hwx4d0aAi40G6',#5, 'Storey -3.5 Container', $, (#51,#75,#101,#122,#144,#166,#188,#217,#248,#279,#308,#339,#368,#397,#440,#469,#498,#527,#556,#584,#613,#644,#674,#701,#732,#764,#793,#814), #37);
#39=IFCCARTESIANPOINT((23.0320,5.9790));
#40=IFCCARTESIANPOINT((19.7420,5.9790));
#41=IFCCARTESIANPOINT((19.7420,10.6690));
#42=IFCCARTESIANPOINT((3.7920,10.6690));
#43=IFCCARTESIANPOINT((3.7920,-2.4700));
#44=IFCCARTESIANPOINT((23.0320,-2.4700));
#45=IFCPOLYLINE((#39,#40,#41,#42,#43,#44,#39));
#46=IFCARBITRARYCLOSEDPROFILEDEF(.AREA.,$,#45);
#47=IFCEXTRUDEDAREASOLID(#46,#25,#23,3.0);
#48=IFCSHAPEREPRESENTATION(#11,'Body','SweptSolid',(#47));
#49=IFCPRODUCTDEFINITIONSHAPE($,$,(#48));
#50=IFCLOCALPLACEMENT(#36,#25);
#51=IFCSPACE('2SgKm6eF8Hwx4d0aAi40G6',#5,'U101',$,$,#50,#49,'Lager',.ELEMENT.,.INTERNAL.,$);
#52=IFCQUANTITYLENGTH('AverageHeight',$,#13, 3.0);
#53=IFCQUANTITYLENGTH('GrossPerimeter',$,#13, 64.76);
#54=IFCQUANTITYAREA('GrossFloorArea',$,#14, -237.36);
#55=IFCQUANTITYAREA('GrossCeilingArea',$,#14, -237.36);
#56=IFCQUANTITYVOLUME('GrossVolume',$,#15, 712.0);
#57=IFCELEMENTQUANTITY('2SgLDyeF8Hwx4d0aAi40G6',#5,'Pset_abstractBIMQuantityTakeOff',$,$,(#52,#53,#54,#55,#56));
#58=IFCRELDEFINESBYPROPERTIES('2SgLSKeF8Hwx4d0aAi40G6',#5,$,$,(#51),#57);
#59=IFCPROPERTYSINGLEVALUE('SIA416',$, IFCLABEL('-'),$);
#60=IFCPROPERTYSINGLEVALUE('SIA0',$, IFCLABEL(''),$);
#61=IFCPROPERTYSET('2SgLgOeF8Hwx4d0aAi40G6',#5, 'Pset_abstractBIM', 'Pset_abstractBIM', (#59,#60));
#62=IFCRELDEFINESBYPROPERTIES('2SgLs6eF8Hwx4d0aAi40G6',#5,$,$,(#51),#61);
#63=IFCCARTESIANPOINT((30.2920,6.7290));
#64=IFCCARTESIANPOINT((23.2620,6.7290));
#65=IFCCARTESIANPOINT((23.2620,2.6290));
#66=IFCCARTESIANPOINT((28.7920,2.6290));
#67=IFCCARTESIANPOINT((28.7920,0.2190));
#68=IFCCARTESIANPOINT((30.2920,0.2190));
#69=IFCPOLYLINE((#63,#64,#65,#66,#67,#68,#63));
#70=IFCARBITRARYCLOSEDPROFILEDEF(.AREA.,$,#69);
#71=IFCEXTRUDEDAREASOLID(#70,#25,#23,3.0);
#72=IFCSHAPEREPRESENTATION(#11,'Body','SweptSolid',(#71));
#73=IFCPRODUCTDEFINITIONSHAPE($,$,(#72));
#74=IFCLOCALPLACEMENT(#36,#25);
#75=IFCSPACE('2SgMeaeF8Hwx4d0aAi40G6',#5,'U110',$,$,#74,#73,'Verkehrsfl\X2\00E4\X0\che',.ELEMENT.,.INTERNAL.,$);
#76=IFCQUANTITYLENGTH('AverageHeight',$,#13, 3.0);
#77=IFCQUANTITYLENGTH('GrossPerimeter',$,#13, 27.08);
#78=IFCQUANTITYAREA('GrossFloorArea',$,#14, -32.44);
#79=IFCQUANTITYAREA('GrossCeilingArea',$,#14, -32.44);
#80=IFCQUANTITYVOLUME('GrossVolume',$,#15, 97.0);
#81=IFCELEMENTQUANTITY('2SgWjaeF8Hwx4d0aAi40G6',#5,'Pset_abstractBIMQuantityTakeOff',$,$,(#76,#77,#78,#79,#80));
#82=IFCRELDEFINESBYPROPERTIES('2SgWzCeF8Hwx4d0aAi40G6',#5,$,$,(#75),#81);
#83=IFCPROPERTYSINGLEVALUE('SIA416',$, IFCLABEL('-'),$);
#84=IFCPROPERTYSINGLEVALUE('SIA0',$, IFCLABEL(''),$);
#85=IFCPROPERTYSET('2SgXA0eF8Hwx4d0aAi40G6',#5, 'Pset_abstractBIM', 'Pset_abstractBIM', (#83,#84));
#86=IFCRELDEFINESBYPROPERTIES('2SgXMqeF8Hwx4d0aAi40G6',#5,$,$,(#75),#85);
#87=IFCCARTESIANPOINT((35.9320,10.6690));
#88=IFCCARTESIANPOINT((19.9720,10.6690));
#89=IFCCARTESIANPOINT((19.9720,6.9590));
#90=IFCCARTESIANPOINT((30.5220,6.9590));
#91=IFCCARTESIANPOINT((30.5220,-0.0100));
#92=IFCCARTESIANPOINT((26.9920,-0.0100));
#93=IFCCARTESIANPOINT((26.9920,-2.4700));
#94=IFCCARTESIANPOINT((35.9320,-2.4700));
#95=IFCPOLYLINE((#87,#88,#89,#90,#91,#92,#93,#94,#87));
#96=IFCARBITRARYCLOSEDPROFILEDEF(.AREA.,$,#95);
#97=IFCEXTRUDEDAREASOLID(#96,#25,#23,3.0);
#98=IFCSHAPEREPRESENTATION(#11,'Body','SweptSolid',(#97));
#99=IFCPRODUCTDEFINITIONSHAPE($,$,(#98));
#100=IFCLOCALPLACEMENT(#36,#25);
#101=IFCSPACE('2SgYDgeF8Hwx4d0aAi40G6',#5,'U102',$,$,#100,#99,'Technik',.ELEMENT.,.INTERNAL.,$);
#102=IFCQUANTITYLENGTH('AverageHeight',$,#13, 3.0);
#103=IFCQUANTITYLENGTH('GrossPerimeter',$,#13, 65.26);
#104=IFCQUANTITYAREA('GrossFloorArea',$,#14, -118.91);
#105=IFCQUANTITYAREA('GrossCeilingArea',$,#14, -118.91);
#106=IFCQUANTITYVOLUME('GrossVolume',$,#15, 357.0);
#107=IFCELEMENTQUANTITY('2SgYfoeF8Hwx4d0aAi40G6',#5,'Pset_abstractBIMQuantityTakeOff',$,$,(#102,#103,#104,#105,#106));
#108=IFCRELDEFINESBYPROPERTIES('2SgYtYeF8Hwx4d0aAi40G6',#5,$,$,(#101),#107);
#109=IFCPROPERTYSINGLEVALUE('SIA416',$, IFCLABEL('-'),$);
#110=IFCPROPERTYSINGLEVALUE('SIA0',$, IFCLABEL(''),$);
#111=IFCPROPERTYSET('2SgZ4WeF8Hwx4d0aAi40G6',#5, 'Pset_abstractBIM', 'Pset_abstractBIM', (#109,#110));
#112=IFCRELDEFINESBYPROPERTIES('2SgZFweF8Hwx4d0aAi40G6',#5,$,$,(#101),#111);
#113=IFCCARTESIANPOINT((26.7620,2.6290));
#114=IFCCARTESIANPOINT((23.2620,-2.4700));
#115=IFCCARTESIANPOINT((26.7620,-2.4700));
#116=IFCPOLYLINE((#113,#65,#114,#115,#113));
#117=IFCARBITRARYCLOSEDPROFILEDEF(.AREA.,$,#116);
#118=IFCEXTRUDEDAREASOLID(#117,#25,#23,13.27);
#119=IFCSHAPEREPRESENTATION(#11,'Body','SweptSolid',(#118));
#120=IFCPRODUCTDEFINITIONSHAPE($,$,(#119));
#121=IFCLOCALPLACEMENT(#36,#25);
#122=IFCSPACE('2SgZzieF8Hwx4d0aAi40G6',#5,'021',$,$,#121,#120,'Treppenhaus',.ELEMENT.,.INTERNAL.,$);
#123=IFCQUANTITYLENGTH('AverageHeight',$,#13, 13.27);
#124=IFCQUANTITYLENGTH('GrossPerimeter',$,#13, 17.2);
#125=IFCQUANTITYAREA('GrossFloorArea',$,#14, -17.85);
#126=IFCQUANTITYAREA('GrossCeilingArea',$,#14, -17.85);
#127=IFCQUANTITYVOLUME('GrossVolume',$,#15, 237.0);
#128=IFCELEMENTQUANTITY('2SgaNeeF8Hwx4d0aAi40G6',#5,'Pset_abstractBIMQuantityTakeOff',$,$,(#123,#124,#125,#126,#127));
#129=IFCRELDEFINESBYPROPERTIES('2SgabOeF8Hwx4d0aAi40G6',#5,$,$,(#122),#128);
#130=IFCPROPERTYSINGLEVALUE('SIA416',$, IFCLABEL('-'),$);
#131=IFCPROPERTYSINGLEVALUE('SIA0',$, IFCLABEL(''),$);
#132=IFCPROPERTYSET('2SganaeF8Hwx4d0aAi40G6',#5, 'Pset_abstractBIM', 'Pset_abstractBIM', (#130,#131));
#133=IFCRELDEFINESBYPROPERTIES('2SgaygeF8Hwx4d0aAi40G6',#5,$,$,(#122),#132);
#134=IFCCARTESIANPOINT((28.5620,1.7490));
#135=IFCCARTESIANPOINT((26.9920,1.7490));
#136=IFCCARTESIANPOINT((26.9920,0.2190));
#137=IFCCARTESIANPOINT((28.5620,0.2190));
#138=IFCPOLYLINE((#134,#135,#136,#137,#134));
#139=IFCARBITRARYCLOSEDPROFILEDEF(.AREA.,$,#138);
#140=IFCEXTRUDEDAREASOLID(#139,#25,#23,13.27);
#141=IFCSHAPEREPRESENTATION(#11,'Body','SweptSolid',(#140));
#142=IFCPRODUCTDEFINITIONSHAPE($,$,(#141));
#143=IFCLOCALPLACEMENT(#36,#25);
#144=IFCSPACE('2SgbhEeF8Hwx4d0aAi40G6',#5,'020',$,$,#143,#142,'Lift',.ELEMENT.,.INTERNAL.,$);
#145=IFCQUANTITYLENGTH('AverageHeight',$,#13, 13.27);
#146=IFCQUANTITYLENGTH('GrossPerimeter',$,#13, 6.2);
#147=IFCQUANTITYAREA('GrossFloorArea',$,#14, -2.4);
#148=IFCQUANTITYAREA('GrossCeilingArea',$,#14, -2.4);
#149=IFCQUANTITYVOLUME('GrossVolume',$,#15, 32.0);
#150=IFCELEMENTQUANTITY('2Sgc4seF8Hwx4d0aAi40G6',#5,'Pset_abstractBIMQuantityTakeOff',$,$,(#145,#146,#147,#148,#149));
#151=IFCRELDEFINESBYPROPERTIES('2SgcISeF8Hwx4d0aAi40G6',#5,$,$,(#144),#150);
#152=IFCPROPERTYSINGLEVALUE('SIA416',$, IFCLABEL('-'),$);
#153=IFCPROPERTYSINGLEVALUE('SIA0',$, IFCLABEL(''),$);
#154=IFCPROPERTYSET('2SgcUeeF8Hwx4d0aAi40G6',#5, 'Pset_abstractBIM', 'Pset_abstractBIM', (#152,#153));
#155=IFCRELDEFINESBYPROPERTIES('2SgcfaeF8Hwx4d0aAi40G6',#5,$,$,(#144),#154);
#156=IFCCARTESIANPOINT((28.5620,2.4790));
#157=IFCCARTESIANPOINT((26.9920,2.4790));
#158=IFCCARTESIANPOINT((26.9920,1.9790));
#159=IFCCARTESIANPOINT((28.5620,1.9790));
#160=IFCPOLYLINE((#156,#157,#158,#159,#156));
#161=IFCARBITRARYCLOSEDPROFILEDEF(.AREA.,$,#160);
#162=IFCEXTRUDEDAREASOLID(#161,#25,#23,13.27);
#163=IFCSHAPEREPRESENTATION(#11,'Body','SweptSolid',(#162));
#164=IFCPRODUCTDEFINITIONSHAPE($,$,(#163));
#165=IFCLOCALPLACEMENT(#36,#25);
#166=IFCSPACE('2SgdMueF8Hwx4d0aAi40G6',#5,'022',$,$,#165,#164,'Steigzone',.ELEMENT.,.INTERNAL.,$);
#167=IFCQUANTITYLENGTH('AverageHeight',$,#13, 13.27);
#168=IFCQUANTITYLENGTH('GrossPerimeter',$,#13, 4.14);
#169=IFCQUANTITYAREA('GrossFloorArea',$,#14, -0.78);
#170=IFCQUANTITYAREA('GrossCeilingArea',$,#14, -0.78);
#171=IFCQUANTITYVOLUME('GrossVolume',$,#15, 10.0);
#172=IFCELEMENTQUANTITY('2SgdmgeF8Hwx4d0aAi40G6',#5,'Pset_abstractBIMQuantityTakeOff',$,$,(#167,#168,#169,#170,#171));
#173=IFCRELDEFINESBYPROPERTIES('2Sge4qeF8Hwx4d0aAi40G6',#5,$,$,(#166),#172);
#174=IFCPROPERTYSINGLEVALUE('SIA416',$, IFCLABEL('-'),$);
#175=IFCPROPERTYSINGLEVALUE('SIA0',$, IFCLABEL(''),$);
#176=IFCPROPERTYSET('2SgeHUeF8Hwx4d0aAi40G6',#5, 'Pset_abstractBIM', 'Pset_abstractBIM', (#174,#175));
#177=IFCRELDEFINESBYPROPERTIES('2SgeSaeF8Hwx4d0aAi40G6',#5,$,$,(#166),#176);
#178=IFCCARTESIANPOINT((23.0320,6.7290));
#179=IFCCARTESIANPOINT((19.9720,6.7290));
#180=IFCCARTESIANPOINT((19.9720,6.1290));
#181=IFCCARTESIANPOINT((23.0320,6.1290));
#182=IFCPOLYLINE((#178,#179,#180,#181,#178));
#183=IFCARBITRARYCLOSEDPROFILEDEF(.AREA.,$,#182);
#184=IFCEXTRUDEDAREASOLID(#183,#25,#23,6.51);
#185=IFCSHAPEREPRESENTATION(#11,'Body','SweptSolid',(#184));
#186=IFCPRODUCTDEFINITIONSHAPE($,$,(#185));
#187=IFCLOCALPLACEMENT(#36,#25);
#188=IFCSPACE('2SgfBIeF8Hwx4d0aAi40G6',#5,'023',$,$,#187,#186,'Steigzone',.ELEMENT.,.INTERNAL.,$);
#189=IFCQUANTITYLENGTH('AverageHeight',$,#13, 6.51);
#190=IFCQUANTITYLENGTH('GrossPerimeter',$,#13, 7.32);
#191=IFCQUANTITYAREA('GrossFloorArea',$,#14, -1.84);
#192=IFCQUANTITYAREA('GrossCeilingArea',$,#14, -1.84);
#193=IFCQUANTITYVOLUME('GrossVolume',$,#15, 12.0);
#194=IFCELEMENTQUANTITY('2SgfaSeF8Hwx4d0aAi40G6',#5,'Pset_abstractBIMQuantityTakeOff',$,$,(#189,#190,#191,#192,#193));
#195=IFCRELDEFINESBYPROPERTIES('2Sgfo2eF8Hwx4d0aAi40G6',#5,$,$,(#188),#194);
#196=IFCPROPERTYSINGLEVALUE('SIA416',$, IFCLABEL('-'),$);
#197=IFCPROPERTYSINGLEVALUE('SIA0',$, IFCLABEL(''),$);
#198=IFCPROPERTYSET('2Sgf_EeF8Hwx4d0aAi40G6',#5, 'Pset_abstractBIM', 'Pset_abstractBIM', (#196,#197));
#199=IFCRELDEFINESBYPROPERTIES('2Sgg90eF8Hwx4d0aAi40G6',#5,$,$,(#188),#198);
#200=IFCCARTESIANPOINT((23.0320,6.0540,0.0000));
#201=IFCDIRECTION((-1.00000,0.00000,0.00000));
#202=IFCAXIS2PLACEMENT3D(#200,#23,#201);
#203=IFCLOCALPLACEMENT(#36,#202);
#204=IFCCARTESIANPOINT((0.0000,-0.0000));
#205=IFCCARTESIANPOINT((3.0600,0.0000));
#206=IFCPOLYLINE((#204,#205));
#207=IFCSHAPEREPRESENTATION(#11,'Axis','Curve2D',(#206));
#208=IFCCARTESIANPOINT((-0.0000,0.0750));
#209=IFCCARTESIANPOINT((0.0000,-0.0750));
#210=IFCCARTESIANPOINT((3.0600,-0.0750));
#211=IFCCARTESIANPOINT((3.0600,0.0750));
#212=IFCPOLYLINE((#208,#209,#210,#211,#208));
#213=IFCARBITRARYCLOSEDPROFILEDEF(.AREA.,$,#212);
#214=IFCEXTRUDEDAREASOLID(#213,#25,#23,3.0);
#215=IFCSHAPEREPRESENTATION(#11,'Body','SweptSolid',(#214));
#216=IFCPRODUCTDEFINITIONSHAPE($,$,(#207,#215));
#217=IFCWALLSTANDARDCASE('2Sgh__eF8Hwx4d0aAi40G6',#5,'Wall Interior',$,$,#203,#216,$);
#218=IFCPROPERTYSINGLEVALUE('ExtendToStructure', 'ExtendToStructure', IFCBOOLEAN(.T.),$);
#219=IFCPROPERTYSINGLEVALUE('IsExternal', 'IsExternal', IFCBOOLEAN(.F.),$);
#220=IFCPROPERTYSINGLEVALUE('Reference',$, IFCLABEL('Wall Interior'),$);
#221=IFCPROPERTYSINGLEVALUE('Spaces',$, IFCLABEL('023,U101'),$);
#222=IFCPROPERTYSET('2SgiM6eF8Hwx4d0aAi40G6',#5, 'Pset_abstractBIM', 'Pset_abstractBIM', (#218,#219,#220,#221));
#223=IFCRELDEFINESBYPROPERTIES('2SgiYweF8Hwx4d0aAi40G6',#5,$,$,(#217),#222);
#224=IFCQUANTITYLENGTH('NominalLength',$,#13, 3.06);
#225=IFCQUANTITYLENGTH('NominalWidth',$,#13, 0.15);
#226=IFCQUANTITYLENGTH('NominalHeight',$,#13, 3.0);
#227=IFCQUANTITYAREA('GrossFootprintArea',$,#14, 0.45899999999999996);
#228=IFCQUANTITYAREA('NetFootprintArea',$,#14, 0.46);
#229=IFCQUANTITYAREA('GrossSideArea',$,#14, 9.18);
#230=IFCQUANTITYAREA('GrossSideVolume',$,#14, 1.3800000000000001);
#231=IFCELEMENTQUANTITY('2Sgj8keF8Hwx4d0aAi40G6',#5,'Pset_abstractBIMQuantityTakeOff',$,$,(#224,#225,#226,#227,#228,#229,#230,#221));
#232=IFCRELDEFINESBYPROPERTIES('2SgjNQeF8Hwx4d0aAi40G6',#5,$,$,(#217),#231);
#233=IFCCARTESIANPOINT((30.2920,0.1045,0.0000));
#234=IFCAXIS2PLACEMENT3D(#233,#23,#201);
#235=IFCLOCALPLACEMENT(#36,#234);
#236=IFCCARTESIANPOINT((1.5000,0.0000));
#237=IFCPOLYLINE((#204,#236));
#238=IFCSHAPEREPRESENTATION(#11,'Axis','Curve2D',(#237));
#239=IFCCARTESIANPOINT((0.0000,-0.1145));
#240=IFCCARTESIANPOINT((1.5000,-0.1145));
#241=IFCCARTESIANPOINT((1.5000,0.1145));
#242=IFCCARTESIANPOINT((-0.0000,0.1145));
#243=IFCPOLYLINE((#239,#240,#241,#242,#239));
#244=IFCARBITRARYCLOSEDPROFILEDEF(.AREA.,$,#243);
#245=IFCEXTRUDEDAREASOLID(#244,#25,#23,3.0);
#246=IFCSHAPEREPRESENTATION(#11,'Body','SweptSolid',(#245));
#247=IFCPRODUCTDEFINITIONSHAPE($,$,(#238,#246));
#248=IFCWALLSTANDARDCASE('2SgkbieF8Hwx4d0aAi40G6',#5,'Wall Interior',$,$,#235,#247,$);
#249=IFCPROPERTYSINGLEVALUE('ExtendToStructure', 'ExtendToStructure', IFCBOOLEAN(.T.),$);
#250=IFCPROPERTYSINGLEVALUE('IsExternal', 'IsExternal', IFCBOOLEAN(.F.),$);
#251=IFCPROPERTYSINGLEVALUE('Reference',$, IFCLABEL('Wall Interior'),$);
#252=IFCPROPERTYSINGLEVALUE('Spaces',$, IFCLABEL('U110,U102'),$);
#253=IFCPROPERTYSET('2SgubseF8Hwx4d0aAi40G6',#5, 'Pset_abstractBIM', 'Pset_abstractBIM', (#249,#250,#251,#252));
#254=IFCRELDEFINESBYPROPERTIES('2SgureeF8Hwx4d0aAi40G6',#5,$,$,(#248),#253);
#255=IFCQUANTITYLENGTH('NominalLength',$,#13, 1.5);
#256=IFCQUANTITYLENGTH('NominalWidth',$,#13, 0.23);
#257=IFCQUANTITYLENGTH('NominalHeight',$,#13, 3.0);
#258=IFCQUANTITYAREA('GrossFootprintArea',$,#14, 0.34500000000000003);
#259=IFCQUANTITYAREA('NetFootprintArea',$,#14, 0.34);
#260=IFCQUANTITYAREA('GrossSideArea',$,#14, 4.5);
#261=IFCQUANTITYAREA('GrossSideVolume',$,#14, 1.02);
#262=IFCELEMENTQUANTITY('2SgvFkeF8Hwx4d0aAi40G6',#5,'Pset_abstractBIMQuantityTakeOff',$,$,(#255,#256,#257,#258,#259,#260,#261,#252));
#263=IFCRELDEFINESBYPROPERTIES('2SgvTyeF8Hwx4d0aAi40G6',#5,$,$,(#248),#262);
#264=IFCCARTESIANPOINT((30.2920,6.8440,0.0000));
#265=IFCAXIS2PLACEMENT3D(#264,#23,#201);
#266=IFCLOCALPLACEMENT(#36,#265);
#267=IFCCARTESIANPOINT((10.5500,0.0000));
#268=IFCPOLYLINE((#204,#267));
#269=IFCSHAPEREPRESENTATION(#11,'Axis','Curve2D',(#268));
#270=IFCCARTESIANPOINT((0.0000,-0.1150));
#271=IFCCARTESIANPOINT((10.5500,-0.1150));
#272=IFCCARTESIANPOINT((10.5500,0.1150));
#273=IFCCARTESIANPOINT((-0.0000,0.1150));
#274=IFCPOLYLINE((#270,#271,#272,#273,#270));
#275=IFCARBITRARYCLOSEDPROFILEDEF(.AREA.,$,#274);
#276=IFCEXTRUDEDAREASOLID(#275,#25,#23,3.0);
#277=IFCSHAPEREPRESENTATION(#11,'Body','SweptSolid',(#276));
#278=IFCPRODUCTDEFINITIONSHAPE($,$,(#269,#277));
#279=IFCWALLSTANDARDCASE('2SgwlMeF8Hwx4d0aAi40G6',#5,'Wall Interior',$,$,#266,#278,$);
#280=IFCPROPERTYSINGLEVALUE('ExtendToStructure', 'ExtendToStructure', IFCBOOLEAN(.T.),$);
#281=IFCPROPERTYSINGLEVALUE('IsExternal', 'IsExternal', IFCBOOLEAN(.F.),$);
#282=IFCPROPERTYSINGLEVALUE('Reference',$, IFCLABEL('Wall Interior'),$);
#283=IFCPROPERTYSINGLEVALUE('Spaces',$, IFCLABEL('U110,023,U102,U101'),$);
#284=IFCPROPERTYSET('2Sgx5EeF8Hwx4d0aAi40G6',#5, 'Pset_abstractBIM', 'Pset_abstractBIM', (#280,#281,#282,#283));
#285=IFCRELDEFINESBYPROPERTIES('2SgxHGeF8Hwx4d0aAi40G6',#5,$,$,(#279),#284);
#286=IFCQUANTITYLENGTH('NominalLength',$,#13, 10.55);
#287=IFCQUANTITYLENGTH('NominalWidth',$,#13, 0.23);
#288=IFCQUANTITYLENGTH('NominalHeight',$,#13, 3.0);
#289=IFCQUANTITYAREA('GrossFootprintArea',$,#14, 2.4265000000000003);
#290=IFCQUANTITYAREA('NetFootprintArea',$,#14, 2.43);
#291=IFCQUANTITYAREA('GrossSideArea',$,#14, 31.650000000000002);
#292=IFCQUANTITYAREA('GrossSideVolume',$,#14, 7.290000000000001);
#293=IFCELEMENTQUANTITY('2SgxnweF8Hwx4d0aAi40G6',#5,'Pset_abstractBIMQuantityTakeOff',$,$,(#286,#287,#288,#289,#290,#291,#292,#283));
#294=IFCRELDEFINESBYPROPERTIES('2Sgx$_eF8Hwx4d0aAi40G6',#5,$,$,(#279),#293);
#295=IFCCARTESIANPOINT((28.5620,0.1045,0.0000));
#296=IFCAXIS2PLACEMENT3D(#295,#23,#201);
#297=IFCLOCALPLACEMENT(#36,#296);
#298=IFCCARTESIANPOINT((1.5700,0.0000));
#299=IFCPOLYLINE((#204,#298));
#300=IFCSHAPEREPRESENTATION(#11,'Axis','Curve2D',(#299));
#301=IFCCARTESIANPOINT((1.5700,-0.1145));
#302=IFCCARTESIANPOINT((1.5700,0.1145));
#303=IFCPOLYLINE((#239,#301,#302,#242,#239));
#304=IFCARBITRARYCLOSEDPROFILEDEF(.AREA.,$,#303);
#305=IFCEXTRUDEDAREASOLID(#304,#25,#23,3.0);
#306=IFCSHAPEREPRESENTATION(#11,'Body','SweptSolid',(#305));
#307=IFCPRODUCTDEFINITIONSHAPE($,$,(#300,#306));
#308=IFCWALLSTANDARDCASE('2SgzDoeF8Hwx4d0aAi40G6',#5,'Wall Interior',$,$,#297,#307,$);
#309=IFCPROPERTYSINGLEVALUE('ExtendToStructure', 'ExtendToStructure', IFCBOOLEAN(.T.),$);
#310=IFCPROPERTYSINGLEVALUE('IsExternal', 'IsExternal', IFCBOOLEAN(.F.),$);
#311=IFCPROPERTYSINGLEVALUE('Reference',$, IFCLABEL('Wall Interior'),$);
#312=IFCPROPERTYSINGLEVALUE('Spaces',$, IFCLABEL('020,U102'),$);
#313=IFCPROPERTYSET('2SgzYueF8Hwx4d0aAi40G6',#5, 'Pset_abstractBIM', 'Pset_abstractBIM', (#309,#310,#311,#312));
#314=IFCRELDEFINESBYPROPERTIES('2SgzkmeF8Hwx4d0aAi40G6',#5,$,$,(#308),#313);
#315=IFCQUANTITYLENGTH('NominalLength',$,#13, 1.57);
#316=IFCQUANTITYLENGTH('NominalWidth',$,#13, 0.23);
#317=IFCQUANTITYLENGTH('NominalHeight',$,#13, 3.0);
#318=IFCQUANTITYAREA('GrossFootprintArea',$,#14, 0.36110000000000003);
#319=IFCQUANTITYAREA('NetFootprintArea',$,#14, 0.36);
#320=IFCQUANTITYAREA('GrossSideArea',$,#14, 4.71);
#321=IFCQUANTITYAREA('GrossSideVolume',$,#14, 1.08);
#322=IFCELEMENTQUANTITY('2Sg_6WeF8Hwx4d0aAi40G6',#5,'Pset_abstractBIMQuantityTakeOff',$,$,(#315,#316,#317,#318,#319,#320,#321,#312));
#323=IFCRELDEFINESBYPROPERTIES('2Sg_K6eF8Hwx4d0aAi40G6',#5,$,$,(#308),#322);
#324=IFCCARTESIANPOINT((19.8570,5.9790,0.0000));
#325=IFCDIRECTION((0.00000,1.00000,-0.00000));
#326=IFCAXIS2PLACEMENT3D(#324,#23,#325);
#327=IFCLOCALPLACEMENT(#36,#326);
#328=IFCCARTESIANPOINT((0.0000,0.0000));
#329=IFCCARTESIANPOINT((0.7500,0.0000));
#330=IFCPOLYLINE((#328,#329));
#331=IFCSHAPEREPRESENTATION(#11,'Axis','Curve2D',(#330));
#332=IFCCARTESIANPOINT((0.7500,-0.1150));
#333=IFCCARTESIANPOINT((0.7500,0.1150));
#334=IFCPOLYLINE((#332,#333,#273,#270,#332));
#335=IFCARBITRARYCLOSEDPROFILEDEF(.AREA.,$,#334);
#336=IFCEXTRUDEDAREASOLID(#335,#25,#23,3.0);
#337=IFCSHAPEREPRESENTATION(#11,'Body','SweptSolid',(#336));
#338=IFCPRODUCTDEFINITIONSHAPE($,$,(#331,#337));
#339=IFCWALLSTANDARDCASE('2Sg$VueF8Hwx4d0aAi40G6',#5,'Wall Interior',$,$,#327,#338,$);
#340=IFCPROPERTYSINGLEVALUE('ExtendToStructure', 'ExtendToStructure', IFCBOOLEAN(.T.),$);
#341=IFCPROPERTYSINGLEVALUE('IsExternal', 'IsExternal', IFCBOOLEAN(.F.),$);
#342=IFCPROPERTYSINGLEVALUE('Reference',$, IFCLABEL('Wall Interior'),$);
#343=IFCPROPERTYSINGLEVALUE('Spaces',$, IFCLABEL('023,U101'),$);
#344=IFCPROPERTYSET('2Sg$sEeF8Hwx4d0aAi40G6',#5, 'Pset_abstractBIM', 'Pset_abstractBIM', (#340,#341,#342,#343));
#345=IFCRELDEFINESBYPROPERTIES('2Sh01yeF8Hwx4d0aAi40G6',#5,$,$,(#339),#344);
#346=IFCQUANTITYLENGTH('NominalLength',$,#13, 0.75);
#347=IFCQUANTITYLENGTH('NominalWidth',$,#13, 0.23);
#348=IFCQUANTITYLENGTH('NominalHeight',$,#13, 3.0);
#349=IFCQUANTITYAREA('GrossFootprintArea',$,#14, 0.17250000000000001);
#350=IFCQUANTITYAREA('NetFootprintArea',$,#14, 0.17);
#351=IFCQUANTITYAREA('GrossSideArea',$,#14, 2.25);
#352=IFCQUANTITYAREA('GrossSideVolume',$,#14, 0.51);
#353=IFCELEMENTQUANTITY('2Sh0PseF8Hwx4d0aAi40G6',#5,'Pset_abstractBIMQuantityTakeOff',$,$,(#346,#347,#348,#349,#350,#351,#352,#343));
#354=IFCRELDEFINESBYPROPERTIES('2Sh0eseF8Hwx4d0aAi40G6',#5,$,$,(#339),#353);
#355=IFCCARTESIANPOINT((28.5620,2.5540,0.0000));
#356=IFCAXIS2PLACEMENT3D(#355,#23,#201);
#357=IFCLOCALPLACEMENT(#36,#356);
#358=IFCCARTESIANPOINT((1.8000,0.0000));
#359=IFCPOLYLINE((#204,#358));
#360=IFCSHAPEREPRESENTATION(#11,'Axis','Curve2D',(#359));
#361=IFCCARTESIANPOINT((1.8000,-0.0750));
#362=IFCCARTESIANPOINT((1.8000,0.0750));
#363=IFCPOLYLINE((#209,#361,#362,#208,#209));
#364=IFCARBITRARYCLOSEDPROFILEDEF(.AREA.,$,#363);
#365=IFCEXTRUDEDAREASOLID(#364,#25,#23,3.0);
#366=IFCSHAPEREPRESENTATION(#11,'Body','SweptSolid',(#365));
#367=IFCPRODUCTDEFINITIONSHAPE($,$,(#360,#366));
#368=IFCWALLSTANDARDCASE('2Sh1qKeF8Hwx4d0aAi40G6',#5,'Wall Interior',$,$,#357,#367,$);
#369=IFCPROPERTYSINGLEVALUE('ExtendToStructure', 'ExtendToStructure', IFCBOOLEAN(.T.),$);
#370=IFCPROPERTYSINGLEVALUE('IsExternal', 'IsExternal', IFCBOOLEAN(.F.),$);
#371=IFCPROPERTYSINGLEVALUE('Reference',$, IFCLABEL('Wall Interior'),$);
#372=IFCPROPERTYSINGLEVALUE('Spaces',$, IFCLABEL('U110,022,021'),$);
#373=IFCPROPERTYSET('2Sh29GeF8Hwx4d0aAi40G6',#5, 'Pset_abstractBIM', 'Pset_abstractBIM', (#369,#370,#371,#372));
#374=IFCRELDEFINESBYPROPERTIES('2Sh2KqeF8Hwx4d0aAi40G6',#5,$,$,(#368),#373);
#375=IFCQUANTITYLENGTH('NominalLength',$,#13, 1.8);
#376=IFCQUANTITYLENGTH('NominalWidth',$,#13, 0.15);
#377=IFCQUANTITYLENGTH('NominalHeight',$,#13, 3.0);
#378=IFCQUANTITYAREA('GrossFootprintArea',$,#14, 0.27);
#379=IFCQUANTITYAREA('NetFootprintArea',$,#14, 0.27);
#380=IFCQUANTITYAREA('GrossSideArea',$,#14, 5.4);
#381=IFCQUANTITYAREA('GrossSideVolume',$,#14, 0.81);
#382=IFCELEMENTQUANTITY('2Sh2ikeF8Hwx4d0aAi40G6',#5,'Pset_abstractBIMQuantityTakeOff',$,$,(#375,#376,#377,#378,#379,#380,#381,#372));
#383=IFCRELDEFINESBYPROPERTIES('2Sh2wKeF8Hwx4d0aAi40G6',#5,$,$,(#368),#382);
#384=IFCCARTESIANPOINT((28.6770,-0.0100,0.0000));
#385=IFCAXIS2PLACEMENT3D(#384,#23,#325);
#386=IFCLOCALPLACEMENT(#36,#385);
#387=IFCCARTESIANPOINT((2.6390,0.0000));
#388=IFCPOLYLINE((#328,#387));
#389=IFCSHAPEREPRESENTATION(#11,'Axis','Curve2D',(#388));
#390=IFCCARTESIANPOINT((2.6390,-0.1150));
#391=IFCCARTESIANPOINT((2.6390,0.1150));
#392=IFCPOLYLINE((#390,#391,#273,#270,#390));
#393=IFCARBITRARYCLOSEDPROFILEDEF(.AREA.,$,#392);
#394=IFCEXTRUDEDAREASOLID(#393,#25,#23,3.0);
#395=IFCSHAPEREPRESENTATION(#11,'Body','SweptSolid',(#394));
#396=IFCPRODUCTDEFINITIONSHAPE($,$,(#389,#395));
#397=IFCWALLSTANDARDCASE('2Sh4BGeF8Hwx4d0aAi40G6',#5,'Wall Interior',$,$,#386,#396,$);
#398=IFCCARTESIANPOINT((0.9949,0.0000,0.0000));
#399=IFCAXIS2PLACEMENT3D(#398,#23,#24);
#400=IFCLOCALPLACEMENT(#386,#399);
#401=IFCCARTESIANPOINT((-0.7000,0.2520));
#402=IFCCARTESIANPOINT((0.7000,0.2520));
#403=IFCCARTESIANPOINT((0.7000,-0.2520));
#404=IFCCARTESIANPOINT((-0.7000,-0.2520));
#405=IFCPOLYLINE((#401,#402,#403,#404,#401));
#406=IFCARBITRARYCLOSEDPROFILEDEF(.AREA.,$,#405);
#407=IFCEXTRUDEDAREASOLID(#406,#25,#23,2.0000000000000004);
#408=IFCSHAPEREPRESENTATION(#11,'Body','SweptSolid',(#407));
#409=IFCPRODUCTDEFINITIONSHAPE($,$,(#408));
#410=IFCOPENINGELEMENT('2Sh5mMeF8Hwx4d0aAi40G6',#5,'Door Interior_op',$,$,#400,#409,'OPENING');
#411=IFCRELVOIDSELEMENT('2Sh5_ueF8Hwx4d0aAi40G6',#5,$,$,#397,#410);
#412=IFCPROPERTYSINGLEVALUE('ExtendToStructure', 'ExtendToStructure', IFCBOOLEAN(.T.),$);
#413=IFCPROPERTYSINGLEVALUE('IsExternal', 'IsExternal', IFCBOOLEAN(.F.),$);
#414=IFCPROPERTYSINGLEVALUE('Reference',$, IFCLABEL('Wall Interior'),$);
#415=IFCPROPERTYSINGLEVALUE('Spaces',$, IFCLABEL('U110,022,020'),$);
#416=IFCPROPERTYSET('2Sh6J2eF8Hwx4d0aAi40G6',#5, 'Pset_abstractBIM', 'Pset_abstractBIM', (#412,#413,#414,#415));
#417=IFCRELDEFINESBYPROPERTIES('2Sh6V4eF8Hwx4d0aAi40G6',#5,$,$,(#397),#416);
#418=IFCQUANTITYLENGTH('NominalLength',$,#13, 2.64);
#419=IFCQUANTITYLENGTH('NominalWidth',$,#13, 0.23);
#420=IFCQUANTITYLENGTH('NominalHeight',$,#13, 3.0);
#421=IFCQUANTITYAREA('GrossFootprintArea',$,#14, 0.6072000000000001);
#422=IFCQUANTITYAREA('NetFootprintArea',$,#14, 0.61);
#423=IFCQUANTITYAREA('GrossSideArea',$,#14, 7.92);
#424=IFCQUANTITYAREA('GrossSideVolume',$,#14, 1.83);
#425=IFCELEMENTQUANTITY('2Sh6tIeF8Hwx4d0aAi40G6',#5,'Pset_abstractBIMQuantityTakeOff',$,$,(#418,#419,#420,#421,#422,#423,#424,#415));
#426=IFCRELDEFINESBYPROPERTIES('2ShGi2eF8Hwx4d0aAi40G6',#5,$,$,(#397),#425);
#427=IFCCARTESIANPOINT((23.1470,-2.4700,0.0000));
#428=IFCAXIS2PLACEMENT3D(#427,#23,#325);
#429=IFCLOCALPLACEMENT(#36,#428);
#430=IFCCARTESIANPOINT((9.1990,0.0000));
#431=IFCPOLYLINE((#328,#430));
#432=IFCSHAPEREPRESENTATION(#11,'Axis','Curve2D',(#431));
#433=IFCCARTESIANPOINT((9.1990,-0.1150));
#434=IFCCARTESIANPOINT((9.1990,0.1150));
#435=IFCPOLYLINE((#433,#434,#273,#270,#433));
#436=IFCARBITRARYCLOSEDPROFILEDEF(.AREA.,$,#435);
#437=IFCEXTRUDEDAREASOLID(#436,#25,#23,3.0);
#438=IFCSHAPEREPRESENTATION(#11,'Body','SweptSolid',(#437));
#439=IFCPRODUCTDEFINITIONSHAPE($,$,(#432,#438));
#440=IFCWALLSTANDARDCASE('2ShI2IeF8Hwx4d0aAi40G6',#5,'Wall Interior',$,$,#429,#439,$);
#441=IFCPROPERTYSINGLEVALUE('ExtendToStructure', 'ExtendToStructure', IFCBOOLEAN(.T.),$);
#442=IFCPROPERTYSINGLEVALUE('IsExternal', 'IsExternal', IFCBOOLEAN(.F.),$);
#443=IFCPROPERTYSINGLEVALUE('Reference',$, IFCLABEL('Wall Interior'),$);
#444=IFCPROPERTYSINGLEVALUE('Spaces',$, IFCLABEL('U110,023,U101,021'),$);
#445=IFCPROPERTYSET('2ShIOyeF8Hwx4d0aAi40G6',#5, 'Pset_abstractBIM', 'Pset_abstractBIM', (#441,#442,#443,#444));
#446=IFCRELDEFINESBYPROPERTIES('2ShIbIeF8Hwx4d0aAi40G6',#5,$,$,(#440),#445);
#447=IFCQUANTITYLENGTH('NominalLength',$,#13, 9.2);
#448=IFCQUANTITYLENGTH('NominalWidth',$,#13, 0.23);
#449=IFCQUANTITYLENGTH('NominalHeight',$,#13, 3.0);
#450=IFCQUANTITYAREA('GrossFootprintArea',$,#14, 2.116);
#451=IFCQUANTITYAREA('NetFootprintArea',$,#14, 2.12);
#452=IFCQUANTITYAREA('GrossSideArea',$,#14, 27.599999999999998);
#453=IFCQUANTITYAREA('GrossSideVolume',$,#14, 6.36);
#454=IFCELEMENTQUANTITY('2ShI_8eF8Hwx4d0aAi40G6',#5,'Pset_abstractBIMQuantityTakeOff',$,$,(#447,#448,#449,#450,#451,#452,#453,#444));
#455=IFCRELDEFINESBYPROPERTIES('2ShJBueF8Hwx4d0aAi40G6',#5,$,$,(#440),#454);
#456=IFCCARTESIANPOINT((26.8770,-2.4700,0.0000));
#457=IFCAXIS2PLACEMENT3D(#456,#23,#325);
#458=IFCLOCALPLACEMENT(#36,#457);
#459=IFCCARTESIANPOINT((2.6890,0.0000));
#460=IFCPOLYLINE((#328,#459));
#461=IFCSHAPEREPRESENTATION(#11,'Axis','Curve2D',(#460));
#462=IFCCARTESIANPOINT((2.6890,-0.1150));
#463=IFCCARTESIANPOINT((2.6890,0.1150));
#464=IFCPOLYLINE((#462,#463,#273,#270,#462));
#465=IFCARBITRARYCLOSEDPROFILEDEF(.AREA.,$,#464);
#466=IFCEXTRUDEDAREASOLID(#465,#25,#23,3.0);
#467=IFCSHAPEREPRESENTATION(#11,'Body','SweptSolid',(#466));
#468=IFCPRODUCTDEFINITIONSHAPE($,$,(#461,#467));
#469=IFCWALLSTANDARDCASE('2ShKOSeF8Hwx4d0aAi40G6',#5,'Wall Interior',$,$,#458,#468,$);
#470=IFCPROPERTYSINGLEVALUE('ExtendToStructure', 'ExtendToStructure', IFCBOOLEAN(.T.),$);
#471=IFCPROPERTYSINGLEVALUE('IsExternal', 'IsExternal', IFCBOOLEAN(.F.),$);
#472=IFCPROPERTYSINGLEVALUE('Reference',$, IFCLABEL('Wall Interior'),$);
#473=IFCPROPERTYSINGLEVALUE('Spaces',$, IFCLABEL('020,U102,021'),$);
#474=IFCPROPERTYSET('2ShKlQeF8Hwx4d0aAi40G6',#5, 'Pset_abstractBIM', 'Pset_abstractBIM', (#470,#471,#472,#473));
#475=IFCRELDEFINESBYPROPERTIES('2ShKxceF8Hwx4d0aAi40G6',#5,$,$,(#469),#474);
#476=IFCQUANTITYLENGTH('NominalLength',$,#13, 2.69);
#477=IFCQUANTITYLENGTH('NominalWidth',$,#13, 0.23);
#478=IFCQUANTITYLENGTH('NominalHeight',$,#13, 3.0);
#479=IFCQUANTITYAREA('GrossFootprintArea',$,#14, 0.6187);
#480=IFCQUANTITYAREA('NetFootprintArea',$,#14, 0.62);
#481=IFCQUANTITYAREA('GrossSideArea',$,#14, 8.07);
#482=IFCQUANTITYAREA('GrossSideVolume',$,#14, 1.8599999999999999);
#483=IFCELEMENTQUANTITY('2ShLM0eF8Hwx4d0aAi40G6',#5,'Pset_abstractBIMQuantityTakeOff',$,$,(#476,#477,#478,#479,#480,#481,#482,#473));
#484=IFCRELDEFINESBYPROPERTIES('2ShLaOeF8Hwx4d0aAi40G6',#5,$,$,(#469),#483);
#485=IFCCARTESIANPOINT((30.4070,-0.0100,0.0000));
#486=IFCAXIS2PLACEMENT3D(#485,#23,#325);
#487=IFCLOCALPLACEMENT(#36,#486);
#488=IFCCARTESIANPOINT((6.9690,0.0000));
#489=IFCPOLYLINE((#328,#488));
#490=IFCSHAPEREPRESENTATION(#11,'Axis','Curve2D',(#489));
#491=IFCCARTESIANPOINT((6.9690,-0.1150));
#492=IFCCARTESIANPOINT((6.9690,0.1150));
#493=IFCPOLYLINE((#491,#492,#273,#270,#491));
#494=IFCARBITRARYCLOSEDPROFILEDEF(.AREA.,$,#493);
#495=IFCEXTRUDEDAREASOLID(#494,#25,#23,3.0);
#496=IFCSHAPEREPRESENTATION(#11,'Body','SweptSolid',(#495));
#497=IFCPRODUCTDEFINITIONSHAPE($,$,(#490,#496));
#498=IFCWALLSTANDARDCASE('2ShMoCeF8Hwx4d0aAi40G6',#5,'Wall Interior',$,$,#487,#497,$);
#499=IFCPROPERTYSINGLEVALUE('ExtendToStructure', 'ExtendToStructure', IFCBOOLEAN(.T.),$);
#500=IFCPROPERTYSINGLEVALUE('IsExternal', 'IsExternal', IFCBOOLEAN(.F.),$);
#501=IFCPROPERTYSINGLEVALUE('Reference',$, IFCLABEL('Wall Interior'),$);
#502=IFCPROPERTYSINGLEVALUE('Spaces',$, IFCLABEL('U110,U102'),$);
#503=IFCPROPERTYSET('2ShN8EeF8Hwx4d0aAi40G6',#5, 'Pset_abstractBIM', 'Pset_abstractBIM', (#499,#500,#501,#502));
#504=IFCRELDEFINESBYPROPERTIES('2ShNKaeF8Hwx4d0aAi40G6',#5,$,$,(#498),#503);
#505=IFCQUANTITYLENGTH('NominalLength',$,#13, 6.97);
#506=IFCQUANTITYLENGTH('NominalWidth',$,#13, 0.23);
#507=IFCQUANTITYLENGTH('NominalHeight',$,#13, 3.0);
#508=IFCQUANTITYAREA('GrossFootprintArea',$,#14, 1.6031);
#509=IFCQUANTITYAREA('NetFootprintArea',$,#14, 1.6);
#510=IFCQUANTITYAREA('GrossSideArea',$,#14, 20.91);
#511=IFCQUANTITYAREA('GrossSideVolume',$,#14, 4.800000000000001);
#512=IFCELEMENTQUANTITY('2ShNioeF8Hwx4d0aAi40G6',#5,'Pset_abstractBIMQuantityTakeOff',$,$,(#505,#506,#507,#508,#509,#510,#511,#502));
#513=IFCRELDEFINESBYPROPERTIES('2ShNwEeF8Hwx4d0aAi40G6',#5,$,$,(#498),#512);
#514=IFCCARTESIANPOINT((19.8570,6.9590,0.0000));
#515=IFCAXIS2PLACEMENT3D(#514,#23,#325);
#516=IFCLOCALPLACEMENT(#36,#515);
#517=IFCCARTESIANPOINT((3.7100,0.0000));
#518=IFCPOLYLINE((#328,#517));
#519=IFCSHAPEREPRESENTATION(#11,'Axis','Curve2D',(#518));
#520=IFCCARTESIANPOINT((3.7100,-0.1150));
#521=IFCCARTESIANPOINT((3.7100,0.1150));
#522=IFCPOLYLINE((#520,#521,#273,#270,#520));
#523=IFCARBITRARYCLOSEDPROFILEDEF(.AREA.,$,#522);
#524=IFCEXTRUDEDAREASOLID(#523,#25,#23,3.0);
#525=IFCSHAPEREPRESENTATION(#11,'Body','SweptSolid',(#524));
#526=IFCPRODUCTDEFINITIONSHAPE($,$,(#519,#525));
#527=IFCWALLSTANDARDCASE('2ShPB0eF8Hwx4d0aAi40G6',#5,'Wall Interior',$,$,#516,#526,$);
#528=IFCPROPERTYSINGLEVALUE('ExtendToStructure', 'ExtendToStructure', IFCBOOLEAN(.T.),$);
#529=IFCPROPERTYSINGLEVALUE('IsExternal', 'IsExternal', IFCBOOLEAN(.F.),$);
#530=IFCPROPERTYSINGLEVALUE('Reference',$, IFCLABEL('Wall Interior'),$);
#531=IFCPROPERTYSINGLEVALUE('Spaces',$, IFCLABEL('U102,U101'),$);
#532=IFCPROPERTYSET('2ShPVyeF8Hwx4d0aAi40G6',#5, 'Pset_abstractBIM', 'Pset_abstractBIM', (#528,#529,#530,#531));
#533=IFCRELDEFINESBYPROPERTIES('2ShPhgeF8Hwx4d0aAi40G6',#5,$,$,(#527),#532);
#534=IFCQUANTITYLENGTH('NominalLength',$,#13, 3.71);
#535=IFCQUANTITYLENGTH('NominalWidth',$,#13, 0.23);
#536=IFCQUANTITYLENGTH('NominalHeight',$,#13, 3.0);
#537=IFCQUANTITYAREA('GrossFootprintArea',$,#14, 0.8533000000000001);
#538=IFCQUANTITYAREA('NetFootprintArea',$,#14, 0.85);
#539=IFCQUANTITYAREA('GrossSideArea',$,#14, 11.129999999999999);
#540=IFCQUANTITYAREA('GrossSideVolume',$,#14, 2.55);
#541=IFCELEMENTQUANTITY('2ShQ3keF8Hwx4d0aAi40G6',#5,'Pset_abstractBIMQuantityTakeOff',$,$,(#534,#535,#536,#537,#538,#539,#540,#531));
#542=IFCRELDEFINESBYPROPERTIES('2ShQIGeF8Hwx4d0aAi40G6',#5,$,$,(#527),#541);
#543=IFCCARTESIANPOINT((26.8770,0.2190,0.0000));
#544=IFCAXIS2PLACEMENT3D(#543,#23,#325);
#545=IFCLOCALPLACEMENT(#36,#544);
#546=IFCCARTESIANPOINT((1.5300,0.0000));
#547=IFCPOLYLINE((#328,#546));
#548=IFCSHAPEREPRESENTATION(#11,'Axis','Curve2D',(#547));
#549=IFCCARTESIANPOINT((1.5300,-0.1150));
#550=IFCCARTESIANPOINT((1.5300,0.1150));
#551=IFCPOLYLINE((#549,#550,#273,#270,#549));
#552=IFCARBITRARYCLOSEDPROFILEDEF(.AREA.,$,#551);
#553=IFCEXTRUDEDAREASOLID(#552,#25,#23,3.5100000000000002);
#554=IFCSHAPEREPRESENTATION(#11,'Body','SweptSolid',(#553));
#555=IFCPRODUCTDEFINITIONSHAPE($,$,(#548,#554));
#556=IFCWALLSTANDARDCASE('2ShRUqeF8Hwx4d0aAi40G6',#5,'Wall Interior',$,$,#545,#555,$);
#557=IFCPROPERTYSINGLEVALUE('ExtendToStructure', 'ExtendToStructure', IFCBOOLEAN(.T.),$);
#558=IFCPROPERTYSINGLEVALUE('IsExternal', 'IsExternal', IFCBOOLEAN(.F.),$);
#559=IFCPROPERTYSINGLEVALUE('Reference',$, IFCLABEL('Wall Interior'),$);
#560=IFCPROPERTYSINGLEVALUE('Spaces',$, IFCLABEL('020,021'),$);
#561=IFCPROPERTYSET('2ShRpmeF8Hwx4d0aAi40G6',#5, 'Pset_abstractBIM', 'Pset_abstractBIM', (#557,#558,#559,#560));
#562=IFCRELDEFINESBYPROPERTIES('2ShR$UeF8Hwx4d0aAi40G6',#5,$,$,(#556),#561);
#563=IFCQUANTITYLENGTH('NominalLength',$,#13, 1.53);
#564=IFCQUANTITYLENGTH('NominalWidth',$,#13, 0.23);
#565=IFCQUANTITYLENGTH('NominalHeight',$,#13, 3.51);
#566=IFCQUANTITYAREA('GrossFootprintArea',$,#14, 0.35190000000000005);
#567=IFCQUANTITYAREA('NetFootprintArea',$,#14, 0.35);
#568=IFCQUANTITYAREA('GrossSideArea',$,#14, 5.370299999999999);
#569=IFCQUANTITYAREA('GrossSideVolume',$,#14, 1.2285);
#570=IFCELEMENTQUANTITY('2ShSNieF8Hwx4d0aAi40G6',#5,'Pset_abstractBIMQuantityTakeOff',$,$,(#563,#564,#565,#566,#567,#568,#569,#560));
#571=IFCRELDEFINESBYPROPERTIES('2ShSb8eF8Hwx4d0aAi40G6',#5,$,$,(#556),#570);
#572=IFCCARTESIANPOINT((28.5620,1.8640,0.0000));
#573=IFCAXIS2PLACEMENT3D(#572,#23,#201);
#574=IFCLOCALPLACEMENT(#36,#573);
#575=IFCPOLYLINE((#204,#358));
#576=IFCSHAPEREPRESENTATION(#11,'Axis','Curve2D',(#575));
#577=IFCCARTESIANPOINT((1.8000,-0.1150));
#578=IFCCARTESIANPOINT((1.8000,0.1150));
#579=IFCPOLYLINE((#270,#577,#578,#273,#270));
#580=IFCARBITRARYCLOSEDPROFILEDEF(.AREA.,$,#579);
#581=IFCEXTRUDEDAREASOLID(#580,#25,#23,3.5100000000000002);
#582=IFCSHAPEREPRESENTATION(#11,'Body','SweptSolid',(#581));
#583=IFCPRODUCTDEFINITIONSHAPE($,$,(#576,#582));
#584=IFCWALLSTANDARDCASE('2ShToKeF8Hwx4d0aAi40G6',#5,'Wall Interior',$,$,#574,#583,$);
#585=IFCPROPERTYSINGLEVALUE('ExtendToStructure', 'ExtendToStructure', IFCBOOLEAN(.T.),$);
#586=IFCPROPERTYSINGLEVALUE('IsExternal', 'IsExternal', IFCBOOLEAN(.F.),$);
#587=IFCPROPERTYSINGLEVALUE('Reference',$, IFCLABEL('Wall Interior'),$);
#588=IFCPROPERTYSINGLEVALUE('Spaces',$, IFCLABEL('020,022,021'),$);
#589=IFCPROPERTYSET('2ShU8_eF8Hwx4d0aAi40G6',#5, 'Pset_abstractBIM', 'Pset_abstractBIM', (#585,#586,#587,#588));
#590=IFCRELDEFINESBYPROPERTIES('2ShUKseF8Hwx4d0aAi40G6',#5,$,$,(#584),#589);
#591=IFCQUANTITYLENGTH('NominalLength',$,#13, 1.8);
#592=IFCQUANTITYLENGTH('NominalWidth',$,#13, 0.23);
#593=IFCQUANTITYLENGTH('NominalHeight',$,#13, 3.51);
#594=IFCQUANTITYAREA('GrossFootprintArea',$,#14, 0.41400000000000003);
#595=IFCQUANTITYAREA('NetFootprintArea',$,#14, 0.41);
#596=IFCQUANTITYAREA('GrossSideArea',$,#14, 6.318);
#597=IFCQUANTITYAREA('GrossSideVolume',$,#14, 1.4390999999999998);
#598=IFCELEMENTQUANTITY('2ShUs8eF8Hwx4d0aAi40G6',#5,'Pset_abstractBIMQuantityTakeOff',$,$,(#591,#592,#593,#594,#595,#596,#597,#588));
#599=IFCRELDEFINESBYPROPERTIES('2ShV4CeF8Hwx4d0aAi40G6',#5,$,$,(#584),#598);
#600=IFCCARTESIANPOINT((26.8770,1.9790,0.0000));
#601=IFCAXIS2PLACEMENT3D(#600,#23,#325);
#602=IFCLOCALPLACEMENT(#36,#601);
#603=IFCCARTESIANPOINT((0.5000,0.0000));
#604=IFCPOLYLINE((#328,#603));
#605=IFCSHAPEREPRESENTATION(#11,'Axis','Curve2D',(#604));
#606=IFCCARTESIANPOINT((0.5000,-0.1150));
#607=IFCCARTESIANPOINT((0.5000,0.1150));
#608=IFCPOLYLINE((#606,#607,#273,#270,#606));
#609=IFCARBITRARYCLOSEDPROFILEDEF(.AREA.,$,#608);
#610=IFCEXTRUDEDAREASOLID(#609,#25,#23,3.5100000000000002);
#611=IFCSHAPEREPRESENTATION(#11,'Body','SweptSolid',(#610));
#612=IFCPRODUCTDEFINITIONSHAPE($,$,(#605,#611));
#613=IFCWALLSTANDARDCASE('2ShfzEeF8Hwx4d0aAi40G6',#5,'Wall Interior',$,$,#602,#612,$);
#614=IFCPROPERTYSINGLEVALUE('ExtendToStructure', 'ExtendToStructure', IFCBOOLEAN(.T.),$);
#615=IFCPROPERTYSINGLEVALUE('IsExternal', 'IsExternal', IFCBOOLEAN(.F.),$);
#616=IFCPROPERTYSINGLEVALUE('Reference',$, IFCLABEL('Wall Interior'),$);
#617=IFCPROPERTYSINGLEVALUE('Spaces',$, IFCLABEL('022,021'),$);
#618=IFCPROPERTYSET('2ShgLIeF8Hwx4d0aAi40G6',#5, 'Pset_abstractBIM', 'Pset_abstractBIM', (#614,#615,#616,#617));
#619=IFCRELDEFINESBYPROPERTIES('2ShgXyeF8Hwx4d0aAi40G6',#5,$,$,(#613),#618);
#620=IFCQUANTITYLENGTH('NominalLength',$,#13, 0.5);
#621=IFCQUANTITYLENGTH('NominalWidth',$,#13, 0.23);
#622=IFCQUANTITYLENGTH('NominalHeight',$,#13, 3.51);
#623=IFCQUANTITYAREA('GrossFootprintArea',$,#14, 0.115);
#624=IFCQUANTITYAREA('NetFootprintArea',$,#14, 0.12);
#625=IFCQUANTITYAREA('GrossSideArea',$,#14, 1.755);
#626=IFCQUANTITYAREA('GrossSideVolume',$,#14, 0.42119999999999996);
#627=IFCELEMENTQUANTITY('2ShgxGeF8Hwx4d0aAi40G6',#5,'Pset_abstractBIMQuantityTakeOff',$,$,(#620,#621,#622,#623,#624,#625,#626,#617));
#628=IFCRELDEFINESBYPROPERTIES('2ShhAaeF8Hwx4d0aAi40G6',#5,$,$,(#613),#627);
#629=IFCCARTESIANPOINT((3.4406,10.8440,0.0000));
#630=IFCAXIS2PLACEMENT3D(#629,#23,#24);
#631=IFCLOCALPLACEMENT(#36,#630);
#632=IFCCARTESIANPOINT((32.8427,0.0000));
#633=IFCPOLYLINE((#328,#632));
#634=IFCSHAPEREPRESENTATION(#11,'Axis','Curve2D',(#633));
#635=IFCCARTESIANPOINT((32.8414,0.1750));
#636=IFCCARTESIANPOINT((0.0014,0.1750));
#637=IFCCARTESIANPOINT((0.3514,-0.1750));
#638=IFCCARTESIANPOINT((32.4914,-0.1750));
#639=IFCPOLYLINE((#635,#636,#637,#638,#635));
#640=IFCARBITRARYCLOSEDPROFILEDEF(.AREA.,$,#639);
#641=IFCEXTRUDEDAREASOLID(#640,#25,#23,3.0);
#642=IFCSHAPEREPRESENTATION(#11,'Body','SweptSolid',(#641));
#643=IFCPRODUCTDEFINITIONSHAPE($,$,(#634,#642));
#644=IFCWALLSTANDARDCASE('2ShiU0eF8Hwx4d0aAi40G6',#5,'Wall Exterior',$,$,#631,#643,$);
#645=IFCPROPERTYSINGLEVALUE('ExtendToStructure', 'ExtendToStructure', IFCBOOLEAN(.T.),$);
#646=IFCPROPERTYSINGLEVALUE('IsExternal', 'IsExternal', IFCBOOLEAN(.T.),$);
#647=IFCPROPERTYSINGLEVALUE('Reference',$, IFCLABEL('Wall Exterior'),$);
#648=IFCPROPERTYSINGLEVALUE('Spaces',$, IFCLABEL('U102,U101'),$);
#649=IFCPROPERTYSINGLEVALUE('Direction',$, IFCLABEL('90'),$);
#650=IFCPROPERTYSET('2ShirweF8Hwx4d0aAi40G6',#5, 'Pset_abstractBIM', 'Pset_abstractBIM', (#645,#646,#647,#648,#649));
#651=IFCRELDEFINESBYPROPERTIES('2Shj1yeF8Hwx4d0aAi40G6',#5,$,$,(#644),#650);
#652=IFCQUANTITYLENGTH('NominalLength',$,#13, 32.84);
#653=IFCQUANTITYLENGTH('NominalWidth',$,#13, 0.35);
#654=IFCQUANTITYLENGTH('NominalHeight',$,#13, 3.0);
#655=IFCQUANTITYAREA('GrossFootprintArea',$,#14, 11.494);
#656=IFCQUANTITYAREA('NetFootprintArea',$,#14, 11.37);
#657=IFCQUANTITYAREA('GrossSideArea',$,#14, 98.52000000000001);
#658=IFCQUANTITYAREA('GrossSideVolume',$,#14, 34.11);
#659=IFCELEMENTQUANTITY('2ShjQAeF8Hwx4d0aAi40G6',#5,'Pset_abstractBIMQuantityTakeOff',$,$,(#652,#653,#654,#655,#656,#657,#658,#649));
#660=IFCRELDEFINESBYPROPERTIES('2ShjdmeF8Hwx4d0aAi40G6',#5,$,$,(#644),#659);
#661=IFCCARTESIANPOINT((3.6170,-2.8214,0.0000));
#662=IFCAXIS2PLACEMENT3D(#661,#23,#325);
#663=IFCLOCALPLACEMENT(#36,#662);
#664=IFCCARTESIANPOINT((13.8417,0.0000));
#665=IFCPOLYLINE((#328,#664));
#666=IFCSHAPEREPRESENTATION(#11,'Axis','Curve2D',(#665));
#667=IFCCARTESIANPOINT((13.4904,-0.1750));
#668=IFCCARTESIANPOINT((13.8404,0.1750));
#669=IFCPOLYLINE((#637,#667,#668,#636,#637));
#670=IFCARBITRARYCLOSEDPROFILEDEF(.AREA.,$,#669);
#671=IFCEXTRUDEDAREASOLID(#670,#25,#23,3.0);
#672=IFCSHAPEREPRESENTATION(#11,'Body','SweptSolid',(#671));
#673=IFCPRODUCTDEFINITIONSHAPE($,$,(#666,#672));
#674=IFCWALLSTANDARDCASE('2ShkqAeF8Hwx4d0aAi40G6',#5,'Wall Exterior',$,$,#663,#673,$);
#675=IFCPROPERTYSINGLEVALUE('ExtendToStructure', 'ExtendToStructure', IFCBOOLEAN(.T.),$);
#676=IFCPROPERTYSINGLEVALUE('IsExternal', 'IsExternal', IFCBOOLEAN(.T.),$);
#677=IFCPROPERTYSINGLEVALUE('Reference',$, IFCLABEL('Wall Exterior'),$);
#678=IFCPROPERTYSINGLEVALUE('Spaces',$, IFCLABEL('U101'),$);
#679=IFCPROPERTYSINGLEVALUE('Direction',$, IFCLABEL('180'),$);
#680=IFCPROPERTYSET('2ShlBmeF8Hwx4d0aAi40G6',#5, 'Pset_abstractBIM', 'Pset_abstractBIM', (#675,#676,#677,#678,#679));
#681=IFCRELDEFINESBYPROPERTIES('2ShlNeeF8Hwx4d0aAi40G6',#5,$,$,(#674),#680);
#682=IFCQUANTITYLENGTH('NominalLength',$,#13, 13.84);
#683=IFCQUANTITYLENGTH('NominalWidth',$,#13, 0.35);
#684=IFCQUANTITYLENGTH('NominalHeight',$,#13, 3.0);
#685=IFCQUANTITYAREA('GrossFootprintArea',$,#14, 4.843999999999999);
#686=IFCQUANTITYAREA('NetFootprintArea',$,#14, 4.72);
#687=IFCQUANTITYAREA('GrossSideArea',$,#14, 41.519999999999996);
#688=IFCQUANTITYAREA('GrossSideVolume',$,#14, 14.16);
#689=IFCELEMENTQUANTITY('2ShllieF8Hwx4d0aAi40G6',#5,'Pset_abstractBIMQuantityTakeOff',$,$,(#682,#683,#684,#685,#686,#687,#688,#679));
#690=IFCRELDEFINESBYPROPERTIES('2Shl_EeF8Hwx4d0aAi40G6',#5,$,$,(#674),#689);
#691=IFCCARTESIANPOINT((36.2834,-2.6450,0.0000));
#692=IFCAXIS2PLACEMENT3D(#691,#23,#201);
#693=IFCLOCALPLACEMENT(#36,#692);
#694=IFCPOLYLINE((#204,#632));
#695=IFCSHAPEREPRESENTATION(#11,'Axis','Curve2D',(#694));
#696=IFCPOLYLINE((#637,#638,#635,#636,#637));
#697=IFCARBITRARYCLOSEDPROFILEDEF(.AREA.,$,#696);
#698=IFCEXTRUDEDAREASOLID(#697,#25,#23,3.0);
#699=IFCSHAPEREPRESENTATION(#11,'Body','SweptSolid',(#698));
#700=IFCPRODUCTDEFINITIONSHAPE($,$,(#695,#699));
#701=IFCWALLSTANDARDCASE('2Shn9seF8Hwx4d0aAi40G6',#5,'Wall Exterior',$,$,#693,#700,$);
#702=IFCPROPERTYSINGLEVALUE('ExtendToStructure', 'ExtendToStructure', IFCBOOLEAN(.T.),$);
#703=IFCPROPERTYSINGLEVALUE('IsExternal', 'IsExternal', IFCBOOLEAN(.T.),$);
#704=IFCPROPERTYSINGLEVALUE('Reference',$, IFCLABEL('Wall Exterior'),$);
#705=IFCPROPERTYSINGLEVALUE('Spaces',$, IFCLABEL('U102,U101,021'),$);
#706=IFCPROPERTYSINGLEVALUE('Direction',$, IFCLABEL('-90'),$);
#707=IFCPROPERTYSET('2ShnWqeF8Hwx4d0aAi40G6',#5, 'Pset_abstractBIM', 'Pset_abstractBIM', (#702,#703,#704,#705,#706));
#708=IFCRELDEFINESBYPROPERTIES('2Shnk6eF8Hwx4d0aAi40G6',#5,$,$,(#701),#707);
#709=IFCQUANTITYLENGTH('NominalLength',$,#13, 32.84);
#710=IFCQUANTITYLENGTH('NominalWidth',$,#13, 0.35);
#711=IFCQUANTITYLENGTH('NominalHeight',$,#13, 3.0);
#712=IFCQUANTITYAREA('GrossFootprintArea',$,#14, 11.494);
#713=IFCQUANTITYAREA('NetFootprintArea',$,#14, 11.37);
#714=IFCQUANTITYAREA('GrossSideArea',$,#14, 98.52000000000001);
#715=IFCQUANTITYAREA('GrossSideVolume',$,#14, 34.11);
#716=IFCELEMENTQUANTITY('2Sho6AeF8Hwx4d0aAi40G6',#5,'Pset_abstractBIMQuantityTakeOff',$,$,(#709,#710,#711,#712,#713,#714,#715,#706));
#717=IFCRELDEFINESBYPROPERTIES('2ShoJceF8Hwx4d0aAi40G6',#5,$,$,(#701),#716);
#718=IFCCARTESIANPOINT((36.1070,-2.8214,0.0000));
#719=IFCAXIS2PLACEMENT3D(#718,#23,#325);
#720=IFCLOCALPLACEMENT(#36,#719);
#721=IFCPOLYLINE((#328,#664));
#722=IFCSHAPEREPRESENTATION(#11,'Axis','Curve2D',(#721));
#723=IFCCARTESIANPOINT((13.8404,-0.1750));
#724=IFCCARTESIANPOINT((13.4904,0.1750));
#725=IFCCARTESIANPOINT((0.3514,0.1750));
#726=IFCCARTESIANPOINT((0.0014,-0.1750));
#727=IFCPOLYLINE((#723,#724,#725,#726,#723));
#728=IFCARBITRARYCLOSEDPROFILEDEF(.AREA.,$,#727);
#729=IFCEXTRUDEDAREASOLID(#728,#25,#23,3.0);
#730=IFCSHAPEREPRESENTATION(#11,'Body','SweptSolid',(#729));
#731=IFCPRODUCTDEFINITIONSHAPE($,$,(#722,#730));
#732=IFCWALLSTANDARDCASE('2ShpYWeF8Hwx4d0aAi40G6',#5,'Wall Exterior',$,$,#720,#731,$);
#733=IFCPROPERTYSINGLEVALUE('ExtendToStructure', 'ExtendToStructure', IFCBOOLEAN(.T.),$);
#734=IFCPROPERTYSINGLEVALUE('IsExternal', 'IsExternal', IFCBOOLEAN(.T.),$);
#735=IFCPROPERTYSINGLEVALUE('Reference',$, IFCLABEL('Wall Exterior'),$);
#736=IFCPROPERTYSINGLEVALUE('Spaces',$, IFCLABEL('U102'),$);
#737=IFCPROPERTYSINGLEVALUE('Direction',$, IFCLABEL('0'),$);
#738=IFCPROPERTYSET('2ShpuYeF8Hwx4d0aAi40G6',#5, 'Pset_abstractBIM', 'Pset_abstractBIM', (#733,#734,#735,#736,#737));
#739=IFCRELDEFINESBYPROPERTIES('2Shq46eF8Hwx4d0aAi40G6',#5,$,$,(#732),#738);
#740=IFCQUANTITYLENGTH('NominalLength',$,#13, 13.84);
#741=IFCQUANTITYLENGTH('NominalWidth',$,#13, 0.35);
#742=IFCQUANTITYLENGTH('NominalHeight',$,#13, 3.0);
#743=IFCQUANTITYAREA('GrossFootprintArea',$,#14, 4.843999999999999);
#744=IFCQUANTITYAREA('NetFootprintArea',$,#14, 4.72);
#745=IFCQUANTITYAREA('GrossSideArea',$,#14, 41.519999999999996);
#746=IFCQUANTITYAREA('GrossSideVolume',$,#14, 14.16);
#747=IFCELEMENTQUANTITY('2ShqSAeF8Hwx4d0aAi40G6',#5,'Pset_abstractBIMQuantityTakeOff',$,$,(#740,#741,#742,#743,#744,#745,#746,#737));
#748=IFCRELDEFINESBYPROPERTIES('2ShqfceF8Hwx4d0aAi40G6',#5,$,$,(#732),#747);
#749=IFCCARTESIANPOINT((26.7630,-2.6450,3.0000));
#750=IFCAXIS2PLACEMENT3D(#749,#23,#201);
#751=IFCLOCALPLACEMENT(#36,#750);
#752=IFCCARTESIANPOINT((3.5020,0.0000));
#753=IFCPOLYLINE((#204,#752));
#754=IFCSHAPEREPRESENTATION(#11,'Axis','Curve2D',(#753));
#755=IFCCARTESIANPOINT((0.0010,-0.1750));
#756=IFCCARTESIANPOINT((3.5010,-0.1750));
#757=IFCCARTESIANPOINT((3.5020,0.1750));
#758=IFCCARTESIANPOINT((-0.0000,0.1750));
#759=IFCPOLYLINE((#755,#756,#757,#758,#755));
#760=IFCARBITRARYCLOSEDPROFILEDEF(.AREA.,$,#759);
#761=IFCEXTRUDEDAREASOLID(#760,#25,#23,0.51);
#762=IFCSHAPEREPRESENTATION(#11,'Body','SweptSolid',(#761));
#763=IFCPRODUCTDEFINITIONSHAPE($,$,(#754,#762));
#764=IFCWALLSTANDARDCASE('2ShrrseF8Hwx4d0aAi40G6',#5,'Wall Exterior',$,$,#751,#763,$);
#765=IFCPROPERTYSINGLEVALUE('ExtendToStructure', 'ExtendToStructure', IFCBOOLEAN(.T.),$);
#766=IFCPROPERTYSINGLEVALUE('IsExternal', 'IsExternal', IFCBOOLEAN(.T.),$);
#767=IFCPROPERTYSINGLEVALUE('Reference',$, IFCLABEL('Wall Exterior'),$);
#768=IFCPROPERTYSINGLEVALUE('Spaces',$, IFCLABEL('021'),$);
#769=IFCPROPERTYSINGLEVALUE('Direction',$, IFCLABEL('-90'),$);
#770=IFCPROPERTYSET('2ShsIceF8Hwx4d0aAi40G6',#5, 'Pset_abstractBIM', 'Pset_abstractBIM', (#765,#766,#767,#768,#769));
#771=IFCRELDEFINESBYPROPERTIES('2ShsVkeF8Hwx4d0aAi40G6',#5,$,$,(#764),#770);
#772=IFCQUANTITYLENGTH('NominalLength',$,#13, 3.5);
#773=IFCQUANTITYLENGTH('NominalWidth',$,#13, 0.35);
#774=IFCQUANTITYLENGTH('NominalHeight',$,#13, 0.51);
#775=IFCQUANTITYAREA('GrossFootprintArea',$,#14, 1.2249999999999999);
#776=IFCQUANTITYAREA('NetFootprintArea',$,#14, 1.23);
#777=IFCQUANTITYAREA('GrossSideArea',$,#14, 1.7850000000000001);
#778=IFCQUANTITYAREA('GrossSideVolume',$,#14, 0.6273);
#779=IFCELEMENTQUANTITY('2ShsuGeF8Hwx4d0aAi40G6',#5,'Pset_abstractBIMQuantityTakeOff',$,$,(#772,#773,#774,#775,#776,#777,#778,#769));
#780=IFCRELDEFINESBYPROPERTIES('2ShtMkeF8Hwx4d0aAi40G6',#5,$,$,(#764),#779);
#781=IFCCARTESIANPOINT((0.0000,0.0000,-0.5000));
#782=IFCAXIS2PLACEMENT3D(#781,#23,#24);
#783=IFCLOCALPLACEMENT(#36,#782);
#784=IFCCARTESIANPOINT((36.2820,11.0190));
#785=IFCCARTESIANPOINT((3.4420,11.0190));
#786=IFCCARTESIANPOINT((3.4420,-2.8200));
#787=IFCCARTESIANPOINT((36.2820,-2.8200));
#788=IFCPOLYLINE((#784,#785,#786,#787,#784));
#789=IFCARBITRARYCLOSEDPROFILEDEF(.AREA.,$,#788);
#790=IFCEXTRUDEDAREASOLID(#789,#25,#23,0.5);
#791=IFCSHAPEREPRESENTATION(#11,'Body','SweptSolid',(#790));
#792=IFCPRODUCTDEFINITIONSHAPE($,$,(#791));
#793=IFCSLAB('2ShuRoeF8Hwx4d0aAi40G6',#5,'Base Plate',$,'Base Plate',#783,#792,$,.BASESLAB.);
#794=IFCQUANTITYLENGTH('NominalWidth',$,#13, 0.5);
#795=IFCQUANTITYLENGTH('Perimeter',$,#13, 93.36);
#796=IFCQUANTITYAREA('GrossFootprintArea',$,#14, 454.47);
#797=IFCQUANTITYVOLUME('GrossVolume',$,#15, 227.235);
#798=IFCQUANTITYVOLUME('NetVolume',$,#15, 227.235);
#799=IFCELEMENTQUANTITY('2Shux_eF8Hwx4d0aAi40G6',#5,'Pset_abstractBIMQuantityTakeOff',$,$,(#794,#795,#796,#797,#798));
#800=IFCRELDEFINESBYPROPERTIES('2Shv9keF8Hwx4d0aAi40G6',#5,$,$,(#793),#799);
#801=IFCPROPERTYSINGLEVALUE('Reference',$, IFCLABEL('BASESLAB'),$);
#802=IFCPROPERTYSET('2ShvLceF8Hwx4d0aAi40G6',#5, 'Pset_abstractBIM', 'Pset_abstractBIM', (#801));
#803=IFCRELDEFINESBYPROPERTIES('2ShwE0eF8Hwx4d0aAi40G6',#5,$,$,(#793),#802);
#804=IFCLOCALPLACEMENT(#386,#399);
#805=IFCCARTESIANPOINT((-0.7000,0.1150));
#806=IFCCARTESIANPOINT((0.7000,0.1150));
#807=IFCCARTESIANPOINT((0.7000,-0.1150));
#808=IFCCARTESIANPOINT((-0.7000,-0.1150));
#809=IFCPOLYLINE((#805,#806,#807,#808,#805));
#810=IFCARBITRARYCLOSEDPROFILEDEF(.AREA.,$,#809);
#811=IFCEXTRUDEDAREASOLID(#810,#25,#23,2.0000000000000004);
#812=IFCSHAPEREPRESENTATION(#11,'Body','SweptSolid',(#811));
#813=IFCPRODUCTDEFINITIONSHAPE($,$,(#812));
#814=IFCDOOR('2ShxA0eF8Hwx4d0aAi40G6',#5,'Door Interior',$,$,#804,#813,$,$,$);
#815=IFCQUANTITYLENGTH('AverageHeight',$,#13, 2.0000000000000004);
#816=IFCQUANTITYLENGTH('Length',$,#13, 1.4000000000000001);
#817=IFCQUANTITYAREA('Area',$,#14, 2.8000000000000007);
#818=IFCELEMENTQUANTITY('2ShxUUeF8Hwx4d0aAi40G6',#5,'Pset_abstractBIMQuantityTakeOff',$,$,(#815,#816,#817));
#819=IFCRELDEFINESBYPROPERTIES('2ShxhSeF8Hwx4d0aAi40G6',#5,$,$,(#814),#818);
#820=IFCPROPERTYSINGLEVALUE('Spaces',$, IFCLABEL(''),$);
#821=IFCPROPERTYSINGLEVALUE('IsExternal', 'IsExternal', IFCBOOLEAN(.F.),$);
#822=IFCPROPERTYSINGLEVALUE('Reference',$, IFCLABEL('Door Interior'),$);
#823=IFCPROPERTYSET('2ShyB0eF8Hwx4d0aAi40G6',#5, 'Pset_DoorCommon', 'Pset_DoorCommon', (#820,#821,#822));
#824=IFCRELDEFINESBYPROPERTIES('2ShyMueF8Hwx4d0aAi40G6',#5,$,$,(#814),#823);
#825=IFCRELFILLSELEMENT('2ShyXMeF8Hwx4d0aAi40G6',#5, $, $, #410, #814);
#826=IFCLOCALPLACEMENT(#31,#25);
#827=IFCBUILDINGSTOREY('2ShzKSeF8Hwx4d0aAi40G6',#5, 'Storey 0.0', $, $,#826,$,$,.ELEMENT.,0.0);
#828=IFCRELCONTAINEDINSPATIALSTRUCTURE('2ShzXGeF8Hwx4d0aAi40G6',#5, 'Storey 0.0 Container', $, (#835,#855,#877,#898,#920,#941,#964,#984,#1010,#1053,#1077,#1103,#1140,#1183,#1217,#1255,#1279,#1318,#1352,#1376,#1413,#1437,#1461,#1485,#1509,#1533,#1582,#1663,#1716,#1779,#1808,#1839,#1861,#1883,#1906,#1924,#1944,#1962,#1980,#1998,#2020,#2039,#2062,#2085,#2108,#2131,#2150,#2173,#2196,#2219), #827);
#829=IFCPOLYLINE((#39,#40,#41,#42,#43,#44,#39));
#830=IFCARBITRARYCLOSEDPROFILEDEF(.AREA.,$,#829);
#831=IFCEXTRUDEDAREASOLID(#830,#25,#23,3.0);
#832=IFCSHAPEREPRESENTATION(#11,'Body','SweptSolid',(#831));
#833=IFCPRODUCTDEFINITIONSHAPE($,$,(#832));
#834=IFCLOCALPLACEMENT(#826,#25);
#835=IFCSPACE('2Sh_IUeF8Hwx4d0aAi40G6',#5,'001',$,$,#834,#833,'Restaurant',.ELEMENT.,.INTERNAL.,$);
#836=IFCQUANTITYLENGTH('AverageHeight',$,#13, 3.0);
#837=IFCQUANTITYLENGTH('GrossPerimeter',$,#13, 64.76);
#838=IFCQUANTITYAREA('GrossFloorArea',$,#14, -237.36);
#839=IFCQUANTITYAREA('GrossCeilingArea',$,#14, -237.36);
#840=IFCQUANTITYVOLUME('GrossVolume',$,#15, 712.0);
#841=IFCELEMENTQUANTITY('2Sh_j2eF8Hwx4d0aAi40G6',#5,'Pset_abstractBIMQuantityTakeOff',$,$,(#836,#837,#838,#839,#840));
#842=IFCRELDEFINESBYPROPERTIES('2Sh_weeF8Hwx4d0aAi40G6',#5,$,$,(#835),#841);
#843=IFCPROPERTYSINGLEVALUE('SIA416',$, IFCLABEL('-'),$);
#844=IFCPROPERTYSINGLEVALUE('SIA0',$, IFCLABEL(''),$);
#845=IFCPROPERTYSET('2Sh$6geF8Hwx4d0aAi40G6',#5, 'Pset_abstractBIM', 'Pset_abstractBIM', (#843,#844));
#846=IFCRELDEFINESBYPROPERTIES('2Sh$HceF8Hwx4d0aAi40G6',#5,$,$,(#835),#845);
#847=IFCCARTESIANPOINT((29.6420,10.6690));
#848=IFCCARTESIANPOINT((29.6420,6.9590));
#849=IFCPOLYLINE((#847,#88,#89,#848,#847));
#850=IFCARBITRARYCLOSEDPROFILEDEF(.AREA.,$,#849);
#851=IFCEXTRUDEDAREASOLID(#850,#25,#23,3.0);
#852=IFCSHAPEREPRESENTATION(#11,'Body','SweptSolid',(#851));
#853=IFCPRODUCTDEFINITIONSHAPE($,$,(#852));
#854=IFCLOCALPLACEMENT(#826,#25);
#855=IFCSPACE('2Si04OeF8Hwx4d0aAi40G6',#5,'002',$,$,#854,#853,'K\X2\00FC\X0\che',.ELEMENT.,.INTERNAL.,$);
#856=IFCQUANTITYLENGTH('AverageHeight',$,#13, 3.0);
#857=IFCQUANTITYLENGTH('GrossPerimeter',$,#13, 26.76);
#858=IFCQUANTITYAREA('GrossFloorArea',$,#14, -35.88);
#859=IFCQUANTITYAREA('GrossCeilingArea',$,#14, -35.88);
#860=IFCQUANTITYVOLUME('GrossVolume',$,#15, 108.0);
#861=IFCELEMENTQUANTITY('2Si0UyeF8Hwx4d0aAi40G6',#5,'Pset_abstractBIMQuantityTakeOff',$,$,(#856,#857,#858,#859,#860));
#862=IFCRELDEFINESBYPROPERTIES('2Si0jAeF8Hwx4d0aAi40G6',#5,$,$,(#855),#861);
#863=IFCPROPERTYSINGLEVALUE('SIA416',$, IFCLABEL('-'),$);
#864=IFCPROPERTYSINGLEVALUE('SIA0',$, IFCLABEL(''),$);
#865=IFCPROPERTYSET('2Si0vMeF8Hwx4d0aAi40G6',#5, 'Pset_abstractBIM', 'Pset_abstractBIM', (#863,#864));
#866=IFCRELDEFINESBYPROPERTIES('2Si148eF8Hwx4d0aAi40G6',#5,$,$,(#855),#865);
#867=IFCCARTESIANPOINT((32.9420,10.6690));
#868=IFCCARTESIANPOINT((29.8720,10.6690));
#869=IFCCARTESIANPOINT((29.8720,6.9590));
#870=IFCCARTESIANPOINT((32.9420,6.9590));
#871=IFCPOLYLINE((#867,#868,#869,#870,#867));
#872=IFCARBITRARYCLOSEDPROFILEDEF(.AREA.,$,#871);
#873=IFCEXTRUDEDAREASOLID(#872,#25,#23,3.0);
#874=IFCSHAPEREPRESENTATION(#11,'Body','SweptSolid',(#873));
#875=IFCPRODUCTDEFINITIONSHAPE($,$,(#874));
#876=IFCLOCALPLACEMENT(#826,#25);
#877=IFCSPACE('2Si1nIeF8Hwx4d0aAi40G6',#5,'003',$,$,#876,#875,'Lager K\X2\00FC\X0\che',.ELEMENT.,.INTERNAL.,$);
#878=IFCQUANTITYLENGTH('AverageHeight',$,#13, 3.0);
#879=IFCQUANTITYLENGTH('GrossPerimeter',$,#13, 13.56);
#880=IFCQUANTITYAREA('GrossFloorArea',$,#14, -11.39);
#881=IFCQUANTITYAREA('GrossCeilingArea',$,#14, -11.39);
#882=IFCQUANTITYVOLUME('GrossVolume',$,#15, 34.0);
#883=IFCELEMENTQUANTITY('2Si2AIeF8Hwx4d0aAi40G6',#5,'Pset_abstractBIMQuantityTakeOff',$,$,(#878,#879,#880,#881,#882));
#884=IFCRELDEFINESBYPROPERTIES('2Si2OgeF8Hwx4d0aAi40G6',#5,$,$,(#877),#883);
#885=IFCPROPERTYSINGLEVALUE('SIA416',$, IFCLABEL('-'),$);
#886=IFCPROPERTYSINGLEVALUE('SIA0',$, IFCLABEL(''),$);
#887=IFCPROPERTYSET('2Si2aieF8Hwx4d0aAi40G6',#5, 'Pset_abstractBIM', 'Pset_abstractBIM', (#885,#886));
#888=IFCRELDEFINESBYPROPERTIES('2Si2leeF8Hwx4d0aAi40G6',#5,$,$,(#877),#887);
#889=IFCCARTESIANPOINT((33.1720,10.6690));
#890=IFCCARTESIANPOINT((33.1720,6.9590));
#891=IFCCARTESIANPOINT((35.9320,6.9590));
#892=IFCPOLYLINE((#87,#889,#890,#891,#87));
#893=IFCARBITRARYCLOSEDPROFILEDEF(.AREA.,$,#892);
#894=IFCEXTRUDEDAREASOLID(#893,#25,#23,3.0);
#895=IFCSHAPEREPRESENTATION(#11,'Body','SweptSolid',(#894));
#896=IFCPRODUCTDEFINITIONSHAPE($,$,(#895));
#897=IFCLOCALPLACEMENT(#826,#25);
#898=IFCSPACE('2Si3SUeF8Hwx4d0aAi40G6',#5,'004',$,$,#897,#896,'K\X2\00FC\X0\hlraum',.ELEMENT.,.INTERNAL.,$);
#899=IFCQUANTITYLENGTH('AverageHeight',$,#13, 3.0);
#900=IFCQUANTITYLENGTH('GrossPerimeter',$,#13, 12.94);
#901=IFCQUANTITYAREA('GrossFloorArea',$,#14, -10.24);
#902=IFCQUANTITYAREA('GrossCeilingArea',$,#14, -10.24);
#903=IFCQUANTITYVOLUME('GrossVolume',$,#15, 31.0);
#904=IFCELEMENTQUANTITY('2Si3rUeF8Hwx4d0aAi40G6',#5,'Pset_abstractBIMQuantityTakeOff',$,$,(#899,#900,#901,#902,#903));
#905=IFCRELDEFINESBYPROPERTIES('2Si45aeF8Hwx4d0aAi40G6',#5,$,$,(#898),#904);
#906=IFCPROPERTYSINGLEVALUE('SIA416',$, IFCLABEL('-'),$);
#907=IFCPROPERTYSINGLEVALUE('SIA0',$, IFCLABEL(''),$);
#908=IFCPROPERTYSET('2Si4HmeF8Hwx4d0aAi40G6',#5, 'Pset_abstractBIM', 'Pset_abstractBIM', (#906,#907));
#909=IFCRELDEFINESBYPROPERTIES('2Si4TAeF8Hwx4d0aAi40G6',#5,$,$,(#898),#908);
#910=IFCCARTESIANPOINT((35.9320,5.0790));
#911=IFCCARTESIANPOINT((31.9820,5.0790));
#912=IFCCARTESIANPOINT((31.9820,1.3790));
#913=IFCCARTESIANPOINT((35.9320,1.3790));
#914=IFCPOLYLINE((#910,#911,#912,#913,#910));
#915=IFCARBITRARYCLOSEDPROFILEDEF(.AREA.,$,#914);
#916=IFCEXTRUDEDAREASOLID(#915,#25,#23,3.0);
#917=IFCSHAPEREPRESENTATION(#11,'Body','SweptSolid',(#916));
#918=IFCPRODUCTDEFINITIONSHAPE($,$,(#917));
#919=IFCLOCALPLACEMENT(#826,#25);
#920=IFCSPACE('2Si5BaeF8Hwx4d0aAi40G6',#5,'011',$,$,#919,#918,'WC Damen',.ELEMENT.,.INTERNAL.,$);
#921=IFCQUANTITYLENGTH('AverageHeight',$,#13, 3.0);
#922=IFCQUANTITYLENGTH('GrossPerimeter',$,#13, 15.3);
#923=IFCQUANTITYAREA('GrossFloorArea',$,#14, -14.62);
#924=IFCQUANTITYAREA('GrossCeilingArea',$,#14, -14.62);
#925=IFCQUANTITYVOLUME('GrossVolume',$,#15, 44.0);
#926=IFCELEMENTQUANTITY('2Si5aueF8Hwx4d0aAi40G6',#5,'Pset_abstractBIMQuantityTakeOff',$,$,(#921,#922,#923,#924,#925));
#927=IFCRELDEFINESBYPROPERTIES('2Si5oKeF8Hwx4d0aAi40G6',#5,$,$,(#920),#926);
#928=IFCPROPERTYSINGLEVALUE('SIA416',$, IFCLABEL('-'),$);
#929=IFCPROPERTYSINGLEVALUE('SIA0',$, IFCLABEL(''),$);
#930=IFCPROPERTYSET('2Si5_CeF8Hwx4d0aAi40G6',#5, 'Pset_abstractBIM', 'Pset_abstractBIM', (#928,#929));
#931=IFCRELDEFINESBYPROPERTIES('2Si68_eF8Hwx4d0aAi40G6',#5,$,$,(#920),#930);
#932=IFCCARTESIANPOINT((35.9320,1.2290));
#933=IFCCARTESIANPOINT((31.9820,1.2290));
#934=IFCCARTESIANPOINT((31.9820,-2.4700));
#935=IFCPOLYLINE((#932,#933,#934,#94,#932));
#936=IFCARBITRARYCLOSEDPROFILEDEF(.AREA.,$,#935);
#937=IFCEXTRUDEDAREASOLID(#936,#25,#23,3.0);
#938=IFCSHAPEREPRESENTATION(#11,'Body','SweptSolid',(#937));
#939=IFCPRODUCTDEFINITIONSHAPE($,$,(#938));
#940=IFCLOCALPLACEMENT(#826,#25);
#941=IFCSPACE('2Si6qkeF8Hwx4d0aAi40G6',#5,'012',$,$,#940,#939,'WC Herren',.ELEMENT.,.INTERNAL.,$);
#942=IFCQUANTITYLENGTH('AverageHeight',$,#13, 3.0);
#943=IFCQUANTITYLENGTH('GrossPerimeter',$,#13, 15.3);
#944=IFCQUANTITYAREA('GrossFloorArea',$,#14, -14.61);
#945=IFCQUANTITYAREA('GrossCeilingArea',$,#14, -14.61);
#946=IFCQUANTITYVOLUME('GrossVolume',$,#15, 44.0);
#947=IFCELEMENTQUANTITY('2Si7EWeF8Hwx4d0aAi40G6',#5,'Pset_abstractBIMQuantityTakeOff',$,$,(#942,#943,#944,#945,#946));
#948=IFCRELDEFINESBYPROPERTIES('2Si7RoeF8Hwx4d0aAi40G6',#5,$,$,(#941),#947);
#949=IFCPROPERTYSINGLEVALUE('SIA416',$, IFCLABEL('-'),$);
#950=IFCPROPERTYSINGLEVALUE('SIA0',$, IFCLABEL(''),$);
#951=IFCPROPERTYSET('2Si7dWeF8Hwx4d0aAi40G6',#5, 'Pset_abstractBIM', 'Pset_abstractBIM', (#949,#950));
#952=IFCRELDEFINESBYPROPERTIES('2Si7pEeF8Hwx4d0aAi40G6',#5,$,$,(#941),#951);
#953=IFCCARTESIANPOINT((31.8320,5.2290));
#954=IFCCARTESIANPOINT((35.9320,5.2290));
#955=IFCCARTESIANPOINT((35.9320,6.7290));
#956=IFCCARTESIANPOINT((28.7920,-0.0100));
#957=IFCCARTESIANPOINT((31.8320,-2.4700));
#958=IFCPOLYLINE((#953,#954,#955,#64,#65,#66,#956,#92,#93,#957,#953));
#959=IFCARBITRARYCLOSEDPROFILEDEF(.AREA.,$,#958);
#960=IFCEXTRUDEDAREASOLID(#959,#25,#23,3.0);
#961=IFCSHAPEREPRESENTATION(#11,'Body','SweptSolid',(#960));
#962=IFCPRODUCTDEFINITIONSHAPE($,$,(#961));
#963=IFCLOCALPLACEMENT(#826,#25);
#964=IFCSPACE('2Si8c0eF8Hwx4d0aAi40G6',#5,'010',$,$,#963,#962,'Verkehrsfl\X2\00E4\X0\che',.ELEMENT.,.INTERNAL.,$);
#965=IFCQUANTITYLENGTH('AverageHeight',$,#13, 3.0);
#966=IFCQUANTITYLENGTH('GrossPerimeter',$,#13, 47.34);
#967=IFCQUANTITYAREA('GrossFloorArea',$,#14, -61.22);
#968=IFCQUANTITYAREA('GrossCeilingArea',$,#14, -61.22);
#969=IFCQUANTITYVOLUME('GrossVolume',$,#15, 184.0);
#970=IFCELEMENTQUANTITY('2Si928eF8Hwx4d0aAi40G6',#5,'Pset_abstractBIMQuantityTakeOff',$,$,(#965,#966,#967,#968,#969));
#971=IFCRELDEFINESBYPROPERTIES('2Si9FQeF8Hwx4d0aAi40G6',#5,$,$,(#964),#970);
#972=IFCPROPERTYSINGLEVALUE('SIA416',$, IFCLABEL('-'),$);
#973=IFCPROPERTYSINGLEVALUE('SIA0',$, IFCLABEL(''),$);
#974=IFCPROPERTYSET('2Si9VgeF8Hwx4d0aAi40G6',#5, 'Pset_abstractBIM', 'Pset_abstractBIM', (#972,#973));
#975=IFCRELDEFINESBYPROPERTIES('2Si9hseF8Hwx4d0aAi40G6',#5,$,$,(#964),#974);
#976=IFCLOCALPLACEMENT(#826,#457);
#977=IFCPOLYLINE((#328,#459));
#978=IFCSHAPEREPRESENTATION(#11,'Axis','Curve2D',(#977));
#979=IFCPOLYLINE((#462,#463,#273,#270,#462));
#980=IFCARBITRARYCLOSEDPROFILEDEF(.AREA.,$,#979);
#981=IFCEXTRUDEDAREASOLID(#980,#25,#23,3.0);
#982=IFCSHAPEREPRESENTATION(#11,'Body','SweptSolid',(#981));
#983=IFCPRODUCTDEFINITIONSHAPE($,$,(#978,#982));
#984=IFCWALLSTANDARDCASE('2SiApueF8Hwx4d0aAi40G6',#5,'Wall Interior',$,$,#976,#983,$);
#985=IFCPROPERTYSINGLEVALUE('ExtendToStructure', 'ExtendToStructure', IFCBOOLEAN(.T.),$);
#986=IFCPROPERTYSINGLEVALUE('IsExternal', 'IsExternal', IFCBOOLEAN(.F.),$);
#987=IFCPROPERTYSINGLEVALUE('Reference',$, IFCLABEL('Wall Interior'),$);
#988=IFCPROPERTYSINGLEVALUE('Spaces',$, IFCLABEL('021,020,010'),$);
#989=IFCPROPERTYSET('2SiB8qeF8Hwx4d0aAi40G6',#5, 'Pset_abstractBIM', 'Pset_abstractBIM', (#985,#986,#987,#988));
#990=IFCRELDEFINESBYPROPERTIES('2SiBKOeF8Hwx4d0aAi40G6',#5,$,$,(#984),#989);
#991=IFCQUANTITYLENGTH('NominalLength',$,#13, 2.69);
#992=IFCQUANTITYLENGTH('NominalWidth',$,#13, 0.23);
#993=IFCQUANTITYLENGTH('NominalHeight',$,#13, 3.0);
#994=IFCQUANTITYAREA('GrossFootprintArea',$,#14, 0.6187);
#995=IFCQUANTITYAREA('NetFootprintArea',$,#14, 0.62);
#996=IFCQUANTITYAREA('GrossSideArea',$,#14, 8.07);
#997=IFCQUANTITYAREA('GrossSideVolume',$,#14, 1.8599999999999999);
#998=IFCELEMENTQUANTITY('2SiBi8eF8Hwx4d0aAi40G6',#5,'Pset_abstractBIMQuantityTakeOff',$,$,(#991,#992,#993,#994,#995,#996,#997,#988));
#999=IFCRELDEFINESBYPROPERTIES('2SiBvQeF8Hwx4d0aAi40G6',#5,$,$,(#984),#998);
#1000=IFCCARTESIANPOINT((33.0570,6.9590,0.0000));
#1001=IFCAXIS2PLACEMENT3D(#1000,#23,#325);
#1002=IFCLOCALPLACEMENT(#826,#1001);
#1003=IFCPOLYLINE((#328,#517));
#1004=IFCSHAPEREPRESENTATION(#11,'Axis','Curve2D',(#1003));
#1005=IFCPOLYLINE((#520,#521,#273,#270,#520));
#1006=IFCARBITRARYCLOSEDPROFILEDEF(.AREA.,$,#1005);
#1007=IFCEXTRUDEDAREASOLID(#1006,#25,#23,3.0);
#1008=IFCSHAPEREPRESENTATION(#11,'Body','SweptSolid',(#1007));
#1009=IFCPRODUCTDEFINITIONSHAPE($,$,(#1004,#1008));
#1010=IFCWALLSTANDARDCASE('2SiD3AeF8Hwx4d0aAi40G6',#5,'Wall Interior',$,$,#1002,#1009,$);
#1011=IFCCARTESIANPOINT((0.9709,0.0000,0.0000));
#1012=IFCAXIS2PLACEMENT3D(#1011,#23,#24);
#1013=IFCLOCALPLACEMENT(#1002,#1012);
#1014=IFCCARTESIANPOINT((-0.5000,0.2520));
#1015=IFCCARTESIANPOINT((0.5000,0.2520));
#1016=IFCCARTESIANPOINT((0.5000,-0.2520));
#1017=IFCCARTESIANPOINT((-0.5000,-0.2520));
#1018=IFCPOLYLINE((#1014,#1015,#1016,#1017,#1014));
#1019=IFCARBITRARYCLOSEDPROFILEDEF(.AREA.,$,#1018);
#1020=IFCEXTRUDEDAREASOLID(#1019,#25,#23,2.0);
#1021=IFCSHAPEREPRESENTATION(#11,'Body','SweptSolid',(#1020));
#1022=IFCPRODUCTDEFINITIONSHAPE($,$,(#1021));
#1023=IFCOPENINGELEMENT('2SiEC8eF8Hwx4d0aAi40G6',#5,'Door Interior_op',$,$,#1013,#1022,'OPENING');
#1024=IFCRELVOIDSELEMENT('2SiEOKeF8Hwx4d0aAi40G6',#5,$,$,#1010,#1023);
#1025=IFCPROPERTYSINGLEVALUE('ExtendToStructure', 'ExtendToStructure', IFCBOOLEAN(.T.),$);
#1026=IFCPROPERTYSINGLEVALUE('IsExternal', 'IsExternal', IFCBOOLEAN(.F.),$);
#1027=IFCPROPERTYSINGLEVALUE('Reference',$, IFCLABEL('Wall Interior'),$);
#1028=IFCPROPERTYSINGLEVALUE('Spaces',$, IFCLABEL('003,004'),$);
#1029=IFCPROPERTYSET('2SiEiUeF8Hwx4d0aAi40G6',#5, 'Pset_abstractBIM', 'Pset_abstractBIM', (#1025,#1026,#1027,#1028));
#1030=IFCRELDEFINESBYPROPERTIES('2SiEv8eF8Hwx4d0aAi40G6',#5,$,$,(#1010),#1029);
#1031=IFCQUANTITYLENGTH('NominalLength',$,#13, 3.71);
#1032=IFCQUANTITYLENGTH('NominalWidth',$,#13, 0.23);
#1033=IFCQUANTITYLENGTH('NominalHeight',$,#13, 3.0);
#1034=IFCQUANTITYAREA('GrossFootprintArea',$,#14, 0.8533000000000001);
#1035=IFCQUANTITYAREA('NetFootprintArea',$,#14, 0.85);
#1036=IFCQUANTITYAREA('GrossSideArea',$,#14, 11.129999999999999);
#1037=IFCQUANTITYAREA('GrossSideVolume',$,#14, 2.55);
#1038=IFCELEMENTQUANTITY('2SiFISeF8Hwx4d0aAi40G6',#5,'Pset_abstractBIMQuantityTakeOff',$,$,(#1031,#1032,#1033,#1034,#1035,#1036,#1037,#1028));
#1039=IFCRELDEFINESBYPROPERTIES('2SiFVkeF8Hwx4d0aAi40G6',#5,$,$,(#1010),#1038);
#1040=IFCCARTESIANPOINT((35.9320,5.1540,0.0000));
#1041=IFCAXIS2PLACEMENT3D(#1040,#23,#201);
#1042=IFCLOCALPLACEMENT(#826,#1041);
#1043=IFCCARTESIANPOINT((3.9500,0.0000));
#1044=IFCPOLYLINE((#204,#1043));
#1045=IFCSHAPEREPRESENTATION(#11,'Axis','Curve2D',(#1044));
#1046=IFCCARTESIANPOINT((3.9500,-0.0750));
#1047=IFCCARTESIANPOINT((3.9500,0.0750));
#1048=IFCPOLYLINE((#209,#1046,#1047,#208,#209));
#1049=IFCARBITRARYCLOSEDPROFILEDEF(.AREA.,$,#1048);
#1050=IFCEXTRUDEDAREASOLID(#1049,#25,#23,3.0);
#1051=IFCSHAPEREPRESENTATION(#11,'Body','SweptSolid',(#1050));
#1052=IFCPRODUCTDEFINITIONSHAPE($,$,(#1045,#1051));
#1053=IFCWALLSTANDARDCASE('2SiGrgeF8Hwx4d0aAi40G6',#5,'Wall Interior',$,$,#1042,#1052,$);
#1054=IFCPROPERTYSINGLEVALUE('ExtendToStructure', 'ExtendToStructure', IFCBOOLEAN(.T.),$);
#1055=IFCPROPERTYSINGLEVALUE('IsExternal', 'IsExternal', IFCBOOLEAN(.F.),$);
#1056=IFCPROPERTYSINGLEVALUE('Reference',$, IFCLABEL('Wall Interior'),$);
#1057=IFCPROPERTYSINGLEVALUE('Spaces',$, IFCLABEL('011,010'),$);
#1058=IFCPROPERTYSET('2SiHAmeF8Hwx4d0aAi40G6',#5, 'Pset_abstractBIM', 'Pset_abstractBIM', (#1054,#1055,#1056,#1057));
#1059=IFCRELDEFINESBYPROPERTIES('2SiHMKeF8Hwx4d0aAi40G6',#5,$,$,(#1053),#1058);
#1060=IFCQUANTITYLENGTH('NominalLength',$,#13, 3.95);
#1061=IFCQUANTITYLENGTH('NominalWidth',$,#13, 0.15);
#1062=IFCQUANTITYLENGTH('NominalHeight',$,#13, 3.0);
#1063=IFCQUANTITYAREA('GrossFootprintArea',$,#14, 0.5925);
#1064=IFCQUANTITYAREA('NetFootprintArea',$,#14, 0.59);
#1065=IFCQUANTITYAREA('GrossSideArea',$,#14, 11.850000000000001);
#1066=IFCQUANTITYAREA('GrossSideVolume',$,#14, 1.77);
#1067=IFCELEMENTQUANTITY('2SiHk4eF8Hwx4d0aAi40G6',#5,'Pset_abstractBIMQuantityTakeOff',$,$,(#1060,#1061,#1062,#1063,#1064,#1065,#1066,#1057));
#1068=IFCRELDEFINESBYPROPERTIES('2SiHxMeF8Hwx4d0aAi40G6',#5,$,$,(#1053),#1067);
#1069=IFCLOCALPLACEMENT(#826,#296);
#1070=IFCPOLYLINE((#204,#298));
#1071=IFCSHAPEREPRESENTATION(#11,'Axis','Curve2D',(#1070));
#1072=IFCPOLYLINE((#239,#301,#302,#242,#239));
#1073=IFCARBITRARYCLOSEDPROFILEDEF(.AREA.,$,#1072);
#1074=IFCEXTRUDEDAREASOLID(#1073,#25,#23,3.0);
#1075=IFCSHAPEREPRESENTATION(#11,'Body','SweptSolid',(#1074));
#1076=IFCPRODUCTDEFINITIONSHAPE($,$,(#1071,#1075));
#1077=IFCWALLSTANDARDCASE('2SiSpceF8Hwx4d0aAi40G6',#5,'Wall Interior',$,$,#1069,#1076,$);
#1078=IFCPROPERTYSINGLEVALUE('ExtendToStructure', 'ExtendToStructure', IFCBOOLEAN(.T.),$);
#1079=IFCPROPERTYSINGLEVALUE('IsExternal', 'IsExternal', IFCBOOLEAN(.F.),$);
#1080=IFCPROPERTYSINGLEVALUE('Reference',$, IFCLABEL('Wall Interior'),$);
#1081=IFCPROPERTYSINGLEVALUE('Spaces',$, IFCLABEL('020,010'),$);
#1082=IFCPROPERTYSET('2SiTJ0eF8Hwx4d0aAi40G6',#5, 'Pset_abstractBIM', 'Pset_abstractBIM', (#1078,#1079,#1080,#1081));
#1083=IFCRELDEFINESBYPROPERTIES('2SiTWIeF8Hwx4d0aAi40G6',#5,$,$,(#1077),#1082);
#1084=IFCQUANTITYLENGTH('NominalLength',$,#13, 1.57);
#1085=IFCQUANTITYLENGTH('NominalWidth',$,#13, 0.23);
#1086=IFCQUANTITYLENGTH('NominalHeight',$,#13, 3.0);
#1087=IFCQUANTITYAREA('GrossFootprintArea',$,#14, 0.36110000000000003);
#1088=IFCQUANTITYAREA('NetFootprintArea',$,#14, 0.36);
#1089=IFCQUANTITYAREA('GrossSideArea',$,#14, 4.71);
#1090=IFCQUANTITYAREA('GrossSideVolume',$,#14, 1.08);
#1091=IFCELEMENTQUANTITY('2SiTvmeF8Hwx4d0aAi40G6',#5,'Pset_abstractBIMQuantityTakeOff',$,$,(#1084,#1085,#1086,#1087,#1088,#1089,#1090,#1081));
#1092=IFCRELDEFINESBYPROPERTIES('2SiU7geF8Hwx4d0aAi40G6',#5,$,$,(#1077),#1091);
#1093=IFCCARTESIANPOINT((29.7570,6.9590,0.0000));
#1094=IFCAXIS2PLACEMENT3D(#1093,#23,#325);
#1095=IFCLOCALPLACEMENT(#826,#1094);
#1096=IFCPOLYLINE((#328,#517));
#1097=IFCSHAPEREPRESENTATION(#11,'Axis','Curve2D',(#1096));
#1098=IFCPOLYLINE((#520,#521,#273,#270,#520));
#1099=IFCARBITRARYCLOSEDPROFILEDEF(.AREA.,$,#1098);
#1100=IFCEXTRUDEDAREASOLID(#1099,#25,#23,3.0);
#1101=IFCSHAPEREPRESENTATION(#11,'Body','SweptSolid',(#1100));
#1102=IFCPRODUCTDEFINITIONSHAPE($,$,(#1097,#1101));
#1103=IFCWALLSTANDARDCASE('2SiVMQeF8Hwx4d0aAi40G6',#5,'Wall Interior',$,$,#1095,#1102,$);
#1104=IFCLOCALPLACEMENT(#1095,#1012);
#1105=IFCPOLYLINE((#1014,#1015,#1016,#1017,#1014));
#1106=IFCARBITRARYCLOSEDPROFILEDEF(.AREA.,$,#1105);
#1107=IFCEXTRUDEDAREASOLID(#1106,#25,#23,2.0);
#1108=IFCSHAPEREPRESENTATION(#11,'Body','SweptSolid',(#1107));
#1109=IFCPRODUCTDEFINITIONSHAPE($,$,(#1108));
#1110=IFCOPENINGELEMENT('2SiWPceF8Hwx4d0aAi40G6',#5,'Door Interior_op',$,$,#1104,#1109,'OPENING');
#1111=IFCRELVOIDSELEMENT('2SiWcGeF8Hwx4d0aAi40G6',#5,$,$,#1103,#1110);
#1112=IFCPROPERTYSINGLEVALUE('ExtendToStructure', 'ExtendToStructure', IFCBOOLEAN(.T.),$);
#1113=IFCPROPERTYSINGLEVALUE('IsExternal', 'IsExternal', IFCBOOLEAN(.F.),$);
#1114=IFCPROPERTYSINGLEVALUE('Reference',$, IFCLABEL('Wall Interior'),$);
#1115=IFCPROPERTYSINGLEVALUE('Spaces',$, IFCLABEL('002,003'),$);
#1116=IFCPROPERTYSET('2SiWveeF8Hwx4d0aAi40G6',#5, 'Pset_abstractBIM', 'Pset_abstractBIM', (#1112,#1113,#1114,#1115));
#1117=IFCRELDEFINESBYPROPERTIES('2SiX5CeF8Hwx4d0aAi40G6',#5,$,$,(#1103),#1116);
#1118=IFCQUANTITYLENGTH('NominalLength',$,#13, 3.71);
#1119=IFCQUANTITYLENGTH('NominalWidth',$,#13, 0.23);
#1120=IFCQUANTITYLENGTH('NominalHeight',$,#13, 3.0);
#1121=IFCQUANTITYAREA('GrossFootprintArea',$,#14, 0.8533000000000001);
#1122=IFCQUANTITYAREA('NetFootprintArea',$,#14, 0.85);
#1123=IFCQUANTITYAREA('GrossSideArea',$,#14, 11.129999999999999);
#1124=IFCQUANTITYAREA('GrossSideVolume',$,#14, 2.55);
#1125=IFCELEMENTQUANTITY('2SiXTGeF8Hwx4d0aAi40G6',#5,'Pset_abstractBIMQuantityTakeOff',$,$,(#1118,#1119,#1120,#1121,#1122,#1123,#1124,#1115));
#1126=IFCRELDEFINESBYPROPERTIES('2SiXgseF8Hwx4d0aAi40G6',#5,$,$,(#1103),#1125);
#1127=IFCCARTESIANPOINT((31.9070,-2.4700,0.0000));
#1128=IFCAXIS2PLACEMENT3D(#1127,#23,#325);
#1129=IFCLOCALPLACEMENT(#826,#1128);
#1130=IFCCARTESIANPOINT((3.6990,0.0000));
#1131=IFCPOLYLINE((#328,#1130));
#1132=IFCSHAPEREPRESENTATION(#11,'Axis','Curve2D',(#1131));
#1133=IFCCARTESIANPOINT((3.6990,-0.0750));
#1134=IFCCARTESIANPOINT((3.6990,0.0750));
#1135=IFCPOLYLINE((#1133,#1134,#208,#209,#1133));
#1136=IFCARBITRARYCLOSEDPROFILEDEF(.AREA.,$,#1135);
#1137=IFCEXTRUDEDAREASOLID(#1136,#25,#23,3.0);
#1138=IFCSHAPEREPRESENTATION(#11,'Body','SweptSolid',(#1137));
#1139=IFCPRODUCTDEFINITIONSHAPE($,$,(#1132,#1138));
#1140=IFCWALLSTANDARDCASE('2SiYtGeF8Hwx4d0aAi40G6',#5,'Wall Interior',$,$,#1129,#1139,$);
#1141=IFCCARTESIANPOINT((3.0499,0.0000,0.0000));
#1142=IFCAXIS2PLACEMENT3D(#1141,#23,#24);
#1143=IFCLOCALPLACEMENT(#1129,#1142);
#1144=IFCCARTESIANPOINT((-0.4500,0.1720));
#1145=IFCCARTESIANPOINT((0.4500,0.1720));
#1146=IFCCARTESIANPOINT((0.4500,-0.1720));
#1147=IFCCARTESIANPOINT((-0.4500,-0.1720));
#1148=IFCPOLYLINE((#1144,#1145,#1146,#1147,#1144));
#1149=IFCARBITRARYCLOSEDPROFILEDEF(.AREA.,$,#1148);
#1150=IFCEXTRUDEDAREASOLID(#1149,#25,#23,2.0);
#1151=IFCSHAPEREPRESENTATION(#11,'Body','SweptSolid',(#1150));
#1152=IFCPRODUCTDEFINITIONSHAPE($,$,(#1151));
#1153=IFCOPENINGELEMENT('2Sia1UeF8Hwx4d0aAi40G6',#5,'Door Interior_op',$,$,#1143,#1152,'OPENING');
#1154=IFCRELVOIDSELEMENT('2SiaDgeF8Hwx4d0aAi40G6',#5,$,$,#1140,#1153);
#1155=IFCPROPERTYSINGLEVALUE('ExtendToStructure', 'ExtendToStructure', IFCBOOLEAN(.T.),$);
#1156=IFCPROPERTYSINGLEVALUE('IsExternal', 'IsExternal', IFCBOOLEAN(.F.),$);
#1157=IFCPROPERTYSINGLEVALUE('Reference',$, IFCLABEL('Wall Interior'),$);
#1158=IFCPROPERTYSINGLEVALUE('Spaces',$, IFCLABEL('010,012'),$);
#1159=IFCPROPERTYSET('2SiaWkeF8Hwx4d0aAi40G6',#5, 'Pset_abstractBIM', 'Pset_abstractBIM', (#1155,#1156,#1157,#1158));
#1160=IFCRELDEFINESBYPROPERTIES('2SiaiSeF8Hwx4d0aAi40G6',#5,$,$,(#1140),#1159);
#1161=IFCQUANTITYLENGTH('NominalLength',$,#13, 3.7);
#1162=IFCQUANTITYLENGTH('NominalWidth',$,#13, 0.15);
#1163=IFCQUANTITYLENGTH('NominalHeight',$,#13, 3.0);
#1164=IFCQUANTITYAREA('GrossFootprintArea',$,#14, 0.555);
#1165=IFCQUANTITYAREA('NetFootprintArea',$,#14, 0.55);
#1166=IFCQUANTITYAREA('GrossSideArea',$,#14, 11.100000000000001);
#1167=IFCQUANTITYAREA('GrossSideVolume',$,#14, 1.6500000000000001);
#1168=IFCELEMENTQUANTITY('2Sib4geF8Hwx4d0aAi40G6',#5,'Pset_abstractBIMQuantityTakeOff',$,$,(#1161,#1162,#1163,#1164,#1165,#1166,#1167,#1158));
#1169=IFCRELDEFINESBYPROPERTIES('2SibJ2eF8Hwx4d0aAi40G6',#5,$,$,(#1140),#1168);
#1170=IFCCARTESIANPOINT((31.9070,1.3790,0.0000));
#1171=IFCAXIS2PLACEMENT3D(#1170,#23,#325);
#1172=IFCLOCALPLACEMENT(#826,#1171);
#1173=IFCCARTESIANPOINT((3.8500,0.0000));
#1174=IFCPOLYLINE((#328,#1173));
#1175=IFCSHAPEREPRESENTATION(#11,'Axis','Curve2D',(#1174));
#1176=IFCCARTESIANPOINT((3.8500,-0.0750));
#1177=IFCCARTESIANPOINT((3.8500,0.0750));
#1178=IFCPOLYLINE((#1176,#1177,#208,#209,#1176));
#1179=IFCARBITRARYCLOSEDPROFILEDEF(.AREA.,$,#1178);
#1180=IFCEXTRUDEDAREASOLID(#1179,#25,#23,3.0);
#1181=IFCSHAPEREPRESENTATION(#11,'Body','SweptSolid',(#1180));
#1182=IFCPRODUCTDEFINITIONSHAPE($,$,(#1175,#1181));
#1183=IFCWALLSTANDARDCASE('2SicUgeF8Hwx4d0aAi40G6',#5,'Wall Interior',$,$,#1172,#1182,$);
#1184=IFCCARTESIANPOINT((0.6509,0.0000,0.0000));
#1185=IFCAXIS2PLACEMENT3D(#1184,#23,#24);
#1186=IFCLOCALPLACEMENT(#1172,#1185);
#1187=IFCPOLYLINE((#1144,#1145,#1146,#1147,#1144));
#1188=IFCARBITRARYCLOSEDPROFILEDEF(.AREA.,$,#1187);
#1189=IFCEXTRUDEDAREASOLID(#1188,#25,#23,2.0);
#1190=IFCSHAPEREPRESENTATION(#11,'Body','SweptSolid',(#1189));
#1191=IFCPRODUCTDEFINITIONSHAPE($,$,(#1190));
#1192=IFCOPENINGELEMENT('2SidcseF8Hwx4d0aAi40G6',#5,'Door Interior_op',$,$,#1186,#1191,'OPENING');
#1193=IFCRELVOIDSELEMENT('2SidoueF8Hwx4d0aAi40G6',#5,$,$,#1183,#1192);
#1194=IFCPROPERTYSINGLEVALUE('ExtendToStructure', 'ExtendToStructure', IFCBOOLEAN(.T.),$);
#1195=IFCPROPERTYSINGLEVALUE('IsExternal', 'IsExternal', IFCBOOLEAN(.F.),$);
#1196=IFCPROPERTYSINGLEVALUE('Reference',$, IFCLABEL('Wall Interior'),$);
#1197=IFCPROPERTYSINGLEVALUE('Spaces',$, IFCLABEL('011,010'),$);
#1198=IFCPROPERTYSET('2Sie5oeF8Hwx4d0aAi40G6',#5, 'Pset_abstractBIM', 'Pset_abstractBIM', (#1194,#1195,#1196,#1197));
#1199=IFCRELDEFINESBYPROPERTIES('2SieHCeF8Hwx4d0aAi40G6',#5,$,$,(#1183),#1198);
#1200=IFCQUANTITYLENGTH('NominalLength',$,#13, 3.85);
#1201=IFCQUANTITYLENGTH('NominalWidth',$,#13, 0.15);
#1202=IFCQUANTITYLENGTH('NominalHeight',$,#13, 3.0);
#1203=IFCQUANTITYAREA('GrossFootprintArea',$,#14, 0.5775);
#1204=IFCQUANTITYAREA('NetFootprintArea',$,#14, 0.58);
#1205=IFCQUANTITYAREA('GrossSideArea',$,#14, 11.55);
#1206=IFCQUANTITYAREA('GrossSideVolume',$,#14, 1.7399999999999998);
#1207=IFCELEMENTQUANTITY('2SiezQeF8Hwx4d0aAi40G6',#5,'Pset_abstractBIMQuantityTakeOff',$,$,(#1200,#1201,#1202,#1203,#1204,#1205,#1206,#1197));
#1208=IFCRELDEFINESBYPROPERTIES('2SifBeeF8Hwx4d0aAi40G6',#5,$,$,(#1183),#1207);
#1209=IFCLOCALPLACEMENT(#826,#515);
#1210=IFCPOLYLINE((#328,#517));
#1211=IFCSHAPEREPRESENTATION(#11,'Axis','Curve2D',(#1210));
#1212=IFCPOLYLINE((#520,#521,#273,#270,#520));
#1213=IFCARBITRARYCLOSEDPROFILEDEF(.AREA.,$,#1212);
#1214=IFCEXTRUDEDAREASOLID(#1213,#25,#23,3.0);
#1215=IFCSHAPEREPRESENTATION(#11,'Body','SweptSolid',(#1214));
#1216=IFCPRODUCTDEFINITIONSHAPE($,$,(#1211,#1215));
#1217=IFCWALLSTANDARDCASE('2SigN6eF8Hwx4d0aAi40G6',#5,'Wall Interior',$,$,#1209,#1216,$);
#1218=IFCCARTESIANPOINT((1.9709,0.0000,0.0000));
#1219=IFCAXIS2PLACEMENT3D(#1218,#23,#24);
#1220=IFCLOCALPLACEMENT(#1209,#1219);
#1221=IFCCARTESIANPOINT((-1.0000,0.2520));
#1222=IFCCARTESIANPOINT((1.0000,0.2520));
#1223=IFCCARTESIANPOINT((1.0000,-0.2520));
#1224=IFCCARTESIANPOINT((-1.0000,-0.2520));
#1225=IFCPOLYLINE((#1221,#1222,#1223,#1224,#1221));
#1226=IFCARBITRARYCLOSEDPROFILEDEF(.AREA.,$,#1225);
#1227=IFCEXTRUDEDAREASOLID(#1226,#25,#23,2.0);
#1228=IFCSHAPEREPRESENTATION(#11,'Body','SweptSolid',(#1227));
#1229=IFCPRODUCTDEFINITIONSHAPE($,$,(#1228));
#1230=IFCOPENINGELEMENT('2SirCseF8Hwx4d0aAi40G6',#5,'Door Interior_op',$,$,#1220,#1229,'OPENING');
#1231=IFCRELVOIDSELEMENT('2SirSAeF8Hwx4d0aAi40G6',#5,$,$,#1217,#1230);
#1232=IFCPROPERTYSINGLEVALUE('ExtendToStructure', 'ExtendToStructure', IFCBOOLEAN(.T.),$);
#1233=IFCPROPERTYSINGLEVALUE('IsExternal', 'IsExternal', IFCBOOLEAN(.F.),$);
#1234=IFCPROPERTYSINGLEVALUE('Reference',$, IFCLABEL('Wall Interior'),$);
#1235=IFCPROPERTYSINGLEVALUE('Spaces',$, IFCLABEL('002,001'),$);
#1236=IFCPROPERTYSET('2SirmeeF8Hwx4d0aAi40G6',#5, 'Pset_abstractBIM', 'Pset_abstractBIM', (#1232,#1233,#1234,#1235));
#1237=IFCRELDEFINESBYPROPERTIES('2SiryqeF8Hwx4d0aAi40G6',#5,$,$,(#1217),#1236);
#1238=IFCQUANTITYLENGTH('NominalLength',$,#13, 3.71);
#1239=IFCQUANTITYLENGTH('NominalWidth',$,#13, 0.23);
#1240=IFCQUANTITYLENGTH('NominalHeight',$,#13, 3.0);
#1241=IFCQUANTITYAREA('GrossFootprintArea',$,#14, 0.8533000000000001);
#1242=IFCQUANTITYAREA('NetFootprintArea',$,#14, 0.85);
#1243=IFCQUANTITYAREA('GrossSideArea',$,#14, 11.129999999999999);
#1244=IFCQUANTITYAREA('GrossSideVolume',$,#14, 2.55);
#1245=IFCELEMENTQUANTITY('2SisL_eF8Hwx4d0aAi40G6',#5,'Pset_abstractBIMQuantityTakeOff',$,$,(#1238,#1239,#1240,#1241,#1242,#1243,#1244,#1235));
#1246=IFCRELDEFINESBYPROPERTIES('2SisZkeF8Hwx4d0aAi40G6',#5,$,$,(#1217),#1245);
#1247=IFCLOCALPLACEMENT(#826,#356);
#1248=IFCPOLYLINE((#204,#358));
#1249=IFCSHAPEREPRESENTATION(#11,'Axis','Curve2D',(#1248));
#1250=IFCPOLYLINE((#209,#361,#362,#208,#209));
#1251=IFCARBITRARYCLOSEDPROFILEDEF(.AREA.,$,#1250);
#1252=IFCEXTRUDEDAREASOLID(#1251,#25,#23,3.0);
#1253=IFCSHAPEREPRESENTATION(#11,'Body','SweptSolid',(#1252));
#1254=IFCPRODUCTDEFINITIONSHAPE($,$,(#1249,#1253));
#1255=IFCWALLSTANDARDCASE('2SitmIeF8Hwx4d0aAi40G6',#5,'Wall Interior',$,$,#1247,#1254,$);
#1256=IFCPROPERTYSINGLEVALUE('ExtendToStructure', 'ExtendToStructure', IFCBOOLEAN(.T.),$);
#1257=IFCPROPERTYSINGLEVALUE('IsExternal', 'IsExternal', IFCBOOLEAN(.F.),$);
#1258=IFCPROPERTYSINGLEVALUE('Reference',$, IFCLABEL('Wall Interior'),$);
#1259=IFCPROPERTYSINGLEVALUE('Spaces',$, IFCLABEL('021,022,010'),$);
#1260=IFCPROPERTYSET('2Siu5seF8Hwx4d0aAi40G6',#5, 'Pset_abstractBIM', 'Pset_abstractBIM', (#1256,#1257,#1258,#1259));
#1261=IFCRELDEFINESBYPROPERTIES('2SiuHueF8Hwx4d0aAi40G6',#5,$,$,(#1255),#1260);
#1262=IFCQUANTITYLENGTH('NominalLength',$,#13, 1.8);
#1263=IFCQUANTITYLENGTH('NominalWidth',$,#13, 0.15);
#1264=IFCQUANTITYLENGTH('NominalHeight',$,#13, 3.0);
#1265=IFCQUANTITYAREA('GrossFootprintArea',$,#14, 0.27);
#1266=IFCQUANTITYAREA('NetFootprintArea',$,#14, 0.27);
#1267=IFCQUANTITYAREA('GrossSideArea',$,#14, 5.4);
#1268=IFCQUANTITYAREA('GrossSideVolume',$,#14, 0.81);
#1269=IFCELEMENTQUANTITY('2SiufyeF8Hwx4d0aAi40G6',#5,'Pset_abstractBIMQuantityTakeOff',$,$,(#1262,#1263,#1264,#1265,#1266,#1267,#1268,#1259));
#1270=IFCRELDEFINESBYPROPERTIES('2SiuuUeF8Hwx4d0aAi40G6',#5,$,$,(#1255),#1269);
#1271=IFCLOCALPLACEMENT(#826,#428);
#1272=IFCPOLYLINE((#328,#430));
#1273=IFCSHAPEREPRESENTATION(#11,'Axis','Curve2D',(#1272));
#1274=IFCPOLYLINE((#433,#434,#273,#270,#433));
#1275=IFCARBITRARYCLOSEDPROFILEDEF(.AREA.,$,#1274);
#1276=IFCEXTRUDEDAREASOLID(#1275,#25,#23,3.0);
#1277=IFCSHAPEREPRESENTATION(#11,'Body','SweptSolid',(#1276));
#1278=IFCPRODUCTDEFINITIONSHAPE($,$,(#1273,#1277));
#1279=IFCWALLSTANDARDCASE('2Siw1SeF8Hwx4d0aAi40G6',#5,'Wall Interior',$,$,#1271,#1278,$);
#1280=IFCCARTESIANPOINT((6.7699,0.0000,0.0000));
#1281=IFCAXIS2PLACEMENT3D(#1280,#23,#24);
#1282=IFCLOCALPLACEMENT(#1271,#1281);
#1283=IFCPOLYLINE((#1221,#1222,#1223,#1224,#1221));
#1284=IFCARBITRARYCLOSEDPROFILEDEF(.AREA.,$,#1283);
#1285=IFCEXTRUDEDAREASOLID(#1284,#25,#23,2.0);
#1286=IFCSHAPEREPRESENTATION(#11,'Body','SweptSolid',(#1285));
#1287=IFCPRODUCTDEFINITIONSHAPE($,$,(#1286));
#1288=IFCOPENINGELEMENT('2SixBWeF8Hwx4d0aAi40G6',#5,'Door Interior_op',$,$,#1282,#1287,'OPENING');
#1289=IFCRELVOIDSELEMENT('2SixOAeF8Hwx4d0aAi40G6',#5,$,$,#1279,#1288);
#1290=IFCPROPERTYSINGLEVALUE('ExtendToStructure', 'ExtendToStructure', IFCBOOLEAN(.T.),$);
#1291=IFCPROPERTYSINGLEVALUE('IsExternal', 'IsExternal', IFCBOOLEAN(.F.),$);
#1292=IFCPROPERTYSINGLEVALUE('Reference',$, IFCLABEL('Wall Interior'),$);
#1293=IFCPROPERTYSINGLEVALUE('Spaces',$, IFCLABEL('001,021,023,010'),$);
#1294=IFCPROPERTYSET('2SixhieF8Hwx4d0aAi40G6',#5, 'Pset_abstractBIM', 'Pset_abstractBIM', (#1290,#1291,#1292,#1293));
#1295=IFCRELDEFINESBYPROPERTIES('2SixugeF8Hwx4d0aAi40G6',#5,$,$,(#1279),#1294);
#1296=IFCQUANTITYLENGTH('NominalLength',$,#13, 9.2);
#1297=IFCQUANTITYLENGTH('NominalWidth',$,#13, 0.23);
#1298=IFCQUANTITYLENGTH('NominalHeight',$,#13, 3.0);
#1299=IFCQUANTITYAREA('GrossFootprintArea',$,#14, 2.116);
#1300=IFCQUANTITYAREA('NetFootprintArea',$,#14, 2.12);
#1301=IFCQUANTITYAREA('GrossSideArea',$,#14, 27.599999999999998);
#1302=IFCQUANTITYAREA('GrossSideVolume',$,#14, 6.36);
#1303=IFCELEMENTQUANTITY('2SiyGueF8Hwx4d0aAi40G6',#5,'Pset_abstractBIMQuantityTakeOff',$,$,(#1296,#1297,#1298,#1299,#1300,#1301,#1302,#1293));
#1304=IFCRELDEFINESBYPROPERTIES('2SiyUKeF8Hwx4d0aAi40G6',#5,$,$,(#1279),#1303);
#1305=IFCCARTESIANPOINT((35.9320,6.8440,0.0000));
#1306=IFCAXIS2PLACEMENT3D(#1305,#23,#201);
#1307=IFCLOCALPLACEMENT(#826,#1306);
#1308=IFCCARTESIANPOINT((16.1900,0.0000));
#1309=IFCPOLYLINE((#204,#1308));
#1310=IFCSHAPEREPRESENTATION(#11,'Axis','Curve2D',(#1309));
#1311=IFCCARTESIANPOINT((16.1900,-0.1150));
#1312=IFCCARTESIANPOINT((16.1900,0.1150));
#1313=IFCPOLYLINE((#270,#1311,#1312,#273,#270));
#1314=IFCARBITRARYCLOSEDPROFILEDEF(.AREA.,$,#1313);
#1315=IFCEXTRUDEDAREASOLID(#1314,#25,#23,3.0);
#1316=IFCSHAPEREPRESENTATION(#11,'Body','SweptSolid',(#1315));
#1317=IFCPRODUCTDEFINITIONSHAPE($,$,(#1310,#1316));
#1318=IFCWALLSTANDARDCASE('2Sizj4eF8Hwx4d0aAi40G6',#5,'Wall Interior',$,$,#1307,#1317,$);
#1319=IFCCARTESIANPOINT((7.2695,0.0000,0.0000));
#1320=IFCAXIS2PLACEMENT3D(#1319,#23,#24);
#1321=IFCLOCALPLACEMENT(#1307,#1320);
#1322=IFCPOLYLINE((#1014,#1015,#1016,#1017,#1014));
#1323=IFCARBITRARYCLOSEDPROFILEDEF(.AREA.,$,#1322);
#1324=IFCEXTRUDEDAREASOLID(#1323,#25,#23,2.0);
#1325=IFCSHAPEREPRESENTATION(#11,'Body','SweptSolid',(#1324));
#1326=IFCPRODUCTDEFINITIONSHAPE($,$,(#1325));
#1327=IFCOPENINGELEMENT('2Si_nWeF8Hwx4d0aAi40G6',#5,'Door Interior_op',$,$,#1321,#1326,'OPENING');
#1328=IFCRELVOIDSELEMENT('2Si_zseF8Hwx4d0aAi40G6',#5,$,$,#1318,#1327);
#1329=IFCPROPERTYSINGLEVALUE('ExtendToStructure', 'ExtendToStructure', IFCBOOLEAN(.T.),$);
#1330=IFCPROPERTYSINGLEVALUE('IsExternal', 'IsExternal', IFCBOOLEAN(.F.),$);
#1331=IFCPROPERTYSINGLEVALUE('Reference',$, IFCLABEL('Wall Interior'),$);
#1332=IFCPROPERTYSINGLEVALUE('Spaces',$, IFCLABEL('002,003,004,001,023,010'),$);
#1333=IFCPROPERTYSET('2Si$IoeF8Hwx4d0aAi40G6',#5, 'Pset_abstractBIM', 'Pset_abstractBIM', (#1329,#1330,#1331,#1332));
#1334=IFCRELDEFINESBYPROPERTIES('2Si$UWeF8Hwx4d0aAi40G6',#5,$,$,(#1318),#1333);
#1335=IFCQUANTITYLENGTH('NominalLength',$,#13, 16.19);
#1336=IFCQUANTITYLENGTH('NominalWidth',$,#13, 0.23);
#1337=IFCQUANTITYLENGTH('NominalHeight',$,#13, 3.0);
#1338=IFCQUANTITYAREA('GrossFootprintArea',$,#14, 3.7237000000000005);
#1339=IFCQUANTITYAREA('NetFootprintArea',$,#14, 3.72);
#1340=IFCQUANTITYAREA('GrossSideArea',$,#14, 48.57000000000001);
#1341=IFCQUANTITYAREA('GrossSideVolume',$,#14, 11.16);
#1342=IFCELEMENTQUANTITY('2Si$saeF8Hwx4d0aAi40G6',#5,'Pset_abstractBIMQuantityTakeOff',$,$,(#1335,#1336,#1337,#1338,#1339,#1340,#1341,#1332));
#1343=IFCRELDEFINESBYPROPERTIES('2Sj040eF8Hwx4d0aAi40G6',#5,$,$,(#1318),#1342);
#1344=IFCLOCALPLACEMENT(#826,#326);
#1345=IFCPOLYLINE((#328,#329));
#1346=IFCSHAPEREPRESENTATION(#11,'Axis','Curve2D',(#1345));
#1347=IFCPOLYLINE((#332,#333,#273,#270,#332));
#1348=IFCARBITRARYCLOSEDPROFILEDEF(.AREA.,$,#1347);
#1349=IFCEXTRUDEDAREASOLID(#1348,#25,#23,3.0);
#1350=IFCSHAPEREPRESENTATION(#11,'Body','SweptSolid',(#1349));
#1351=IFCPRODUCTDEFINITIONSHAPE($,$,(#1346,#1350));
#1352=IFCWALLSTANDARDCASE('2Sj1ISeF8Hwx4d0aAi40G6',#5,'Wall Interior',$,$,#1344,#1351,$);
#1353=IFCPROPERTYSINGLEVALUE('ExtendToStructure', 'ExtendToStructure', IFCBOOLEAN(.T.),$);
#1354=IFCPROPERTYSINGLEVALUE('IsExternal', 'IsExternal', IFCBOOLEAN(.F.),$);
#1355=IFCPROPERTYSINGLEVALUE('Reference',$, IFCLABEL('Wall Interior'),$);
#1356=IFCPROPERTYSINGLEVALUE('Spaces',$, IFCLABEL('001,023'),$);
#1357=IFCPROPERTYSET('2Sj1dseF8Hwx4d0aAi40G6',#5, 'Pset_abstractBIM', 'Pset_abstractBIM', (#1353,#1354,#1355,#1356));
#1358=IFCRELDEFINESBYPROPERTIES('2Sj1paeF8Hwx4d0aAi40G6',#5,$,$,(#1352),#1357);
#1359=IFCQUANTITYLENGTH('NominalLength',$,#13, 0.75);
#1360=IFCQUANTITYLENGTH('NominalWidth',$,#13, 0.23);
#1361=IFCQUANTITYLENGTH('NominalHeight',$,#13, 3.0);
#1362=IFCQUANTITYAREA('GrossFootprintArea',$,#14, 0.17250000000000001);
#1363=IFCQUANTITYAREA('NetFootprintArea',$,#14, 0.17);
#1364=IFCQUANTITYAREA('GrossSideArea',$,#14, 2.25);
#1365=IFCQUANTITYAREA('GrossSideVolume',$,#14, 0.51);
#1366=IFCELEMENTQUANTITY('2Sj2BUeF8Hwx4d0aAi40G6',#5,'Pset_abstractBIMQuantityTakeOff',$,$,(#1359,#1360,#1361,#1362,#1363,#1364,#1365,#1356));
#1367=IFCRELDEFINESBYPROPERTIES('2Sj2OweF8Hwx4d0aAi40G6',#5,$,$,(#1352),#1366);
#1368=IFCLOCALPLACEMENT(#826,#385);
#1369=IFCPOLYLINE((#328,#387));
#1370=IFCSHAPEREPRESENTATION(#11,'Axis','Curve2D',(#1369));
#1371=IFCPOLYLINE((#390,#391,#273,#270,#390));
#1372=IFCARBITRARYCLOSEDPROFILEDEF(.AREA.,$,#1371);
#1373=IFCEXTRUDEDAREASOLID(#1372,#25,#23,3.0);
#1374=IFCSHAPEREPRESENTATION(#11,'Body','SweptSolid',(#1373));
#1375=IFCPRODUCTDEFINITIONSHAPE($,$,(#1370,#1374));
#1376=IFCWALLSTANDARDCASE('2SjDBseF8Hwx4d0aAi40G6',#5,'Wall Interior',$,$,#1368,#1375,$);
#1377=IFCLOCALPLACEMENT(#1368,#399);
#1378=IFCPOLYLINE((#401,#402,#403,#404,#401));
#1379=IFCARBITRARYCLOSEDPROFILEDEF(.AREA.,$,#1378);
#1380=IFCEXTRUDEDAREASOLID(#1379,#25,#23,2.0);
#1381=IFCSHAPEREPRESENTATION(#11,'Body','SweptSolid',(#1380));
#1382=IFCPRODUCTDEFINITIONSHAPE($,$,(#1381));
#1383=IFCOPENINGELEMENT('2SjEUqeF8Hwx4d0aAi40G6',#5,'Door Interior_op',$,$,#1377,#1382,'OPENING');
#1384=IFCRELVOIDSELEMENT('2SjEiGeF8Hwx4d0aAi40G6',#5,$,$,#1376,#1383);
#1385=IFCPROPERTYSINGLEVALUE('ExtendToStructure', 'ExtendToStructure', IFCBOOLEAN(.T.),$);
#1386=IFCPROPERTYSINGLEVALUE('IsExternal', 'IsExternal', IFCBOOLEAN(.F.),$);
#1387=IFCPROPERTYSINGLEVALUE('Reference',$, IFCLABEL('Wall Interior'),$);
#1388=IFCPROPERTYSINGLEVALUE('Spaces',$, IFCLABEL('020,022,010'),$);
#1389=IFCPROPERTYSET('2SjF0GeF8Hwx4d0aAi40G6',#5, 'Pset_abstractBIM', 'Pset_abstractBIM', (#1385,#1386,#1387,#1388));
#1390=IFCRELDEFINESBYPROPERTIES('2SjFCSeF8Hwx4d0aAi40G6',#5,$,$,(#1376),#1389);
#1391=IFCQUANTITYLENGTH('NominalLength',$,#13, 2.64);
#1392=IFCQUANTITYLENGTH('NominalWidth',$,#13, 0.23);
#1393=IFCQUANTITYLENGTH('NominalHeight',$,#13, 3.0);
#1394=IFCQUANTITYAREA('GrossFootprintArea',$,#14, 0.6072000000000001);
#1395=IFCQUANTITYAREA('NetFootprintArea',$,#14, 0.61);
#1396=IFCQUANTITYAREA('GrossSideArea',$,#14, 7.92);
#1397=IFCQUANTITYAREA('GrossSideVolume',$,#14, 1.83);
#1398=IFCELEMENTQUANTITY('2SjFb8eF8Hwx4d0aAi40G6',#5,'Pset_abstractBIMQuantityTakeOff',$,$,(#1391,#1392,#1393,#1394,#1395,#1396,#1397,#1388));
#1399=IFCRELDEFINESBYPROPERTIES('2SjFokeF8Hwx4d0aAi40G6',#5,$,$,(#1376),#1398);
#1400=IFCCARTESIANPOINT((35.9320,1.3040,0.0000));
#1401=IFCAXIS2PLACEMENT3D(#1400,#23,#201);
#1402=IFCLOCALPLACEMENT(#826,#1401);
#1403=IFCCARTESIANPOINT((4.1000,0.0000));
#1404=IFCPOLYLINE((#204,#1403));
#1405=IFCSHAPEREPRESENTATION(#11,'Axis','Curve2D',(#1404));
#1406=IFCCARTESIANPOINT((4.1000,-0.0750));
#1407=IFCCARTESIANPOINT((4.1000,0.0750));
#1408=IFCPOLYLINE((#209,#1406,#1407,#208,#209));
#1409=IFCARBITRARYCLOSEDPROFILEDEF(.AREA.,$,#1408);
#1410=IFCEXTRUDEDAREASOLID(#1409,#25,#23,3.0);
#1411=IFCSHAPEREPRESENTATION(#11,'Body','SweptSolid',(#1410));
#1412=IFCPRODUCTDEFINITIONSHAPE($,$,(#1405,#1411));
#1413=IFCWALLSTANDARDCASE('2SjH2aeF8Hwx4d0aAi40G6',#5,'Wall Interior',$,$,#1402,#1412,$);
#1414=IFCPROPERTYSINGLEVALUE('ExtendToStructure', 'ExtendToStructure', IFCBOOLEAN(.T.),$);
#1415=IFCPROPERTYSINGLEVALUE('IsExternal', 'IsExternal', IFCBOOLEAN(.F.),$);
#1416=IFCPROPERTYSINGLEVALUE('Reference',$, IFCLABEL('Wall Interior'),$);
#1417=IFCPROPERTYSINGLEVALUE('Spaces',$, IFCLABEL('011,012'),$);
#1418=IFCPROPERTYSET('2SjHNgeF8Hwx4d0aAi40G6',#5, 'Pset_abstractBIM', 'Pset_abstractBIM', (#1414,#1415,#1416,#1417));
#1419=IFCRELDEFINESBYPROPERTIES('2SjHaeeF8Hwx4d0aAi40G6',#5,$,$,(#1413),#1418);
#1420=IFCQUANTITYLENGTH('NominalLength',$,#13, 4.1);
#1421=IFCQUANTITYLENGTH('NominalWidth',$,#13, 0.15);
#1422=IFCQUANTITYLENGTH('NominalHeight',$,#13, 3.0);
#1423=IFCQUANTITYAREA('GrossFootprintArea',$,#14, 0.6149999999999999);
#1424=IFCQUANTITYAREA('NetFootprintArea',$,#14, 0.62);
#1425=IFCQUANTITYAREA('GrossSideArea',$,#14, 12.299999999999999);
#1426=IFCQUANTITYAREA('GrossSideVolume',$,#14, 1.8599999999999999);
#1427=IFCELEMENTQUANTITY('2SjHzAeF8Hwx4d0aAi40G6',#5,'Pset_abstractBIMQuantityTakeOff',$,$,(#1420,#1421,#1422,#1423,#1424,#1425,#1426,#1417));
#1428=IFCRELDEFINESBYPROPERTIES('2SjIBseF8Hwx4d0aAi40G6',#5,$,$,(#1413),#1427);
#1429=IFCLOCALPLACEMENT(#826,#202);
#1430=IFCPOLYLINE((#204,#205));
#1431=IFCSHAPEREPRESENTATION(#11,'Axis','Curve2D',(#1430));
#1432=IFCPOLYLINE((#208,#209,#210,#211,#208));
#1433=IFCARBITRARYCLOSEDPROFILEDEF(.AREA.,$,#1432);
#1434=IFCEXTRUDEDAREASOLID(#1433,#25,#23,3.0);
#1435=IFCSHAPEREPRESENTATION(#11,'Body','SweptSolid',(#1434));
#1436=IFCPRODUCTDEFINITIONSHAPE($,$,(#1431,#1435));
#1437=IFCWALLSTANDARDCASE('2SjJJkeF8Hwx4d0aAi40G6',#5,'Wall Interior',$,$,#1429,#1436,$);
#1438=IFCPROPERTYSINGLEVALUE('ExtendToStructure', 'ExtendToStructure', IFCBOOLEAN(.T.),$);
#1439=IFCPROPERTYSINGLEVALUE('IsExternal', 'IsExternal', IFCBOOLEAN(.F.),$);
#1440=IFCPROPERTYSINGLEVALUE('Reference',$, IFCLABEL('Wall Interior'),$);
#1441=IFCPROPERTYSINGLEVALUE('Spaces',$, IFCLABEL('001,023'),$);
#1442=IFCPROPERTYSET('2SjJfceF8Hwx4d0aAi40G6',#5, 'Pset_abstractBIM', 'Pset_abstractBIM', (#1438,#1439,#1440,#1441));
#1443=IFCRELDEFINESBYPROPERTIES('2SjJrUeF8Hwx4d0aAi40G6',#5,$,$,(#1437),#1442);
#1444=IFCQUANTITYLENGTH('NominalLength',$,#13, 3.06);
#1445=IFCQUANTITYLENGTH('NominalWidth',$,#13, 0.15);
#1446=IFCQUANTITYLENGTH('NominalHeight',$,#13, 3.0);
#1447=IFCQUANTITYAREA('GrossFootprintArea',$,#14, 0.45899999999999996);
#1448=IFCQUANTITYAREA('NetFootprintArea',$,#14, 0.46);
#1449=IFCQUANTITYAREA('GrossSideArea',$,#14, 9.18);
#1450=IFCQUANTITYAREA('GrossSideVolume',$,#14, 1.3800000000000001);
#1451=IFCELEMENTQUANTITY('2SjKEeeF8Hwx4d0aAi40G6',#5,'Pset_abstractBIMQuantityTakeOff',$,$,(#1444,#1445,#1446,#1447,#1448,#1449,#1450,#1441));
#1452=IFCRELDEFINESBYPROPERTIES('2SjKSEeF8Hwx4d0aAi40G6',#5,$,$,(#1437),#1451);
#1453=IFCLOCALPLACEMENT(#826,#544);
#1454=IFCPOLYLINE((#328,#546));
#1455=IFCSHAPEREPRESENTATION(#11,'Axis','Curve2D',(#1454));
#1456=IFCPOLYLINE((#549,#550,#273,#270,#549));
#1457=IFCARBITRARYCLOSEDPROFILEDEF(.AREA.,$,#1456);
#1458=IFCEXTRUDEDAREASOLID(#1457,#25,#23,3.38);
#1459=IFCSHAPEREPRESENTATION(#11,'Body','SweptSolid',(#1458));
#1460=IFCPRODUCTDEFINITIONSHAPE($,$,(#1455,#1459));
#1461=IFCWALLSTANDARDCASE('2SjLZUeF8Hwx4d0aAi40G6',#5,'Wall Interior',$,$,#1453,#1460,$);
#1462=IFCPROPERTYSINGLEVALUE('ExtendToStructure', 'ExtendToStructure', IFCBOOLEAN(.T.),$);
#1463=IFCPROPERTYSINGLEVALUE('IsExternal', 'IsExternal', IFCBOOLEAN(.F.),$);
#1464=IFCPROPERTYSINGLEVALUE('Reference',$, IFCLABEL('Wall Interior'),$);
#1465=IFCPROPERTYSINGLEVALUE('Spaces',$, IFCLABEL('020,021'),$);
#1466=IFCPROPERTYSET('2SjLuGeF8Hwx4d0aAi40G6',#5, 'Pset_abstractBIM', 'Pset_abstractBIM', (#1462,#1463,#1464,#1465));
#1467=IFCRELDEFINESBYPROPERTIES('2SjM3qeF8Hwx4d0aAi40G6',#5,$,$,(#1461),#1466);
#1468=IFCQUANTITYLENGTH('NominalLength',$,#13, 1.53);
#1469=IFCQUANTITYLENGTH('NominalWidth',$,#13, 0.23);
#1470=IFCQUANTITYLENGTH('NominalHeight',$,#13, 3.38);
#1471=IFCQUANTITYAREA('GrossFootprintArea',$,#14, 0.35190000000000005);
#1472=IFCQUANTITYAREA('NetFootprintArea',$,#14, 0.35);
#1473=IFCQUANTITYAREA('GrossSideArea',$,#14, 5.1714);
#1474=IFCQUANTITYAREA('GrossSideVolume',$,#14, 1.1829999999999998);
#1475=IFCELEMENTQUANTITY('2SjMRkeF8Hwx4d0aAi40G6',#5,'Pset_abstractBIMQuantityTakeOff',$,$,(#1468,#1469,#1470,#1471,#1472,#1473,#1474,#1465));
#1476=IFCRELDEFINESBYPROPERTIES('2SjMfAeF8Hwx4d0aAi40G6',#5,$,$,(#1461),#1475);
#1477=IFCLOCALPLACEMENT(#826,#573);
#1478=IFCPOLYLINE((#204,#358));
#1479=IFCSHAPEREPRESENTATION(#11,'Axis','Curve2D',(#1478));
#1480=IFCPOLYLINE((#270,#577,#578,#273,#270));
#1481=IFCARBITRARYCLOSEDPROFILEDEF(.AREA.,$,#1480);
#1482=IFCEXTRUDEDAREASOLID(#1481,#25,#23,3.38);
#1483=IFCSHAPEREPRESENTATION(#11,'Body','SweptSolid',(#1482));
#1484=IFCPRODUCTDEFINITIONSHAPE($,$,(#1479,#1483));
#1485=IFCWALLSTANDARDCASE('2SjNrueF8Hwx4d0aAi40G6',#5,'Wall Interior',$,$,#1477,#1484,$);
#1486=IFCPROPERTYSINGLEVALUE('ExtendToStructure', 'ExtendToStructure', IFCBOOLEAN(.T.),$);
#1487=IFCPROPERTYSINGLEVALUE('IsExternal', 'IsExternal', IFCBOOLEAN(.F.),$);
#1488=IFCPROPERTYSINGLEVALUE('Reference',$, IFCLABEL('Wall Interior'),$);
#1489=IFCPROPERTYSINGLEVALUE('Spaces',$, IFCLABEL('020,022,021'),$);
#1490=IFCPROPERTYSET('2SjOBIeF8Hwx4d0aAi40G6',#5, 'Pset_abstractBIM', 'Pset_abstractBIM', (#1486,#1487,#1488,#1489));
#1491=IFCRELDEFINESBYPROPERTIES('2SjON0eF8Hwx4d0aAi40G6',#5,$,$,(#1485),#1490);
#1492=IFCQUANTITYLENGTH('NominalLength',$,#13, 1.8);
#1493=IFCQUANTITYLENGTH('NominalWidth',$,#13, 0.23);
#1494=IFCQUANTITYLENGTH('NominalHeight',$,#13, 3.38);
#1495=IFCQUANTITYAREA('GrossFootprintArea',$,#14, 0.41400000000000003);
#1496=IFCQUANTITYAREA('NetFootprintArea',$,#14, 0.41);
#1497=IFCQUANTITYAREA('GrossSideArea',$,#14, 6.084);
#1498=IFCQUANTITYAREA('GrossSideVolume',$,#14, 1.3858);
#1499=IFCELEMENTQUANTITY('2SjOmAeF8Hwx4d0aAi40G6',#5,'Pset_abstractBIMQuantityTakeOff',$,$,(#1492,#1493,#1494,#1495,#1496,#1497,#1498,#1489));
#1500=IFCRELDEFINESBYPROPERTIES('2SjOzceF8Hwx4d0aAi40G6',#5,$,$,(#1485),#1499);
#1501=IFCLOCALPLACEMENT(#826,#601);
#1502=IFCPOLYLINE((#328,#603));
#1503=IFCSHAPEREPRESENTATION(#11,'Axis','Curve2D',(#1502));
#1504=IFCPOLYLINE((#606,#607,#273,#270,#606));
#1505=IFCARBITRARYCLOSEDPROFILEDEF(.AREA.,$,#1504);
#1506=IFCEXTRUDEDAREASOLID(#1505,#25,#23,3.38);
#1507=IFCSHAPEREPRESENTATION(#11,'Body','SweptSolid',(#1506));
#1508=IFCPRODUCTDEFINITIONSHAPE($,$,(#1503,#1507));
#1509=IFCWALLSTANDARDCASE('2SjQP0eF8Hwx4d0aAi40G6',#5,'Wall Interior',$,$,#1501,#1508,$);
#1510=IFCPROPERTYSINGLEVALUE('ExtendToStructure', 'ExtendToStructure', IFCBOOLEAN(.T.),$);
#1511=IFCPROPERTYSINGLEVALUE('IsExternal', 'IsExternal', IFCBOOLEAN(.F.),$);
#1512=IFCPROPERTYSINGLEVALUE('Reference',$, IFCLABEL('Wall Interior'),$);
#1513=IFCPROPERTYSINGLEVALUE('Spaces',$, IFCLABEL('022,021'),$);
#1514=IFCPROPERTYSET('2SjQl2eF8Hwx4d0aAi40G6',#5, 'Pset_abstractBIM', 'Pset_abstractBIM', (#1510,#1511,#1512,#1513));
#1515=IFCRELDEFINESBYPROPERTIES('2SjQyUeF8Hwx4d0aAi40G6',#5,$,$,(#1509),#1514);
#1516=IFCQUANTITYLENGTH('NominalLength',$,#13, 0.5);
#1517=IFCQUANTITYLENGTH('NominalWidth',$,#13, 0.23);
#1518=IFCQUANTITYLENGTH('NominalHeight',$,#13, 3.38);
#1519=IFCQUANTITYAREA('GrossFootprintArea',$,#14, 0.115);
#1520=IFCQUANTITYAREA('NetFootprintArea',$,#14, 0.12);
#1521=IFCQUANTITYAREA('GrossSideArea',$,#14, 1.69);
#1522=IFCQUANTITYAREA('GrossSideVolume',$,#14, 0.40559999999999996);
#1523=IFCELEMENTQUANTITY('2SjRLKeF8Hwx4d0aAi40G6',#5,'Pset_abstractBIMQuantityTakeOff',$,$,(#1516,#1517,#1518,#1519,#1520,#1521,#1522,#1513));
#1524=IFCRELDEFINESBYPROPERTIES('2SjRYmeF8Hwx4d0aAi40G6',#5,$,$,(#1509),#1523);
#1525=IFCLOCALPLACEMENT(#826,#662);
#1526=IFCPOLYLINE((#328,#664));
#1527=IFCSHAPEREPRESENTATION(#11,'Axis','Curve2D',(#1526));
#1528=IFCPOLYLINE((#637,#667,#668,#636,#637));
#1529=IFCARBITRARYCLOSEDPROFILEDEF(.AREA.,$,#1528);
#1530=IFCEXTRUDEDAREASOLID(#1529,#25,#23,3.0);
#1531=IFCSHAPEREPRESENTATION(#11,'Body','SweptSolid',(#1530));
#1532=IFCPRODUCTDEFINITIONSHAPE($,$,(#1527,#1531));
#1533=IFCWALLSTANDARDCASE('2SjcSueF8Hwx4d0aAi40G6',#5,'Wall Exterior',$,$,#1525,#1532,$);
#1534=IFCCARTESIANPOINT((9.8913,0.0000,0.1500));
#1535=IFCAXIS2PLACEMENT3D(#1534,#23,#24);
#1536=IFCLOCALPLACEMENT(#1525,#1535);
#1537=IFCCARTESIANPOINT((-1.8500,0.3720));
#1538=IFCCARTESIANPOINT((1.8500,0.3720));
#1539=IFCCARTESIANPOINT((1.8500,-0.3720));
#1540=IFCCARTESIANPOINT((-1.8500,-0.3720));
#1541=IFCPOLYLINE((#1537,#1538,#1539,#1540,#1537));
#1542=IFCARBITRARYCLOSEDPROFILEDEF(.AREA.,$,#1541);
#1543=IFCEXTRUDEDAREASOLID(#1542,#25,#23,2.2);
#1544=IFCSHAPEREPRESENTATION(#11,'Body','SweptSolid',(#1543));
#1545=IFCPRODUCTDEFINITIONSHAPE($,$,(#1544));
#1546=IFCOPENINGELEMENT('2SjdcyeF8Hwx4d0aAi40G6',#5,'Window Exterior_op',$,$,#1536,#1545,'OPENING');
#1547=IFCRELVOIDSELEMENT('2SjdqOeF8Hwx4d0aAi40G6',#5,$,$,#1533,#1546);
#1548=IFCCARTESIANPOINT((4.1213,0.0000,0.1500));
#1549=IFCAXIS2PLACEMENT3D(#1548,#23,#24);
#1550=IFCLOCALPLACEMENT(#1525,#1549);
#1551=IFCPOLYLINE((#1537,#1538,#1539,#1540,#1537));
#1552=IFCARBITRARYCLOSEDPROFILEDEF(.AREA.,$,#1551);
#1553=IFCEXTRUDEDAREASOLID(#1552,#25,#23,2.2);
#1554=IFCSHAPEREPRESENTATION(#11,'Body','SweptSolid',(#1553));
#1555=IFCPRODUCTDEFINITIONSHAPE($,$,(#1554));
#1556=IFCOPENINGELEMENT('2SjesUeF8Hwx4d0aAi40G6',#5,'Window Exterior_op',$,$,#1550,#1555,'OPENING');
#1557=IFCRELVOIDSELEMENT('2Sjf3SeF8Hwx4d0aAi40G6',#5,$,$,#1533,#1556);
#1558=IFCPROPERTYSINGLEVALUE('ExtendToStructure', 'ExtendToStructure', IFCBOOLEAN(.T.),$);
#1559=IFCPROPERTYSINGLEVALUE('IsExternal', 'IsExternal', IFCBOOLEAN(.T.),$);
#1560=IFCPROPERTYSINGLEVALUE('Reference',$, IFCLABEL('Wall Exterior'),$);
#1561=IFCPROPERTYSINGLEVALUE('Spaces',$, IFCLABEL('001'),$);
#1562=IFCPROPERTYSINGLEVALUE('Direction',$, IFCLABEL('180'),$);
#1563=IFCPROPERTYSET('2SjfOYeF8Hwx4d0aAi40G6',#5, 'Pset_abstractBIM', 'Pset_abstractBIM', (#1558,#1559,#1560,#1561,#1562));
#1564=IFCRELDEFINESBYPROPERTIES('2SjfakeF8Hwx4d0aAi40G6',#5,$,$,(#1533),#1563);
#1565=IFCQUANTITYLENGTH('NominalLength',$,#13, 13.84);
#1566=IFCQUANTITYLENGTH('NominalWidth',$,#13, 0.35);
#1567=IFCQUANTITYLENGTH('NominalHeight',$,#13, 3.0);
#1568=IFCQUANTITYAREA('GrossFootprintArea',$,#14, 4.843999999999999);
#1569=IFCQUANTITYAREA('NetFootprintArea',$,#14, 4.72);
#1570=IFCQUANTITYAREA('GrossSideArea',$,#14, 41.519999999999996);
#1571=IFCQUANTITYAREA('GrossSideVolume',$,#14, 14.16);
#1572=IFCELEMENTQUANTITY('2SjfzGeF8Hwx4d0aAi40G6',#5,'Pset_abstractBIMQuantityTakeOff',$,$,(#1565,#1566,#1567,#1568,#1569,#1570,#1571,#1562));
#1573=IFCRELDEFINESBYPROPERTIES('2SjgAseF8Hwx4d0aAi40G6',#5,$,$,(#1533),#1572);
#1574=IFCLOCALPLACEMENT(#826,#692);
#1575=IFCPOLYLINE((#204,#632));
#1576=IFCSHAPEREPRESENTATION(#11,'Axis','Curve2D',(#1575));
#1577=IFCPOLYLINE((#637,#638,#635,#636,#637));
#1578=IFCARBITRARYCLOSEDPROFILEDEF(.AREA.,$,#1577);
#1579=IFCEXTRUDEDAREASOLID(#1578,#25,#23,3.0);
#1580=IFCSHAPEREPRESENTATION(#11,'Body','SweptSolid',(#1579));
#1581=IFCPRODUCTDEFINITIONSHAPE($,$,(#1576,#1580));
#1582=IFCWALLSTANDARDCASE('2SjhRKeF8Hwx4d0aAi40G6',#5,'Wall Exterior',$,$,#1574,#1581,$);
#1583=IFCCARTESIANPOINT((5.4711,0.0000,0.0000));
#1584=IFCAXIS2PLACEMENT3D(#1583,#23,#24);
#1585=IFCLOCALPLACEMENT(#1574,#1584);
#1586=IFCCARTESIANPOINT((-1.0000,0.3720));
#1587=IFCCARTESIANPOINT((1.0000,0.3720));
#1588=IFCCARTESIANPOINT((1.0000,-0.3720));
#1589=IFCCARTESIANPOINT((-1.0000,-0.3720));
#1590=IFCPOLYLINE((#1586,#1587,#1588,#1589,#1586));
#1591=IFCARBITRARYCLOSEDPROFILEDEF(.AREA.,$,#1590);
#1592=IFCEXTRUDEDAREASOLID(#1591,#25,#23,2.35);
#1593=IFCSHAPEREPRESENTATION(#11,'Body','SweptSolid',(#1592));
#1594=IFCPRODUCTDEFINITIONSHAPE($,$,(#1593));
#1595=IFCOPENINGELEMENT('2SjiXoeF8Hwx4d0aAi40G6',#5,'Door Exterior_op',$,$,#1585,#1594,'OPENING');
#1596=IFCRELVOIDSELEMENT('2SjikIeF8Hwx4d0aAi40G6',#5,$,$,#1582,#1595);
#1597=IFCCARTESIANPOINT((22.8908,0.0000,0.1500));
#1598=IFCAXIS2PLACEMENT3D(#1597,#23,#24);
#1599=IFCLOCALPLACEMENT(#1574,#1598);
#1600=IFCCARTESIANPOINT((-9.6000,0.3720));
#1601=IFCCARTESIANPOINT((9.6000,0.3720));
#1602=IFCCARTESIANPOINT((9.6000,-0.3720));
#1603=IFCCARTESIANPOINT((-9.6000,-0.3720));
#1604=IFCPOLYLINE((#1600,#1601,#1602,#1603,#1600));
#1605=IFCARBITRARYCLOSEDPROFILEDEF(.AREA.,$,#1604);
#1606=IFCEXTRUDEDAREASOLID(#1605,#25,#23,2.2);
#1607=IFCSHAPEREPRESENTATION(#11,'Body','SweptSolid',(#1606));
#1608=IFCPRODUCTDEFINITIONSHAPE($,$,(#1607));
#1609=IFCOPENINGELEMENT('2SjjokeF8Hwx4d0aAi40G6',#5,'Window Exterior_op',$,$,#1599,#1608,'OPENING');
#1610=IFCRELVOIDSELEMENT('2Sjj$OeF8Hwx4d0aAi40G6',#5,$,$,#1582,#1609);
#1611=IFCCARTESIANPOINT((7.8708,0.0000,0.0000));
#1612=IFCAXIS2PLACEMENT3D(#1611,#23,#24);
#1613=IFCLOCALPLACEMENT(#1574,#1612);
#1614=IFCCARTESIANPOINT((-1.4000,0.3720));
#1615=IFCCARTESIANPOINT((1.4000,0.3720));
#1616=IFCCARTESIANPOINT((1.4000,-0.3720));
#1617=IFCCARTESIANPOINT((-1.4000,-0.3720));
#1618=IFCPOLYLINE((#1614,#1615,#1616,#1617,#1614));
#1619=IFCARBITRARYCLOSEDPROFILEDEF(.AREA.,$,#1618);
#1620=IFCEXTRUDEDAREASOLID(#1619,#25,#23,2.35);
#1621=IFCSHAPEREPRESENTATION(#11,'Body','SweptSolid',(#1620));
#1622=IFCPRODUCTDEFINITIONSHAPE($,$,(#1621));
#1623=IFCOPENINGELEMENT('2Sjl3_eF8Hwx4d0aAi40G6',#5,'Window Exterior_op',$,$,#1613,#1622,'OPENING');
#1624=IFCRELVOIDSELEMENT('2SjlGKeF8Hwx4d0aAi40G6',#5,$,$,#1582,#1623);
#1625=IFCCARTESIANPOINT((11.2708,0.0000,0.1500));
#1626=IFCAXIS2PLACEMENT3D(#1625,#23,#24);
#1627=IFCLOCALPLACEMENT(#1574,#1626);
#1628=IFCCARTESIANPOINT((-1.7500,0.3720));
#1629=IFCCARTESIANPOINT((1.7500,0.3720));
#1630=IFCCARTESIANPOINT((1.7500,-0.3720));
#1631=IFCCARTESIANPOINT((-1.7500,-0.3720));
#1632=IFCPOLYLINE((#1628,#1629,#1630,#1631,#1628));
#1633=IFCARBITRARYCLOSEDPROFILEDEF(.AREA.,$,#1632);
#1634=IFCEXTRUDEDAREASOLID(#1633,#25,#23,2.2);
#1635=IFCSHAPEREPRESENTATION(#11,'Body','SweptSolid',(#1634));
#1636=IFCPRODUCTDEFINITIONSHAPE($,$,(#1635));
#1637=IFCOPENINGELEMENT('2SjmJCeF8Hwx4d0aAi40G6',#5,'Window Exterior_op',$,$,#1627,#1636,'OPENING');
#1638=IFCRELVOIDSELEMENT('2SjmVieF8Hwx4d0aAi40G6',#5,$,$,#1582,#1637);
#1639=IFCPROPERTYSINGLEVALUE('ExtendToStructure', 'ExtendToStructure', IFCBOOLEAN(.T.),$);
#1640=IFCPROPERTYSINGLEVALUE('IsExternal', 'IsExternal', IFCBOOLEAN(.T.),$);
#1641=IFCPROPERTYSINGLEVALUE('Reference',$, IFCLABEL('Wall Exterior'),$);
#1642=IFCPROPERTYSINGLEVALUE('Spaces',$, IFCLABEL('001,021,010,012'),$);
#1643=IFCPROPERTYSINGLEVALUE('Direction',$, IFCLABEL('-90'),$);
#1644=IFCPROPERTYSET('2SjmwueF8Hwx4d0aAi40G6',#5, 'Pset_abstractBIM', 'Pset_abstractBIM', (#1639,#1640,#1641,#1642,#1643));
#1645=IFCRELDEFINESBYPROPERTIES('2Sjn74eF8Hwx4d0aAi40G6',#5,$,$,(#1582),#1644);
#1646=IFCQUANTITYLENGTH('NominalLength',$,#13, 32.84);
#1647=IFCQUANTITYLENGTH('NominalWidth',$,#13, 0.35);
#1648=IFCQUANTITYLENGTH('NominalHeight',$,#13, 3.0);
#1649=IFCQUANTITYAREA('GrossFootprintArea',$,#14, 11.494);
#1650=IFCQUANTITYAREA('NetFootprintArea',$,#14, 11.37);
#1651=IFCQUANTITYAREA('GrossSideArea',$,#14, 98.52000000000001);
#1652=IFCQUANTITYAREA('GrossSideVolume',$,#14, 34.11);
#1653=IFCELEMENTQUANTITY('2SjnVIeF8Hwx4d0aAi40G6',#5,'Pset_abstractBIMQuantityTakeOff',$,$,(#1646,#1647,#1648,#1649,#1650,#1651,#1652,#1643));
#1654=IFCRELDEFINESBYPROPERTIES('2SjniueF8Hwx4d0aAi40G6',#5,$,$,(#1582),#1653);
#1655=IFCLOCALPLACEMENT(#826,#630);
#1656=IFCPOLYLINE((#328,#632));
#1657=IFCSHAPEREPRESENTATION(#11,'Axis','Curve2D',(#1656));
#1658=IFCPOLYLINE((#635,#636,#637,#638,#635));
#1659=IFCARBITRARYCLOSEDPROFILEDEF(.AREA.,$,#1658);
#1660=IFCEXTRUDEDAREASOLID(#1659,#25,#23,3.0);
#1661=IFCSHAPEREPRESENTATION(#11,'Body','SweptSolid',(#1660));
#1662=IFCPRODUCTDEFINITIONSHAPE($,$,(#1657,#1661));
#1663=IFCWALLSTANDARDCASE('2Sjo_SeF8Hwx4d0aAi40G6',#5,'Wall Exterior',$,$,#1655,#1662,$);
#1664=IFCCARTESIANPOINT((21.3719,0.0000,1.3500));
#1665=IFCAXIS2PLACEMENT3D(#1664,#23,#24);
#1666=IFCLOCALPLACEMENT(#1655,#1665);
#1667=IFCCARTESIANPOINT((-4.7500,0.3720));
#1668=IFCCARTESIANPOINT((4.7500,0.3720));
#1669=IFCCARTESIANPOINT((4.7500,-0.3720));
#1670=IFCCARTESIANPOINT((-4.7500,-0.3720));
#1671=IFCPOLYLINE((#1667,#1668,#1669,#1670,#1667));
#1672=IFCARBITRARYCLOSEDPROFILEDEF(.AREA.,$,#1671);
#1673=IFCEXTRUDEDAREASOLID(#1672,#25,#23,1.0);
#1674=IFCSHAPEREPRESENTATION(#11,'Body','SweptSolid',(#1673));
#1675=IFCPRODUCTDEFINITIONSHAPE($,$,(#1674));
#1676=IFCOPENINGELEMENT('2Sjzh8eF8Hwx4d0aAi40G6',#5,'Window Exterior_op',$,$,#1666,#1675,'OPENING');
#1677=IFCRELVOIDSELEMENT('2SjzwmeF8Hwx4d0aAi40G6',#5,$,$,#1663,#1676);
#1678=IFCCARTESIANPOINT((8.3519,0.0000,0.1500));
#1679=IFCAXIS2PLACEMENT3D(#1678,#23,#24);
#1680=IFCLOCALPLACEMENT(#1655,#1679);
#1681=IFCCARTESIANPOINT((-7.8500,0.3720));
#1682=IFCCARTESIANPOINT((7.8500,0.3720));
#1683=IFCCARTESIANPOINT((7.8500,-0.3720));
#1684=IFCCARTESIANPOINT((-7.8500,-0.3720));
#1685=IFCPOLYLINE((#1681,#1682,#1683,#1684,#1681));
#1686=IFCARBITRARYCLOSEDPROFILEDEF(.AREA.,$,#1685);
#1687=IFCEXTRUDEDAREASOLID(#1686,#25,#23,2.2);
#1688=IFCSHAPEREPRESENTATION(#11,'Body','SweptSolid',(#1687));
#1689=IFCPRODUCTDEFINITIONSHAPE($,$,(#1688));
#1690=IFCOPENINGELEMENT('2Sj$8aeF8Hwx4d0aAi40G6',#5,'Window Exterior_op',$,$,#1680,#1689,'OPENING');
#1691=IFCRELVOIDSELEMENT('2Sj$LieF8Hwx4d0aAi40G6',#5,$,$,#1663,#1690);
#1692=IFCPROPERTYSINGLEVALUE('ExtendToStructure', 'ExtendToStructure', IFCBOOLEAN(.T.),$);
#1693=IFCPROPERTYSINGLEVALUE('IsExternal', 'IsExternal', IFCBOOLEAN(.T.),$);
#1694=IFCPROPERTYSINGLEVALUE('Reference',$, IFCLABEL('Wall Exterior'),$);
#1695=IFCPROPERTYSINGLEVALUE('Spaces',$, IFCLABEL('002,001,003,004'),$);
#1696=IFCPROPERTYSINGLEVALUE('Direction',$, IFCLABEL('90'),$);
#1697=IFCPROPERTYSET('2Sj$sMeF8Hwx4d0aAi40G6',#5, 'Pset_abstractBIM', 'Pset_abstractBIM', (#1692,#1693,#1694,#1695,#1696));
#1698=IFCRELDEFINESBYPROPERTIES('2Sk03eeF8Hwx4d0aAi40G6',#5,$,$,(#1663),#1697);
#1699=IFCQUANTITYLENGTH('NominalLength',$,#13, 32.84);
#1700=IFCQUANTITYLENGTH('NominalWidth',$,#13, 0.35);
#1701=IFCQUANTITYLENGTH('NominalHeight',$,#13, 3.0);
#1702=IFCQUANTITYAREA('GrossFootprintArea',$,#14, 11.494);
#1703=IFCQUANTITYAREA('NetFootprintArea',$,#14, 11.37);
#1704=IFCQUANTITYAREA('GrossSideArea',$,#14, 98.52000000000001);
#1705=IFCQUANTITYAREA('GrossSideVolume',$,#14, 34.11);
#1706=IFCELEMENTQUANTITY('2Sk0SoeF8Hwx4d0aAi40G6',#5,'Pset_abstractBIMQuantityTakeOff',$,$,(#1699,#1700,#1701,#1702,#1703,#1704,#1705,#1696));
#1707=IFCRELDEFINESBYPROPERTIES('2Sk0gOeF8Hwx4d0aAi40G6',#5,$,$,(#1663),#1706);
#1708=IFCLOCALPLACEMENT(#826,#719);
#1709=IFCPOLYLINE((#328,#664));
#1710=IFCSHAPEREPRESENTATION(#11,'Axis','Curve2D',(#1709));
#1711=IFCPOLYLINE((#723,#724,#725,#726,#723));
#1712=IFCARBITRARYCLOSEDPROFILEDEF(.AREA.,$,#1711);
#1713=IFCEXTRUDEDAREASOLID(#1712,#25,#23,3.0);
#1714=IFCSHAPEREPRESENTATION(#11,'Body','SweptSolid',(#1713));
#1715=IFCPRODUCTDEFINITIONSHAPE($,$,(#1710,#1714));
#1716=IFCWALLSTANDARDCASE('2Sk1taeF8Hwx4d0aAi40G6',#5,'Wall Exterior',$,$,#1708,#1715,$);
#1717=IFCCARTESIANPOINT((3.1663,0.0000,1.3500));
#1718=IFCAXIS2PLACEMENT3D(#1717,#23,#24);
#1719=IFCLOCALPLACEMENT(#1708,#1718);
#1720=IFCCARTESIANPOINT((-0.8850,0.3720));
#1721=IFCCARTESIANPOINT((0.8850,0.3720));
#1722=IFCCARTESIANPOINT((0.8850,-0.3720));
#1723=IFCCARTESIANPOINT((-0.8850,-0.3720));
#1724=IFCPOLYLINE((#1720,#1721,#1722,#1723,#1720));
#1725=IFCARBITRARYCLOSEDPROFILEDEF(.AREA.,$,#1724);
#1726=IFCEXTRUDEDAREASOLID(#1725,#25,#23,1.0);
#1727=IFCSHAPEREPRESENTATION(#11,'Body','SweptSolid',(#1726));
#1728=IFCPRODUCTDEFINITIONSHAPE($,$,(#1727));
#1729=IFCOPENINGELEMENT('2Sk2zkeF8Hwx4d0aAi40G6',#5,'Window Exterior_op',$,$,#1719,#1728,'OPENING');
#1730=IFCRELVOIDSELEMENT('2Sk3AOeF8Hwx4d0aAi40G6',#5,$,$,#1716,#1729);
#1731=IFCCARTESIANPOINT((5.0863,0.0000,1.3500));
#1732=IFCAXIS2PLACEMENT3D(#1731,#23,#24);
#1733=IFCLOCALPLACEMENT(#1708,#1732);
#1734=IFCPOLYLINE((#1720,#1721,#1722,#1723,#1720));
#1735=IFCARBITRARYCLOSEDPROFILEDEF(.AREA.,$,#1734);
#1736=IFCEXTRUDEDAREASOLID(#1735,#25,#23,1.0);
#1737=IFCSHAPEREPRESENTATION(#11,'Body','SweptSolid',(#1736));
#1738=IFCPRODUCTDEFINITIONSHAPE($,$,(#1737));
#1739=IFCOPENINGELEMENT('2Sk4BYeF8Hwx4d0aAi40G6',#5,'Window Exterior_op',$,$,#1733,#1738,'OPENING');
#1740=IFCRELVOIDSELEMENT('2Sk4NueF8Hwx4d0aAi40G6',#5,$,$,#1716,#1739);
#1741=IFCCARTESIANPOINT((8.8013,0.0000,0.0000));
#1742=IFCAXIS2PLACEMENT3D(#1741,#23,#24);
#1743=IFCLOCALPLACEMENT(#1708,#1742);
#1744=IFCCARTESIANPOINT((-0.6500,0.3720));
#1745=IFCCARTESIANPOINT((0.6500,0.3720));
#1746=IFCCARTESIANPOINT((0.6500,-0.3720));
#1747=IFCCARTESIANPOINT((-0.6500,-0.3720));
#1748=IFCPOLYLINE((#1744,#1745,#1746,#1747,#1744));
#1749=IFCARBITRARYCLOSEDPROFILEDEF(.AREA.,$,#1748);
#1750=IFCEXTRUDEDAREASOLID(#1749,#25,#23,2.35);
#1751=IFCSHAPEREPRESENTATION(#11,'Body','SweptSolid',(#1750));
#1752=IFCPRODUCTDEFINITIONSHAPE($,$,(#1751));
#1753=IFCOPENINGELEMENT('2Sk5QSeF8Hwx4d0aAi40G6',#5,'Window Exterior_op',$,$,#1743,#1752,'OPENING');
#1754=IFCRELVOIDSELEMENT('2Sk5coeF8Hwx4d0aAi40G6',#5,$,$,#1716,#1753);
#1755=IFCPROPERTYSINGLEVALUE('ExtendToStructure', 'ExtendToStructure', IFCBOOLEAN(.T.),$);
#1756=IFCPROPERTYSINGLEVALUE('IsExternal', 'IsExternal', IFCBOOLEAN(.T.),$);
#1757=IFCPROPERTYSINGLEVALUE('Reference',$, IFCLABEL('Wall Exterior'),$);
#1758=IFCPROPERTYSINGLEVALUE('Spaces',$, IFCLABEL('010,011,004,012'),$);
#1759=IFCPROPERTYSINGLEVALUE('Direction',$, IFCLABEL('0'),$);
#1760=IFCPROPERTYSET('2Sk5y2eF8Hwx4d0aAi40G6',#5, 'Pset_abstractBIM', 'Pset_abstractBIM', (#1755,#1756,#1757,#1758,#1759));
#1761=IFCRELDEFINESBYPROPERTIES('2Sk67meF8Hwx4d0aAi40G6',#5,$,$,(#1716),#1760);
#1762=IFCQUANTITYLENGTH('NominalLength',$,#13, 13.84);
#1763=IFCQUANTITYLENGTH('NominalWidth',$,#13, 0.35);
#1764=IFCQUANTITYLENGTH('NominalHeight',$,#13, 3.0);
#1765=IFCQUANTITYAREA('GrossFootprintArea',$,#14, 4.843999999999999);
#1766=IFCQUANTITYAREA('NetFootprintArea',$,#14, 4.72);
#1767=IFCQUANTITYAREA('GrossSideArea',$,#14, 41.519999999999996);
#1768=IFCQUANTITYAREA('GrossSideVolume',$,#14, 14.16);
#1769=IFCELEMENTQUANTITY('2Sk6V_eF8Hwx4d0aAi40G6',#5,'Pset_abstractBIMQuantityTakeOff',$,$,(#1762,#1763,#1764,#1765,#1766,#1767,#1768,#1759));
#1770=IFCRELDEFINESBYPROPERTIES('2Sk6jQeF8Hwx4d0aAi40G6',#5,$,$,(#1716),#1769);
#1771=IFCLOCALPLACEMENT(#826,#750);
#1772=IFCPOLYLINE((#204,#752));
#1773=IFCSHAPEREPRESENTATION(#11,'Axis','Curve2D',(#1772));
#1774=IFCPOLYLINE((#755,#756,#757,#758,#755));
#1775=IFCARBITRARYCLOSEDPROFILEDEF(.AREA.,$,#1774);
#1776=IFCEXTRUDEDAREASOLID(#1775,#25,#23,0.38);
#1777=IFCSHAPEREPRESENTATION(#11,'Body','SweptSolid',(#1776));
#1778=IFCPRODUCTDEFINITIONSHAPE($,$,(#1773,#1777));
#1779=IFCWALLSTANDARDCASE('2Sk7vWeF8Hwx4d0aAi40G6',#5,'Wall Exterior',$,$,#1771,#1778,$);
#1780=IFCPROPERTYSINGLEVALUE('ExtendToStructure', 'ExtendToStructure', IFCBOOLEAN(.T.),$);
#1781=IFCPROPERTYSINGLEVALUE('IsExternal', 'IsExternal', IFCBOOLEAN(.T.),$);
#1782=IFCPROPERTYSINGLEVALUE('Reference',$, IFCLABEL('Wall Exterior'),$);
#1783=IFCPROPERTYSINGLEVALUE('Spaces',$, IFCLABEL('021'),$);
#1784=IFCPROPERTYSINGLEVALUE('Direction',$, IFCLABEL('-90'),$);
#1785=IFCPROPERTYSET('2Sk8GKeF8Hwx4d0aAi40G6',#5, 'Pset_abstractBIM', 'Pset_abstractBIM', (#1780,#1781,#1782,#1783,#1784));
#1786=IFCRELDEFINESBYPROPERTIES('2Sk8XWeF8Hwx4d0aAi40G6',#5,$,$,(#1779),#1785);
#1787=IFCQUANTITYLENGTH('NominalLength',$,#13, 3.5);
#1788=IFCQUANTITYLENGTH('NominalWidth',$,#13, 0.35);
#1789=IFCQUANTITYLENGTH('NominalHeight',$,#13, 0.38);
#1790=IFCQUANTITYAREA('GrossFootprintArea',$,#14, 1.2249999999999999);
#1791=IFCQUANTITYAREA('NetFootprintArea',$,#14, 1.23);
#1792=IFCQUANTITYAREA('GrossSideArea',$,#14, 1.33);
#1793=IFCQUANTITYAREA('GrossSideVolume',$,#14, 0.4674);
#1794=IFCELEMENTQUANTITY('2Sk8yOeF8Hwx4d0aAi40G6',#5,'Pset_abstractBIMQuantityTakeOff',$,$,(#1787,#1788,#1789,#1790,#1791,#1792,#1793,#1784));
#1795=IFCRELDEFINESBYPROPERTIES('2Sk9A8eF8Hwx4d0aAi40G6',#5,$,$,(#1779),#1794);
#1796=IFCCARTESIANPOINT((0.0000,0.0000,-0.5100));
#1797=IFCAXIS2PLACEMENT3D(#1796,#23,#24);
#1798=IFCLOCALPLACEMENT(#826,#1797);
#1799=IFCCARTESIANPOINT((23.2620,-2.8200));
#1800=IFCCARTESIANPOINT((26.7620,-2.8200));
#1801=IFCCARTESIANPOINT((26.7620,0.2190));
#1802=IFCCARTESIANPOINT((26.7620,2.4790));
#1803=IFCPOLYLINE((#65,#1799,#786,#785,#784,#787,#1800,#1801,#137,#156,#1802,#113,#65));
#1804=IFCARBITRARYCLOSEDPROFILEDEF(.AREA.,$,#1803);
#1805=IFCEXTRUDEDAREASOLID(#1804,#25,#23,0.51);
#1806=IFCSHAPEREPRESENTATION(#11,'Body','SweptSolid',(#1805));
#1807=IFCPRODUCTDEFINITIONSHAPE($,$,(#1806));
#1808=IFCSLAB('2SkAS0eF8Hwx4d0aAi40G6',#5,'Slab Interior',$,'Slab Interior',#1798,#1807,$,.FLOOR.);
#1809=IFCCARTESIANPOINT((21.5020,6.4290,0.0000));
#1810=IFCAXIS2PLACEMENT3D(#1809,#23,#24);
#1811=IFCLOCALPLACEMENT(#1798,#1810);
#1812=IFCCARTESIANPOINT((1.5300,-0.3000));
#1813=IFCCARTESIANPOINT((-1.5300,-0.3000));
#1814=IFCCARTESIANPOINT((-1.5300,0.3000));
#1815=IFCCARTESIANPOINT((1.5300,0.3000));
#1816=IFCPOLYLINE((#1812,#1813,#1814,#1815,#1812));
#1817=IFCARBITRARYCLOSEDPROFILEDEF(.AREA.,$,#1816);
#1818=IFCEXTRUDEDAREASOLID(#1817,#25,#23,0.51);
#1819=IFCSHAPEREPRESENTATION(#11,'Body','SweptSolid',(#1818));
#1820=IFCPRODUCTDEFINITIONSHAPE($,$,(#1819));
#1821=IFCOPENINGELEMENT('2SkBgIeF8Hwx4d0aAi40G6',#5,'Slab Interior_op',$,$,#1811,#1820,'OPENING');
#1822=IFCRELVOIDSELEMENT('2SkBtQeF8Hwx4d0aAi40G6',#5,$,$,#1808,#1821);
#1823=IFCQUANTITYLENGTH('NominalWidth',$,#13, 0.51);
#1824=IFCQUANTITYLENGTH('Perimeter',$,#13, 107.86);
#1825=IFCQUANTITYAREA('GrossFootprintArea',$,#14, 431.33);
#1826=IFCQUANTITYVOLUME('GrossVolume',$,#15, 219.9783);
#1827=IFCQUANTITYVOLUME('NetVolume',$,#15, 219.04500000000002);
#1828=IFCELEMENTQUANTITY('2SkM1QeF8Hwx4d0aAi40G6',#5,'Pset_abstractBIMQuantityTakeOff',$,$,(#1823,#1824,#1825,#1826,#1827));
#1829=IFCRELDEFINESBYPROPERTIES('2SkMG6eF8Hwx4d0aAi40G6',#5,$,$,(#1808),#1828);
#1830=IFCPROPERTYSINGLEVALUE('Reference',$, IFCLABEL('FLOOR'),$);
#1831=IFCPROPERTYSET('2SkMRqeF8Hwx4d0aAi40G6',#5, 'Pset_abstractBIM', 'Pset_abstractBIM', (#1830));
#1832=IFCRELDEFINESBYPROPERTIES('2SkMdieF8Hwx4d0aAi40G6',#5,$,$,(#1808),#1831);
#1833=IFCLOCALPLACEMENT(#1368,#399);
#1834=IFCPOLYLINE((#805,#806,#807,#808,#805));
#1835=IFCARBITRARYCLOSEDPROFILEDEF(.AREA.,$,#1834);
#1836=IFCEXTRUDEDAREASOLID(#1835,#25,#23,2.0);
#1837=IFCSHAPEREPRESENTATION(#11,'Body','SweptSolid',(#1836));
#1838=IFCPRODUCTDEFINITIONSHAPE($,$,(#1837));
#1839=IFCDOOR('2SkNXMeF8Hwx4d0aAi40G6',#5,'Door Interior',$,$,#1833,#1838,$,$,$);
#1840=IFCQUANTITYLENGTH('AverageHeight',$,#13, 2.0);
#1841=IFCQUANTITYLENGTH('Length',$,#13, 1.4000000000000001);
#1842=IFCQUANTITYAREA('Area',$,#14, 2.8000000000000003);
#1843=IFCELEMENTQUANTITY('2SkNqGeF8Hwx4d0aAi40G6',#5,'Pset_abstractBIMQuantityTakeOff',$,$,(#1840,#1841,#1842));
#1844=IFCRELDEFINESBYPROPERTIES('2SkO1OeF8Hwx4d0aAi40G6',#5,$,$,(#1839),#1843);
#1845=IFCPROPERTYSINGLEVALUE('Spaces',$, IFCLABEL(''),$);
#1846=IFCPROPERTYSINGLEVALUE('IsExternal', 'IsExternal', IFCBOOLEAN(.F.),$);
#1847=IFCPROPERTYSINGLEVALUE('Reference',$, IFCLABEL('Door Interior'),$);
#1848=IFCPROPERTYSET('2SkOYWeF8Hwx4d0aAi40G6',#5, 'Pset_DoorCommon', 'Pset_DoorCommon', (#1845,#1846,#1847));
#1849=IFCRELDEFINESBYPROPERTIES('2SkOlUeF8Hwx4d0aAi40G6',#5,$,$,(#1839),#1848);
#1850=IFCRELFILLSELEMENT('2SkOvyeF8Hwx4d0aAi40G6',#5, $, $, #1383, #1839);
#1851=IFCLOCALPLACEMENT(#1209,#1219);
#1852=IFCCARTESIANPOINT((-1.0000,0.1150));
#1853=IFCCARTESIANPOINT((1.0000,0.1150));
#1854=IFCCARTESIANPOINT((1.0000,-0.1150));
#1855=IFCCARTESIANPOINT((-1.0000,-0.1150));
#1856=IFCPOLYLINE((#1852,#1853,#1854,#1855,#1852));
#1857=IFCARBITRARYCLOSEDPROFILEDEF(.AREA.,$,#1856);
#1858=IFCEXTRUDEDAREASOLID(#1857,#25,#23,2.0);
#1859=IFCSHAPEREPRESENTATION(#11,'Body','SweptSolid',(#1858));
#1860=IFCPRODUCTDEFINITIONSHAPE($,$,(#1859));
#1861=IFCDOOR('2SkPnueF8Hwx4d0aAi40G6',#5,'Door Interior',$,$,#1851,#1860,$,$,$);
#1862=IFCQUANTITYLENGTH('AverageHeight',$,#13, 2.0);
#1863=IFCQUANTITYLENGTH('Length',$,#13, 2.0);
#1864=IFCQUANTITYAREA('Area',$,#14, 4.0);
#1865=IFCELEMENTQUANTITY('2SkQDYeF8Hwx4d0aAi40G6',#5,'Pset_abstractBIMQuantityTakeOff',$,$,(#1862,#1863,#1864));
#1866=IFCRELDEFINESBYPROPERTIES('2SkQRSeF8Hwx4d0aAi40G6',#5,$,$,(#1861),#1865);
#1867=IFCPROPERTYSINGLEVALUE('Spaces',$, IFCLABEL(''),$);
#1868=IFCPROPERTYSINGLEVALUE('IsExternal', 'IsExternal', IFCBOOLEAN(.F.),$);
#1869=IFCPROPERTYSINGLEVALUE('Reference',$, IFCLABEL('Door Interior'),$);
#1870=IFCPROPERTYSET('2SkRA0eF8Hwx4d0aAi40G6',#5, 'Pset_DoorCommon', 'Pset_DoorCommon', (#1867,#1868,#1869));
#1871=IFCRELDEFINESBYPROPERTIES('2SkRMqeF8Hwx4d0aAi40G6',#5,$,$,(#1861),#1870);
#1872=IFCRELFILLSELEMENT('2SkRo0eF8Hwx4d0aAi40G6',#5, $, $, #1230, #1861);
#1873=IFCLOCALPLACEMENT(#1574,#1584);
#1874=IFCCARTESIANPOINT((-1.0000,0.1750));
#1875=IFCCARTESIANPOINT((1.0000,0.1750));
#1876=IFCCARTESIANPOINT((1.0000,-0.1750));
#1877=IFCCARTESIANPOINT((-1.0000,-0.1750));
#1878=IFCPOLYLINE((#1874,#1875,#1876,#1877,#1874));
#1879=IFCARBITRARYCLOSEDPROFILEDEF(.AREA.,$,#1878);
#1880=IFCEXTRUDEDAREASOLID(#1879,#25,#23,2.35);
#1881=IFCSHAPEREPRESENTATION(#11,'Body','SweptSolid',(#1880));
#1882=IFCPRODUCTDEFINITIONSHAPE($,$,(#1881));
#1883=IFCDOOR('2SkT5weF8Hwx4d0aAi40G6',#5,'Door Exterior',$,$,#1873,#1882,$,$,$);
#1884=IFCQUANTITYLENGTH('AverageHeight',$,#13, 2.35);
#1885=IFCQUANTITYLENGTH('Length',$,#13, 2.0);
#1886=IFCQUANTITYAREA('Area',$,#14, 4.7);
#1887=IFCPROPERTYSINGLEVALUE('Direction',$, IFCLABEL('-90'),$);
#1888=IFCELEMENTQUANTITY('2SkTaOeF8Hwx4d0aAi40G6',#5,'Pset_abstractBIMQuantityTakeOff',$,$,(#1884,#1885,#1886,#1887));
#1889=IFCRELDEFINESBYPROPERTIES('2SkTvKeF8Hwx4d0aAi40G6',#5,$,$,(#1883),#1888);
#1890=IFCPROPERTYSINGLEVALUE('Spaces',$, IFCLABEL(''),$);
#1891=IFCPROPERTYSINGLEVALUE('IsExternal', 'IsExternal', IFCBOOLEAN(.T.),$);
#1892=IFCPROPERTYSINGLEVALUE('Reference',$, IFCLABEL('Door Exterior'),$);
#1893=IFCPROPERTYSET('2SkUdueF8Hwx4d0aAi40G6',#5, 'Pset_DoorCommon', 'Pset_DoorCommon', (#1890,#1891,#1892));
#1894=IFCRELDEFINESBYPROPERTIES('2SkUqOeF8Hwx4d0aAi40G6',#5,$,$,(#1883),#1893);
#1895=IFCRELFILLSELEMENT('2SkU_YeF8Hwx4d0aAi40G6',#5, $, $, #1595, #1883);
#1896=IFCLOCALPLACEMENT(#1172,#1185);
#1897=IFCCARTESIANPOINT((-0.4500,0.0750));
#1898=IFCCARTESIANPOINT((0.4500,0.0750));
#1899=IFCCARTESIANPOINT((0.4500,-0.0750));
#1900=IFCCARTESIANPOINT((-0.4500,-0.0750));
#1901=IFCPOLYLINE((#1897,#1898,#1899,#1900,#1897));
#1902=IFCARBITRARYCLOSEDPROFILEDEF(.AREA.,$,#1901);
#1903=IFCEXTRUDEDAREASOLID(#1902,#25,#23,2.0);
#1904=IFCSHAPEREPRESENTATION(#11,'Body','SweptSolid',(#1903));
#1905=IFCPRODUCTDEFINITIONSHAPE($,$,(#1904));
#1906=IFCDOOR('2SkW0KeF8Hwx4d0aAi40G6',#5,'Door Interior',$,$,#1896,#1905,$,$,$);
#1907=IFCQUANTITYLENGTH('AverageHeight',$,#13, 2.0);
#1908=IFCQUANTITYLENGTH('Length',$,#13, 0.9000000000000005);
#1909=IFCQUANTITYAREA('Area',$,#14, 1.800000000000001);
#1910=IFCELEMENTQUANTITY('2SkWIweF8Hwx4d0aAi40G6',#5,'Pset_abstractBIMQuantityTakeOff',$,$,(#1907,#1908,#1909));
#1911=IFCRELDEFINESBYPROPERTIES('2SkWVueF8Hwx4d0aAi40G6',#5,$,$,(#1906),#1910);
#1912=IFCPROPERTYSINGLEVALUE('Spaces',$, IFCLABEL(''),$);
#1913=IFCPROPERTYSINGLEVALUE('IsExternal', 'IsExternal', IFCBOOLEAN(.F.),$);
#1914=IFCPROPERTYSINGLEVALUE('Reference',$, IFCLABEL('Door Interior'),$);
#1915=IFCPROPERTYSET('2SkW_WeF8Hwx4d0aAi40G6',#5, 'Pset_DoorCommon', 'Pset_DoorCommon', (#1912,#1913,#1914));
#1916=IFCRELDEFINESBYPROPERTIES('2SkXAYeF8Hwx4d0aAi40G6',#5,$,$,(#1906),#1915);
#1917=IFCRELFILLSELEMENT('2SkXKseF8Hwx4d0aAi40G6',#5, $, $, #1192, #1906);
#1918=IFCLOCALPLACEMENT(#1129,#1142);
#1919=IFCPOLYLINE((#1897,#1898,#1899,#1900,#1897));
#1920=IFCARBITRARYCLOSEDPROFILEDEF(.AREA.,$,#1919);
#1921=IFCEXTRUDEDAREASOLID(#1920,#25,#23,2.0);
#1922=IFCSHAPEREPRESENTATION(#11,'Body','SweptSolid',(#1921));
#1923=IFCPRODUCTDEFINITIONSHAPE($,$,(#1922));
#1924=IFCDOOR('2SkYCUeF8Hwx4d0aAi40G6',#5,'Door Interior',$,$,#1918,#1923,$,$,$);
#1925=IFCQUANTITYLENGTH('AverageHeight',$,#13, 2.0);
#1926=IFCQUANTITYLENGTH('Length',$,#13, 0.9);
#1927=IFCQUANTITYAREA('Area',$,#14, 1.8);
#1928=IFCELEMENTQUANTITY('2SkYUSeF8Hwx4d0aAi40G6',#5,'Pset_abstractBIMQuantityTakeOff',$,$,(#1925,#1926,#1927));
#1929=IFCRELDEFINESBYPROPERTIES('2SkYhQeF8Hwx4d0aAi40G6',#5,$,$,(#1924),#1928);
#1930=IFCPROPERTYSINGLEVALUE('Spaces',$, IFCLABEL(''),$);
#1931=IFCPROPERTYSINGLEVALUE('IsExternal', 'IsExternal', IFCBOOLEAN(.F.),$);
#1932=IFCPROPERTYSINGLEVALUE('Reference',$, IFCLABEL('Door Interior'),$);
#1933=IFCPROPERTYSET('2SkZ6meF8Hwx4d0aAi40G6',#5, 'Pset_DoorCommon', 'Pset_DoorCommon', (#1930,#1931,#1932));
#1934=IFCRELDEFINESBYPROPERTIES('2SkZJ6eF8Hwx4d0aAi40G6',#5,$,$,(#1924),#1933);
#1935=IFCRELFILLSELEMENT('2SkZTQeF8Hwx4d0aAi40G6',#5, $, $, #1153, #1924);
#1936=IFCLOCALPLACEMENT(#1307,#1320);
#1937=IFCCARTESIANPOINT((-0.5000,0.1150));
#1938=IFCCARTESIANPOINT((-0.5000,-0.1150));
#1939=IFCPOLYLINE((#1937,#607,#606,#1938,#1937));
#1940=IFCARBITRARYCLOSEDPROFILEDEF(.AREA.,$,#1939);
#1941=IFCEXTRUDEDAREASOLID(#1940,#25,#23,2.0);
#1942=IFCSHAPEREPRESENTATION(#11,'Body','SweptSolid',(#1941));
#1943=IFCPRODUCTDEFINITIONSHAPE($,$,(#1942));
#1944=IFCDOOR('2SkaTyeF8Hwx4d0aAi40G6',#5,'Door Interior',$,$,#1936,#1943,$,$,$);
#1945=IFCQUANTITYLENGTH('AverageHeight',$,#13, 2.0);
#1946=IFCQUANTITYLENGTH('Length',$,#13, 1.0);
#1947=IFCQUANTITYAREA('Area',$,#14, 2.0);
#1948=IFCELEMENTQUANTITY('2Skam4eF8Hwx4d0aAi40G6',#5,'Pset_abstractBIMQuantityTakeOff',$,$,(#1945,#1946,#1947));
#1949=IFCRELDEFINESBYPROPERTIES('2SkayueF8Hwx4d0aAi40G6',#5,$,$,(#1944),#1948);
#1950=IFCPROPERTYSINGLEVALUE('Spaces',$, IFCLABEL(''),$);
#1951=IFCPROPERTYSINGLEVALUE('IsExternal', 'IsExternal', IFCBOOLEAN(.F.),$);
#1952=IFCPROPERTYSINGLEVALUE('Reference',$, IFCLABEL('Door Interior'),$);
#1953=IFCPROPERTYSET('2Skl6aeF8Hwx4d0aAi40G6',#5, 'Pset_DoorCommon', 'Pset_DoorCommon', (#1950,#1951,#1952));
#1954=IFCRELDEFINESBYPROPERTIES('2SklJ4eF8Hwx4d0aAi40G6',#5,$,$,(#1944),#1953);
#1955=IFCRELFILLSELEMENT('2SklXmeF8Hwx4d0aAi40G6',#5, $, $, #1327, #1944);
#1956=IFCLOCALPLACEMENT(#1271,#1281);
#1957=IFCPOLYLINE((#1852,#1853,#1854,#1855,#1852));
#1958=IFCARBITRARYCLOSEDPROFILEDEF(.AREA.,$,#1957);
#1959=IFCEXTRUDEDAREASOLID(#1958,#25,#23,2.0);
#1960=IFCSHAPEREPRESENTATION(#11,'Body','SweptSolid',(#1959));
#1961=IFCPRODUCTDEFINITIONSHAPE($,$,(#1960));
#1962=IFCDOOR('2SkmQAeF8Hwx4d0aAi40G6',#5,'Door Interior',$,$,#1956,#1961,$,$,$);
#1963=IFCQUANTITYLENGTH('AverageHeight',$,#13, 2.0);
#1964=IFCQUANTITYLENGTH('Length',$,#13, 2.0);
#1965=IFCQUANTITYAREA('Area',$,#14, 4.0);
#1966=IFCELEMENTQUANTITY('2SkmhqeF8Hwx4d0aAi40G6',#5,'Pset_abstractBIMQuantityTakeOff',$,$,(#1963,#1964,#1965));
#1967=IFCRELDEFINESBYPROPERTIES('2SkmvueF8Hwx4d0aAi40G6',#5,$,$,(#1962),#1966);
#1968=IFCPROPERTYSINGLEVALUE('Spaces',$, IFCLABEL(''),$);
#1969=IFCPROPERTYSINGLEVALUE('IsExternal', 'IsExternal', IFCBOOLEAN(.F.),$);
#1970=IFCPROPERTYSINGLEVALUE('Reference',$, IFCLABEL('Door Interior'),$);
#1971=IFCPROPERTYSET('2SknTCeF8Hwx4d0aAi40G6',#5, 'Pset_DoorCommon', 'Pset_DoorCommon', (#1968,#1969,#1970));
#1972=IFCRELDEFINESBYPROPERTIES('2SknfOeF8Hwx4d0aAi40G6',#5,$,$,(#1962),#1971);
#1973=IFCRELFILLSELEMENT('2SknpYeF8Hwx4d0aAi40G6',#5, $, $, #1288, #1962);
#1974=IFCLOCALPLACEMENT(#1002,#1012);
#1975=IFCPOLYLINE((#1937,#607,#606,#1938,#1937));
#1976=IFCARBITRARYCLOSEDPROFILEDEF(.AREA.,$,#1975);
#1977=IFCEXTRUDEDAREASOLID(#1976,#25,#23,2.0);
#1978=IFCSHAPEREPRESENTATION(#11,'Body','SweptSolid',(#1977));
#1979=IFCPRODUCTDEFINITIONSHAPE($,$,(#1978));
#1980=IFCDOOR('2SkpeaeF8Hwx4d0aAi40G6',#5,'Door Interior',$,$,#1974,#1979,$,$,$);
#1981=IFCQUANTITYLENGTH('AverageHeight',$,#13, 2.0);
#1982=IFCQUANTITYLENGTH('Length',$,#13, 1.0);
#1983=IFCQUANTITYAREA('Area',$,#14, 2.0);
#1984=IFCELEMENTQUANTITY('2SkpxeeF8Hwx4d0aAi40G6',#5,'Pset_abstractBIMQuantityTakeOff',$,$,(#1981,#1982,#1983));
#1985=IFCRELDEFINESBYPROPERTIES('2Skq8meF8Hwx4d0aAi40G6',#5,$,$,(#1980),#1984);
#1986=IFCPROPERTYSINGLEVALUE('Spaces',$, IFCLABEL(''),$);
#1987=IFCPROPERTYSINGLEVALUE('IsExternal', 'IsExternal', IFCBOOLEAN(.F.),$);
#1988=IFCPROPERTYSINGLEVALUE('Reference',$, IFCLABEL('Door Interior'),$);
#1989=IFCPROPERTYSET('2SkqYOeF8Hwx4d0aAi40G6',#5, 'Pset_DoorCommon', 'Pset_DoorCommon', (#1986,#1987,#1988));
#1990=IFCRELDEFINESBYPROPERTIES('2SkqkQeF8Hwx4d0aAi40G6',#5,$,$,(#1980),#1989);
#1991=IFCRELFILLSELEMENT('2SkquaeF8Hwx4d0aAi40G6',#5, $, $, #1023, #1980);
#1992=IFCLOCALPLACEMENT(#1095,#1012);
#1993=IFCPOLYLINE((#1937,#607,#606,#1938,#1937));
#1994=IFCARBITRARYCLOSEDPROFILEDEF(.AREA.,$,#1993);
#1995=IFCEXTRUDEDAREASOLID(#1994,#25,#23,2.0);
#1996=IFCSHAPEREPRESENTATION(#11,'Body','SweptSolid',(#1995));
#1997=IFCPRODUCTDEFINITIONSHAPE($,$,(#1996));
#1998=IFCDOOR('2SkrlaeF8Hwx4d0aAi40G6',#5,'Door Interior',$,$,#1992,#1997,$,$,$);
#1999=IFCQUANTITYLENGTH('AverageHeight',$,#13, 2.0);
#2000=IFCQUANTITYLENGTH('Length',$,#13, 1.0);
#2001=IFCQUANTITYAREA('Area',$,#14, 2.0);
#2002=IFCELEMENTQUANTITY('2Sks1YeF8Hwx4d0aAi40G6',#5,'Pset_abstractBIMQuantityTakeOff',$,$,(#1999,#2000,#2001));
#2003=IFCRELDEFINESBYPROPERTIES('2SksECeF8Hwx4d0aAi40G6',#5,$,$,(#1998),#2002);
#2004=IFCPROPERTYSINGLEVALUE('Spaces',$, IFCLABEL(''),$);
#2005=IFCPROPERTYSINGLEVALUE('IsExternal', 'IsExternal', IFCBOOLEAN(.F.),$);
#2006=IFCPROPERTYSINGLEVALUE('Reference',$, IFCLABEL('Door Interior'),$);
#2007=IFCPROPERTYSET('2SksdWeF8Hwx4d0aAi40G6',#5, 'Pset_DoorCommon', 'Pset_DoorCommon', (#2004,#2005,#2006));
#2008=IFCRELDEFINESBYPROPERTIES('2SkspOeF8Hwx4d0aAi40G6',#5,$,$,(#1998),#2007);
#2009=IFCRELFILLSELEMENT('2SkszYeF8Hwx4d0aAi40G6',#5, $, $, #1110, #1998);
#2010=IFCLOCALPLACEMENT(#1525,#1535);
#2011=IFCCARTESIANPOINT((-1.8500,0.1750));
#2012=IFCCARTESIANPOINT((1.8500,0.1750));
#2013=IFCCARTESIANPOINT((1.8500,-0.1750));
#2014=IFCCARTESIANPOINT((-1.8500,-0.1750));
#2015=IFCPOLYLINE((#2011,#2012,#2013,#2014,#2011));
#2016=IFCARBITRARYCLOSEDPROFILEDEF(.AREA.,$,#2015);
#2017=IFCEXTRUDEDAREASOLID(#2016,#25,#23,2.2);
#2018=IFCSHAPEREPRESENTATION(#11,'Body','SweptSolid',(#2017));
#2019=IFCPRODUCTDEFINITIONSHAPE($,$,(#2018));
#2020=IFCWINDOW('2Skts6eF8Hwx4d0aAi40G6',#5,'Window Exterior',$,$,#2010,#2019,$,$,$);
#2021=IFCQUANTITYLENGTH('AverageHeight',$,#13, 2.2);
#2022=IFCQUANTITYLENGTH('Length',$,#13, 3.700000000000002);
#2023=IFCQUANTITYAREA('Area',$,#14, 8.140000000000004);
#2024=IFCPROPERTYSINGLEVALUE('Direction',$, IFCLABEL('180'),$);
#2025=IFCELEMENTQUANTITY('2SkuAGeF8Hwx4d0aAi40G6',#5,'Pset_abstractBIMQuantityTakeOff',$,$,(#2021,#2022,#2023,#2024));
#2026=IFCRELDEFINESBYPROPERTIES('2SkuNOeF8Hwx4d0aAi40G6',#5,$,$,(#2020),#2025);
#2027=IFCPROPERTYSINGLEVALUE('Spaces',$, IFCLABEL(''),$);
#2028=IFCPROPERTYSINGLEVALUE('IsExternal', 'IsExternal', IFCBOOLEAN(.T.),$);
#2029=IFCPROPERTYSINGLEVALUE('Reference',$, IFCLABEL('Window Exterior'),$);
#2030=IFCPROPERTYSET('2SkujaeF8Hwx4d0aAi40G6',#5, 'Pset_WindowCommon', 'Pset_WindowCommon', (#2027,#2028,#2029));
#2031=IFCRELDEFINESBYPROPERTIES('2SkuvmeF8Hwx4d0aAi40G6',#5,$,$,(#2020),#2030);
#2032=IFCRELFILLSELEMENT('2Skv4YeF8Hwx4d0aAi40G6',#5, $, $, #1546, #2020);
#2033=IFCLOCALPLACEMENT(#1525,#1549);
#2034=IFCPOLYLINE((#2011,#2012,#2013,#2014,#2011));
#2035=IFCARBITRARYCLOSEDPROFILEDEF(.AREA.,$,#2034);
#2036=IFCEXTRUDEDAREASOLID(#2035,#25,#23,2.2);
#2037=IFCSHAPEREPRESENTATION(#11,'Body','SweptSolid',(#2036));
#2038=IFCPRODUCTDEFINITIONSHAPE($,$,(#2037));
#2039=IFCWINDOW('2Skw0YeF8Hwx4d0aAi40G6',#5,'Window Exterior',$,$,#2033,#2038,$,$,$);
#2040=IFCQUANTITYLENGTH('AverageHeight',$,#13, 2.2);
#2041=IFCQUANTITYLENGTH('Length',$,#13, 3.7);
#2042=IFCQUANTITYAREA('Area',$,#14, 8.14);
#2043=IFCPROPERTYSINGLEVALUE('Direction',$, IFCLABEL('180'),$);
#2044=IFCELEMENTQUANTITY('2SkwK4eF8Hwx4d0aAi40G6',#5,'Pset_abstractBIMQuantityTakeOff',$,$,(#2040,#2041,#2042,#2043));
#2045=IFCRELDEFINESBYPROPERTIES('2SkwX2eF8Hwx4d0aAi40G6',#5,$,$,(#2039),#2044);
#2046=IFCPROPERTYSINGLEVALUE('Spaces',$, IFCLABEL(''),$);
#2047=IFCPROPERTYSINGLEVALUE('IsExternal', 'IsExternal', IFCBOOLEAN(.T.),$);
#2048=IFCPROPERTYSINGLEVALUE('Reference',$, IFCLABEL('Window Exterior'),$);
#2049=IFCPROPERTYSET('2SkwtYeF8Hwx4d0aAi40G6',#5, 'Pset_WindowCommon', 'Pset_WindowCommon', (#2046,#2047,#2048));
#2050=IFCRELDEFINESBYPROPERTIES('2Skx3keF8Hwx4d0aAi40G6',#5,$,$,(#2039),#2049);
#2051=IFCRELFILLSELEMENT('2SkxECeF8Hwx4d0aAi40G6',#5, $, $, #1556, #2039);
#2052=IFCLOCALPLACEMENT(#1574,#1598);
#2053=IFCCARTESIANPOINT((-9.6000,0.1750));
#2054=IFCCARTESIANPOINT((9.6000,0.1750));
#2055=IFCCARTESIANPOINT((9.6000,-0.1750));
#2056=IFCCARTESIANPOINT((-9.6000,-0.1750));
#2057=IFCPOLYLINE((#2053,#2054,#2055,#2056,#2053));
#2058=IFCARBITRARYCLOSEDPROFILEDEF(.AREA.,$,#2057);
#2059=IFCEXTRUDEDAREASOLID(#2058,#25,#23,2.2);
#2060=IFCSHAPEREPRESENTATION(#11,'Body','SweptSolid',(#2059));
#2061=IFCPRODUCTDEFINITIONSHAPE($,$,(#2060));
#2062=IFCWINDOW('2Sky6SeF8Hwx4d0aAi40G6',#5,'Window Exterior',$,$,#2052,#2061,$,$,$);
#2063=IFCQUANTITYLENGTH('AverageHeight',$,#13, 2.2);
#2064=IFCQUANTITYLENGTH('Length',$,#13, 19.2);
#2065=IFCQUANTITYAREA('Area',$,#14, 42.24);
#2066=IFCPROPERTYSINGLEVALUE('Direction',$, IFCLABEL('-90'),$);
#2067=IFCELEMENTQUANTITY('2Skz4yeF8Hwx4d0aAi40G6',#5,'Pset_abstractBIMQuantityTakeOff',$,$,(#2063,#2064,#2065,#2066));
#2068=IFCRELDEFINESBYPROPERTIES('2SkzJKeF8Hwx4d0aAi40G6',#5,$,$,(#2062),#2067);
#2069=IFCPROPERTYSINGLEVALUE('Spaces',$, IFCLABEL(''),$);
#2070=IFCPROPERTYSINGLEVALUE('IsExternal', 'IsExternal', IFCBOOLEAN(.T.),$);
#2071=IFCPROPERTYSINGLEVALUE('Reference',$, IFCLABEL('Window Exterior'),$);
#2072=IFCPROPERTYSET('2SkztGeF8Hwx4d0aAi40G6',#5, 'Pset_WindowCommon', 'Pset_WindowCommon', (#2069,#2070,#2071));
#2073=IFCRELDEFINESBYPROPERTIES('2Sk_4seF8Hwx4d0aAi40G6',#5,$,$,(#2062),#2072);
#2074=IFCRELFILLSELEMENT('2Sl8akeF8Hwx4d0aAi40G6',#5, $, $, #1609, #2062);
#2075=IFCLOCALPLACEMENT(#1574,#1612);
#2076=IFCCARTESIANPOINT((-1.4000,0.1750));
#2077=IFCCARTESIANPOINT((1.4000,0.1750));
#2078=IFCCARTESIANPOINT((1.4000,-0.1750));
#2079=IFCCARTESIANPOINT((-1.4000,-0.1750));
#2080=IFCPOLYLINE((#2076,#2077,#2078,#2079,#2076));
#2081=IFCARBITRARYCLOSEDPROFILEDEF(.AREA.,$,#2080);
#2082=IFCEXTRUDEDAREASOLID(#2081,#25,#23,2.35);
#2083=IFCSHAPEREPRESENTATION(#11,'Body','SweptSolid',(#2082));
#2084=IFCPRODUCTDEFINITIONSHAPE($,$,(#2083));
#2085=IFCWINDOW('2Sl9YmeF8Hwx4d0aAi40G6',#5,'Window Exterior',$,$,#2075,#2084,$,$,$);
#2086=IFCQUANTITYLENGTH('AverageHeight',$,#13, 2.35);
#2087=IFCQUANTITYLENGTH('Length',$,#13, 2.8000000000000003);
#2088=IFCQUANTITYAREA('Area',$,#14, 6.580000000000001);
#2089=IFCPROPERTYSINGLEVALUE('Direction',$, IFCLABEL('-90'),$);
#2090=IFCELEMENTQUANTITY('2Sl9u0eF8Hwx4d0aAi40G6',#5,'Pset_abstractBIMQuantityTakeOff',$,$,(#2086,#2087,#2088,#2089));
#2091=IFCRELDEFINESBYPROPERTIES('2SlA5IeF8Hwx4d0aAi40G6',#5,$,$,(#2085),#2090);
#2092=IFCPROPERTYSINGLEVALUE('Spaces',$, IFCLABEL(''),$);
#2093=IFCPROPERTYSINGLEVALUE('IsExternal', 'IsExternal', IFCBOOLEAN(.T.),$);
#2094=IFCPROPERTYSINGLEVALUE('Reference',$, IFCLABEL('Window Exterior'),$);
#2095=IFCPROPERTYSET('2SlAdWeF8Hwx4d0aAi40G6',#5, 'Pset_WindowCommon', 'Pset_WindowCommon', (#2092,#2093,#2094));
#2096=IFCRELDEFINESBYPROPERTIES('2SlApYeF8Hwx4d0aAi40G6',#5,$,$,(#2085),#2095);
#2097=IFCRELFILLSELEMENT('2SlAzseF8Hwx4d0aAi40G6',#5, $, $, #1623, #2085);
#2098=IFCLOCALPLACEMENT(#1574,#1626);
#2099=IFCCARTESIANPOINT((-1.7500,0.1750));
#2100=IFCCARTESIANPOINT((1.7500,0.1750));
#2101=IFCCARTESIANPOINT((1.7500,-0.1750));
#2102=IFCCARTESIANPOINT((-1.7500,-0.1750));
#2103=IFCPOLYLINE((#2099,#2100,#2101,#2102,#2099));
#2104=IFCARBITRARYCLOSEDPROFILEDEF(.AREA.,$,#2103);
#2105=IFCEXTRUDEDAREASOLID(#2104,#25,#23,2.2);
#2106=IFCSHAPEREPRESENTATION(#11,'Body','SweptSolid',(#2105));
#2107=IFCPRODUCTDEFINITIONSHAPE($,$,(#2106));
#2108=IFCWINDOW('2SlBt2eF8Hwx4d0aAi40G6',#5,'Window Exterior',$,$,#2098,#2107,$,$,$);
#2109=IFCQUANTITYLENGTH('AverageHeight',$,#13, 2.2);
#2110=IFCQUANTITYLENGTH('Length',$,#13, 3.5);
#2111=IFCQUANTITYAREA('Area',$,#14, 7.700000000000001);
#2112=IFCPROPERTYSINGLEVALUE('Direction',$, IFCLABEL('-90'),$);
#2113=IFCELEMENTQUANTITY('2SlCAaeF8Hwx4d0aAi40G6',#5,'Pset_abstractBIMQuantityTakeOff',$,$,(#2109,#2110,#2111,#2112));
#2114=IFCRELDEFINESBYPROPERTIES('2SlCNYeF8Hwx4d0aAi40G6',#5,$,$,(#2108),#2113);
#2115=IFCPROPERTYSINGLEVALUE('Spaces',$, IFCLABEL(''),$);
#2116=IFCPROPERTYSINGLEVALUE('IsExternal', 'IsExternal', IFCBOOLEAN(.T.),$);
#2117=IFCPROPERTYSINGLEVALUE('Reference',$, IFCLABEL('Window Exterior'),$);
#2118=IFCPROPERTYSET('2SlC$EeF8Hwx4d0aAi40G6',#5, 'Pset_WindowCommon', 'Pset_WindowCommon', (#2115,#2116,#2117));
#2119=IFCRELDEFINESBYPROPERTIES('2SlDBkeF8Hwx4d0aAi40G6',#5,$,$,(#2108),#2118);
#2120=IFCRELFILLSELEMENT('2SlDM2eF8Hwx4d0aAi40G6',#5, $, $, #1637, #2108);
#2121=IFCLOCALPLACEMENT(#1708,#1718);
#2122=IFCCARTESIANPOINT((-0.8850,0.1750));
#2123=IFCCARTESIANPOINT((0.8850,0.1750));
#2124=IFCCARTESIANPOINT((0.8850,-0.1750));
#2125=IFCCARTESIANPOINT((-0.8850,-0.1750));
#2126=IFCPOLYLINE((#2122,#2123,#2124,#2125,#2122));
#2127=IFCARBITRARYCLOSEDPROFILEDEF(.AREA.,$,#2126);
#2128=IFCEXTRUDEDAREASOLID(#2127,#25,#23,1.0);
#2129=IFCSHAPEREPRESENTATION(#11,'Body','SweptSolid',(#2128));
#2130=IFCPRODUCTDEFINITIONSHAPE($,$,(#2129));
#2131=IFCWINDOW('2SlEE8eF8Hwx4d0aAi40G6',#5,'Window Exterior',$,$,#2121,#2130,$,$,$);
#2132=IFCQUANTITYLENGTH('AverageHeight',$,#13, 1.0);
#2133=IFCQUANTITYLENGTH('Length',$,#13, 1.77);
#2134=IFCQUANTITYAREA('Area',$,#14, 1.77);
#2135=IFCPROPERTYSINGLEVALUE('Direction',$, IFCLABEL('0'),$);
#2136=IFCELEMENTQUANTITY('2SlEXgeF8Hwx4d0aAi40G6',#5,'Pset_abstractBIMQuantityTakeOff',$,$,(#2132,#2133,#2134,#2135));
#2137=IFCRELDEFINESBYPROPERTIES('2SlEkoeF8Hwx4d0aAi40G6',#5,$,$,(#2131),#2136);
#2138=IFCPROPERTYSINGLEVALUE('Spaces',$, IFCLABEL(''),$);
#2139=IFCPROPERTYSINGLEVALUE('IsExternal', 'IsExternal', IFCBOOLEAN(.T.),$);
#2140=IFCPROPERTYSINGLEVALUE('Reference',$, IFCLABEL('Window Exterior'),$);
#2141=IFCPROPERTYSET('2SlFH0eF8Hwx4d0aAi40G6',#5, 'Pset_WindowCommon', 'Pset_WindowCommon', (#2138,#2139,#2140));
#2142=IFCRELDEFINESBYPROPERTIES('2SlFTCeF8Hwx4d0aAi40G6',#5,$,$,(#2131),#2141);
#2143=IFCRELFILLSELEMENT('2SlFdWeF8Hwx4d0aAi40G6',#5, $, $, #1729, #2131);
#2144=IFCLOCALPLACEMENT(#1708,#1732);
#2145=IFCPOLYLINE((#2122,#2123,#2124,#2125,#2122));
#2146=IFCARBITRARYCLOSEDPROFILEDEF(.AREA.,$,#2145);
#2147=IFCEXTRUDEDAREASOLID(#2146,#25,#23,1.0);
#2148=IFCSHAPEREPRESENTATION(#11,'Body','SweptSolid',(#2147));
#2149=IFCPRODUCTDEFINITIONSHAPE($,$,(#2148));
#2150=IFCWINDOW('2SlGUgeF8Hwx4d0aAi40G6',#5,'Window Exterior',$,$,#2144,#2149,$,$,$);
#2151=IFCQUANTITYLENGTH('AverageHeight',$,#13, 1.0);
#2152=IFCQUANTITYLENGTH('Length',$,#13, 1.7699999999999998);
#2153=IFCQUANTITYAREA('Area',$,#14, 1.7699999999999998);
#2154=IFCPROPERTYSINGLEVALUE('Direction',$, IFCLABEL('0'),$);
#2155=IFCELEMENTQUANTITY('2SlGpweF8Hwx4d0aAi40G6',#5,'Pset_abstractBIMQuantityTakeOff',$,$,(#2151,#2152,#2153,#2154));
#2156=IFCRELDEFINESBYPROPERTIES('2SlH12eF8Hwx4d0aAi40G6',#5,$,$,(#2150),#2155);
#2157=IFCPROPERTYSINGLEVALUE('Spaces',$, IFCLABEL(''),$);
#2158=IFCPROPERTYSINGLEVALUE('IsExternal', 'IsExternal', IFCBOOLEAN(.T.),$);
#2159=IFCPROPERTYSINGLEVALUE('Reference',$, IFCLABEL('Window Exterior'),$);
#2160=IFCPROPERTYSET('2SlHYyeF8Hwx4d0aAi40G6',#5, 'Pset_WindowCommon', 'Pset_WindowCommon', (#2157,#2158,#2159));
#2161=IFCRELDEFINESBYPROPERTIES('2SlHk_eF8Hwx4d0aAi40G6',#5,$,$,(#2150),#2160);
#2162=IFCRELFILLSELEMENT('2SlHv8eF8Hwx4d0aAi40G6',#5, $, $, #1739, #2150);
#2163=IFCLOCALPLACEMENT(#1708,#1742);
#2164=IFCCARTESIANPOINT((-0.6500,0.1750));
#2165=IFCCARTESIANPOINT((0.6500,0.1750));
#2166=IFCCARTESIANPOINT((0.6500,-0.1750));
#2167=IFCCARTESIANPOINT((-0.6500,-0.1750));
#2168=IFCPOLYLINE((#2164,#2165,#2166,#2167,#2164));
#2169=IFCARBITRARYCLOSEDPROFILEDEF(.AREA.,$,#2168);
#2170=IFCEXTRUDEDAREASOLID(#2169,#25,#23,2.35);
#2171=IFCSHAPEREPRESENTATION(#11,'Body','SweptSolid',(#2170));
#2172=IFCPRODUCTDEFINITIONSHAPE($,$,(#2171));
#2173=IFCWINDOW('2SlIoeeF8Hwx4d0aAi40G6',#5,'Window Exterior',$,$,#2163,#2172,$,$,$);
#2174=IFCQUANTITYLENGTH('AverageHeight',$,#13, 2.35);
#2175=IFCQUANTITYLENGTH('Length',$,#13, 1.3);
#2176=IFCQUANTITYAREA('Area',$,#14, 3.055);
#2177=IFCPROPERTYSINGLEVALUE('Direction',$, IFCLABEL('0'),$);
#2178=IFCELEMENTQUANTITY('2SlJ5seF8Hwx4d0aAi40G6',#5,'Pset_abstractBIMQuantityTakeOff',$,$,(#2174,#2175,#2176,#2177));
#2179=IFCRELDEFINESBYPROPERTIES('2SlJIqeF8Hwx4d0aAi40G6',#5,$,$,(#2173),#2178);
#2180=IFCPROPERTYSINGLEVALUE('Spaces',$, IFCLABEL(''),$);
#2181=IFCPROPERTYSINGLEVALUE('IsExternal', 'IsExternal', IFCBOOLEAN(.T.),$);
#2182=IFCPROPERTYSINGLEVALUE('Reference',$, IFCLABEL('Window Exterior'),$);
#2183=IFCPROPERTYSET('2SlJqQeF8Hwx4d0aAi40G6',#5, 'Pset_WindowCommon', 'Pset_WindowCommon', (#2180,#2181,#2182));
#2184=IFCRELDEFINESBYPROPERTIES('2SlK0SeF8Hwx4d0aAi40G6',#5,$,$,(#2173),#2183);
#2185=IFCRELFILLSELEMENT('2SlKAceF8Hwx4d0aAi40G6',#5, $, $, #1753, #2173);
#2186=IFCLOCALPLACEMENT(#1655,#1665);
#2187=IFCCARTESIANPOINT((-4.7500,0.1750));
#2188=IFCCARTESIANPOINT((4.7500,0.1750));
#2189=IFCCARTESIANPOINT((4.7500,-0.1750));
#2190=IFCCARTESIANPOINT((-4.7500,-0.1750));
#2191=IFCPOLYLINE((#2187,#2188,#2189,#2190,#2187));
#2192=IFCARBITRARYCLOSEDPROFILEDEF(.AREA.,$,#2191);
#2193=IFCEXTRUDEDAREASOLID(#2192,#25,#23,1.0);
#2194=IFCSHAPEREPRESENTATION(#11,'Body','SweptSolid',(#2193));
#2195=IFCPRODUCTDEFINITIONSHAPE($,$,(#2194));
#2196=IFCWINDOW('2SlL1meF8Hwx4d0aAi40G6',#5,'Window Exterior',$,$,#2186,#2195,$,$,$);
#2197=IFCQUANTITYLENGTH('AverageHeight',$,#13, 1.0);
#2198=IFCQUANTITYLENGTH('Length',$,#13, 9.5);
#2199=IFCQUANTITYAREA('Area',$,#14, 9.5);
#2200=IFCPROPERTYSINGLEVALUE('Direction',$, IFCLABEL('90'),$);
#2201=IFCELEMENTQUANTITY('2SlLSyeF8Hwx4d0aAi40G6',#5,'Pset_abstractBIMQuantityTakeOff',$,$,(#2197,#2198,#2199,#2200));
#2202=IFCRELDEFINESBYPROPERTIES('2SlLiQeF8Hwx4d0aAi40G6',#5,$,$,(#2196),#2201);
#2203=IFCPROPERTYSINGLEVALUE('Spaces',$, IFCLABEL(''),$);
#2204=IFCPROPERTYSINGLEVALUE('IsExternal', 'IsExternal', IFCBOOLEAN(.T.),$);
#2205=IFCPROPERTYSINGLEVALUE('Reference',$, IFCLABEL('Window Exterior'),$);
#2206=IFCPROPERTYSET('2SlME0eF8Hwx4d0aAi40G6',#5, 'Pset_WindowCommon', 'Pset_WindowCommon', (#2203,#2204,#2205));
#2207=IFCRELDEFINESBYPROPERTIES('2SlWk2eF8Hwx4d0aAi40G6',#5,$,$,(#2196),#2206);
#2208=IFCRELFILLSELEMENT('2SlWv8eF8Hwx4d0aAi40G6',#5, $, $, #1676, #2196);
#2209=IFCLOCALPLACEMENT(#1655,#1679);
#2210=IFCCARTESIANPOINT((-7.8500,0.1750));
#2211=IFCCARTESIANPOINT((7.8500,0.1750));
#2212=IFCCARTESIANPOINT((7.8500,-0.1750));
#2213=IFCCARTESIANPOINT((-7.8500,-0.1750));
#2214=IFCPOLYLINE((#2210,#2211,#2212,#2213,#2210));
#2215=IFCARBITRARYCLOSEDPROFILEDEF(.AREA.,$,#2214);
#2216=IFCEXTRUDEDAREASOLID(#2215,#25,#23,2.2);
#2217=IFCSHAPEREPRESENTATION(#11,'Body','SweptSolid',(#2216));
#2218=IFCPRODUCTDEFINITIONSHAPE($,$,(#2217));
#2219=IFCWINDOW('2SlXnYeF8Hwx4d0aAi40G6',#5,'Window Exterior',$,$,#2209,#2218,$,$,$);
#2220=IFCQUANTITYLENGTH('AverageHeight',$,#13, 2.2);
#2221=IFCQUANTITYLENGTH('Length',$,#13, 15.700000000000001);
#2222=IFCQUANTITYAREA('Area',$,#14, 34.540000000000006);
#2223=IFCPROPERTYSINGLEVALUE('Direction',$, IFCLABEL('90'),$);
#2224=IFCELEMENTQUANTITY('2SlY5OeF8Hwx4d0aAi40G6',#5,'Pset_abstractBIMQuantityTakeOff',$,$,(#2220,#2221,#2222,#2223));
#2225=IFCRELDEFINESBYPROPERTIES('2SlYIWeF8Hwx4d0aAi40G6',#5,$,$,(#2219),#2224);
#2226=IFCPROPERTYSINGLEVALUE('Spaces',$, IFCLABEL(''),$);
#2227=IFCPROPERTYSINGLEVALUE('IsExternal', 'IsExternal', IFCBOOLEAN(.T.),$);
#2228=IFCPROPERTYSINGLEVALUE('Reference',$, IFCLABEL('Window Exterior'),$);
#2229=IFCPROPERTYSET('2SlYoYeF8Hwx4d0aAi40G6',#5, 'Pset_WindowCommon', 'Pset_WindowCommon', (#2226,#2227,#2228));
#2230=IFCRELDEFINESBYPROPERTIES('2SlY_QeF8Hwx4d0aAi40G6',#5,$,$,(#2219),#2229);
#2231=IFCRELFILLSELEMENT('2SlZ8keF8Hwx4d0aAi40G6',#5, $, $, #1690, #2219);
#2232=IFCCARTESIANPOINT((0.0000,0.0000,3.3800));
#2233=IFCAXIS2PLACEMENT3D(#2232,#23,#24);
#2234=IFCLOCALPLACEMENT(#31,#2233);
#2235=IFCBUILDINGSTOREY('2Sla7OeF8Hwx4d0aAi40G6',#5, 'Storey 3.4', $, $,#2234,$,$,.ELEMENT.,3.38);
#2236=IFCRELCONTAINEDINSPATIALSTRUCTURE('2SlaLweF8Hwx4d0aAi40G6',#5, 'Storey 3.4 Container', $, (#2245,#2266,#2284,#2302,#2323,#2343,#2366,#2390,#2417,#2465,#2489,#2526,#2565,#2599,#2623,#2647,#2682,#2714,#2738,#2762,#2786,#2837,#2898,#2991,#3016,#3046,#3077,#3102,#3119,#3141,#3159,#3177,#3195,#3213,#3231,#3253,#3272,#3295,#3318,#3337,#3356,#3375,#3398,#3417,#3436,#3455,#3474), #2235);
#2237=IFCCARTESIANPOINT((16.6420,10.6690));
#2238=IFCCARTESIANPOINT((16.6420,5.2290));
#2239=IFCPOLYLINE((#87,#2237,#2238,#954,#87));
#2240=IFCARBITRARYCLOSEDPROFILEDEF(.AREA.,$,#2239);
#2241=IFCEXTRUDEDAREASOLID(#2240,#25,#23,3.0);
#2242=IFCSHAPEREPRESENTATION(#11,'Body','SweptSolid',(#2241));
#2243=IFCPRODUCTDEFINITIONSHAPE($,$,(#2242));
#2244=IFCLOCALPLACEMENT(#2234,#25);
#2245=IFCSPACE('2Slb9eeF8Hwx4d0aAi40G6',#5,'102',$,$,#2244,#2243,'Grossraumb\X2\00FC\X0\ro',.ELEMENT.,.INTERNAL.,$);
#2246=IFCQUANTITYLENGTH('AverageHeight',$,#13, 3.0);
#2247=IFCQUANTITYLENGTH('GrossPerimeter',$,#13, 49.46);
#2248=IFCQUANTITYAREA('GrossFloorArea',$,#14, -104.94);
#2249=IFCQUANTITYAREA('GrossCeilingArea',$,#14, -104.94);
#2250=IFCQUANTITYVOLUME('GrossVolume',$,#15, 315.0);
#2251=IFCELEMENTQUANTITY('2Slbb8eF8Hwx4d0aAi40G6',#5,'Pset_abstractBIMQuantityTakeOff',$,$,(#2246,#2247,#2248,#2249,#2250));
#2252=IFCRELDEFINESBYPROPERTIES('2SlboaeF8Hwx4d0aAi40G6',#5,$,$,(#2245),#2251);
#2253=IFCPROPERTYSINGLEVALUE('SIA416',$, IFCLABEL('-'),$);
#2254=IFCPROPERTYSINGLEVALUE('SIA0',$, IFCLABEL(''),$);
#2255=IFCPROPERTYSET('2Slb_meF8Hwx4d0aAi40G6',#5, 'Pset_abstractBIM', 'Pset_abstractBIM', (#2253,#2254));
#2256=IFCRELDEFINESBYPROPERTIES('2Slc9YeF8Hwx4d0aAi40G6',#5,$,$,(#2245),#2255);
#2257=IFCCARTESIANPOINT((23.0320,2.4790));
#2258=IFCCARTESIANPOINT((16.6420,2.4790));
#2259=IFCCARTESIANPOINT((16.6420,-2.4700));
#2260=IFCPOLYLINE((#2257,#2258,#2259,#44,#2257));
#2261=IFCARBITRARYCLOSEDPROFILEDEF(.AREA.,$,#2260);
#2262=IFCEXTRUDEDAREASOLID(#2261,#25,#23,3.0);
#2263=IFCSHAPEREPRESENTATION(#11,'Body','SweptSolid',(#2262));
#2264=IFCPRODUCTDEFINITIONSHAPE($,$,(#2263));
#2265=IFCLOCALPLACEMENT(#2234,#25);
#2266=IFCSPACE('2SlcteeF8Hwx4d0aAi40G6',#5,'100',$,$,#2265,#2264,'Sitzungszimmer',.ELEMENT.,.INTERNAL.,$);
#2267=IFCQUANTITYLENGTH('AverageHeight',$,#13, 3.0);
#2268=IFCQUANTITYLENGTH('GrossPerimeter',$,#13, 22.68);
#2269=IFCQUANTITYAREA('GrossFloorArea',$,#14, -31.62);
#2270=IFCQUANTITYAREA('GrossCeilingArea',$,#14, -31.62);
#2271=IFCQUANTITYVOLUME('GrossVolume',$,#15, 95.0);
#2272=IFCELEMENTQUANTITY('2SldGUeF8Hwx4d0aAi40G6',#5,'Pset_abstractBIMQuantityTakeOff',$,$,(#2267,#2268,#2269,#2270,#2271));
#2273=IFCRELDEFINESBYPROPERTIES('2SldTmeF8Hwx4d0aAi40G6',#5,$,$,(#2266),#2272);
#2274=IFCPROPERTYSINGLEVALUE('SIA416',$, IFCLABEL('-'),$);
#2275=IFCPROPERTYSINGLEVALUE('SIA0',$, IFCLABEL(''),$);
#2276=IFCPROPERTYSET('2SldfeeF8Hwx4d0aAi40G6',#5, 'Pset_abstractBIM', 'Pset_abstractBIM', (#2274,#2275));
#2277=IFCRELDEFINESBYPROPERTIES('2SldqGeF8Hwx4d0aAi40G6',#5,$,$,(#2266),#2276);
#2278=IFCPOLYLINE((#910,#911,#912,#913,#910));
#2279=IFCARBITRARYCLOSEDPROFILEDEF(.AREA.,$,#2278);
#2280=IFCEXTRUDEDAREASOLID(#2279,#25,#23,3.0);
#2281=IFCSHAPEREPRESENTATION(#11,'Body','SweptSolid',(#2280));
#2282=IFCPRODUCTDEFINITIONSHAPE($,$,(#2281));
#2283=IFCLOCALPLACEMENT(#2234,#25);
#2284=IFCSPACE('2SleVEeF8Hwx4d0aAi40G6',#5,'112',$,$,#2283,#2282,'WC Damen',.ELEMENT.,.INTERNAL.,$);
#2285=IFCQUANTITYLENGTH('AverageHeight',$,#13, 3.0);
#2286=IFCQUANTITYLENGTH('GrossPerimeter',$,#13, 15.3);
#2287=IFCQUANTITYAREA('GrossFloorArea',$,#14, -14.62);
#2288=IFCQUANTITYAREA('GrossCeilingArea',$,#14, -14.62);
#2289=IFCQUANTITYVOLUME('GrossVolume',$,#15, 44.0);
#2290=IFCELEMENTQUANTITY('2SletweF8Hwx4d0aAi40G6',#5,'Pset_abstractBIMQuantityTakeOff',$,$,(#2285,#2286,#2287,#2288,#2289));
#2291=IFCRELDEFINESBYPROPERTIES('2Slf68eF8Hwx4d0aAi40G6',#5,$,$,(#2284),#2290);
#2292=IFCPROPERTYSINGLEVALUE('SIA416',$, IFCLABEL('-'),$);
#2293=IFCPROPERTYSINGLEVALUE('SIA0',$, IFCLABEL(''),$);
#2294=IFCPROPERTYSET('2SlfIAeF8Hwx4d0aAi40G6',#5, 'Pset_abstractBIM', 'Pset_abstractBIM', (#2292,#2293));
#2295=IFCRELDEFINESBYPROPERTIES('2SlfSyeF8Hwx4d0aAi40G6',#5,$,$,(#2284),#2294);
#2296=IFCPOLYLINE((#932,#933,#934,#94,#932));
#2297=IFCARBITRARYCLOSEDPROFILEDEF(.AREA.,$,#2296);
#2298=IFCEXTRUDEDAREASOLID(#2297,#25,#23,3.0);
#2299=IFCSHAPEREPRESENTATION(#11,'Body','SweptSolid',(#2298));
#2300=IFCPRODUCTDEFINITIONSHAPE($,$,(#2299));
#2301=IFCLOCALPLACEMENT(#2234,#25);
#2302=IFCSPACE('2SlgDOeF8Hwx4d0aAi40G6',#5,'113',$,$,#2301,#2300,'WC Herren',.ELEMENT.,.INTERNAL.,$);
#2303=IFCQUANTITYLENGTH('AverageHeight',$,#13, 3.0);
#2304=IFCQUANTITYLENGTH('GrossPerimeter',$,#13, 15.3);
#2305=IFCQUANTITYAREA('GrossFloorArea',$,#14, -14.61);
#2306=IFCQUANTITYAREA('GrossCeilingArea',$,#14, -14.61);
#2307=IFCQUANTITYVOLUME('GrossVolume',$,#15, 44.0);
#2308=IFCELEMENTQUANTITY('2SlgcOeF8Hwx4d0aAi40G6',#5,'Pset_abstractBIMQuantityTakeOff',$,$,(#2303,#2304,#2305,#2306,#2307));
#2309=IFCRELDEFINESBYPROPERTIES('2SlgpgeF8Hwx4d0aAi40G6',#5,$,$,(#2302),#2308);
#2310=IFCPROPERTYSINGLEVALUE('SIA416',$, IFCLABEL('-'),$);
#2311=IFCPROPERTYSINGLEVALUE('SIA0',$, IFCLABEL(''),$);
#2312=IFCPROPERTYSET('2Slg$YeF8Hwx4d0aAi40G6',#5, 'Pset_abstractBIM', 'Pset_abstractBIM', (#2310,#2311));
#2313=IFCRELDEFINESBYPROPERTIES('2SlhAKeF8Hwx4d0aAi40G6',#5,$,$,(#2302),#2312);
#2314=IFCCARTESIANPOINT((31.8320,5.0790));
#2315=IFCCARTESIANPOINT((16.6420,5.0790));
#2316=IFCCARTESIANPOINT((16.6420,2.6290));
#2317=IFCPOLYLINE((#2314,#2315,#2316,#66,#956,#92,#93,#957,#2314));
#2318=IFCARBITRARYCLOSEDPROFILEDEF(.AREA.,$,#2317);
#2319=IFCEXTRUDEDAREASOLID(#2318,#25,#23,3.0);
#2320=IFCSHAPEREPRESENTATION(#11,'Body','SweptSolid',(#2319));
#2321=IFCPRODUCTDEFINITIONSHAPE($,$,(#2320));
#2322=IFCLOCALPLACEMENT(#2234,#25);
#2323=IFCSPACE('2SlhwmeF8Hwx4d0aAi40G6',#5,'110',$,$,#2322,#2321,'Verkehrsfl\X2\00E4\X0\che',.ELEMENT.,.INTERNAL.,$);
#2324=IFCQUANTITYLENGTH('AverageHeight',$,#13, 3.0);
#2325=IFCQUANTITYLENGTH('GrossPerimeter',$,#13, 49.08);
#2326=IFCQUANTITYAREA('GrossFloorArea',$,#14, -57.14);
#2327=IFCQUANTITYAREA('GrossCeilingArea',$,#14, -57.14);
#2328=IFCQUANTITYVOLUME('GrossVolume',$,#15, 171.0);
#2329=IFCELEMENTQUANTITY('2SliLeeF8Hwx4d0aAi40G6',#5,'Pset_abstractBIMQuantityTakeOff',$,$,(#2324,#2325,#2326,#2327,#2328));
#2330=IFCRELDEFINESBYPROPERTIES('2SliaoeF8Hwx4d0aAi40G6',#5,$,$,(#2323),#2329);
#2331=IFCPROPERTYSINGLEVALUE('SIA416',$, IFCLABEL('-'),$);
#2332=IFCPROPERTYSINGLEVALUE('SIA0',$, IFCLABEL(''),$);
#2333=IFCPROPERTYSET('2SlinweF8Hwx4d0aAi40G6',#5, 'Pset_abstractBIM', 'Pset_abstractBIM', (#2331,#2332));
#2334=IFCRELDEFINESBYPROPERTIES('2Sliz0eF8Hwx4d0aAi40G6',#5,$,$,(#2323),#2333);
#2335=IFCCARTESIANPOINT((16.4120,10.6690));
#2336=IFCCARTESIANPOINT((16.4120,-2.4700));
#2337=IFCPOLYLINE((#2335,#42,#43,#2336,#2335));
#2338=IFCARBITRARYCLOSEDPROFILEDEF(.AREA.,$,#2337);
#2339=IFCEXTRUDEDAREASOLID(#2338,#25,#23,6.38);
#2340=IFCSHAPEREPRESENTATION(#11,'Body','SweptSolid',(#2339));
#2341=IFCPRODUCTDEFINITIONSHAPE($,$,(#2340));
#2342=IFCLOCALPLACEMENT(#2234,#25);
#2343=IFCSPACE('2SljfYeF8Hwx4d0aAi40G6',#5,'101',$,$,#2342,#2341,'H\X2\00F6\X0\rsaal',.ELEMENT.,.INTERNAL.,$);
#2344=IFCQUANTITYLENGTH('AverageHeight',$,#13, 6.38);
#2345=IFCQUANTITYLENGTH('GrossPerimeter',$,#13, 51.52);
#2346=IFCQUANTITYAREA('GrossFloorArea',$,#14, -165.81);
#2347=IFCQUANTITYAREA('GrossCeilingArea',$,#14, -165.81);
#2348=IFCQUANTITYVOLUME('GrossVolume',$,#15, 1058.0);
#2349=IFCELEMENTQUANTITY('2SlkS0eF8Hwx4d0aAi40G6',#5,'Pset_abstractBIMQuantityTakeOff',$,$,(#2344,#2345,#2346,#2347,#2348));
#2350=IFCRELDEFINESBYPROPERTIES('2SlkgEeF8Hwx4d0aAi40G6',#5,$,$,(#2343),#2349);
#2351=IFCPROPERTYSINGLEVALUE('SIA416',$, IFCLABEL('-'),$);
#2352=IFCPROPERTYSINGLEVALUE('SIA0',$, IFCLABEL(''),$);
#2353=IFCPROPERTYSET('2Slv1MeF8Hwx4d0aAi40G6',#5, 'Pset_abstractBIM', 'Pset_abstractBIM', (#2351,#2352));
#2354=IFCRELDEFINESBYPROPERTIES('2SlvD4eF8Hwx4d0aAi40G6',#5,$,$,(#2343),#2353);
#2355=IFCLOCALPLACEMENT(#2234,#428);
#2356=IFCCARTESIANPOINT((5.0990,0.0000));
#2357=IFCPOLYLINE((#328,#2356));
#2358=IFCSHAPEREPRESENTATION(#11,'Axis','Curve2D',(#2357));
#2359=IFCCARTESIANPOINT((5.0990,-0.1150));
#2360=IFCCARTESIANPOINT((5.0990,0.1150));
#2361=IFCPOLYLINE((#2359,#2360,#273,#270,#2359));
#2362=IFCARBITRARYCLOSEDPROFILEDEF(.AREA.,$,#2361);
#2363=IFCEXTRUDEDAREASOLID(#2362,#25,#23,3.0);
#2364=IFCSHAPEREPRESENTATION(#11,'Body','SweptSolid',(#2363));
#2365=IFCPRODUCTDEFINITIONSHAPE($,$,(#2358,#2364));
#2366=IFCWALLSTANDARDCASE('2SlwNmeF8Hwx4d0aAi40G6',#5,'Wall Interior',$,$,#2355,#2365,$);
#2367=IFCPROPERTYSINGLEVALUE('ExtendToStructure', 'ExtendToStructure', IFCBOOLEAN(.T.),$);
#2368=IFCPROPERTYSINGLEVALUE('IsExternal', 'IsExternal', IFCBOOLEAN(.F.),$);
#2369=IFCPROPERTYSINGLEVALUE('Reference',$, IFCLABEL('Wall Interior'),$);
#2370=IFCPROPERTYSINGLEVALUE('Spaces',$, IFCLABEL('100,021'),$);
#2371=IFCPROPERTYSET('2SlwjyeF8Hwx4d0aAi40G6',#5, 'Pset_abstractBIM', 'Pset_abstractBIM', (#2367,#2368,#2369,#2370));
#2372=IFCRELDEFINESBYPROPERTIES('2SlwvqeF8Hwx4d0aAi40G6',#5,$,$,(#2366),#2371);
#2373=IFCQUANTITYLENGTH('NominalLength',$,#13, 5.1);
#2374=IFCQUANTITYLENGTH('NominalWidth',$,#13, 0.23);
#2375=IFCQUANTITYLENGTH('NominalHeight',$,#13, 3.0);
#2376=IFCQUANTITYAREA('GrossFootprintArea',$,#14, 1.173);
#2377=IFCQUANTITYAREA('NetFootprintArea',$,#14, 1.17);
#2378=IFCQUANTITYAREA('GrossSideArea',$,#14, 15.299999999999999);
#2379=IFCQUANTITYAREA('GrossSideVolume',$,#14, 3.51);
#2380=IFCELEMENTQUANTITY('2SlxHkeF8Hwx4d0aAi40G6',#5,'Pset_abstractBIMQuantityTakeOff',$,$,(#2373,#2374,#2375,#2376,#2377,#2378,#2379,#2370));
#2381=IFCRELDEFINESBYPROPERTIES('2SlxVAeF8Hwx4d0aAi40G6',#5,$,$,(#2366),#2380);
#2382=IFCLOCALPLACEMENT(#2234,#296);
#2383=IFCPOLYLINE((#204,#298));
#2384=IFCSHAPEREPRESENTATION(#11,'Axis','Curve2D',(#2383));
#2385=IFCPOLYLINE((#239,#301,#302,#242,#239));
#2386=IFCARBITRARYCLOSEDPROFILEDEF(.AREA.,$,#2385);
#2387=IFCEXTRUDEDAREASOLID(#2386,#25,#23,3.0);
#2388=IFCSHAPEREPRESENTATION(#11,'Body','SweptSolid',(#2387));
#2389=IFCPRODUCTDEFINITIONSHAPE($,$,(#2384,#2388));
#2390=IFCWALLSTANDARDCASE('2SlyemeF8Hwx4d0aAi40G6',#5,'Wall Interior',$,$,#2382,#2389,$);
#2391=IFCPROPERTYSINGLEVALUE('ExtendToStructure', 'ExtendToStructure', IFCBOOLEAN(.T.),$);
#2392=IFCPROPERTYSINGLEVALUE('IsExternal', 'IsExternal', IFCBOOLEAN(.F.),$);
#2393=IFCPROPERTYSINGLEVALUE('Reference',$, IFCLABEL('Wall Interior'),$);
#2394=IFCPROPERTYSINGLEVALUE('Spaces',$, IFCLABEL('020,110'),$);
#2395=IFCPROPERTYSET('2SlyzEeF8Hwx4d0aAi40G6',#5, 'Pset_abstractBIM', 'Pset_abstractBIM', (#2391,#2392,#2393,#2394));
#2396=IFCRELDEFINESBYPROPERTIES('2Slz8yeF8Hwx4d0aAi40G6',#5,$,$,(#2390),#2395);
#2397=IFCQUANTITYLENGTH('NominalLength',$,#13, 1.57);
#2398=IFCQUANTITYLENGTH('NominalWidth',$,#13, 0.23);
#2399=IFCQUANTITYLENGTH('NominalHeight',$,#13, 3.0);
#2400=IFCQUANTITYAREA('GrossFootprintArea',$,#14, 0.36110000000000003);
#2401=IFCQUANTITYAREA('NetFootprintArea',$,#14, 0.36);
#2402=IFCQUANTITYAREA('GrossSideArea',$,#14, 4.71);
#2403=IFCQUANTITYAREA('GrossSideVolume',$,#14, 1.08);
#2404=IFCELEMENTQUANTITY('2SlzWYeF8Hwx4d0aAi40G6',#5,'Pset_abstractBIMQuantityTakeOff',$,$,(#2397,#2398,#2399,#2400,#2401,#2402,#2403,#2394));
#2405=IFCRELDEFINESBYPROPERTIES('2SlztWeF8Hwx4d0aAi40G6',#5,$,$,(#2390),#2404);
#2406=IFCLOCALPLACEMENT(#2234,#1041);
#2407=IFCCARTESIANPOINT((19.2900,0.0000));
#2408=IFCPOLYLINE((#204,#2407));
#2409=IFCSHAPEREPRESENTATION(#11,'Axis','Curve2D',(#2408));
#2410=IFCCARTESIANPOINT((19.2900,-0.0750));
#2411=IFCCARTESIANPOINT((19.2900,0.0750));
#2412=IFCPOLYLINE((#209,#2410,#2411,#208,#209));
#2413=IFCARBITRARYCLOSEDPROFILEDEF(.AREA.,$,#2412);
#2414=IFCEXTRUDEDAREASOLID(#2413,#25,#23,3.0);
#2415=IFCSHAPEREPRESENTATION(#11,'Body','SweptSolid',(#2414));
#2416=IFCPRODUCTDEFINITIONSHAPE($,$,(#2409,#2415));
#2417=IFCWALLSTANDARDCASE('2Sl$2CeF8Hwx4d0aAi40G6',#5,'Wall Interior',$,$,#2406,#2416,$);
#2418=IFCCARTESIANPOINT((13.8695,0.0000,0.0000));
#2419=IFCAXIS2PLACEMENT3D(#2418,#23,#24);
#2420=IFCLOCALPLACEMENT(#2406,#2419);
#2421=IFCCARTESIANPOINT((-0.5000,0.1720));
#2422=IFCCARTESIANPOINT((0.5000,0.1720));
#2423=IFCCARTESIANPOINT((0.5000,-0.1720));
#2424=IFCCARTESIANPOINT((-0.5000,-0.1720));
#2425=IFCPOLYLINE((#2421,#2422,#2423,#2424,#2421));
#2426=IFCARBITRARYCLOSEDPROFILEDEF(.AREA.,$,#2425);
#2427=IFCEXTRUDEDAREASOLID(#2426,#25,#23,2.0);
#2428=IFCSHAPEREPRESENTATION(#11,'Body','SweptSolid',(#2427));
#2429=IFCPRODUCTDEFINITIONSHAPE($,$,(#2428));
#2430=IFCOPENINGELEMENT('2Sm08qeF8Hwx4d0aAi40G6',#5,'Door Interior_op',$,$,#2420,#2429,'OPENING');
#2431=IFCRELVOIDSELEMENT('2Sm0L0eF8Hwx4d0aAi40G6',#5,$,$,#2417,#2430);
#2432=IFCCARTESIANPOINT((5.2895,0.0000,0.0000));
#2433=IFCAXIS2PLACEMENT3D(#2432,#23,#24);
#2434=IFCLOCALPLACEMENT(#2406,#2433);
#2435=IFCPOLYLINE((#2421,#2422,#2423,#2424,#2421));
#2436=IFCARBITRARYCLOSEDPROFILEDEF(.AREA.,$,#2435);
#2437=IFCEXTRUDEDAREASOLID(#2436,#25,#23,2.0);
#2438=IFCSHAPEREPRESENTATION(#11,'Body','SweptSolid',(#2437));
#2439=IFCPRODUCTDEFINITIONSHAPE($,$,(#2438));
#2440=IFCOPENINGELEMENT('2Sm1MAeF8Hwx4d0aAi40G6',#5,'Door Interior_op',$,$,#2434,#2439,'OPENING');
#2441=IFCRELVOIDSELEMENT('2Sm1YCeF8Hwx4d0aAi40G6',#5,$,$,#2417,#2440);
#2442=IFCPROPERTYSINGLEVALUE('ExtendToStructure', 'ExtendToStructure', IFCBOOLEAN(.T.),$);
#2443=IFCPROPERTYSINGLEVALUE('IsExternal', 'IsExternal', IFCBOOLEAN(.F.),$);
#2444=IFCPROPERTYSINGLEVALUE('Reference',$, IFCLABEL('Wall Interior'),$);
#2445=IFCPROPERTYSINGLEVALUE('Spaces',$, IFCLABEL('110,112,102'),$);
#2446=IFCPROPERTYSET('2Sm1rQeF8Hwx4d0aAi40G6',#5, 'Pset_abstractBIM', 'Pset_abstractBIM', (#2442,#2443,#2444,#2445));
#2447=IFCRELDEFINESBYPROPERTIES('2Sm22YeF8Hwx4d0aAi40G6',#5,$,$,(#2417),#2446);
#2448=IFCQUANTITYLENGTH('NominalLength',$,#13, 19.29);
#2449=IFCQUANTITYLENGTH('NominalWidth',$,#13, 0.15);
#2450=IFCQUANTITYLENGTH('NominalHeight',$,#13, 3.0);
#2451=IFCQUANTITYAREA('GrossFootprintArea',$,#14, 2.8935);
#2452=IFCQUANTITYAREA('NetFootprintArea',$,#14, 2.89);
#2453=IFCQUANTITYAREA('GrossSideArea',$,#14, 57.87);
#2454=IFCQUANTITYAREA('GrossSideVolume',$,#14, 8.67);
#2455=IFCELEMENTQUANTITY('2Sm2QweF8Hwx4d0aAi40G6',#5,'Pset_abstractBIMQuantityTakeOff',$,$,(#2448,#2449,#2450,#2451,#2452,#2453,#2454,#2445));
#2456=IFCRELDEFINESBYPROPERTIES('2Sm2eMeF8Hwx4d0aAi40G6',#5,$,$,(#2417),#2455);
#2457=IFCLOCALPLACEMENT(#2234,#457);
#2458=IFCPOLYLINE((#328,#459));
#2459=IFCSHAPEREPRESENTATION(#11,'Axis','Curve2D',(#2458));
#2460=IFCPOLYLINE((#462,#463,#273,#270,#462));
#2461=IFCARBITRARYCLOSEDPROFILEDEF(.AREA.,$,#2460);
#2462=IFCEXTRUDEDAREASOLID(#2461,#25,#23,3.0);
#2463=IFCSHAPEREPRESENTATION(#11,'Body','SweptSolid',(#2462));
#2464=IFCPRODUCTDEFINITIONSHAPE($,$,(#2459,#2463));
#2465=IFCWALLSTANDARDCASE('2Sm3mYeF8Hwx4d0aAi40G6',#5,'Wall Interior',$,$,#2457,#2464,$);
#2466=IFCPROPERTYSINGLEVALUE('ExtendToStructure', 'ExtendToStructure', IFCBOOLEAN(.T.),$);
#2467=IFCPROPERTYSINGLEVALUE('IsExternal', 'IsExternal', IFCBOOLEAN(.F.),$);
#2468=IFCPROPERTYSINGLEVALUE('Reference',$, IFCLABEL('Wall Interior'),$);
#2469=IFCPROPERTYSINGLEVALUE('Spaces',$, IFCLABEL('020,110,021'),$);
#2470=IFCPROPERTYSET('2Sm45eeF8Hwx4d0aAi40G6',#5, 'Pset_abstractBIM', 'Pset_abstractBIM', (#2466,#2467,#2468,#2469));
#2471=IFCRELDEFINESBYPROPERTIES('2Sm4HMeF8Hwx4d0aAi40G6',#5,$,$,(#2465),#2470);
#2472=IFCQUANTITYLENGTH('NominalLength',$,#13, 2.69);
#2473=IFCQUANTITYLENGTH('NominalWidth',$,#13, 0.23);
#2474=IFCQUANTITYLENGTH('NominalHeight',$,#13, 3.0);
#2475=IFCQUANTITYAREA('GrossFootprintArea',$,#14, 0.6187);
#2476=IFCQUANTITYAREA('NetFootprintArea',$,#14, 0.62);
#2477=IFCQUANTITYAREA('GrossSideArea',$,#14, 8.07);
#2478=IFCQUANTITYAREA('GrossSideVolume',$,#14, 1.8599999999999999);
#2479=IFCELEMENTQUANTITY('2Sm4f6eF8Hwx4d0aAi40G6',#5,'Pset_abstractBIMQuantityTakeOff',$,$,(#2472,#2473,#2474,#2475,#2476,#2477,#2478,#2469));
#2480=IFCRELDEFINESBYPROPERTIES('2Sm4sOeF8Hwx4d0aAi40G6',#5,$,$,(#2465),#2479);
#2481=IFCLOCALPLACEMENT(#2234,#385);
#2482=IFCPOLYLINE((#328,#387));
#2483=IFCSHAPEREPRESENTATION(#11,'Axis','Curve2D',(#2482));
#2484=IFCPOLYLINE((#390,#391,#273,#270,#390));
#2485=IFCARBITRARYCLOSEDPROFILEDEF(.AREA.,$,#2484);
#2486=IFCEXTRUDEDAREASOLID(#2485,#25,#23,3.0);
#2487=IFCSHAPEREPRESENTATION(#11,'Body','SweptSolid',(#2486));
#2488=IFCPRODUCTDEFINITIONSHAPE($,$,(#2483,#2487));
#2489=IFCWALLSTANDARDCASE('2Sm5zeeF8Hwx4d0aAi40G6',#5,'Wall Interior',$,$,#2481,#2488,$);
#2490=IFCLOCALPLACEMENT(#2481,#399);
#2491=IFCPOLYLINE((#401,#402,#403,#404,#401));
#2492=IFCARBITRARYCLOSEDPROFILEDEF(.AREA.,$,#2491);
#2493=IFCEXTRUDEDAREASOLID(#2492,#25,#23,2.0);
#2494=IFCSHAPEREPRESENTATION(#11,'Body','SweptSolid',(#2493));
#2495=IFCPRODUCTDEFINITIONSHAPE($,$,(#2494));
#2496=IFCOPENINGELEMENT('2SmHGmeF8Hwx4d0aAi40G6',#5,'Door Interior_op',$,$,#2490,#2495,'OPENING');
#2497=IFCRELVOIDSELEMENT('2SmHTaeF8Hwx4d0aAi40G6',#5,$,$,#2489,#2496);
#2498=IFCPROPERTYSINGLEVALUE('ExtendToStructure', 'ExtendToStructure', IFCBOOLEAN(.T.),$);
#2499=IFCPROPERTYSINGLEVALUE('IsExternal', 'IsExternal', IFCBOOLEAN(.F.),$);
#2500=IFCPROPERTYSINGLEVALUE('Reference',$, IFCLABEL('Wall Interior'),$);
#2501=IFCPROPERTYSINGLEVALUE('Spaces',$, IFCLABEL('020,022,110'),$);
#2502=IFCPROPERTYSET('2SmHo2eF8Hwx4d0aAi40G6',#5, 'Pset_abstractBIM', 'Pset_abstractBIM', (#2498,#2499,#2500,#2501));
#2503=IFCRELDEFINESBYPROPERTIES('2SmHzweF8Hwx4d0aAi40G6',#5,$,$,(#2489),#2502);
#2504=IFCQUANTITYLENGTH('NominalLength',$,#13, 2.64);
#2505=IFCQUANTITYLENGTH('NominalWidth',$,#13, 0.23);
#2506=IFCQUANTITYLENGTH('NominalHeight',$,#13, 3.0);
#2507=IFCQUANTITYAREA('GrossFootprintArea',$,#14, 0.6072000000000001);
#2508=IFCQUANTITYAREA('NetFootprintArea',$,#14, 0.61);
#2509=IFCQUANTITYAREA('GrossSideArea',$,#14, 7.92);
#2510=IFCQUANTITYAREA('GrossSideVolume',$,#14, 1.83);
#2511=IFCELEMENTQUANTITY('2SmILqeF8Hwx4d0aAi40G6',#5,'Pset_abstractBIMQuantityTakeOff',$,$,(#2504,#2505,#2506,#2507,#2508,#2509,#2510,#2501));
#2512=IFCRELDEFINESBYPROPERTIES('2SmIaMeF8Hwx4d0aAi40G6',#5,$,$,(#2489),#2511);
#2513=IFCCARTESIANPOINT((23.0320,2.5540,0.0000));
#2514=IFCAXIS2PLACEMENT3D(#2513,#23,#201);
#2515=IFCLOCALPLACEMENT(#2234,#2514);
#2516=IFCCARTESIANPOINT((6.3900,0.0000));
#2517=IFCPOLYLINE((#204,#2516));
#2518=IFCSHAPEREPRESENTATION(#11,'Axis','Curve2D',(#2517));
#2519=IFCCARTESIANPOINT((6.3900,-0.0750));
#2520=IFCCARTESIANPOINT((6.3900,0.0750));
#2521=IFCPOLYLINE((#209,#2519,#2520,#208,#209));
#2522=IFCARBITRARYCLOSEDPROFILEDEF(.AREA.,$,#2521);
#2523=IFCEXTRUDEDAREASOLID(#2522,#25,#23,3.0);
#2524=IFCSHAPEREPRESENTATION(#11,'Body','SweptSolid',(#2523));
#2525=IFCPRODUCTDEFINITIONSHAPE($,$,(#2518,#2524));
#2526=IFCWALLSTANDARDCASE('2SmJn4eF8Hwx4d0aAi40G6',#5,'Wall Interior',$,$,#2515,#2525,$);
#2527=IFCCARTESIANPOINT((0.9695,0.0000,0.0000));
#2528=IFCAXIS2PLACEMENT3D(#2527,#23,#24);
#2529=IFCLOCALPLACEMENT(#2515,#2528);
#2530=IFCPOLYLINE((#2421,#2422,#2423,#2424,#2421));
#2531=IFCARBITRARYCLOSEDPROFILEDEF(.AREA.,$,#2530);
#2532=IFCEXTRUDEDAREASOLID(#2531,#25,#23,2.0);
#2533=IFCSHAPEREPRESENTATION(#11,'Body','SweptSolid',(#2532));
#2534=IFCPRODUCTDEFINITIONSHAPE($,$,(#2533));
#2535=IFCOPENINGELEMENT('2SmKt4eF8Hwx4d0aAi40G6',#5,'Door Interior_op',$,$,#2529,#2534,'OPENING');
#2536=IFCRELVOIDSELEMENT('2SmL3GeF8Hwx4d0aAi40G6',#5,$,$,#2526,#2535);
#2537=IFCPROPERTYSINGLEVALUE('ExtendToStructure', 'ExtendToStructure', IFCBOOLEAN(.T.),$);
#2538=IFCPROPERTYSINGLEVALUE('IsExternal', 'IsExternal', IFCBOOLEAN(.F.),$);
#2539=IFCPROPERTYSINGLEVALUE('Reference',$, IFCLABEL('Wall Interior'),$);
#2540=IFCPROPERTYSINGLEVALUE('Spaces',$, IFCLABEL('100,110'),$);
#2541=IFCPROPERTYSET('2SmLMAeF8Hwx4d0aAi40G6',#5, 'Pset_abstractBIM', 'Pset_abstractBIM', (#2537,#2538,#2539,#2540));
#2542=IFCRELDEFINESBYPROPERTIES('2SmLXkeF8Hwx4d0aAi40G6',#5,$,$,(#2526),#2541);
#2543=IFCQUANTITYLENGTH('NominalLength',$,#13, 6.39);
#2544=IFCQUANTITYLENGTH('NominalWidth',$,#13, 0.15);
#2545=IFCQUANTITYLENGTH('NominalHeight',$,#13, 3.0);
#2546=IFCQUANTITYAREA('GrossFootprintArea',$,#14, 0.9584999999999999);
#2547=IFCQUANTITYAREA('NetFootprintArea',$,#14, 0.96);
#2548=IFCQUANTITYAREA('GrossSideArea',$,#14, 19.169999999999998);
#2549=IFCQUANTITYAREA('GrossSideVolume',$,#14, 2.88);
#2550=IFCELEMENTQUANTITY('2SmLveeF8Hwx4d0aAi40G6',#5,'Pset_abstractBIMQuantityTakeOff',$,$,(#2543,#2544,#2545,#2546,#2547,#2548,#2549,#2540));
#2551=IFCRELDEFINESBYPROPERTIES('2SmM6weF8Hwx4d0aAi40G6',#5,$,$,(#2526),#2550);
#2552=IFCCARTESIANPOINT((16.5270,-2.4700,0.0000));
#2553=IFCAXIS2PLACEMENT3D(#2552,#23,#325);
#2554=IFCLOCALPLACEMENT(#2234,#2553);
#2555=IFCCARTESIANPOINT((13.1390,0.0000));
#2556=IFCPOLYLINE((#328,#2555));
#2557=IFCSHAPEREPRESENTATION(#11,'Axis','Curve2D',(#2556));
#2558=IFCCARTESIANPOINT((13.1390,-0.1150));
#2559=IFCCARTESIANPOINT((13.1390,0.1150));
#2560=IFCPOLYLINE((#2558,#2559,#273,#270,#2558));
#2561=IFCARBITRARYCLOSEDPROFILEDEF(.AREA.,$,#2560);
#2562=IFCEXTRUDEDAREASOLID(#2561,#25,#23,3.0);
#2563=IFCSHAPEREPRESENTATION(#11,'Body','SweptSolid',(#2562));
#2564=IFCPRODUCTDEFINITIONSHAPE($,$,(#2557,#2563));
#2565=IFCWALLSTANDARDCASE('2SmO3ceF8Hwx4d0aAi40G6',#5,'Wall Interior',$,$,#2554,#2564,$);
#2566=IFCCARTESIANPOINT((6.3199,0.0000,0.0000));
#2567=IFCAXIS2PLACEMENT3D(#2566,#23,#24);
#2568=IFCLOCALPLACEMENT(#2554,#2567);
#2569=IFCPOLYLINE((#1221,#1222,#1223,#1224,#1221));
#2570=IFCARBITRARYCLOSEDPROFILEDEF(.AREA.,$,#2569);
#2571=IFCEXTRUDEDAREASOLID(#2570,#25,#23,2.0);
#2572=IFCSHAPEREPRESENTATION(#11,'Body','SweptSolid',(#2571));
#2573=IFCPRODUCTDEFINITIONSHAPE($,$,(#2572));
#2574=IFCOPENINGELEMENT('2SmP8geF8Hwx4d0aAi40G6',#5,'Door Interior_op',$,$,#2568,#2573,'OPENING');
#2575=IFCRELVOIDSELEMENT('2SmPKieF8Hwx4d0aAi40G6',#5,$,$,#2565,#2574);
#2576=IFCPROPERTYSINGLEVALUE('ExtendToStructure', 'ExtendToStructure', IFCBOOLEAN(.T.),$);
#2577=IFCPROPERTYSINGLEVALUE('IsExternal', 'IsExternal', IFCBOOLEAN(.F.),$);
#2578=IFCPROPERTYSINGLEVALUE('Reference',$, IFCLABEL('Wall Interior'),$);
#2579=IFCPROPERTYSINGLEVALUE('Spaces',$, IFCLABEL('100,101,110,102'),$);
#2580=IFCPROPERTYSET('2SmPdweF8Hwx4d0aAi40G6',#5, 'Pset_abstractBIM', 'Pset_abstractBIM', (#2576,#2577,#2578,#2579));
#2581=IFCRELDEFINESBYPROPERTIES('2SmPqueF8Hwx4d0aAi40G6',#5,$,$,(#2565),#2580);
#2582=IFCQUANTITYLENGTH('NominalLength',$,#13, 13.14);
#2583=IFCQUANTITYLENGTH('NominalWidth',$,#13, 0.23);
#2584=IFCQUANTITYLENGTH('NominalHeight',$,#13, 3.0);
#2585=IFCQUANTITYAREA('GrossFootprintArea',$,#14, 3.0222);
#2586=IFCQUANTITYAREA('NetFootprintArea',$,#14, 3.02);
#2587=IFCQUANTITYAREA('GrossSideArea',$,#14, 39.42);
#2588=IFCQUANTITYAREA('GrossSideVolume',$,#14, 9.06);
#2589=IFCELEMENTQUANTITY('2SmQCeeF8Hwx4d0aAi40G6',#5,'Pset_abstractBIMQuantityTakeOff',$,$,(#2582,#2583,#2584,#2585,#2586,#2587,#2588,#2579));
#2590=IFCRELDEFINESBYPROPERTIES('2SmQPweF8Hwx4d0aAi40G6',#5,$,$,(#2565),#2589);
#2591=IFCLOCALPLACEMENT(#2234,#1401);
#2592=IFCPOLYLINE((#204,#1403));
#2593=IFCSHAPEREPRESENTATION(#11,'Axis','Curve2D',(#2592));
#2594=IFCPOLYLINE((#209,#1406,#1407,#208,#209));
#2595=IFCARBITRARYCLOSEDPROFILEDEF(.AREA.,$,#2594);
#2596=IFCEXTRUDEDAREASOLID(#2595,#25,#23,3.0);
#2597=IFCSHAPEREPRESENTATION(#11,'Body','SweptSolid',(#2596));
#2598=IFCPRODUCTDEFINITIONSHAPE($,$,(#2593,#2597));
#2599=IFCWALLSTANDARDCASE('2SmRdkeF8Hwx4d0aAi40G6',#5,'Wall Interior',$,$,#2591,#2598,$);
#2600=IFCPROPERTYSINGLEVALUE('ExtendToStructure', 'ExtendToStructure', IFCBOOLEAN(.T.),$);
#2601=IFCPROPERTYSINGLEVALUE('IsExternal', 'IsExternal', IFCBOOLEAN(.F.),$);
#2602=IFCPROPERTYSINGLEVALUE('Reference',$, IFCLABEL('Wall Interior'),$);
#2603=IFCPROPERTYSINGLEVALUE('Spaces',$, IFCLABEL('112,113'),$);
#2604=IFCPROPERTYSET('2SmRzmeF8Hwx4d0aAi40G6',#5, 'Pset_abstractBIM', 'Pset_abstractBIM', (#2600,#2601,#2602,#2603));
#2605=IFCRELDEFINESBYPROPERTIES('2SmS9UeF8Hwx4d0aAi40G6',#5,$,$,(#2599),#2604);
#2606=IFCQUANTITYLENGTH('NominalLength',$,#13, 4.1);
#2607=IFCQUANTITYLENGTH('NominalWidth',$,#13, 0.15);
#2608=IFCQUANTITYLENGTH('NominalHeight',$,#13, 3.0);
#2609=IFCQUANTITYAREA('GrossFootprintArea',$,#14, 0.6149999999999999);
#2610=IFCQUANTITYAREA('NetFootprintArea',$,#14, 0.62);
#2611=IFCQUANTITYAREA('GrossSideArea',$,#14, 12.299999999999999);
#2612=IFCQUANTITYAREA('GrossSideVolume',$,#14, 1.8599999999999999);
#2613=IFCELEMENTQUANTITY('2SmSYUeF8Hwx4d0aAi40G6',#5,'Pset_abstractBIMQuantityTakeOff',$,$,(#2606,#2607,#2608,#2609,#2610,#2611,#2612,#2603));
#2614=IFCRELDEFINESBYPROPERTIES('2SmSlweF8Hwx4d0aAi40G6',#5,$,$,(#2599),#2613);
#2615=IFCLOCALPLACEMENT(#2234,#356);
#2616=IFCPOLYLINE((#204,#358));
#2617=IFCSHAPEREPRESENTATION(#11,'Axis','Curve2D',(#2616));
#2618=IFCPOLYLINE((#209,#361,#362,#208,#209));
#2619=IFCARBITRARYCLOSEDPROFILEDEF(.AREA.,$,#2618);
#2620=IFCEXTRUDEDAREASOLID(#2619,#25,#23,3.0);
#2621=IFCSHAPEREPRESENTATION(#11,'Body','SweptSolid',(#2620));
#2622=IFCPRODUCTDEFINITIONSHAPE($,$,(#2617,#2621));
#2623=IFCWALLSTANDARDCASE('2SmU1AeF8Hwx4d0aAi40G6',#5,'Wall Interior',$,$,#2615,#2622,$);
#2624=IFCPROPERTYSINGLEVALUE('ExtendToStructure', 'ExtendToStructure', IFCBOOLEAN(.T.),$);
#2625=IFCPROPERTYSINGLEVALUE('IsExternal', 'IsExternal', IFCBOOLEAN(.F.),$);
#2626=IFCPROPERTYSINGLEVALUE('Reference',$, IFCLABEL('Wall Interior'),$);
#2627=IFCPROPERTYSINGLEVALUE('Spaces',$, IFCLABEL('022,110,021'),$);
#2628=IFCPROPERTYSET('2SmecWeF8Hwx4d0aAi40G6',#5, 'Pset_abstractBIM', 'Pset_abstractBIM', (#2624,#2625,#2626,#2627));
#2629=IFCRELDEFINESBYPROPERTIES('2SmepUeF8Hwx4d0aAi40G6',#5,$,$,(#2623),#2628);
#2630=IFCQUANTITYLENGTH('NominalLength',$,#13, 1.8);
#2631=IFCQUANTITYLENGTH('NominalWidth',$,#13, 0.15);
#2632=IFCQUANTITYLENGTH('NominalHeight',$,#13, 3.0);
#2633=IFCQUANTITYAREA('GrossFootprintArea',$,#14, 0.27);
#2634=IFCQUANTITYAREA('NetFootprintArea',$,#14, 0.27);
#2635=IFCQUANTITYAREA('GrossSideArea',$,#14, 5.4);
#2636=IFCQUANTITYAREA('GrossSideVolume',$,#14, 0.81);
#2637=IFCELEMENTQUANTITY('2SmfBOeF8Hwx4d0aAi40G6',#5,'Pset_abstractBIMQuantityTakeOff',$,$,(#2630,#2631,#2632,#2633,#2634,#2635,#2636,#2627));
#2638=IFCRELDEFINESBYPROPERTIES('2SmfOgeF8Hwx4d0aAi40G6',#5,$,$,(#2623),#2637);
#2639=IFCLOCALPLACEMENT(#2234,#1128);
#2640=IFCPOLYLINE((#328,#1130));
#2641=IFCSHAPEREPRESENTATION(#11,'Axis','Curve2D',(#2640));
#2642=IFCPOLYLINE((#1133,#1134,#208,#209,#1133));
#2643=IFCARBITRARYCLOSEDPROFILEDEF(.AREA.,$,#2642);
#2644=IFCEXTRUDEDAREASOLID(#2643,#25,#23,3.0);
#2645=IFCSHAPEREPRESENTATION(#11,'Body','SweptSolid',(#2644));
#2646=IFCPRODUCTDEFINITIONSHAPE($,$,(#2641,#2645));
#2647=IFCWALLSTANDARDCASE('2SmgXUeF8Hwx4d0aAi40G6',#5,'Wall Interior',$,$,#2639,#2646,$);
#2648=IFCLOCALPLACEMENT(#2639,#1142);
#2649=IFCPOLYLINE((#1144,#1145,#1146,#1147,#1144));
#2650=IFCARBITRARYCLOSEDPROFILEDEF(.AREA.,$,#2649);
#2651=IFCEXTRUDEDAREASOLID(#2650,#25,#23,2.0);
#2652=IFCSHAPEREPRESENTATION(#11,'Body','SweptSolid',(#2651));
#2653=IFCPRODUCTDEFINITIONSHAPE($,$,(#2652));
#2654=IFCOPENINGELEMENT('2SmhYyeF8Hwx4d0aAi40G6',#5,'Door Interior_op',$,$,#2648,#2653,'OPENING');
#2655=IFCRELVOIDSELEMENT('2SmhkqeF8Hwx4d0aAi40G6',#5,$,$,#2647,#2654);
#2656=IFCPROPERTYSINGLEVALUE('ExtendToStructure', 'ExtendToStructure', IFCBOOLEAN(.T.),$);
#2657=IFCPROPERTYSINGLEVALUE('IsExternal', 'IsExternal', IFCBOOLEAN(.F.),$);
#2658=IFCPROPERTYSINGLEVALUE('Reference',$, IFCLABEL('Wall Interior'),$);
#2659=IFCPROPERTYSINGLEVALUE('Spaces',$, IFCLABEL('110,113'),$);
#2660=IFCPROPERTYSET('2Smi1keF8Hwx4d0aAi40G6',#5, 'Pset_abstractBIM', 'Pset_abstractBIM', (#2656,#2657,#2658,#2659));
#2661=IFCRELDEFINESBYPROPERTIES('2SmiD8eF8Hwx4d0aAi40G6',#5,$,$,(#2647),#2660);
#2662=IFCQUANTITYLENGTH('NominalLength',$,#13, 3.7);
#2663=IFCQUANTITYLENGTH('NominalWidth',$,#13, 0.15);
#2664=IFCQUANTITYLENGTH('NominalHeight',$,#13, 3.0);
#2665=IFCQUANTITYAREA('GrossFootprintArea',$,#14, 0.555);
#2666=IFCQUANTITYAREA('NetFootprintArea',$,#14, 0.55);
#2667=IFCQUANTITYAREA('GrossSideArea',$,#14, 11.100000000000001);
#2668=IFCQUANTITYAREA('GrossSideVolume',$,#14, 1.6500000000000001);
#2669=IFCELEMENTQUANTITY('2SmiakeF8Hwx4d0aAi40G6',#5,'Pset_abstractBIMQuantityTakeOff',$,$,(#2662,#2663,#2664,#2665,#2666,#2667,#2668,#2659));
#2670=IFCRELDEFINESBYPROPERTIES('2Smio0eF8Hwx4d0aAi40G6',#5,$,$,(#2647),#2669);
#2671=IFCLOCALPLACEMENT(#2234,#1171);
#2672=IFCCARTESIANPOINT((3.7000,0.0000));
#2673=IFCPOLYLINE((#328,#2672));
#2674=IFCSHAPEREPRESENTATION(#11,'Axis','Curve2D',(#2673));
#2675=IFCCARTESIANPOINT((3.7000,-0.0750));
#2676=IFCCARTESIANPOINT((3.7000,0.0750));
#2677=IFCPOLYLINE((#2675,#2676,#208,#209,#2675));
#2678=IFCARBITRARYCLOSEDPROFILEDEF(.AREA.,$,#2677);
#2679=IFCEXTRUDEDAREASOLID(#2678,#25,#23,3.0);
#2680=IFCSHAPEREPRESENTATION(#11,'Body','SweptSolid',(#2679));
#2681=IFCPRODUCTDEFINITIONSHAPE($,$,(#2674,#2680));
#2682=IFCWALLSTANDARDCASE('2SmjvueF8Hwx4d0aAi40G6',#5,'Wall Interior',$,$,#2671,#2681,$);
#2683=IFCLOCALPLACEMENT(#2671,#1185);
#2684=IFCPOLYLINE((#1144,#1145,#1146,#1147,#1144));
#2685=IFCARBITRARYCLOSEDPROFILEDEF(.AREA.,$,#2684);
#2686=IFCEXTRUDEDAREASOLID(#2685,#25,#23,2.0);
#2687=IFCSHAPEREPRESENTATION(#11,'Body','SweptSolid',(#2686));
#2688=IFCPRODUCTDEFINITIONSHAPE($,$,(#2687));
#2689=IFCOPENINGELEMENT('2Sml18eF8Hwx4d0aAi40G6',#5,'Door Interior_op',$,$,#2683,#2688,'OPENING');
#2690=IFCRELVOIDSELEMENT('2SmlDKeF8Hwx4d0aAi40G6',#5,$,$,#2682,#2689);
#2691=IFCPROPERTYSINGLEVALUE('ExtendToStructure', 'ExtendToStructure', IFCBOOLEAN(.T.),$);
#2692=IFCPROPERTYSINGLEVALUE('IsExternal', 'IsExternal', IFCBOOLEAN(.F.),$);
#2693=IFCPROPERTYSINGLEVALUE('Reference',$, IFCLABEL('Wall Interior'),$);
#2694=IFCPROPERTYSINGLEVALUE('Spaces',$, IFCLABEL('110,112'),$);
#2695=IFCPROPERTYSET('2SmlW4eF8Hwx4d0aAi40G6',#5, 'Pset_abstractBIM', 'Pset_abstractBIM', (#2691,#2692,#2693,#2694));
#2696=IFCRELDEFINESBYPROPERTIES('2SmlhUeF8Hwx4d0aAi40G6',#5,$,$,(#2682),#2695);
#2697=IFCQUANTITYLENGTH('NominalLength',$,#13, 3.7);
#2698=IFCQUANTITYLENGTH('NominalWidth',$,#13, 0.15);
#2699=IFCQUANTITYLENGTH('NominalHeight',$,#13, 3.0);
#2700=IFCQUANTITYAREA('GrossFootprintArea',$,#14, 0.555);
#2701=IFCQUANTITYAREA('NetFootprintArea',$,#14, 0.55);
#2702=IFCQUANTITYAREA('GrossSideArea',$,#14, 11.100000000000001);
#2703=IFCQUANTITYAREA('GrossSideVolume',$,#14, 1.6500000000000001);
#2704=IFCELEMENTQUANTITY('2Smm34eF8Hwx4d0aAi40G6',#5,'Pset_abstractBIMQuantityTakeOff',$,$,(#2697,#2698,#2699,#2700,#2701,#2702,#2703,#2694));
#2705=IFCRELDEFINESBYPROPERTIES('2SmmIEeF8Hwx4d0aAi40G6',#5,$,$,(#2682),#2704);
#2706=IFCLOCALPLACEMENT(#2234,#601);
#2707=IFCPOLYLINE((#328,#603));
#2708=IFCSHAPEREPRESENTATION(#11,'Axis','Curve2D',(#2707));
#2709=IFCPOLYLINE((#606,#607,#273,#270,#606));
#2710=IFCARBITRARYCLOSEDPROFILEDEF(.AREA.,$,#2709);
#2711=IFCEXTRUDEDAREASOLID(#2710,#25,#23,3.38);
#2712=IFCSHAPEREPRESENTATION(#11,'Body','SweptSolid',(#2711));
#2713=IFCPRODUCTDEFINITIONSHAPE($,$,(#2708,#2712));
#2714=IFCWALLSTANDARDCASE('2SmnPUeF8Hwx4d0aAi40G6',#5,'Wall Interior',$,$,#2706,#2713,$);
#2715=IFCPROPERTYSINGLEVALUE('ExtendToStructure', 'ExtendToStructure', IFCBOOLEAN(.T.),$);
#2716=IFCPROPERTYSINGLEVALUE('IsExternal', 'IsExternal', IFCBOOLEAN(.F.),$);
#2717=IFCPROPERTYSINGLEVALUE('Reference',$, IFCLABEL('Wall Interior'),$);
#2718=IFCPROPERTYSINGLEVALUE('Spaces',$, IFCLABEL('022,021'),$);
#2719=IFCPROPERTYSET('2SmnlMeF8Hwx4d0aAi40G6',#5, 'Pset_abstractBIM', 'Pset_abstractBIM', (#2715,#2716,#2717,#2718));
#2720=IFCRELDEFINESBYPROPERTIES('2SmnwweF8Hwx4d0aAi40G6',#5,$,$,(#2714),#2719);
#2721=IFCQUANTITYLENGTH('NominalLength',$,#13, 0.5);
#2722=IFCQUANTITYLENGTH('NominalWidth',$,#13, 0.23);
#2723=IFCQUANTITYLENGTH('NominalHeight',$,#13, 3.38);
#2724=IFCQUANTITYAREA('GrossFootprintArea',$,#14, 0.115);
#2725=IFCQUANTITYAREA('NetFootprintArea',$,#14, 0.12);
#2726=IFCQUANTITYAREA('GrossSideArea',$,#14, 1.69);
#2727=IFCQUANTITYAREA('GrossSideVolume',$,#14, 0.40559999999999996);
#2728=IFCELEMENTQUANTITY('2SmoIgeF8Hwx4d0aAi40G6',#5,'Pset_abstractBIMQuantityTakeOff',$,$,(#2721,#2722,#2723,#2724,#2725,#2726,#2727,#2718));
#2729=IFCRELDEFINESBYPROPERTIES('2SmoVyeF8Hwx4d0aAi40G6',#5,$,$,(#2714),#2728);
#2730=IFCLOCALPLACEMENT(#2234,#573);
#2731=IFCPOLYLINE((#204,#358));
#2732=IFCSHAPEREPRESENTATION(#11,'Axis','Curve2D',(#2731));
#2733=IFCPOLYLINE((#270,#577,#578,#273,#270));
#2734=IFCARBITRARYCLOSEDPROFILEDEF(.AREA.,$,#2733);
#2735=IFCEXTRUDEDAREASOLID(#2734,#25,#23,3.38);
#2736=IFCSHAPEREPRESENTATION(#11,'Body','SweptSolid',(#2735));
#2737=IFCPRODUCTDEFINITIONSHAPE($,$,(#2732,#2736));
#2738=IFCWALLSTANDARDCASE('2SmpcQeF8Hwx4d0aAi40G6',#5,'Wall Interior',$,$,#2730,#2737,$);
#2739=IFCPROPERTYSINGLEVALUE('ExtendToStructure', 'ExtendToStructure', IFCBOOLEAN(.T.),$);
#2740=IFCPROPERTYSINGLEVALUE('IsExternal', 'IsExternal', IFCBOOLEAN(.F.),$);
#2741=IFCPROPERTYSINGLEVALUE('Reference',$, IFCLABEL('Wall Interior'),$);
#2742=IFCPROPERTYSINGLEVALUE('Spaces',$, IFCLABEL('020,022,021'),$);
#2743=IFCPROPERTYSET('2Smpx2eF8Hwx4d0aAi40G6',#5, 'Pset_abstractBIM', 'Pset_abstractBIM', (#2739,#2740,#2741,#2742));
#2744=IFCRELDEFINESBYPROPERTIES('2Smq6SeF8Hwx4d0aAi40G6',#5,$,$,(#2738),#2743);
#2745=IFCQUANTITYLENGTH('NominalLength',$,#13, 1.8);
#2746=IFCQUANTITYLENGTH('NominalWidth',$,#13, 0.23);
#2747=IFCQUANTITYLENGTH('NominalHeight',$,#13, 3.38);
#2748=IFCQUANTITYAREA('GrossFootprintArea',$,#14, 0.41400000000000003);
#2749=IFCQUANTITYAREA('NetFootprintArea',$,#14, 0.41);
#2750=IFCQUANTITYAREA('GrossSideArea',$,#14, 6.084);
#2751=IFCQUANTITYAREA('GrossSideVolume',$,#14, 1.3858);
#2752=IFCELEMENTQUANTITY('2SmqTkeF8Hwx4d0aAi40G6',#5,'Pset_abstractBIMQuantityTakeOff',$,$,(#2745,#2746,#2747,#2748,#2749,#2750,#2751,#2742));
#2753=IFCRELDEFINESBYPROPERTIES('2SmqgseF8Hwx4d0aAi40G6',#5,$,$,(#2738),#2752);
#2754=IFCLOCALPLACEMENT(#2234,#544);
#2755=IFCPOLYLINE((#328,#546));
#2756=IFCSHAPEREPRESENTATION(#11,'Axis','Curve2D',(#2755));
#2757=IFCPOLYLINE((#549,#550,#273,#270,#549));
#2758=IFCARBITRARYCLOSEDPROFILEDEF(.AREA.,$,#2757);
#2759=IFCEXTRUDEDAREASOLID(#2758,#25,#23,3.38);
#2760=IFCSHAPEREPRESENTATION(#11,'Body','SweptSolid',(#2759));
#2761=IFCPRODUCTDEFINITIONSHAPE($,$,(#2756,#2760));
#2762=IFCWALLSTANDARDCASE('2SmrmieF8Hwx4d0aAi40G6',#5,'Wall Interior',$,$,#2754,#2761,$);
#2763=IFCPROPERTYSINGLEVALUE('ExtendToStructure', 'ExtendToStructure', IFCBOOLEAN(.T.),$);
#2764=IFCPROPERTYSINGLEVALUE('IsExternal', 'IsExternal', IFCBOOLEAN(.F.),$);
#2765=IFCPROPERTYSINGLEVALUE('Reference',$, IFCLABEL('Wall Interior'),$);
#2766=IFCPROPERTYSINGLEVALUE('Spaces',$, IFCLABEL('020,021'),$);
#2767=IFCPROPERTYSET('2Sn0KUeF8Hwx4d0aAi40G6',#5, 'Pset_abstractBIM', 'Pset_abstractBIM', (#2763,#2764,#2765,#2766));
#2768=IFCRELDEFINESBYPROPERTIES('2Sn0XIeF8Hwx4d0aAi40G6',#5,$,$,(#2762),#2767);
#2769=IFCQUANTITYLENGTH('NominalLength',$,#13, 1.53);
#2770=IFCQUANTITYLENGTH('NominalWidth',$,#13, 0.23);
#2771=IFCQUANTITYLENGTH('NominalHeight',$,#13, 3.38);
#2772=IFCQUANTITYAREA('GrossFootprintArea',$,#14, 0.35190000000000005);
#2773=IFCQUANTITYAREA('NetFootprintArea',$,#14, 0.35);
#2774=IFCQUANTITYAREA('GrossSideArea',$,#14, 5.1714);
#2775=IFCQUANTITYAREA('GrossSideVolume',$,#14, 1.1829999999999998);
#2776=IFCELEMENTQUANTITY('2Sn0wceF8Hwx4d0aAi40G6',#5,'Pset_abstractBIMQuantityTakeOff',$,$,(#2769,#2770,#2771,#2772,#2773,#2774,#2775,#2766));
#2777=IFCRELDEFINESBYPROPERTIES('2Sn18CeF8Hwx4d0aAi40G6',#5,$,$,(#2762),#2776);
#2778=IFCLOCALPLACEMENT(#2234,#719);
#2779=IFCPOLYLINE((#328,#664));
#2780=IFCSHAPEREPRESENTATION(#11,'Axis','Curve2D',(#2779));
#2781=IFCPOLYLINE((#723,#724,#725,#726,#723));
#2782=IFCARBITRARYCLOSEDPROFILEDEF(.AREA.,$,#2781);
#2783=IFCEXTRUDEDAREASOLID(#2782,#25,#23,3.0);
#2784=IFCSHAPEREPRESENTATION(#11,'Body','SweptSolid',(#2783));
#2785=IFCPRODUCTDEFINITIONSHAPE($,$,(#2780,#2784));
#2786=IFCWALLSTANDARDCASE('2Sn2PceF8Hwx4d0aAi40G6',#5,'Wall Exterior',$,$,#2778,#2785,$);
#2787=IFCCARTESIANPOINT((10.0013,0.0000,0.1500));
#2788=IFCAXIS2PLACEMENT3D(#2787,#23,#24);
#2789=IFCLOCALPLACEMENT(#2778,#2788);
#2790=IFCPOLYLINE((#1537,#1538,#1539,#1540,#1537));
#2791=IFCARBITRARYCLOSEDPROFILEDEF(.AREA.,$,#2790);
#2792=IFCEXTRUDEDAREASOLID(#2791,#25,#23,2.2);
#2793=IFCSHAPEREPRESENTATION(#11,'Body','SweptSolid',(#2792));
#2794=IFCPRODUCTDEFINITIONSHAPE($,$,(#2793));
#2795=IFCOPENINGELEMENT('2Sn3YaeF8Hwx4d0aAi40G6',#5,'Window Exterior_op',$,$,#2789,#2794,'OPENING');
#2796=IFCRELVOIDSELEMENT('2Sn3kmeF8Hwx4d0aAi40G6',#5,$,$,#2786,#2795);
#2797=IFCLOCALPLACEMENT(#2778,#1718);
#2798=IFCPOLYLINE((#1720,#1721,#1722,#1723,#1720));
#2799=IFCARBITRARYCLOSEDPROFILEDEF(.AREA.,$,#2798);
#2800=IFCEXTRUDEDAREASOLID(#2799,#25,#23,1.0);
#2801=IFCSHAPEREPRESENTATION(#11,'Body','SweptSolid',(#2800));
#2802=IFCPRODUCTDEFINITIONSHAPE($,$,(#2801));
#2803=IFCOPENINGELEMENT('2Sn4iKeF8Hwx4d0aAi40G6',#5,'Window Exterior_op',$,$,#2797,#2802,'OPENING');
#2804=IFCRELVOIDSELEMENT('2Sn4uWeF8Hwx4d0aAi40G6',#5,$,$,#2786,#2803);
#2805=IFCLOCALPLACEMENT(#2778,#1732);
#2806=IFCPOLYLINE((#1720,#1721,#1722,#1723,#1720));
#2807=IFCARBITRARYCLOSEDPROFILEDEF(.AREA.,$,#2806);
#2808=IFCEXTRUDEDAREASOLID(#2807,#25,#23,1.0);
#2809=IFCSHAPEREPRESENTATION(#11,'Body','SweptSolid',(#2808));
#2810=IFCPRODUCTDEFINITIONSHAPE($,$,(#2809));
#2811=IFCOPENINGELEMENT('2Sn5r8eF8Hwx4d0aAi40G6',#5,'Window Exterior_op',$,$,#2805,#2810,'OPENING');
#2812=IFCRELVOIDSELEMENT('2Sn61AeF8Hwx4d0aAi40G6',#5,$,$,#2786,#2811);
#2813=IFCPROPERTYSINGLEVALUE('ExtendToStructure', 'ExtendToStructure', IFCBOOLEAN(.T.),$);
#2814=IFCPROPERTYSINGLEVALUE('IsExternal', 'IsExternal', IFCBOOLEAN(.T.),$);
#2815=IFCPROPERTYSINGLEVALUE('Reference',$, IFCLABEL('Wall Exterior'),$);
#2816=IFCPROPERTYSINGLEVALUE('Spaces',$, IFCLABEL('112,113,102'),$);
#2817=IFCPROPERTYSINGLEVALUE('Direction',$, IFCLABEL('0'),$);
#2818=IFCPROPERTYSET('2Sn6LyeF8Hwx4d0aAi40G6',#5, 'Pset_abstractBIM', 'Pset_abstractBIM', (#2813,#2814,#2815,#2816,#2817));
#2819=IFCRELDEFINESBYPROPERTIES('2Sn6XWeF8Hwx4d0aAi40G6',#5,$,$,(#2786),#2818);
#2820=IFCQUANTITYLENGTH('NominalLength',$,#13, 13.84);
#2821=IFCQUANTITYLENGTH('NominalWidth',$,#13, 0.35);
#2822=IFCQUANTITYLENGTH('NominalHeight',$,#13, 3.0);
#2823=IFCQUANTITYAREA('GrossFootprintArea',$,#14, 4.843999999999999);
#2824=IFCQUANTITYAREA('NetFootprintArea',$,#14, 4.72);
#2825=IFCQUANTITYAREA('GrossSideArea',$,#14, 41.519999999999996);
#2826=IFCQUANTITYAREA('GrossSideVolume',$,#14, 14.16);
#2827=IFCELEMENTQUANTITY('2Sn6vueF8Hwx4d0aAi40G6',#5,'Pset_abstractBIMQuantityTakeOff',$,$,(#2820,#2821,#2822,#2823,#2824,#2825,#2826,#2817));
#2828=IFCRELDEFINESBYPROPERTIES('2Sn77KeF8Hwx4d0aAi40G6',#5,$,$,(#2786),#2827);
#2829=IFCLOCALPLACEMENT(#2234,#692);
#2830=IFCPOLYLINE((#204,#632));
#2831=IFCSHAPEREPRESENTATION(#11,'Axis','Curve2D',(#2830));
#2832=IFCPOLYLINE((#637,#638,#635,#636,#637));
#2833=IFCARBITRARYCLOSEDPROFILEDEF(.AREA.,$,#2832);
#2834=IFCEXTRUDEDAREASOLID(#2833,#25,#23,3.0);
#2835=IFCSHAPEREPRESENTATION(#11,'Body','SweptSolid',(#2834));
#2836=IFCPRODUCTDEFINITIONSHAPE($,$,(#2831,#2835));
#2837=IFCWALLSTANDARDCASE('2Sn8I0eF8Hwx4d0aAi40G6',#5,'Wall Exterior',$,$,#2829,#2836,$);
#2838=IFCCARTESIANPOINT((6.8708,0.0000,0.1500));
#2839=IFCAXIS2PLACEMENT3D(#2838,#23,#24);
#2840=IFCLOCALPLACEMENT(#2829,#2839);
#2841=IFCCARTESIANPOINT((-2.4000,0.3720));
#2842=IFCCARTESIANPOINT((2.4000,0.3720));
#2843=IFCCARTESIANPOINT((2.4000,-0.3720));
#2844=IFCCARTESIANPOINT((-2.4000,-0.3720));
#2845=IFCPOLYLINE((#2841,#2842,#2843,#2844,#2841));
#2846=IFCARBITRARYCLOSEDPROFILEDEF(.AREA.,$,#2845);
#2847=IFCEXTRUDEDAREASOLID(#2846,#25,#23,2.2);
#2848=IFCSHAPEREPRESENTATION(#11,'Body','SweptSolid',(#2847));
#2849=IFCPRODUCTDEFINITIONSHAPE($,$,(#2848));
#2850=IFCOPENINGELEMENT('2Sn9OoeF8Hwx4d0aAi40G6',#5,'Window Exterior_op',$,$,#2840,#2849,'OPENING');
#2851=IFCRELVOIDSELEMENT('2Sn9b8eF8Hwx4d0aAi40G6',#5,$,$,#2837,#2850);
#2852=IFCLOCALPLACEMENT(#2829,#1626);
#2853=IFCPOLYLINE((#1628,#1629,#1630,#1631,#1628));
#2854=IFCARBITRARYCLOSEDPROFILEDEF(.AREA.,$,#2853);
#2855=IFCEXTRUDEDAREASOLID(#2854,#25,#23,2.2);
#2856=IFCSHAPEREPRESENTATION(#11,'Body','SweptSolid',(#2855));
#2857=IFCPRODUCTDEFINITIONSHAPE($,$,(#2856));
#2858=IFCOPENINGELEMENT('2SnAaQeF8Hwx4d0aAi40G6',#5,'Window Exterior_op',$,$,#2852,#2857,'OPENING');
#2859=IFCRELVOIDSELEMENT('2SnAmmeF8Hwx4d0aAi40G6',#5,$,$,#2837,#2858);
#2860=IFCCARTESIANPOINT((16.4408,0.0000,0.1500));
#2861=IFCAXIS2PLACEMENT3D(#2860,#23,#24);
#2862=IFCLOCALPLACEMENT(#2829,#2861);
#2863=IFCCARTESIANPOINT((-3.1500,0.3720));
#2864=IFCCARTESIANPOINT((3.1500,0.3720));
#2865=IFCCARTESIANPOINT((3.1500,-0.3720));
#2866=IFCCARTESIANPOINT((-3.1500,-0.3720));
#2867=IFCPOLYLINE((#2863,#2864,#2865,#2866,#2863));
#2868=IFCARBITRARYCLOSEDPROFILEDEF(.AREA.,$,#2867);
#2869=IFCEXTRUDEDAREASOLID(#2868,#25,#23,2.2);
#2870=IFCSHAPEREPRESENTATION(#11,'Body','SweptSolid',(#2869));
#2871=IFCPRODUCTDEFINITIONSHAPE($,$,(#2870));
#2872=IFCOPENINGELEMENT('2SnBwMeF8Hwx4d0aAi40G6',#5,'Window Exterior_op',$,$,#2862,#2871,'OPENING');
#2873=IFCRELVOIDSELEMENT('2SnC6seF8Hwx4d0aAi40G6',#5,$,$,#2837,#2872);
#2874=IFCPROPERTYSINGLEVALUE('ExtendToStructure', 'ExtendToStructure', IFCBOOLEAN(.T.),$);
#2875=IFCPROPERTYSINGLEVALUE('IsExternal', 'IsExternal', IFCBOOLEAN(.T.),$);
#2876=IFCPROPERTYSINGLEVALUE('Reference',$, IFCLABEL('Wall Exterior'),$);
#2877=IFCPROPERTYSINGLEVALUE('Spaces',$, IFCLABEL('100,021,110,113,101'),$);
#2878=IFCPROPERTYSINGLEVALUE('Direction',$, IFCLABEL('-90'),$);
#2879=IFCPROPERTYSET('2SnCSGeF8Hwx4d0aAi40G6',#5, 'Pset_abstractBIM', 'Pset_abstractBIM', (#2874,#2875,#2876,#2877,#2878));
#2880=IFCRELDEFINESBYPROPERTIES('2SnCd_eF8Hwx4d0aAi40G6',#5,$,$,(#2837),#2879);
#2881=IFCQUANTITYLENGTH('NominalLength',$,#13, 32.84);
#2882=IFCQUANTITYLENGTH('NominalWidth',$,#13, 0.35);
#2883=IFCQUANTITYLENGTH('NominalHeight',$,#13, 3.0);
#2884=IFCQUANTITYAREA('GrossFootprintArea',$,#14, 11.494);
#2885=IFCQUANTITYAREA('NetFootprintArea',$,#14, 11.37);
#2886=IFCQUANTITYAREA('GrossSideArea',$,#14, 98.52000000000001);
#2887=IFCQUANTITYAREA('GrossSideVolume',$,#14, 34.11);
#2888=IFCELEMENTQUANTITY('2SnC$ueF8Hwx4d0aAi40G6',#5,'Pset_abstractBIMQuantityTakeOff',$,$,(#2881,#2882,#2883,#2884,#2885,#2886,#2887,#2878));
#2889=IFCRELDEFINESBYPROPERTIES('2SnDDKeF8Hwx4d0aAi40G6',#5,$,$,(#2837),#2888);
#2890=IFCLOCALPLACEMENT(#2234,#630);
#2891=IFCPOLYLINE((#328,#632));
#2892=IFCSHAPEREPRESENTATION(#11,'Axis','Curve2D',(#2891));
#2893=IFCPOLYLINE((#635,#636,#637,#638,#635));
#2894=IFCARBITRARYCLOSEDPROFILEDEF(.AREA.,$,#2893);
#2895=IFCEXTRUDEDAREASOLID(#2894,#25,#23,3.0);
#2896=IFCSHAPEREPRESENTATION(#11,'Body','SweptSolid',(#2895));
#2897=IFCPRODUCTDEFINITIONSHAPE($,$,(#2892,#2896));
#2898=IFCWALLSTANDARDCASE('2SnOgweF8Hwx4d0aAi40G6',#5,'Wall Exterior',$,$,#2890,#2897,$);
#2899=IFCCARTESIANPOINT((14.7769,0.0000,0.1500));
#2900=IFCAXIS2PLACEMENT3D(#2899,#23,#24);
#2901=IFCLOCALPLACEMENT(#2890,#2900);
#2902=IFCCARTESIANPOINT((-1.5500,0.3720));
#2903=IFCCARTESIANPOINT((1.5500,0.3720));
#2904=IFCCARTESIANPOINT((1.5500,-0.3720));
#2905=IFCCARTESIANPOINT((-1.5500,-0.3720));
#2906=IFCPOLYLINE((#2902,#2903,#2904,#2905,#2902));
#2907=IFCARBITRARYCLOSEDPROFILEDEF(.AREA.,$,#2906);
#2908=IFCEXTRUDEDAREASOLID(#2907,#25,#23,2.2);
#2909=IFCSHAPEREPRESENTATION(#11,'Body','SweptSolid',(#2908));
#2910=IFCPRODUCTDEFINITIONSHAPE($,$,(#2909));
#2911=IFCOPENINGELEMENT('2SnPoKeF8Hwx4d0aAi40G6',#5,'Window Exterior_op',$,$,#2901,#2910,'OPENING');
#2912=IFCRELVOIDSELEMENT('2SnP_geF8Hwx4d0aAi40G6',#5,$,$,#2898,#2911);
#2913=IFCCARTESIANPOINT((24.6769,0.0000,0.1500));
#2914=IFCAXIS2PLACEMENT3D(#2913,#23,#24);
#2915=IFCLOCALPLACEMENT(#2890,#2914);
#2916=IFCPOLYLINE((#2902,#2903,#2904,#2905,#2902));
#2917=IFCARBITRARYCLOSEDPROFILEDEF(.AREA.,$,#2916);
#2918=IFCEXTRUDEDAREASOLID(#2917,#25,#23,2.2);
#2919=IFCSHAPEREPRESENTATION(#11,'Body','SweptSolid',(#2918));
#2920=IFCPRODUCTDEFINITIONSHAPE($,$,(#2919));
#2921=IFCOPENINGELEMENT('2SnR0SeF8Hwx4d0aAi40G6',#5,'Window Exterior_op',$,$,#2915,#2920,'OPENING');
#2922=IFCRELVOIDSELEMENT('2SnRCeeF8Hwx4d0aAi40G6',#5,$,$,#2898,#2921);
#2923=IFCCARTESIANPOINT((21.3769,0.0000,0.1500));
#2924=IFCAXIS2PLACEMENT3D(#2923,#23,#24);
#2925=IFCLOCALPLACEMENT(#2890,#2924);
#2926=IFCPOLYLINE((#2902,#2903,#2904,#2905,#2902));
#2927=IFCARBITRARYCLOSEDPROFILEDEF(.AREA.,$,#2926);
#2928=IFCEXTRUDEDAREASOLID(#2927,#25,#23,2.2);
#2929=IFCSHAPEREPRESENTATION(#11,'Body','SweptSolid',(#2928));
#2930=IFCPRODUCTDEFINITIONSHAPE($,$,(#2929));
#2931=IFCOPENINGELEMENT('2SnSCOeF8Hwx4d0aAi40G6',#5,'Window Exterior_op',$,$,#2925,#2930,'OPENING');
#2932=IFCRELVOIDSELEMENT('2SnSOGeF8Hwx4d0aAi40G6',#5,$,$,#2898,#2931);
#2933=IFCCARTESIANPOINT((18.0769,0.0000,0.1500));
#2934=IFCAXIS2PLACEMENT3D(#2933,#23,#24);
#2935=IFCLOCALPLACEMENT(#2890,#2934);
#2936=IFCPOLYLINE((#2902,#2903,#2904,#2905,#2902));
#2937=IFCARBITRARYCLOSEDPROFILEDEF(.AREA.,$,#2936);
#2938=IFCEXTRUDEDAREASOLID(#2937,#25,#23,2.2);
#2939=IFCSHAPEREPRESENTATION(#11,'Body','SweptSolid',(#2938));
#2940=IFCPRODUCTDEFINITIONSHAPE($,$,(#2939));
#2941=IFCOPENINGELEMENT('2SnTNYeF8Hwx4d0aAi40G6',#5,'Window Exterior_op',$,$,#2935,#2940,'OPENING');
#2942=IFCRELVOIDSELEMENT('2SnTZQeF8Hwx4d0aAi40G6',#5,$,$,#2898,#2941);
#2943=IFCCARTESIANPOINT((27.9269,0.0000,0.1500));
#2944=IFCAXIS2PLACEMENT3D(#2943,#23,#24);
#2945=IFCLOCALPLACEMENT(#2890,#2944);
#2946=IFCCARTESIANPOINT((-1.5000,0.3720));
#2947=IFCCARTESIANPOINT((1.5000,0.3720));
#2948=IFCCARTESIANPOINT((1.5000,-0.3720));
#2949=IFCCARTESIANPOINT((-1.5000,-0.3720));
#2950=IFCPOLYLINE((#2946,#2947,#2948,#2949,#2946));
#2951=IFCARBITRARYCLOSEDPROFILEDEF(.AREA.,$,#2950);
#2952=IFCEXTRUDEDAREASOLID(#2951,#25,#23,2.2);
#2953=IFCSHAPEREPRESENTATION(#11,'Body','SweptSolid',(#2952));
#2954=IFCPRODUCTDEFINITIONSHAPE($,$,(#2953));
#2955=IFCOPENINGELEMENT('2SnUb2eF8Hwx4d0aAi40G6',#5,'Window Exterior_op',$,$,#2945,#2954,'OPENING');
#2956=IFCRELVOIDSELEMENT('2SnUn4eF8Hwx4d0aAi40G6',#5,$,$,#2898,#2955);
#2957=IFCCARTESIANPOINT((30.9919,0.0000,0.1500));
#2958=IFCAXIS2PLACEMENT3D(#2957,#23,#24);
#2959=IFCLOCALPLACEMENT(#2890,#2958);
#2960=IFCPOLYLINE((#2946,#2947,#2948,#2949,#2946));
#2961=IFCARBITRARYCLOSEDPROFILEDEF(.AREA.,$,#2960);
#2962=IFCEXTRUDEDAREASOLID(#2961,#25,#23,2.2);
#2963=IFCSHAPEREPRESENTATION(#11,'Body','SweptSolid',(#2962));
#2964=IFCPRODUCTDEFINITIONSHAPE($,$,(#2963));
#2965=IFCOPENINGELEMENT('2SnVu0eF8Hwx4d0aAi40G6',#5,'Window Exterior_op',$,$,#2959,#2964,'OPENING');
#2966=IFCRELVOIDSELEMENT('2SnW4MeF8Hwx4d0aAi40G6',#5,$,$,#2898,#2965);
#2967=IFCPROPERTYSINGLEVALUE('ExtendToStructure', 'ExtendToStructure', IFCBOOLEAN(.T.),$);
#2968=IFCPROPERTYSINGLEVALUE('IsExternal', 'IsExternal', IFCBOOLEAN(.T.),$);
#2969=IFCPROPERTYSINGLEVALUE('Reference',$, IFCLABEL('Wall Exterior'),$);
#2970=IFCPROPERTYSINGLEVALUE('Spaces',$, IFCLABEL('101,102'),$);
#2971=IFCPROPERTYSINGLEVALUE('Direction',$, IFCLABEL('90'),$);
#2972=IFCPROPERTYSET('2SnWP8eF8Hwx4d0aAi40G6',#5, 'Pset_abstractBIM', 'Pset_abstractBIM', (#2967,#2968,#2969,#2970,#2971));
#2973=IFCRELDEFINESBYPROPERTIES('2SnWbAeF8Hwx4d0aAi40G6',#5,$,$,(#2898),#2972);
#2974=IFCQUANTITYLENGTH('NominalLength',$,#13, 32.84);
#2975=IFCQUANTITYLENGTH('NominalWidth',$,#13, 0.35);
#2976=IFCQUANTITYLENGTH('NominalHeight',$,#13, 3.0);
#2977=IFCQUANTITYAREA('GrossFootprintArea',$,#14, 11.494);
#2978=IFCQUANTITYAREA('NetFootprintArea',$,#14, 11.37);
#2979=IFCQUANTITYAREA('GrossSideArea',$,#14, 98.52000000000001);
#2980=IFCQUANTITYAREA('GrossSideVolume',$,#14, 34.11);
#2981=IFCELEMENTQUANTITY('2SnX0_eF8Hwx4d0aAi40G6',#5,'Pset_abstractBIMQuantityTakeOff',$,$,(#2974,#2975,#2976,#2977,#2978,#2979,#2980,#2971));
#2982=IFCRELDEFINESBYPROPERTIES('2SnXEaeF8Hwx4d0aAi40G6',#5,$,$,(#2898),#2981);
#2983=IFCLOCALPLACEMENT(#2234,#662);
#2984=IFCPOLYLINE((#328,#664));
#2985=IFCSHAPEREPRESENTATION(#11,'Axis','Curve2D',(#2984));
#2986=IFCPOLYLINE((#637,#667,#668,#636,#637));
#2987=IFCARBITRARYCLOSEDPROFILEDEF(.AREA.,$,#2986);
#2988=IFCEXTRUDEDAREASOLID(#2987,#25,#23,3.38);
#2989=IFCSHAPEREPRESENTATION(#11,'Body','SweptSolid',(#2988));
#2990=IFCPRODUCTDEFINITIONSHAPE($,$,(#2985,#2989));
#2991=IFCWALLSTANDARDCASE('2SnYNOeF8Hwx4d0aAi40G6',#5,'Wall Exterior',$,$,#2983,#2990,$);
#2992=IFCPROPERTYSINGLEVALUE('ExtendToStructure', 'ExtendToStructure', IFCBOOLEAN(.T.),$);
#2993=IFCPROPERTYSINGLEVALUE('IsExternal', 'IsExternal', IFCBOOLEAN(.T.),$);
#2994=IFCPROPERTYSINGLEVALUE('Reference',$, IFCLABEL('Wall Exterior'),$);
#2995=IFCPROPERTYSINGLEVALUE('Spaces',$, IFCLABEL('101'),$);
#2996=IFCPROPERTYSINGLEVALUE('Direction',$, IFCLABEL('180'),$);
#2997=IFCPROPERTYSET('2SnYkqeF8Hwx4d0aAi40G6',#5, 'Pset_abstractBIM', 'Pset_abstractBIM', (#2992,#2993,#2994,#2995,#2996));
#2998=IFCRELDEFINESBYPROPERTIES('2SnYwieF8Hwx4d0aAi40G6',#5,$,$,(#2991),#2997);
#2999=IFCQUANTITYLENGTH('NominalLength',$,#13, 13.84);
#3000=IFCQUANTITYLENGTH('NominalWidth',$,#13, 0.35);
#3001=IFCQUANTITYLENGTH('NominalHeight',$,#13, 3.38);
#3002=IFCQUANTITYAREA('GrossFootprintArea',$,#14, 4.843999999999999);
#3003=IFCQUANTITYAREA('NetFootprintArea',$,#14, 4.72);
#3004=IFCQUANTITYAREA('GrossSideArea',$,#14, 46.779199999999996);
#3005=IFCQUANTITYAREA('GrossSideVolume',$,#14, 15.953599999999998);
#3006=IFCELEMENTQUANTITY('2SnZImeF8Hwx4d0aAi40G6',#5,'Pset_abstractBIMQuantityTakeOff',$,$,(#2999,#3000,#3001,#3002,#3003,#3004,#3005,#2996));
#3007=IFCRELDEFINESBYPROPERTIES('2SnZW_eF8Hwx4d0aAi40G6',#5,$,$,(#2991),#3006);
#3008=IFCLOCALPLACEMENT(#2234,#750);
#3009=IFCPOLYLINE((#204,#752));
#3010=IFCSHAPEREPRESENTATION(#11,'Axis','Curve2D',(#3009));
#3011=IFCPOLYLINE((#755,#756,#757,#758,#755));
#3012=IFCARBITRARYCLOSEDPROFILEDEF(.AREA.,$,#3011);
#3013=IFCEXTRUDEDAREASOLID(#3012,#25,#23,0.38);
#3014=IFCSHAPEREPRESENTATION(#11,'Body','SweptSolid',(#3013));
#3015=IFCPRODUCTDEFINITIONSHAPE($,$,(#3010,#3014));
#3016=IFCWALLSTANDARDCASE('2SnagQeF8Hwx4d0aAi40G6',#5,'Wall Exterior',$,$,#3008,#3015,$);
#3017=IFCPROPERTYSINGLEVALUE('ExtendToStructure', 'ExtendToStructure', IFCBOOLEAN(.T.),$);
#3018=IFCPROPERTYSINGLEVALUE('IsExternal', 'IsExternal', IFCBOOLEAN(.T.),$);
#3019=IFCPROPERTYSINGLEVALUE('Reference',$, IFCLABEL('Wall Exterior'),$);
#3020=IFCPROPERTYSINGLEVALUE('Spaces',$, IFCLABEL('021'),$);
#3021=IFCPROPERTYSINGLEVALUE('Direction',$, IFCLABEL('-90'),$);
#3022=IFCPROPERTYSET('2Snb0SeF8Hwx4d0aAi40G6',#5, 'Pset_abstractBIM', 'Pset_abstractBIM', (#3017,#3018,#3019,#3020,#3021));
#3023=IFCRELDEFINESBYPROPERTIES('2SnbCAeF8Hwx4d0aAi40G6',#5,$,$,(#3016),#3022);
#3024=IFCQUANTITYLENGTH('NominalLength',$,#13, 3.5);
#3025=IFCQUANTITYLENGTH('NominalWidth',$,#13, 0.35);
#3026=IFCQUANTITYLENGTH('NominalHeight',$,#13, 0.38);
#3027=IFCQUANTITYAREA('GrossFootprintArea',$,#14, 1.2249999999999999);
#3028=IFCQUANTITYAREA('NetFootprintArea',$,#14, 1.23);
#3029=IFCQUANTITYAREA('GrossSideArea',$,#14, 1.33);
#3030=IFCQUANTITYAREA('GrossSideVolume',$,#14, 0.4674);
#3031=IFCELEMENTQUANTITY('2SnbZmeF8Hwx4d0aAi40G6',#5,'Pset_abstractBIMQuantityTakeOff',$,$,(#3024,#3025,#3026,#3027,#3028,#3029,#3030,#3021));
#3032=IFCRELDEFINESBYPROPERTIES('2Snlz4eF8Hwx4d0aAi40G6',#5,$,$,(#3016),#3031);
#3033=IFCCARTESIANPOINT((16.4130,-2.6450,3.0000));
#3034=IFCAXIS2PLACEMENT3D(#3033,#23,#201);
#3035=IFCLOCALPLACEMENT(#2234,#3034);
#3036=IFCCARTESIANPOINT((12.9724,0.0000));
#3037=IFCPOLYLINE((#204,#3036));
#3038=IFCSHAPEREPRESENTATION(#11,'Axis','Curve2D',(#3037));
#3039=IFCCARTESIANPOINT((12.6210,-0.1750));
#3040=IFCCARTESIANPOINT((12.9710,0.1750));
#3041=IFCPOLYLINE((#755,#3039,#3040,#758,#755));
#3042=IFCARBITRARYCLOSEDPROFILEDEF(.AREA.,$,#3041);
#3043=IFCEXTRUDEDAREASOLID(#3042,#25,#23,0.38);
#3044=IFCSHAPEREPRESENTATION(#11,'Body','SweptSolid',(#3043));
#3045=IFCPRODUCTDEFINITIONSHAPE($,$,(#3038,#3044));
#3046=IFCWALLSTANDARDCASE('2SnnC8eF8Hwx4d0aAi40G6',#5,'Wall Exterior',$,$,#3035,#3045,$);
#3047=IFCPROPERTYSINGLEVALUE('ExtendToStructure', 'ExtendToStructure', IFCBOOLEAN(.T.),$);
#3048=IFCPROPERTYSINGLEVALUE('IsExternal', 'IsExternal', IFCBOOLEAN(.T.),$);
#3049=IFCPROPERTYSINGLEVALUE('Reference',$, IFCLABEL('Wall Exterior'),$);
#3050=IFCPROPERTYSINGLEVALUE('Spaces',$, IFCLABEL('101'),$);
#3051=IFCPROPERTYSINGLEVALUE('Direction',$, IFCLABEL('-90'),$);
#3052=IFCPROPERTYSET('2SnnYKeF8Hwx4d0aAi40G6',#5, 'Pset_abstractBIM', 'Pset_abstractBIM', (#3047,#3048,#3049,#3050,#3051));
#3053=IFCRELDEFINESBYPROPERTIES('2SnnjkeF8Hwx4d0aAi40G6',#5,$,$,(#3046),#3052);
#3054=IFCQUANTITYLENGTH('NominalLength',$,#13, 12.97);
#3055=IFCQUANTITYLENGTH('NominalWidth',$,#13, 0.35);
#3056=IFCQUANTITYLENGTH('NominalHeight',$,#13, 0.38);
#3057=IFCQUANTITYAREA('GrossFootprintArea',$,#14, 4.5395);
#3058=IFCQUANTITYAREA('NetFootprintArea',$,#14, 4.48);
#3059=IFCQUANTITYAREA('GrossSideArea',$,#14, 4.9286);
#3060=IFCQUANTITYAREA('GrossSideVolume',$,#14, 1.7024000000000001);
#3061=IFCELEMENTQUANTITY('2Sno6aeF8Hwx4d0aAi40G6',#5,'Pset_abstractBIMQuantityTakeOff',$,$,(#3054,#3055,#3056,#3057,#3058,#3059,#3060,#3051));
#3062=IFCRELDEFINESBYPROPERTIES('2SnoKUeF8Hwx4d0aAi40G6',#5,$,$,(#3046),#3061);
#3063=IFCCARTESIANPOINT((16.4130,10.8440,3.0000));
#3064=IFCAXIS2PLACEMENT3D(#3063,#23,#201);
#3065=IFCLOCALPLACEMENT(#2234,#3064);
#3066=IFCPOLYLINE((#204,#3036));
#3067=IFCSHAPEREPRESENTATION(#11,'Axis','Curve2D',(#3066));
#3068=IFCCARTESIANPOINT((0.0000,-0.1750));
#3069=IFCCARTESIANPOINT((12.9710,-0.1750));
#3070=IFCCARTESIANPOINT((12.6210,0.1750));
#3071=IFCCARTESIANPOINT((0.0010,0.1750));
#3072=IFCPOLYLINE((#3068,#3069,#3070,#3071,#3068));
#3073=IFCARBITRARYCLOSEDPROFILEDEF(.AREA.,$,#3072);
#3074=IFCEXTRUDEDAREASOLID(#3073,#25,#23,0.38);
#3075=IFCSHAPEREPRESENTATION(#11,'Body','SweptSolid',(#3074));
#3076=IFCPRODUCTDEFINITIONSHAPE($,$,(#3067,#3075));
#3077=IFCWALLSTANDARDCASE('2SnpkUeF8Hwx4d0aAi40G6',#5,'Wall Exterior',$,$,#3065,#3076,$);
#3078=IFCPROPERTYSINGLEVALUE('ExtendToStructure', 'ExtendToStructure', IFCBOOLEAN(.T.),$);
#3079=IFCPROPERTYSINGLEVALUE('IsExternal', 'IsExternal', IFCBOOLEAN(.T.),$);
#3080=IFCPROPERTYSINGLEVALUE('Reference',$, IFCLABEL('Wall Exterior'),$);
#3081=IFCPROPERTYSINGLEVALUE('Spaces',$, IFCLABEL('101'),$);
#3082=IFCPROPERTYSINGLEVALUE('Direction',$, IFCLABEL('90'),$);
#3083=IFCPROPERTYSET('2Snq4geF8Hwx4d0aAi40G6',#5, 'Pset_abstractBIM', 'Pset_abstractBIM', (#3078,#3079,#3080,#3081,#3082));
#3084=IFCRELDEFINESBYPROPERTIES('2SnqGOeF8Hwx4d0aAi40G6',#5,$,$,(#3077),#3083);
#3085=IFCQUANTITYLENGTH('NominalLength',$,#13, 12.97);
#3086=IFCQUANTITYLENGTH('NominalWidth',$,#13, 0.35);
#3087=IFCQUANTITYLENGTH('NominalHeight',$,#13, 0.38);
#3088=IFCQUANTITYAREA('GrossFootprintArea',$,#14, 4.5395);
#3089=IFCQUANTITYAREA('NetFootprintArea',$,#14, 4.48);
#3090=IFCQUANTITYAREA('GrossSideArea',$,#14, 4.9286);
#3091=IFCQUANTITYAREA('GrossSideVolume',$,#14, 1.7024000000000001);
#3092=IFCELEMENTQUANTITY('2Snqd_eF8Hwx4d0aAi40G6',#5,'Pset_abstractBIMQuantityTakeOff',$,$,(#3085,#3086,#3087,#3088,#3089,#3090,#3091,#3082));
#3093=IFCRELDEFINESBYPROPERTIES('2Snqx2eF8Hwx4d0aAi40G6',#5,$,$,(#3077),#3092);
#3094=IFCCARTESIANPOINT((0.0000,0.0000,-0.3800));
#3095=IFCAXIS2PLACEMENT3D(#3094,#23,#24);
#3096=IFCLOCALPLACEMENT(#2234,#3095);
#3097=IFCPOLYLINE((#65,#1799,#786,#785,#784,#787,#1800,#1801,#137,#156,#1802,#113,#65));
#3098=IFCARBITRARYCLOSEDPROFILEDEF(.AREA.,$,#3097);
#3099=IFCEXTRUDEDAREASOLID(#3098,#25,#23,0.38);
#3100=IFCSHAPEREPRESENTATION(#11,'Body','SweptSolid',(#3099));
#3101=IFCPRODUCTDEFINITIONSHAPE($,$,(#3100));
#3102=IFCSLAB('2SnsBMeF8Hwx4d0aAi40G6',#5,'Slab Interior',$,'Slab Interior',#3096,#3101,$,.FLOOR.);
#3103=IFCQUANTITYLENGTH('NominalWidth',$,#13, 0.38);
#3104=IFCQUANTITYLENGTH('Perimeter',$,#13, 107.86);
#3105=IFCQUANTITYAREA('GrossFootprintArea',$,#14, 431.33);
#3106=IFCQUANTITYVOLUME('GrossVolume',$,#15, 163.9054);
#3107=IFCQUANTITYVOLUME('NetVolume',$,#15, 163.9054);
#3108=IFCELEMENTQUANTITY('2SnskMeF8Hwx4d0aAi40G6',#5,'Pset_abstractBIMQuantityTakeOff',$,$,(#3103,#3104,#3105,#3106,#3107));
#3109=IFCRELDEFINESBYPROPERTIES('2SnsxeeF8Hwx4d0aAi40G6',#5,$,$,(#3102),#3108);
#3110=IFCPROPERTYSINGLEVALUE('Reference',$, IFCLABEL('FLOOR'),$);
#3111=IFCPROPERTYSET('2Snt8IeF8Hwx4d0aAi40G6',#5, 'Pset_abstractBIM', 'Pset_abstractBIM', (#3110));
#3112=IFCRELDEFINESBYPROPERTIES('2SntJ4eF8Hwx4d0aAi40G6',#5,$,$,(#3102),#3111);
#3113=IFCLOCALPLACEMENT(#2554,#2567);
#3114=IFCPOLYLINE((#1852,#1853,#1854,#1855,#1852));
#3115=IFCARBITRARYCLOSEDPROFILEDEF(.AREA.,$,#3114);
#3116=IFCEXTRUDEDAREASOLID(#3115,#25,#23,2.0);
#3117=IFCSHAPEREPRESENTATION(#11,'Body','SweptSolid',(#3116));
#3118=IFCPRODUCTDEFINITIONSHAPE($,$,(#3117));
#3119=IFCDOOR('2SnuAYeF8Hwx4d0aAi40G6',#5,'Door Interior',$,$,#3113,#3118,$,$,$);
#3120=IFCQUANTITYLENGTH('AverageHeight',$,#13, 2.0);
#3121=IFCQUANTITYLENGTH('Length',$,#13, 2.0);
#3122=IFCQUANTITYAREA('Area',$,#14, 4.0);
#3123=IFCELEMENTQUANTITY('2SnuSWeF8Hwx4d0aAi40G6',#5,'Pset_abstractBIMQuantityTakeOff',$,$,(#3120,#3121,#3122));
#3124=IFCRELDEFINESBYPROPERTIES('2SnufKeF8Hwx4d0aAi40G6',#5,$,$,(#3119),#3123);
#3125=IFCPROPERTYSINGLEVALUE('Spaces',$, IFCLABEL(''),$);
#3126=IFCPROPERTYSINGLEVALUE('IsExternal', 'IsExternal', IFCBOOLEAN(.F.),$);
#3127=IFCPROPERTYSINGLEVALUE('Reference',$, IFCLABEL('Door Interior'),$);
#3128=IFCPROPERTYSET('2SnvF8eF8Hwx4d0aAi40G6',#5, 'Pset_DoorCommon', 'Pset_DoorCommon', (#3125,#3126,#3127));
#3129=IFCRELDEFINESBYPROPERTIES('2SnvRAeF8Hwx4d0aAi40G6',#5,$,$,(#3119),#3128);
#3130=IFCRELFILLSELEMENT('2SnvbeeF8Hwx4d0aAi40G6',#5, $, $, #2574, #3119);
#3131=IFCLOCALPLACEMENT(#2406,#2419);
#3132=IFCCARTESIANPOINT((-0.5000,0.0750));
#3133=IFCCARTESIANPOINT((0.5000,0.0750));
#3134=IFCCARTESIANPOINT((0.5000,-0.0750));
#3135=IFCCARTESIANPOINT((-0.5000,-0.0750));
#3136=IFCPOLYLINE((#3132,#3133,#3134,#3135,#3132));
#3137=IFCARBITRARYCLOSEDPROFILEDEF(.AREA.,$,#3136);
#3138=IFCEXTRUDEDAREASOLID(#3137,#25,#23,2.0);
#3139=IFCSHAPEREPRESENTATION(#11,'Body','SweptSolid',(#3138));
#3140=IFCPRODUCTDEFINITIONSHAPE($,$,(#3139));
#3141=IFCDOOR('2SnwUMeF8Hwx4d0aAi40G6',#5,'Door Interior',$,$,#3131,#3140,$,$,$);
#3142=IFCQUANTITYLENGTH('AverageHeight',$,#13, 2.0);
#3143=IFCQUANTITYLENGTH('Length',$,#13, 1.0);
#3144=IFCQUANTITYAREA('Area',$,#14, 2.0);
#3145=IFCELEMENTQUANTITY('2SnwlseF8Hwx4d0aAi40G6',#5,'Pset_abstractBIMQuantityTakeOff',$,$,(#3142,#3143,#3144));
#3146=IFCRELDEFINESBYPROPERTIES('2SnwyqeF8Hwx4d0aAi40G6',#5,$,$,(#3141),#3145);
#3147=IFCPROPERTYSINGLEVALUE('Spaces',$, IFCLABEL(''),$);
#3148=IFCPROPERTYSINGLEVALUE('IsExternal', 'IsExternal', IFCBOOLEAN(.F.),$);
#3149=IFCPROPERTYSINGLEVALUE('Reference',$, IFCLABEL('Door Interior'),$);
#3150=IFCPROPERTYSET('2SnxRSeF8Hwx4d0aAi40G6',#5, 'Pset_DoorCommon', 'Pset_DoorCommon', (#3147,#3148,#3149));
#3151=IFCRELDEFINESBYPROPERTIES('2SnxdKeF8Hwx4d0aAi40G6',#5,$,$,(#3141),#3150);
#3152=IFCRELFILLSELEMENT('2SnxnyeF8Hwx4d0aAi40G6',#5, $, $, #2430, #3141);
#3153=IFCLOCALPLACEMENT(#2406,#2433);
#3154=IFCPOLYLINE((#3132,#3133,#3134,#3135,#3132));
#3155=IFCARBITRARYCLOSEDPROFILEDEF(.AREA.,$,#3154);
#3156=IFCEXTRUDEDAREASOLID(#3155,#25,#23,2.0);
#3157=IFCSHAPEREPRESENTATION(#11,'Body','SweptSolid',(#3156));
#3158=IFCPRODUCTDEFINITIONSHAPE($,$,(#3157));
#3159=IFCDOOR('2SnykGeF8Hwx4d0aAi40G6',#5,'Door Interior',$,$,#3153,#3158,$,$,$);
#3160=IFCQUANTITYLENGTH('AverageHeight',$,#13, 2.0);
#3161=IFCQUANTITYLENGTH('Length',$,#13, 1.0);
#3162=IFCQUANTITYAREA('Area',$,#14, 2.0);
#3163=IFCELEMENTQUANTITY('2Snz04eF8Hwx4d0aAi40G6',#5,'Pset_abstractBIMQuantityTakeOff',$,$,(#3160,#3161,#3162));
#3164=IFCRELDEFINESBYPROPERTIES('2SnzCueF8Hwx4d0aAi40G6',#5,$,$,(#3159),#3163);
#3165=IFCPROPERTYSINGLEVALUE('Spaces',$, IFCLABEL(''),$);
#3166=IFCPROPERTYSINGLEVALUE('IsExternal', 'IsExternal', IFCBOOLEAN(.F.),$);
#3167=IFCPROPERTYSINGLEVALUE('Reference',$, IFCLABEL('Door Interior'),$);
#3168=IFCPROPERTYSET('2So7wCeF8Hwx4d0aAi40G6',#5, 'Pset_DoorCommon', 'Pset_DoorCommon', (#3165,#3166,#3167));
#3169=IFCRELDEFINESBYPROPERTIES('2So88ueF8Hwx4d0aAi40G6',#5,$,$,(#3159),#3168);
#3170=IFCRELFILLSELEMENT('2So8KweF8Hwx4d0aAi40G6',#5, $, $, #2440, #3159);
#3171=IFCLOCALPLACEMENT(#2639,#1142);
#3172=IFCPOLYLINE((#1897,#1898,#1899,#1900,#1897));
#3173=IFCARBITRARYCLOSEDPROFILEDEF(.AREA.,$,#3172);
#3174=IFCEXTRUDEDAREASOLID(#3173,#25,#23,2.0);
#3175=IFCSHAPEREPRESENTATION(#11,'Body','SweptSolid',(#3174));
#3176=IFCPRODUCTDEFINITIONSHAPE($,$,(#3175));
#3177=IFCDOOR('2So9FqeF8Hwx4d0aAi40G6',#5,'Door Interior',$,$,#3171,#3176,$,$,$);
#3178=IFCQUANTITYLENGTH('AverageHeight',$,#13, 2.0);
#3179=IFCQUANTITYLENGTH('Length',$,#13, 0.9);
#3180=IFCQUANTITYAREA('Area',$,#14, 1.8);
#3181=IFCELEMENTQUANTITY('2So9Y6eF8Hwx4d0aAi40G6',#5,'Pset_abstractBIMQuantityTakeOff',$,$,(#3178,#3179,#3180));
#3182=IFCRELDEFINESBYPROPERTIES('2So9l4eF8Hwx4d0aAi40G6',#5,$,$,(#3177),#3181);
#3183=IFCPROPERTYSINGLEVALUE('Spaces',$, IFCLABEL(''),$);
#3184=IFCPROPERTYSINGLEVALUE('IsExternal', 'IsExternal', IFCBOOLEAN(.F.),$);
#3185=IFCPROPERTYSINGLEVALUE('Reference',$, IFCLABEL('Door Interior'),$);
#3186=IFCPROPERTYSET('2SoACIeF8Hwx4d0aAi40G6',#5, 'Pset_DoorCommon', 'Pset_DoorCommon', (#3183,#3184,#3185));
#3187=IFCRELDEFINESBYPROPERTIES('2SoAPGeF8Hwx4d0aAi40G6',#5,$,$,(#3177),#3186);
#3188=IFCRELFILLSELEMENT('2SoAZkeF8Hwx4d0aAi40G6',#5, $, $, #2654, #3177);
#3189=IFCLOCALPLACEMENT(#2671,#1185);
#3190=IFCPOLYLINE((#1897,#1898,#1899,#1900,#1897));
#3191=IFCARBITRARYCLOSEDPROFILEDEF(.AREA.,$,#3190);
#3192=IFCEXTRUDEDAREASOLID(#3191,#25,#23,2.0);
#3193=IFCSHAPEREPRESENTATION(#11,'Body','SweptSolid',(#3192));
#3194=IFCPRODUCTDEFINITIONSHAPE($,$,(#3193));
#3195=IFCDOOR('2SoBPoeF8Hwx4d0aAi40G6',#5,'Door Interior',$,$,#3189,#3194,$,$,$);
#3196=IFCQUANTITYLENGTH('AverageHeight',$,#13, 2.0);
#3197=IFCQUANTITYLENGTH('Length',$,#13, 0.9000000000000005);
#3198=IFCQUANTITYAREA('Area',$,#14, 1.800000000000001);
#3199=IFCELEMENTQUANTITY('2SoBhweF8Hwx4d0aAi40G6',#5,'Pset_abstractBIMQuantityTakeOff',$,$,(#3196,#3197,#3198));
#3200=IFCRELDEFINESBYPROPERTIES('2SoBv2eF8Hwx4d0aAi40G6',#5,$,$,(#3195),#3199);
#3201=IFCPROPERTYSINGLEVALUE('Spaces',$, IFCLABEL(''),$);
#3202=IFCPROPERTYSINGLEVALUE('IsExternal', 'IsExternal', IFCBOOLEAN(.F.),$);
#3203=IFCPROPERTYSINGLEVALUE('Reference',$, IFCLABEL('Door Interior'),$);
#3204=IFCPROPERTYSET('2SoCJceF8Hwx4d0aAi40G6',#5, 'Pset_DoorCommon', 'Pset_DoorCommon', (#3201,#3202,#3203));
#3205=IFCRELDEFINESBYPROPERTIES('2SoCVUeF8Hwx4d0aAi40G6',#5,$,$,(#3195),#3204);
#3206=IFCRELFILLSELEMENT('2SoCfeeF8Hwx4d0aAi40G6',#5, $, $, #2689, #3195);
#3207=IFCLOCALPLACEMENT(#2515,#2528);
#3208=IFCPOLYLINE((#3132,#3133,#3134,#3135,#3132));
#3209=IFCARBITRARYCLOSEDPROFILEDEF(.AREA.,$,#3208);
#3210=IFCEXTRUDEDAREASOLID(#3209,#25,#23,2.0);
#3211=IFCSHAPEREPRESENTATION(#11,'Body','SweptSolid',(#3210));
#3212=IFCPRODUCTDEFINITIONSHAPE($,$,(#3211));
#3213=IFCDOOR('2SoDVseF8Hwx4d0aAi40G6',#5,'Door Interior',$,$,#3207,#3212,$,$,$);
#3214=IFCQUANTITYLENGTH('AverageHeight',$,#13, 2.0);
#3215=IFCQUANTITYLENGTH('Length',$,#13, 1.0);
#3216=IFCQUANTITYAREA('Area',$,#14, 2.0);
#3217=IFCELEMENTQUANTITY('2SoDnMeF8Hwx4d0aAi40G6',#5,'Pset_abstractBIMQuantityTakeOff',$,$,(#3214,#3215,#3216));
#3218=IFCRELDEFINESBYPROPERTIES('2SoD_KeF8Hwx4d0aAi40G6',#5,$,$,(#3213),#3217);
#3219=IFCPROPERTYSINGLEVALUE('Spaces',$, IFCLABEL(''),$);
#3220=IFCPROPERTYSINGLEVALUE('IsExternal', 'IsExternal', IFCBOOLEAN(.F.),$);
#3221=IFCPROPERTYSINGLEVALUE('Reference',$, IFCLABEL('Door Interior'),$);
#3222=IFCPROPERTYSET('2SoEOGeF8Hwx4d0aAi40G6',#5, 'Pset_DoorCommon', 'Pset_DoorCommon', (#3219,#3220,#3221));
#3223=IFCRELDEFINESBYPROPERTIES('2SoEa8eF8Hwx4d0aAi40G6',#5,$,$,(#3213),#3222);
#3224=IFCRELFILLSELEMENT('2SoEkIeF8Hwx4d0aAi40G6',#5, $, $, #2535, #3213);
#3225=IFCLOCALPLACEMENT(#2481,#399);
#3226=IFCPOLYLINE((#805,#806,#807,#808,#805));
#3227=IFCARBITRARYCLOSEDPROFILEDEF(.AREA.,$,#3226);
#3228=IFCEXTRUDEDAREASOLID(#3227,#25,#23,2.0);
#3229=IFCSHAPEREPRESENTATION(#11,'Body','SweptSolid',(#3228));
#3230=IFCPRODUCTDEFINITIONSHAPE($,$,(#3229));
#3231=IFCDOOR('2SoFageF8Hwx4d0aAi40G6',#5,'Door Interior',$,$,#3225,#3230,$,$,$);
#3232=IFCQUANTITYLENGTH('AverageHeight',$,#13, 2.0);
#3233=IFCQUANTITYLENGTH('Length',$,#13, 1.4000000000000001);
#3234=IFCQUANTITYAREA('Area',$,#14, 2.8000000000000003);
#3235=IFCELEMENTQUANTITY('2SoFsyeF8Hwx4d0aAi40G6',#5,'Pset_abstractBIMQuantityTakeOff',$,$,(#3232,#3233,#3234));
#3236=IFCRELDEFINESBYPROPERTIES('2SoG8ceF8Hwx4d0aAi40G6',#5,$,$,(#3231),#3235);
#3237=IFCPROPERTYSINGLEVALUE('Spaces',$, IFCLABEL(''),$);
#3238=IFCPROPERTYSINGLEVALUE('IsExternal', 'IsExternal', IFCBOOLEAN(.F.),$);
#3239=IFCPROPERTYSINGLEVALUE('Reference',$, IFCLABEL('Door Interior'),$);
#3240=IFCPROPERTYSET('2SoGfueF8Hwx4d0aAi40G6',#5, 'Pset_DoorCommon', 'Pset_DoorCommon', (#3237,#3238,#3239));
#3241=IFCRELDEFINESBYPROPERTIES('2SoGt0eF8Hwx4d0aAi40G6',#5,$,$,(#3231),#3240);
#3242=IFCRELFILLSELEMENT('2SoH1UeF8Hwx4d0aAi40G6',#5, $, $, #2496, #3231);
#3243=IFCLOCALPLACEMENT(#2829,#2839);
#3244=IFCCARTESIANPOINT((-2.4000,0.1750));
#3245=IFCCARTESIANPOINT((2.4000,0.1750));
#3246=IFCCARTESIANPOINT((2.4000,-0.1750));
#3247=IFCCARTESIANPOINT((-2.4000,-0.1750));
#3248=IFCPOLYLINE((#3244,#3245,#3246,#3247,#3244));
#3249=IFCARBITRARYCLOSEDPROFILEDEF(.AREA.,$,#3248);
#3250=IFCEXTRUDEDAREASOLID(#3249,#25,#23,2.2);
#3251=IFCSHAPEREPRESENTATION(#11,'Body','SweptSolid',(#3250));
#3252=IFCPRODUCTDEFINITIONSHAPE($,$,(#3251));
#3253=IFCWINDOW('2SoH$CeF8Hwx4d0aAi40G6',#5,'Window Exterior',$,$,#3243,#3252,$,$,$);
#3254=IFCQUANTITYLENGTH('AverageHeight',$,#13, 2.2);
#3255=IFCQUANTITYLENGTH('Length',$,#13, 4.8);
#3256=IFCQUANTITYAREA('Area',$,#14, 10.56);
#3257=IFCPROPERTYSINGLEVALUE('Direction',$, IFCLABEL('-90'),$);
#3258=IFCELEMENTQUANTITY('2SoIPweF8Hwx4d0aAi40G6',#5,'Pset_abstractBIMQuantityTakeOff',$,$,(#3254,#3255,#3256,#3257));
#3259=IFCRELDEFINESBYPROPERTIES('2SoIdCeF8Hwx4d0aAi40G6',#5,$,$,(#3253),#3258);
#3260=IFCPROPERTYSINGLEVALUE('Spaces',$, IFCLABEL(''),$);
#3261=IFCPROPERTYSINGLEVALUE('IsExternal', 'IsExternal', IFCBOOLEAN(.T.),$);
#3262=IFCPROPERTYSINGLEVALUE('Reference',$, IFCLABEL('Window Exterior'),$);
#3263=IFCPROPERTYSET('2SoJnueF8Hwx4d0aAi40G6',#5, 'Pset_WindowCommon', 'Pset_WindowCommon', (#3260,#3261,#3262));
#3264=IFCRELDEFINESBYPROPERTIES('2SoJ$0eF8Hwx4d0aAi40G6',#5,$,$,(#3253),#3263);
#3265=IFCRELFILLSELEMENT('2SoK9UeF8Hwx4d0aAi40G6',#5, $, $, #2850, #3253);
#3266=IFCLOCALPLACEMENT(#2829,#1626);
#3267=IFCPOLYLINE((#2099,#2100,#2101,#2102,#2099));
#3268=IFCARBITRARYCLOSEDPROFILEDEF(.AREA.,$,#3267);
#3269=IFCEXTRUDEDAREASOLID(#3268,#25,#23,2.2);
#3270=IFCSHAPEREPRESENTATION(#11,'Body','SweptSolid',(#3269));
#3271=IFCPRODUCTDEFINITIONSHAPE($,$,(#3270));
#3272=IFCWINDOW('2SoL1aeF8Hwx4d0aAi40G6',#5,'Window Exterior',$,$,#3266,#3271,$,$,$);
#3273=IFCQUANTITYLENGTH('AverageHeight',$,#13, 2.2);
#3274=IFCQUANTITYLENGTH('Length',$,#13, 3.5);
#3275=IFCQUANTITYAREA('Area',$,#14, 7.700000000000001);
#3276=IFCPROPERTYSINGLEVALUE('Direction',$, IFCLABEL('-90'),$);
#3277=IFCELEMENTQUANTITY('2SoVYseF8Hwx4d0aAi40G6',#5,'Pset_abstractBIMQuantityTakeOff',$,$,(#3273,#3274,#3275,#3276));
#3278=IFCRELDEFINESBYPROPERTIES('2SoVoAeF8Hwx4d0aAi40G6',#5,$,$,(#3272),#3277);
#3279=IFCPROPERTYSINGLEVALUE('Spaces',$, IFCLABEL(''),$);
#3280=IFCPROPERTYSINGLEVALUE('IsExternal', 'IsExternal', IFCBOOLEAN(.T.),$);
#3281=IFCPROPERTYSINGLEVALUE('Reference',$, IFCLABEL('Window Exterior'),$);
#3282=IFCPROPERTYSET('2SoWNMeF8Hwx4d0aAi40G6',#5, 'Pset_WindowCommon', 'Pset_WindowCommon', (#3279,#3280,#3281));
#3283=IFCRELDEFINESBYPROPERTIES('2SoWZOeF8Hwx4d0aAi40G6',#5,$,$,(#3272),#3282);
#3284=IFCRELFILLSELEMENT('2SoWjYeF8Hwx4d0aAi40G6',#5, $, $, #2858, #3272);
#3285=IFCLOCALPLACEMENT(#2829,#2861);
#3286=IFCCARTESIANPOINT((-3.1500,0.1750));
#3287=IFCCARTESIANPOINT((3.1500,0.1750));
#3288=IFCCARTESIANPOINT((3.1500,-0.1750));
#3289=IFCCARTESIANPOINT((-3.1500,-0.1750));
#3290=IFCPOLYLINE((#3286,#3287,#3288,#3289,#3286));
#3291=IFCARBITRARYCLOSEDPROFILEDEF(.AREA.,$,#3290);
#3292=IFCEXTRUDEDAREASOLID(#3291,#25,#23,2.2);
#3293=IFCSHAPEREPRESENTATION(#11,'Body','SweptSolid',(#3292));
#3294=IFCPRODUCTDEFINITIONSHAPE($,$,(#3293));
#3295=IFCWINDOW('2SoXcaeF8Hwx4d0aAi40G6',#5,'Window Exterior',$,$,#3285,#3294,$,$,$);
#3296=IFCQUANTITYLENGTH('AverageHeight',$,#13, 2.2);
#3297=IFCQUANTITYLENGTH('Length',$,#13, 6.3);
#3298=IFCQUANTITYAREA('Area',$,#14, 13.860000000000001);
#3299=IFCPROPERTYSINGLEVALUE('Direction',$, IFCLABEL('-90'),$);
#3300=IFCELEMENTQUANTITY('2SoXvyeF8Hwx4d0aAi40G6',#5,'Pset_abstractBIMQuantityTakeOff',$,$,(#3296,#3297,#3298,#3299));
#3301=IFCRELDEFINESBYPROPERTIES('2SoY6meF8Hwx4d0aAi40G6',#5,$,$,(#3295),#3300);
#3302=IFCPROPERTYSINGLEVALUE('Spaces',$, IFCLABEL(''),$);
#3303=IFCPROPERTYSINGLEVALUE('IsExternal', 'IsExternal', IFCBOOLEAN(.T.),$);
#3304=IFCPROPERTYSINGLEVALUE('Reference',$, IFCLABEL('Window Exterior'),$);
#3305=IFCPROPERTYSET('2SoYgieF8Hwx4d0aAi40G6',#5, 'Pset_WindowCommon', 'Pset_WindowCommon', (#3302,#3303,#3304));
#3306=IFCRELDEFINESBYPROPERTIES('2SoYskeF8Hwx4d0aAi40G6',#5,$,$,(#3295),#3305);
#3307=IFCRELFILLSELEMENT('2SoZ0ueF8Hwx4d0aAi40G6',#5, $, $, #2872, #3295);
#3308=IFCLOCALPLACEMENT(#2890,#2900);
#3309=IFCCARTESIANPOINT((-1.5500,0.1750));
#3310=IFCCARTESIANPOINT((1.5500,0.1750));
#3311=IFCCARTESIANPOINT((1.5500,-0.1750));
#3312=IFCCARTESIANPOINT((-1.5500,-0.1750));
#3313=IFCPOLYLINE((#3309,#3310,#3311,#3312,#3309));
#3314=IFCARBITRARYCLOSEDPROFILEDEF(.AREA.,$,#3313);
#3315=IFCEXTRUDEDAREASOLID(#3314,#25,#23,2.2);
#3316=IFCSHAPEREPRESENTATION(#11,'Body','SweptSolid',(#3315));
#3317=IFCPRODUCTDEFINITIONSHAPE($,$,(#3316));
#3318=IFCWINDOW('2Soa1ueF8Hwx4d0aAi40G6',#5,'Window Exterior',$,$,#3308,#3317,$,$,$);
#3319=IFCQUANTITYLENGTH('AverageHeight',$,#13, 2.2);
#3320=IFCQUANTITYLENGTH('Length',$,#13, 3.1);
#3321=IFCQUANTITYAREA('Area',$,#14, 6.820000000000001);
#3322=IFCPROPERTYSINGLEVALUE('Direction',$, IFCLABEL('90'),$);
#3323=IFCELEMENTQUANTITY('2SoaLaeF8Hwx4d0aAi40G6',#5,'Pset_abstractBIMQuantityTakeOff',$,$,(#3319,#3320,#3321,#3322));
#3324=IFCRELDEFINESBYPROPERTIES('2SoaYYeF8Hwx4d0aAi40G6',#5,$,$,(#3318),#3323);
#3325=IFCPROPERTYSINGLEVALUE('Spaces',$, IFCLABEL(''),$);
#3326=IFCPROPERTYSINGLEVALUE('IsExternal', 'IsExternal', IFCBOOLEAN(.T.),$);
#3327=IFCPROPERTYSINGLEVALUE('Reference',$, IFCLABEL('Window Exterior'),$);
#3328=IFCPROPERTYSET('2Soax4eF8Hwx4d0aAi40G6',#5, 'Pset_WindowCommon', 'Pset_WindowCommon', (#3325,#3326,#3327));
#3329=IFCRELDEFINESBYPROPERTIES('2Sob6yeF8Hwx4d0aAi40G6',#5,$,$,(#3318),#3328);
#3330=IFCRELFILLSELEMENT('2SobIgeF8Hwx4d0aAi40G6',#5, $, $, #2911, #3318);
#3331=IFCLOCALPLACEMENT(#2890,#2914);
#3332=IFCPOLYLINE((#3309,#3310,#3311,#3312,#3309));
#3333=IFCARBITRARYCLOSEDPROFILEDEF(.AREA.,$,#3332);
#3334=IFCEXTRUDEDAREASOLID(#3333,#25,#23,2.2);
#3335=IFCSHAPEREPRESENTATION(#11,'Body','SweptSolid',(#3334));
#3336=IFCPRODUCTDEFINITIONSHAPE($,$,(#3335));
#3337=IFCWINDOW('2Soc8ueF8Hwx4d0aAi40G6',#5,'Window Exterior',$,$,#3331,#3336,$,$,$);
#3338=IFCQUANTITYLENGTH('AverageHeight',$,#13, 2.2);
#3339=IFCQUANTITYLENGTH('Length',$,#13, 3.1);
#3340=IFCQUANTITYAREA('Area',$,#14, 6.820000000000001);
#3341=IFCPROPERTYSINGLEVALUE('Direction',$, IFCLABEL('90'),$);
#3342=IFCELEMENTQUANTITY('2SocS6eF8Hwx4d0aAi40G6',#5,'Pset_abstractBIMQuantityTakeOff',$,$,(#3338,#3339,#3340,#3341));
#3343=IFCRELDEFINESBYPROPERTIES('2SocgAeF8Hwx4d0aAi40G6',#5,$,$,(#3337),#3342);
#3344=IFCPROPERTYSINGLEVALUE('Spaces',$, IFCLABEL(''),$);
#3345=IFCPROPERTYSINGLEVALUE('IsExternal', 'IsExternal', IFCBOOLEAN(.T.),$);
#3346=IFCPROPERTYSINGLEVALUE('Reference',$, IFCLABEL('Window Exterior'),$);
#3347=IFCPROPERTYSET('2Sod2ieF8Hwx4d0aAi40G6',#5, 'Pset_WindowCommon', 'Pset_WindowCommon', (#3344,#3345,#3346));
#3348=IFCRELDEFINESBYPROPERTIES('2SodEkeF8Hwx4d0aAi40G6',#5,$,$,(#3337),#3347);
#3349=IFCRELFILLSELEMENT('2SodP2eF8Hwx4d0aAi40G6',#5, $, $, #2921, #3337);
#3350=IFCLOCALPLACEMENT(#2890,#2924);
#3351=IFCPOLYLINE((#3309,#3310,#3311,#3312,#3309));
#3352=IFCARBITRARYCLOSEDPROFILEDEF(.AREA.,$,#3351);
#3353=IFCEXTRUDEDAREASOLID(#3352,#25,#23,2.2);
#3354=IFCSHAPEREPRESENTATION(#11,'Body','SweptSolid',(#3353));
#3355=IFCPRODUCTDEFINITIONSHAPE($,$,(#3354));
#3356=IFCWINDOW('2SoeFaeF8Hwx4d0aAi40G6',#5,'Window Exterior',$,$,#3350,#3355,$,$,$);
#3357=IFCQUANTITYLENGTH('AverageHeight',$,#13, 2.2);
#3358=IFCQUANTITYLENGTH('Length',$,#13, 3.1);
#3359=IFCQUANTITYAREA('Area',$,#14, 6.820000000000001);
#3360=IFCPROPERTYSINGLEVALUE('Direction',$, IFCLABEL('90'),$);
#3361=IFCELEMENTQUANTITY('2SoeYyeF8Hwx4d0aAi40G6',#5,'Pset_abstractBIMQuantityTakeOff',$,$,(#3357,#3358,#3359,#3360));
#3362=IFCRELDEFINESBYPROPERTIES('2Soem4eF8Hwx4d0aAi40G6',#5,$,$,(#3356),#3361);
#3363=IFCPROPERTYSINGLEVALUE('Spaces',$, IFCLABEL(''),$);
#3364=IFCPROPERTYSINGLEVALUE('IsExternal', 'IsExternal', IFCBOOLEAN(.T.),$);
#3365=IFCPROPERTYSINGLEVALUE('Reference',$, IFCLABEL('Window Exterior'),$);
#3366=IFCPROPERTYSET('2Sof9YeF8Hwx4d0aAi40G6',#5, 'Pset_WindowCommon', 'Pset_WindowCommon', (#3363,#3364,#3365));
#3367=IFCRELDEFINESBYPROPERTIES('2SofLQeF8Hwx4d0aAi40G6',#5,$,$,(#3356),#3366);
#3368=IFCRELFILLSELEMENT('2SofVkeF8Hwx4d0aAi40G6',#5, $, $, #2931, #3356);
#3369=IFCLOCALPLACEMENT(#2890,#2934);
#3370=IFCPOLYLINE((#3309,#3310,#3311,#3312,#3309));
#3371=IFCARBITRARYCLOSEDPROFILEDEF(.AREA.,$,#3370);
#3372=IFCEXTRUDEDAREASOLID(#3371,#25,#23,2.2);
#3373=IFCSHAPEREPRESENTATION(#11,'Body','SweptSolid',(#3372));
#3374=IFCPRODUCTDEFINITIONSHAPE($,$,(#3373));
#3375=IFCWINDOW('2SogLeeF8Hwx4d0aAi40G6',#5,'Window Exterior',$,$,#3369,#3374,$,$,$);
#3376=IFCQUANTITYLENGTH('AverageHeight',$,#13, 2.2);
#3377=IFCQUANTITYLENGTH('Length',$,#13, 3.1);
#3378=IFCQUANTITYAREA('Area',$,#14, 6.820000000000001);
#3379=IFCPROPERTYSINGLEVALUE('Direction',$, IFCLABEL('90'),$);
#3380=IFCELEMENTQUANTITY('2Sogg6eF8Hwx4d0aAi40G6',#5,'Pset_abstractBIMQuantityTakeOff',$,$,(#3376,#3377,#3378,#3379));
#3381=IFCRELDEFINESBYPROPERTIES('2SogtEeF8Hwx4d0aAi40G6',#5,$,$,(#3375),#3380);
#3382=IFCPROPERTYSINGLEVALUE('Spaces',$, IFCLABEL(''),$);
#3383=IFCPROPERTYSINGLEVALUE('IsExternal', 'IsExternal', IFCBOOLEAN(.T.),$);
#3384=IFCPROPERTYSINGLEVALUE('Reference',$, IFCLABEL('Window Exterior'),$);
#3385=IFCPROPERTYSET('2SohFweF8Hwx4d0aAi40G6',#5, 'Pset_WindowCommon', 'Pset_WindowCommon', (#3382,#3383,#3384));
#3386=IFCRELDEFINESBYPROPERTIES('2SohRoeF8Hwx4d0aAi40G6',#5,$,$,(#3375),#3385);
#3387=IFCRELFILLSELEMENT('2SohbyeF8Hwx4d0aAi40G6',#5, $, $, #2941, #3375);
#3388=IFCLOCALPLACEMENT(#2890,#2944);
#3389=IFCCARTESIANPOINT((-1.5000,0.1750));
#3390=IFCCARTESIANPOINT((1.5000,0.1750));
#3391=IFCCARTESIANPOINT((1.5000,-0.1750));
#3392=IFCCARTESIANPOINT((-1.5000,-0.1750));
#3393=IFCPOLYLINE((#3389,#3390,#3391,#3392,#3389));
#3394=IFCARBITRARYCLOSEDPROFILEDEF(.AREA.,$,#3393);
#3395=IFCEXTRUDEDAREASOLID(#3394,#25,#23,2.2);
#3396=IFCSHAPEREPRESENTATION(#11,'Body','SweptSolid',(#3395));
#3397=IFCPRODUCTDEFINITIONSHAPE($,$,(#3396));
#3398=IFCWINDOW('2SoiUqeF8Hwx4d0aAi40G6',#5,'Window Exterior',$,$,#3388,#3397,$,$,$);
#3399=IFCQUANTITYLENGTH('AverageHeight',$,#13, 2.2);
#3400=IFCQUANTITYLENGTH('Length',$,#13, 3.0);
#3401=IFCQUANTITYAREA('Area',$,#14, 6.6000000000000005);
#3402=IFCPROPERTYSINGLEVALUE('Direction',$, IFCLABEL('90'),$);
#3403=IFCELEMENTQUANTITY('2SoioCeF8Hwx4d0aAi40G6',#5,'Pset_abstractBIMQuantityTakeOff',$,$,(#3399,#3400,#3401,#3402));
#3404=IFCRELDEFINESBYPROPERTIES('2SotKGeF8Hwx4d0aAi40G6',#5,$,$,(#3398),#3403);
#3405=IFCPROPERTYSINGLEVALUE('Spaces',$, IFCLABEL(''),$);
#3406=IFCPROPERTYSINGLEVALUE('IsExternal', 'IsExternal', IFCBOOLEAN(.T.),$);
#3407=IFCPROPERTYSINGLEVALUE('Reference',$, IFCLABEL('Window Exterior'),$);
#3408=IFCPROPERTYSET('2Soto6eF8Hwx4d0aAi40G6',#5, 'Pset_WindowCommon', 'Pset_WindowCommon', (#3405,#3406,#3407));
#3409=IFCRELDEFINESBYPROPERTIES('2Sot_8eF8Hwx4d0aAi40G6',#5,$,$,(#3398),#3408);
#3410=IFCRELFILLSELEMENT('2Sou8SeF8Hwx4d0aAi40G6',#5, $, $, #2955, #3398);
#3411=IFCLOCALPLACEMENT(#2890,#2958);
#3412=IFCPOLYLINE((#3389,#3390,#3391,#3392,#3389));
#3413=IFCARBITRARYCLOSEDPROFILEDEF(.AREA.,$,#3412);
#3414=IFCEXTRUDEDAREASOLID(#3413,#25,#23,2.2);
#3415=IFCSHAPEREPRESENTATION(#11,'Body','SweptSolid',(#3414));
#3416=IFCPRODUCTDEFINITIONSHAPE($,$,(#3415));
#3417=IFCWINDOW('2Sov6AeF8Hwx4d0aAi40G6',#5,'Window Exterior',$,$,#3411,#3416,$,$,$);
#3418=IFCQUANTITYLENGTH('AverageHeight',$,#13, 2.2);
#3419=IFCQUANTITYLENGTH('Length',$,#13, 3.0);
#3420=IFCQUANTITYAREA('Area',$,#14, 6.6000000000000005);
#3421=IFCPROPERTYSINGLEVALUE('Direction',$, IFCLABEL('90'),$);
#3422=IFCELEMENTQUANTITY('2SovQUeF8Hwx4d0aAi40G6',#5,'Pset_abstractBIMQuantityTakeOff',$,$,(#3418,#3419,#3420,#3421));
#3423=IFCRELDEFINESBYPROPERTIES('2SovdceF8Hwx4d0aAi40G6',#5,$,$,(#3417),#3422);
#3424=IFCPROPERTYSINGLEVALUE('Spaces',$, IFCLABEL(''),$);
#3425=IFCPROPERTYSINGLEVALUE('IsExternal', 'IsExternal', IFCBOOLEAN(.T.),$);
#3426=IFCPROPERTYSINGLEVALUE('Reference',$, IFCLABEL('Window Exterior'),$);
#3427=IFCPROPERTYSET('2Sow1OeF8Hwx4d0aAi40G6',#5, 'Pset_WindowCommon', 'Pset_WindowCommon', (#3424,#3425,#3426));
#3428=IFCRELDEFINESBYPROPERTIES('2SowDQeF8Hwx4d0aAi40G6',#5,$,$,(#3417),#3427);
#3429=IFCRELFILLSELEMENT('2SowNaeF8Hwx4d0aAi40G6',#5, $, $, #2965, #3417);
#3430=IFCLOCALPLACEMENT(#2778,#2788);
#3431=IFCPOLYLINE((#2011,#2012,#2013,#2014,#2011));
#3432=IFCARBITRARYCLOSEDPROFILEDEF(.AREA.,$,#3431);
#3433=IFCEXTRUDEDAREASOLID(#3432,#25,#23,2.2);
#3434=IFCSHAPEREPRESENTATION(#11,'Body','SweptSolid',(#3433));
#3435=IFCPRODUCTDEFINITIONSHAPE($,$,(#3434));
#3436=IFCWINDOW('2SoxGSeF8Hwx4d0aAi40G6',#5,'Window Exterior',$,$,#3430,#3435,$,$,$);
#3437=IFCQUANTITYLENGTH('AverageHeight',$,#13, 2.2);
#3438=IFCQUANTITYLENGTH('Length',$,#13, 3.7);
#3439=IFCQUANTITYAREA('Area',$,#14, 8.14);
#3440=IFCPROPERTYSINGLEVALUE('Direction',$, IFCLABEL('0'),$);
#3441=IFCELEMENTQUANTITY('2SoxZgeF8Hwx4d0aAi40G6',#5,'Pset_abstractBIMQuantityTakeOff',$,$,(#3437,#3438,#3439,#3440));
#3442=IFCRELDEFINESBYPROPERTIES('2SoxmeeF8Hwx4d0aAi40G6',#5,$,$,(#3436),#3441);
#3443=IFCPROPERTYSINGLEVALUE('Spaces',$, IFCLABEL(''),$);
#3444=IFCPROPERTYSINGLEVALUE('IsExternal', 'IsExternal', IFCBOOLEAN(.T.),$);
#3445=IFCPROPERTYSINGLEVALUE('Reference',$, IFCLABEL('Window Exterior'),$);
#3446=IFCPROPERTYSET('2SoyDOeF8Hwx4d0aAi40G6',#5, 'Pset_WindowCommon', 'Pset_WindowCommon', (#3443,#3444,#3445));
#3447=IFCRELDEFINESBYPROPERTIES('2SoyPGeF8Hwx4d0aAi40G6',#5,$,$,(#3436),#3446);
#3448=IFCRELFILLSELEMENT('2SoyZaeF8Hwx4d0aAi40G6',#5, $, $, #2795, #3436);
#3449=IFCLOCALPLACEMENT(#2778,#1718);
#3450=IFCPOLYLINE((#2122,#2123,#2124,#2125,#2122));
#3451=IFCARBITRARYCLOSEDPROFILEDEF(.AREA.,$,#3450);
#3452=IFCEXTRUDEDAREASOLID(#3451,#25,#23,1.0);
#3453=IFCSHAPEREPRESENTATION(#11,'Body','SweptSolid',(#3452));
#3454=IFCPRODUCTDEFINITIONSHAPE($,$,(#3453));
#3455=IFCWINDOW('2SozQ6eF8Hwx4d0aAi40G6',#5,'Window Exterior',$,$,#3449,#3454,$,$,$);
#3456=IFCQUANTITYLENGTH('AverageHeight',$,#13, 1.0);
#3457=IFCQUANTITYLENGTH('Length',$,#13, 1.77);
#3458=IFCQUANTITYAREA('Area',$,#14, 1.77);
#3459=IFCPROPERTYSINGLEVALUE('Direction',$, IFCLABEL('0'),$);
#3460=IFCELEMENTQUANTITY('2SozjKeF8Hwx4d0aAi40G6',#5,'Pset_abstractBIMQuantityTakeOff',$,$,(#3456,#3457,#3458,#3459));
#3461=IFCRELDEFINESBYPROPERTIES('2Sozw8eF8Hwx4d0aAi40G6',#5,$,$,(#3455),#3460);
#3462=IFCPROPERTYSINGLEVALUE('Spaces',$, IFCLABEL(''),$);
#3463=IFCPROPERTYSINGLEVALUE('IsExternal', 'IsExternal', IFCBOOLEAN(.T.),$);
#3464=IFCPROPERTYSINGLEVALUE('Reference',$, IFCLABEL('Window Exterior'),$);
#3465=IFCPROPERTYSET('2So_NMeF8Hwx4d0aAi40G6',#5, 'Pset_WindowCommon', 'Pset_WindowCommon', (#3462,#3463,#3464));
#3466=IFCRELDEFINESBYPROPERTIES('2So_ZOeF8Hwx4d0aAi40G6',#5,$,$,(#3455),#3465);
#3467=IFCRELFILLSELEMENT('2So_jYeF8Hwx4d0aAi40G6',#5, $, $, #2803, #3455);
#3468=IFCLOCALPLACEMENT(#2778,#1732);
#3469=IFCPOLYLINE((#2122,#2123,#2124,#2125,#2122));
#3470=IFCARBITRARYCLOSEDPROFILEDEF(.AREA.,$,#3469);
#3471=IFCEXTRUDEDAREASOLID(#3470,#25,#23,1.0);
#3472=IFCSHAPEREPRESENTATION(#11,'Body','SweptSolid',(#3471));
#3473=IFCPRODUCTDEFINITIONSHAPE($,$,(#3472));
#3474=IFCWINDOW('2So$aieF8Hwx4d0aAi40G6',#5,'Window Exterior',$,$,#3468,#3473,$,$,$);
#3475=IFCQUANTITYLENGTH('AverageHeight',$,#13, 1.0);
#3476=IFCQUANTITYLENGTH('Length',$,#13, 1.77);
#3477=IFCQUANTITYAREA('Area',$,#14, 1.77);
#3478=IFCPROPERTYSINGLEVALUE('Direction',$, IFCLABEL('0'),$);
#3479=IFCELEMENTQUANTITY('2So$u4eF8Hwx4d0aAi40G6',#5,'Pset_abstractBIMQuantityTakeOff',$,$,(#3475,#3476,#3477,#3478));
#3480=IFCRELDEFINESBYPROPERTIES('2Sp052eF8Hwx4d0aAi40G6',#5,$,$,(#3474),#3479);
#3481=IFCPROPERTYSINGLEVALUE('Spaces',$, IFCLABEL(''),$);
#3482=IFCPROPERTYSINGLEVALUE('IsExternal', 'IsExternal', IFCBOOLEAN(.T.),$);
#3483=IFCPROPERTYSINGLEVALUE('Reference',$, IFCLABEL('Window Exterior'),$);
#3484=IFCPROPERTYSET('2Sp0XUeF8Hwx4d0aAi40G6',#5, 'Pset_WindowCommon', 'Pset_WindowCommon', (#3481,#3482,#3483));
#3485=IFCRELDEFINESBYPROPERTIES('2Sp0jCeF8Hwx4d0aAi40G6',#5,$,$,(#3474),#3484);
#3486=IFCRELFILLSELEMENT('2Sp0tWeF8Hwx4d0aAi40G6',#5, $, $, #2811, #3474);
#3487=IFCCARTESIANPOINT((0.0000,0.0000,6.7600));
#3488=IFCAXIS2PLACEMENT3D(#3487,#23,#24);
#3489=IFCLOCALPLACEMENT(#31,#3488);
#3490=IFCBUILDINGSTOREY('2Sp216eF8Hwx4d0aAi40G6',#5, 'Storey 6.8', $, $,#3489,$,$,.ELEMENT.,6.76);
#3491=IFCRELCONTAINEDINSPATIALSTRUCTURE('2Sp2EEeF8Hwx4d0aAi40G6',#5, 'Storey 6.8 Container', $, (#3500,#3522,#3544,#3566,#3586,#3604,#3622,#3640,#3658,#3681,#3705,#3729,#3761,#3833,#3862,#3886,#3920,#3944,#3976,#4010,#4036,#4060,#4086,#4110,#4142,#4169,#4193,#4266,#4315,#4340,#4389,#4406,#4424,#4442,#4460,#4478,#4496,#4514,#4532,#4550,#4568,#4586,#4605,#4624,#4643,#4662,#4681,#4700,#4719,#4738,#4757,#4776,#4795), #3490);
#3492=IFCCARTESIANPOINT((19.7920,10.6690));
#3493=IFCCARTESIANPOINT((19.7920,5.2290));
#3494=IFCPOLYLINE((#3492,#2237,#2238,#3493,#3492));
#3495=IFCARBITRARYCLOSEDPROFILEDEF(.AREA.,$,#3494);
#3496=IFCEXTRUDEDAREASOLID(#3495,#25,#23,3.0);
#3497=IFCSHAPEREPRESENTATION(#11,'Body','SweptSolid',(#3496));
#3498=IFCPRODUCTDEFINITIONSHAPE($,$,(#3497));
#3499=IFCLOCALPLACEMENT(#3489,#25);
#3500=IFCSPACE('2Sp31yeF8Hwx4d0aAi40G6',#5,'201',$,$,#3499,#3498,'B\X2\00FC\X0\ro',.ELEMENT.,.INTERNAL.,$);
#3501=IFCQUANTITYLENGTH('AverageHeight',$,#13, 3.0);
#3502=IFCQUANTITYLENGTH('GrossPerimeter',$,#13, 17.18);
#3503=IFCQUANTITYAREA('GrossFloorArea',$,#14, -17.14);
#3504=IFCQUANTITYAREA('GrossCeilingArea',$,#14, -17.14);
#3505=IFCQUANTITYVOLUME('GrossVolume',$,#15, 51.0);
#3506=IFCELEMENTQUANTITY('2Sp3SgeF8Hwx4d0aAi40G6',#5,'Pset_abstractBIMQuantityTakeOff',$,$,(#3501,#3502,#3503,#3504,#3505));
#3507=IFCRELDEFINESBYPROPERTIES('2Sp3g6eF8Hwx4d0aAi40G6',#5,$,$,(#3500),#3506);
#3508=IFCPROPERTYSINGLEVALUE('SIA416',$, IFCLABEL('-'),$);
#3509=IFCPROPERTYSINGLEVALUE('SIA0',$, IFCLABEL(''),$);
#3510=IFCPROPERTYSET('2Sp3s8eF8Hwx4d0aAi40G6',#5, 'Pset_abstractBIM', 'Pset_abstractBIM', (#3508,#3509));
#3511=IFCRELDEFINESBYPROPERTIES('2Sp40meF8Hwx4d0aAi40G6',#5,$,$,(#3500),#3510);
#3512=IFCCARTESIANPOINT((23.0920,10.6690));
#3513=IFCCARTESIANPOINT((19.9420,10.6690));
#3514=IFCCARTESIANPOINT((19.9420,5.2290));
#3515=IFCCARTESIANPOINT((23.0920,5.2290));
#3516=IFCPOLYLINE((#3512,#3513,#3514,#3515,#3512));
#3517=IFCARBITRARYCLOSEDPROFILEDEF(.AREA.,$,#3516);
#3518=IFCEXTRUDEDAREASOLID(#3517,#25,#23,3.0);
#3519=IFCSHAPEREPRESENTATION(#11,'Body','SweptSolid',(#3518));
#3520=IFCPRODUCTDEFINITIONSHAPE($,$,(#3519));
#3521=IFCLOCALPLACEMENT(#3489,#25);
#3522=IFCSPACE('2SpEASeF8Hwx4d0aAi40G6',#5,'202',$,$,#3521,#3520,'B\X2\00FC\X0\ro',.ELEMENT.,.INTERNAL.,$);
#3523=IFCQUANTITYLENGTH('AverageHeight',$,#13, 3.0);
#3524=IFCQUANTITYLENGTH('GrossPerimeter',$,#13, 17.18);
#3525=IFCQUANTITYAREA('GrossFloorArea',$,#14, -17.14);
#3526=IFCQUANTITYAREA('GrossCeilingArea',$,#14, -17.14);
#3527=IFCQUANTITYVOLUME('GrossVolume',$,#15, 51.0);
#3528=IFCELEMENTQUANTITY('2SpEaseF8Hwx4d0aAi40G6',#5,'Pset_abstractBIMQuantityTakeOff',$,$,(#3523,#3524,#3525,#3526,#3527));
#3529=IFCRELDEFINESBYPROPERTIES('2SpEoSeF8Hwx4d0aAi40G6',#5,$,$,(#3522),#3528);
#3530=IFCPROPERTYSINGLEVALUE('SIA416',$, IFCLABEL('-'),$);
#3531=IFCPROPERTYSINGLEVALUE('SIA0',$, IFCLABEL(''),$);
#3532=IFCPROPERTYSET('2SpE_KeF8Hwx4d0aAi40G6',#5, 'Pset_abstractBIM', 'Pset_abstractBIM', (#3530,#3531));
#3533=IFCRELDEFINESBYPROPERTIES('2SpF8yeF8Hwx4d0aAi40G6',#5,$,$,(#3522),#3532);
#3534=IFCCARTESIANPOINT((26.3920,10.6690));
#3535=IFCCARTESIANPOINT((23.2420,10.6690));
#3536=IFCCARTESIANPOINT((23.2420,5.2290));
#3537=IFCCARTESIANPOINT((26.3920,5.2290));
#3538=IFCPOLYLINE((#3534,#3535,#3536,#3537,#3534));
#3539=IFCARBITRARYCLOSEDPROFILEDEF(.AREA.,$,#3538);
#3540=IFCEXTRUDEDAREASOLID(#3539,#25,#23,3.0);
#3541=IFCSHAPEREPRESENTATION(#11,'Body','SweptSolid',(#3540));
#3542=IFCPRODUCTDEFINITIONSHAPE($,$,(#3541));
#3543=IFCLOCALPLACEMENT(#3489,#25);
#3544=IFCSPACE('2SpFsaeF8Hwx4d0aAi40G6',#5,'203',$,$,#3543,#3542,'B\X2\00FC\X0\ro',.ELEMENT.,.INTERNAL.,$);
#3545=IFCQUANTITYLENGTH('AverageHeight',$,#13, 3.0);
#3546=IFCQUANTITYLENGTH('GrossPerimeter',$,#13, 17.18);
#3547=IFCQUANTITYAREA('GrossFloorArea',$,#14, -17.14);
#3548=IFCQUANTITYAREA('GrossCeilingArea',$,#14, -17.14);
#3549=IFCQUANTITYVOLUME('GrossVolume',$,#15, 51.0);
#3550=IFCELEMENTQUANTITY('2SpGFGeF8Hwx4d0aAi40G6',#5,'Pset_abstractBIMQuantityTakeOff',$,$,(#3545,#3546,#3547,#3548,#3549));
#3551=IFCRELDEFINESBYPROPERTIES('2SpGSOeF8Hwx4d0aAi40G6',#5,$,$,(#3544),#3550);
#3552=IFCPROPERTYSINGLEVALUE('SIA416',$, IFCLABEL('-'),$);
#3553=IFCPROPERTYSINGLEVALUE('SIA0',$, IFCLABEL(''),$);
#3554=IFCPROPERTYSET('2SpGrEeF8Hwx4d0aAi40G6',#5, 'Pset_abstractBIM', 'Pset_abstractBIM', (#3552,#3553));
#3555=IFCRELDEFINESBYPROPERTIES('2SpH0oeF8Hwx4d0aAi40G6',#5,$,$,(#3544),#3554);
#3556=IFCCARTESIANPOINT((29.6920,10.6690));
#3557=IFCCARTESIANPOINT((26.5420,10.6690));
#3558=IFCCARTESIANPOINT((26.5420,5.2290));
#3559=IFCCARTESIANPOINT((29.6920,5.2290));
#3560=IFCPOLYLINE((#3556,#3557,#3558,#3559,#3556));
#3561=IFCARBITRARYCLOSEDPROFILEDEF(.AREA.,$,#3560);
#3562=IFCEXTRUDEDAREASOLID(#3561,#25,#23,3.0);
#3563=IFCSHAPEREPRESENTATION(#11,'Body','SweptSolid',(#3562));
#3564=IFCPRODUCTDEFINITIONSHAPE($,$,(#3563));
#3565=IFCLOCALPLACEMENT(#3489,#25);
#3566=IFCSPACE('2SpHyyeF8Hwx4d0aAi40G6',#5,'204',$,$,#3565,#3564,'B\X2\00FC\X0\ro',.ELEMENT.,.INTERNAL.,$);
#3567=IFCQUANTITYLENGTH('AverageHeight',$,#13, 3.0);
#3568=IFCQUANTITYLENGTH('GrossPerimeter',$,#13, 17.18);
#3569=IFCQUANTITYAREA('GrossFloorArea',$,#14, -17.14);
#3570=IFCQUANTITYAREA('GrossCeilingArea',$,#14, -17.14);
#3571=IFCQUANTITYVOLUME('GrossVolume',$,#15, 51.0);
#3572=IFCELEMENTQUANTITY('2SpIMGeF8Hwx4d0aAi40G6',#5,'Pset_abstractBIMQuantityTakeOff',$,$,(#3567,#3568,#3569,#3570,#3571));
#3573=IFCRELDEFINESBYPROPERTIES('2SpIZieF8Hwx4d0aAi40G6',#5,$,$,(#3566),#3572);
#3574=IFCPROPERTYSINGLEVALUE('SIA416',$, IFCLABEL('-'),$);
#3575=IFCPROPERTYSINGLEVALUE('SIA0',$, IFCLABEL(''),$);
#3576=IFCPROPERTYSET('2SpIlQeF8Hwx4d0aAi40G6',#5, 'Pset_abstractBIM', 'Pset_abstractBIM', (#3574,#3575));
#3577=IFCRELDEFINESBYPROPERTIES('2SpIw2eF8Hwx4d0aAi40G6',#5,$,$,(#3566),#3576);
#3578=IFCCARTESIANPOINT((29.8420,10.6690));
#3579=IFCCARTESIANPOINT((29.8420,5.2290));
#3580=IFCPOLYLINE((#87,#3578,#3579,#954,#87));
#3581=IFCARBITRARYCLOSEDPROFILEDEF(.AREA.,$,#3580);
#3582=IFCEXTRUDEDAREASOLID(#3581,#25,#23,3.0);
#3583=IFCSHAPEREPRESENTATION(#11,'Body','SweptSolid',(#3582));
#3584=IFCPRODUCTDEFINITIONSHAPE($,$,(#3583));
#3585=IFCLOCALPLACEMENT(#3489,#25);
#3586=IFCSPACE('2SpJcaeF8Hwx4d0aAi40G6',#5,'205',$,$,#3585,#3584,'B\X2\00FC\X0\ro',.ELEMENT.,.INTERNAL.,$);
#3587=IFCQUANTITYLENGTH('AverageHeight',$,#13, 3.0);
#3588=IFCQUANTITYLENGTH('GrossPerimeter',$,#13, 23.06);
#3589=IFCQUANTITYAREA('GrossFloorArea',$,#14, -33.13);
#3590=IFCQUANTITYAREA('GrossCeilingArea',$,#14, -33.13);
#3591=IFCQUANTITYVOLUME('GrossVolume',$,#15, 99.0);
#3592=IFCELEMENTQUANTITY('2SpJ$GeF8Hwx4d0aAi40G6',#5,'Pset_abstractBIMQuantityTakeOff',$,$,(#3587,#3588,#3589,#3590,#3591));
#3593=IFCRELDEFINESBYPROPERTIES('2SpKCOeF8Hwx4d0aAi40G6',#5,$,$,(#3586),#3592);
#3594=IFCPROPERTYSINGLEVALUE('SIA416',$, IFCLABEL('-'),$);
#3595=IFCPROPERTYSINGLEVALUE('SIA0',$, IFCLABEL(''),$);
#3596=IFCPROPERTYSET('2SpKOGeF8Hwx4d0aAi40G6',#5, 'Pset_abstractBIM', 'Pset_abstractBIM', (#3594,#3595));
#3597=IFCRELDEFINESBYPROPERTIES('2SpKhAeF8Hwx4d0aAi40G6',#5,$,$,(#3586),#3596);
#3598=IFCPOLYLINE((#910,#911,#912,#913,#910));
#3599=IFCARBITRARYCLOSEDPROFILEDEF(.AREA.,$,#3598);
#3600=IFCEXTRUDEDAREASOLID(#3599,#25,#23,3.0);
#3601=IFCSHAPEREPRESENTATION(#11,'Body','SweptSolid',(#3600));
#3602=IFCPRODUCTDEFINITIONSHAPE($,$,(#3601));
#3603=IFCLOCALPLACEMENT(#3489,#25);
#3604=IFCSPACE('2SpLNOeF8Hwx4d0aAi40G6',#5,'211',$,$,#3603,#3602,'WC Damen',.ELEMENT.,.INTERNAL.,$);
#3605=IFCQUANTITYLENGTH('AverageHeight',$,#13, 3.0);
#3606=IFCQUANTITYLENGTH('GrossPerimeter',$,#13, 15.3);
#3607=IFCQUANTITYAREA('GrossFloorArea',$,#14, -14.62);
#3608=IFCQUANTITYAREA('GrossCeilingArea',$,#14, -14.62);
#3609=IFCQUANTITYVOLUME('GrossVolume',$,#15, 44.0);
#3610=IFCELEMENTQUANTITY('2SpLmEeF8Hwx4d0aAi40G6',#5,'Pset_abstractBIMQuantityTakeOff',$,$,(#3605,#3606,#3607,#3608,#3609));
#3611=IFCRELDEFINESBYPROPERTIES('2SpL_ceF8Hwx4d0aAi40G6',#5,$,$,(#3604),#3610);
#3612=IFCPROPERTYSINGLEVALUE('SIA416',$, IFCLABEL('-'),$);
#3613=IFCPROPERTYSINGLEVALUE('SIA0',$, IFCLABEL(''),$);
#3614=IFCPROPERTYSET('2SpMAeeF8Hwx4d0aAi40G6',#5, 'Pset_abstractBIM', 'Pset_abstractBIM', (#3612,#3613));
#3615=IFCRELDEFINESBYPROPERTIES('2SpMLaeF8Hwx4d0aAi40G6',#5,$,$,(#3604),#3614);
#3616=IFCPOLYLINE((#932,#933,#934,#94,#932));
#3617=IFCARBITRARYCLOSEDPROFILEDEF(.AREA.,$,#3616);
#3618=IFCEXTRUDEDAREASOLID(#3617,#25,#23,3.0);
#3619=IFCSHAPEREPRESENTATION(#11,'Body','SweptSolid',(#3618));
#3620=IFCPRODUCTDEFINITIONSHAPE($,$,(#3619));
#3621=IFCLOCALPLACEMENT(#3489,#25);
#3622=IFCSPACE('2SpN0ieF8Hwx4d0aAi40G6',#5,'212',$,$,#3621,#3620,'WC Herren',.ELEMENT.,.INTERNAL.,$);
#3623=IFCQUANTITYLENGTH('AverageHeight',$,#13, 3.0);
#3624=IFCQUANTITYLENGTH('GrossPerimeter',$,#13, 15.3);
#3625=IFCQUANTITYAREA('GrossFloorArea',$,#14, -14.61);
#3626=IFCQUANTITYAREA('GrossCeilingArea',$,#14, -14.61);
#3627=IFCQUANTITYVOLUME('GrossVolume',$,#15, 44.0);
#3628=IFCELEMENTQUANTITY('2SpNRQeF8Hwx4d0aAi40G6',#5,'Pset_abstractBIMQuantityTakeOff',$,$,(#3623,#3624,#3625,#3626,#3627));
#3629=IFCRELDEFINESBYPROPERTIES('2SpNeseF8Hwx4d0aAi40G6',#5,$,$,(#3622),#3628);
#3630=IFCPROPERTYSINGLEVALUE('SIA416',$, IFCLABEL('-'),$);
#3631=IFCPROPERTYSINGLEVALUE('SIA0',$, IFCLABEL(''),$);
#3632=IFCPROPERTYSET('2SpNqkeF8Hwx4d0aAi40G6',#5, 'Pset_abstractBIM', 'Pset_abstractBIM', (#3630,#3631));
#3633=IFCRELDEFINESBYPROPERTIES('2SpN$geF8Hwx4d0aAi40G6',#5,$,$,(#3622),#3632);
#3634=IFCPOLYLINE((#2314,#2315,#2316,#66,#956,#92,#93,#957,#2314));
#3635=IFCARBITRARYCLOSEDPROFILEDEF(.AREA.,$,#3634);
#3636=IFCEXTRUDEDAREASOLID(#3635,#25,#23,3.0);
#3637=IFCSHAPEREPRESENTATION(#11,'Body','SweptSolid',(#3636));
#3638=IFCPRODUCTDEFINITIONSHAPE($,$,(#3637));
#3639=IFCLOCALPLACEMENT(#3489,#25);
#3640=IFCSPACE('2SpOmQeF8Hwx4d0aAi40G6',#5,'210',$,$,#3639,#3638,'Verkehrsfl\X2\00E4\X0\che',.ELEMENT.,.INTERNAL.,$);
#3641=IFCQUANTITYLENGTH('AverageHeight',$,#13, 3.0);
#3642=IFCQUANTITYLENGTH('GrossPerimeter',$,#13, 49.08);
#3643=IFCQUANTITYAREA('GrossFloorArea',$,#14, -57.14);
#3644=IFCQUANTITYAREA('GrossCeilingArea',$,#14, -57.14);
#3645=IFCQUANTITYVOLUME('GrossVolume',$,#15, 171.0);
#3646=IFCELEMENTQUANTITY('2SpPBceF8Hwx4d0aAi40G6',#5,'Pset_abstractBIMQuantityTakeOff',$,$,(#3641,#3642,#3643,#3644,#3645));
#3647=IFCRELDEFINESBYPROPERTIES('2SpPP2eF8Hwx4d0aAi40G6',#5,$,$,(#3640),#3646);
#3648=IFCPROPERTYSINGLEVALUE('SIA416',$, IFCLABEL('-'),$);
#3649=IFCPROPERTYSINGLEVALUE('SIA0',$, IFCLABEL(''),$);
#3650=IFCPROPERTYSET('2SpPaweF8Hwx4d0aAi40G6',#5, 'Pset_abstractBIM', 'Pset_abstractBIM', (#3648,#3649));
#3651=IFCRELDEFINESBYPROPERTIES('2SpPlieF8Hwx4d0aAi40G6',#5,$,$,(#3640),#3650);
#3652=IFCPOLYLINE((#2257,#2258,#2259,#44,#2257));
#3653=IFCARBITRARYCLOSEDPROFILEDEF(.AREA.,$,#3652);
#3654=IFCEXTRUDEDAREASOLID(#3653,#25,#23,3.0);
#3655=IFCSHAPEREPRESENTATION(#11,'Body','SweptSolid',(#3654));
#3656=IFCPRODUCTDEFINITIONSHAPE($,$,(#3655));
#3657=IFCLOCALPLACEMENT(#3489,#25);
#3658=IFCSPACE('2SpQR8eF8Hwx4d0aAi40G6',#5,'200',$,$,#3657,#3656,'Sitzungszimmer',.ELEMENT.,.INTERNAL.,$);
#3659=IFCQUANTITYLENGTH('AverageHeight',$,#13, 3.0);
#3660=IFCQUANTITYLENGTH('GrossPerimeter',$,#13, 22.68);
#3661=IFCQUANTITYAREA('GrossFloorArea',$,#14, -31.62);
#3662=IFCQUANTITYAREA('GrossCeilingArea',$,#14, -31.62);
#3663=IFCQUANTITYVOLUME('GrossVolume',$,#15, 95.0);
#3664=IFCELEMENTQUANTITY('2SpQpgeF8Hwx4d0aAi40G6',#5,'Pset_abstractBIMQuantityTakeOff',$,$,(#3659,#3660,#3661,#3662,#3663));
#3665=IFCRELDEFINESBYPROPERTIES('2SpR0yeF8Hwx4d0aAi40G6',#5,$,$,(#3658),#3664);
#3666=IFCPROPERTYSINGLEVALUE('SIA416',$, IFCLABEL('-'),$);
#3667=IFCPROPERTYSINGLEVALUE('SIA0',$, IFCLABEL(''),$);
#3668=IFCPROPERTYSET('2SpRCgeF8Hwx4d0aAi40G6',#5, 'Pset_abstractBIM', 'Pset_abstractBIM', (#3666,#3667));
#3669=IFCRELDEFINESBYPROPERTIES('2SpRNIeF8Hwx4d0aAi40G6',#5,$,$,(#3658),#3668);
#3670=IFCLOCALPLACEMENT(#3489,#601);
#3671=IFCCARTESIANPOINT((0.6500,0.0000));
#3672=IFCPOLYLINE((#328,#3671));
#3673=IFCSHAPEREPRESENTATION(#11,'Axis','Curve2D',(#3672));
#3674=IFCCARTESIANPOINT((0.6500,-0.1150));
#3675=IFCCARTESIANPOINT((0.6500,0.1150));
#3676=IFCPOLYLINE((#3674,#3675,#273,#270,#3674));
#3677=IFCARBITRARYCLOSEDPROFILEDEF(.AREA.,$,#3676);
#3678=IFCEXTRUDEDAREASOLID(#3677,#25,#23,3.0);
#3679=IFCSHAPEREPRESENTATION(#11,'Body','SweptSolid',(#3678));
#3680=IFCPRODUCTDEFINITIONSHAPE($,$,(#3673,#3679));
#3681=IFCWALLSTANDARDCASE('2SpcBAeF8Hwx4d0aAi40G6',#5,'Wall Interior',$,$,#3670,#3680,$);
#3682=IFCPROPERTYSINGLEVALUE('ExtendToStructure', 'ExtendToStructure', IFCBOOLEAN(.T.),$);
#3683=IFCPROPERTYSINGLEVALUE('IsExternal', 'IsExternal', IFCBOOLEAN(.F.),$);
#3684=IFCPROPERTYSINGLEVALUE('Reference',$, IFCLABEL('Wall Interior'),$);
#3685=IFCPROPERTYSINGLEVALUE('Spaces',$, IFCLABEL('022,021'),$);
#3686=IFCPROPERTYSET('2SpcXgeF8Hwx4d0aAi40G6',#5, 'Pset_abstractBIM', 'Pset_abstractBIM', (#3682,#3683,#3684,#3685));
#3687=IFCRELDEFINESBYPROPERTIES('2SpcjOeF8Hwx4d0aAi40G6',#5,$,$,(#3681),#3686);
#3688=IFCQUANTITYLENGTH('NominalLength',$,#13, 0.65);
#3689=IFCQUANTITYLENGTH('NominalWidth',$,#13, 0.23);
#3690=IFCQUANTITYLENGTH('NominalHeight',$,#13, 3.0);
#3691=IFCQUANTITYAREA('GrossFootprintArea',$,#14, 0.14950000000000002);
#3692=IFCQUANTITYAREA('NetFootprintArea',$,#14, 0.15);
#3693=IFCQUANTITYAREA('GrossSideArea',$,#14, 1.9500000000000002);
#3694=IFCQUANTITYAREA('GrossSideVolume',$,#14, 0.44999999999999996);
#3695=IFCELEMENTQUANTITY('2Spd7AeF8Hwx4d0aAi40G6',#5,'Pset_abstractBIMQuantityTakeOff',$,$,(#3688,#3689,#3690,#3691,#3692,#3693,#3694,#3685));
#3696=IFCRELDEFINESBYPROPERTIES('2SpdKweF8Hwx4d0aAi40G6',#5,$,$,(#3681),#3695);
#3697=IFCLOCALPLACEMENT(#3489,#428);
#3698=IFCPOLYLINE((#328,#2356));
#3699=IFCSHAPEREPRESENTATION(#11,'Axis','Curve2D',(#3698));
#3700=IFCPOLYLINE((#2359,#2360,#273,#270,#2359));
#3701=IFCARBITRARYCLOSEDPROFILEDEF(.AREA.,$,#3700);
#3702=IFCEXTRUDEDAREASOLID(#3701,#25,#23,3.0);
#3703=IFCSHAPEREPRESENTATION(#11,'Body','SweptSolid',(#3702));
#3704=IFCPRODUCTDEFINITIONSHAPE($,$,(#3699,#3703));
#3705=IFCWALLSTANDARDCASE('2Spec0eF8Hwx4d0aAi40G6',#5,'Wall Interior',$,$,#3697,#3704,$);
#3706=IFCPROPERTYSINGLEVALUE('ExtendToStructure', 'ExtendToStructure', IFCBOOLEAN(.T.),$);
#3707=IFCPROPERTYSINGLEVALUE('IsExternal', 'IsExternal', IFCBOOLEAN(.F.),$);
#3708=IFCPROPERTYSINGLEVALUE('Reference',$, IFCLABEL('Wall Interior'),$);
#3709=IFCPROPERTYSINGLEVALUE('Spaces',$, IFCLABEL('200,021'),$);
#3710=IFCPROPERTYSET('2SpewyeF8Hwx4d0aAi40G6',#5, 'Pset_abstractBIM', 'Pset_abstractBIM', (#3706,#3707,#3708,#3709));
#3711=IFCRELDEFINESBYPROPERTIES('2Spf6WeF8Hwx4d0aAi40G6',#5,$,$,(#3705),#3710);
#3712=IFCQUANTITYLENGTH('NominalLength',$,#13, 5.1);
#3713=IFCQUANTITYLENGTH('NominalWidth',$,#13, 0.23);
#3714=IFCQUANTITYLENGTH('NominalHeight',$,#13, 3.0);
#3715=IFCQUANTITYAREA('GrossFootprintArea',$,#14, 1.173);
#3716=IFCQUANTITYAREA('NetFootprintArea',$,#14, 1.17);
#3717=IFCQUANTITYAREA('GrossSideArea',$,#14, 15.299999999999999);
#3718=IFCQUANTITYAREA('GrossSideVolume',$,#14, 3.51);
#3719=IFCELEMENTQUANTITY('2SpfV_eF8Hwx4d0aAi40G6',#5,'Pset_abstractBIMQuantityTakeOff',$,$,(#3712,#3713,#3714,#3715,#3716,#3717,#3718,#3709));
#3720=IFCRELDEFINESBYPROPERTIES('2SpfjQeF8Hwx4d0aAi40G6',#5,$,$,(#3705),#3719);
#3721=IFCLOCALPLACEMENT(#3489,#1128);
#3722=IFCPOLYLINE((#328,#1130));
#3723=IFCSHAPEREPRESENTATION(#11,'Axis','Curve2D',(#3722));
#3724=IFCPOLYLINE((#1133,#1134,#208,#209,#1133));
#3725=IFCARBITRARYCLOSEDPROFILEDEF(.AREA.,$,#3724);
#3726=IFCEXTRUDEDAREASOLID(#3725,#25,#23,3.0);
#3727=IFCSHAPEREPRESENTATION(#11,'Body','SweptSolid',(#3726));
#3728=IFCPRODUCTDEFINITIONSHAPE($,$,(#3723,#3727));
#3729=IFCWALLSTANDARDCASE('2SpgqMeF8Hwx4d0aAi40G6',#5,'Wall Interior',$,$,#3721,#3728,$);
#3730=IFCLOCALPLACEMENT(#3721,#1142);
#3731=IFCPOLYLINE((#1144,#1145,#1146,#1147,#1144));
#3732=IFCARBITRARYCLOSEDPROFILEDEF(.AREA.,$,#3731);
#3733=IFCEXTRUDEDAREASOLID(#3732,#25,#23,2.0);
#3734=IFCSHAPEREPRESENTATION(#11,'Body','SweptSolid',(#3733));
#3735=IFCPRODUCTDEFINITIONSHAPE($,$,(#3734));
#3736=IFCOPENINGELEMENT('2SphtEeF8Hwx4d0aAi40G6',#5,'Door Interior_op',$,$,#3730,#3735,'OPENING');
#3737=IFCRELVOIDSELEMENT('2Spi4MeF8Hwx4d0aAi40G6',#5,$,$,#3729,#3736);
#3738=IFCPROPERTYSINGLEVALUE('ExtendToStructure', 'ExtendToStructure', IFCBOOLEAN(.T.),$);
#3739=IFCPROPERTYSINGLEVALUE('IsExternal', 'IsExternal', IFCBOOLEAN(.F.),$);
#3740=IFCPROPERTYSINGLEVALUE('Reference',$, IFCLABEL('Wall Interior'),$);
#3741=IFCPROPERTYSINGLEVALUE('Spaces',$, IFCLABEL('212,210'),$);
#3742=IFCPROPERTYSET('2SpiNkeF8Hwx4d0aAi40G6',#5, 'Pset_abstractBIM', 'Pset_abstractBIM', (#3738,#3739,#3740,#3741));
#3743=IFCRELDEFINESBYPROPERTIES('2Spia4eF8Hwx4d0aAi40G6',#5,$,$,(#3729),#3742);
#3744=IFCQUANTITYLENGTH('NominalLength',$,#13, 3.7);
#3745=IFCQUANTITYLENGTH('NominalWidth',$,#13, 0.15);
#3746=IFCQUANTITYLENGTH('NominalHeight',$,#13, 3.0);
#3747=IFCQUANTITYAREA('GrossFootprintArea',$,#14, 0.555);
#3748=IFCQUANTITYAREA('NetFootprintArea',$,#14, 0.55);
#3749=IFCQUANTITYAREA('GrossSideArea',$,#14, 11.100000000000001);
#3750=IFCQUANTITYAREA('GrossSideVolume',$,#14, 1.6500000000000001);
#3751=IFCELEMENTQUANTITY('2SpizYeF8Hwx4d0aAi40G6',#5,'Pset_abstractBIMQuantityTakeOff',$,$,(#3744,#3745,#3746,#3747,#3748,#3749,#3750,#3741));
#3752=IFCRELDEFINESBYPROPERTIES('2SpjBSeF8Hwx4d0aAi40G6',#5,$,$,(#3729),#3751);
#3753=IFCLOCALPLACEMENT(#3489,#1041);
#3754=IFCPOLYLINE((#204,#2407));
#3755=IFCSHAPEREPRESENTATION(#11,'Axis','Curve2D',(#3754));
#3756=IFCPOLYLINE((#209,#2410,#2411,#208,#209));
#3757=IFCARBITRARYCLOSEDPROFILEDEF(.AREA.,$,#3756);
#3758=IFCEXTRUDEDAREASOLID(#3757,#25,#23,3.0);
#3759=IFCSHAPEREPRESENTATION(#11,'Body','SweptSolid',(#3758));
#3760=IFCPRODUCTDEFINITIONSHAPE($,$,(#3755,#3759));
#3761=IFCWALLSTANDARDCASE('2SpkJKeF8Hwx4d0aAi40G6',#5,'Wall Interior',$,$,#3753,#3760,$);
#3762=IFCCARTESIANPOINT((18.4895,0.0000,0.0000));
#3763=IFCAXIS2PLACEMENT3D(#3762,#23,#24);
#3764=IFCLOCALPLACEMENT(#3753,#3763);
#3765=IFCPOLYLINE((#2421,#2422,#2423,#2424,#2421));
#3766=IFCARBITRARYCLOSEDPROFILEDEF(.AREA.,$,#3765);
#3767=IFCEXTRUDEDAREASOLID(#3766,#25,#23,2.0);
#3768=IFCSHAPEREPRESENTATION(#11,'Body','SweptSolid',(#3767));
#3769=IFCPRODUCTDEFINITIONSHAPE($,$,(#3768));
#3770=IFCOPENINGELEMENT('2SplNceF8Hwx4d0aAi40G6',#5,'Door Interior_op',$,$,#3764,#3769,'OPENING');
#3771=IFCRELVOIDSELEMENT('2SplZyeF8Hwx4d0aAi40G6',#5,$,$,#3761,#3770);
#3772=IFCCARTESIANPOINT((15.1895,0.0000,0.0000));
#3773=IFCAXIS2PLACEMENT3D(#3772,#23,#24);
#3774=IFCLOCALPLACEMENT(#3753,#3773);
#3775=IFCPOLYLINE((#2421,#2422,#2423,#2424,#2421));
#3776=IFCARBITRARYCLOSEDPROFILEDEF(.AREA.,$,#3775);
#3777=IFCEXTRUDEDAREASOLID(#3776,#25,#23,2.0);
#3778=IFCSHAPEREPRESENTATION(#11,'Body','SweptSolid',(#3777));
#3779=IFCPRODUCTDEFINITIONSHAPE($,$,(#3778));
#3780=IFCOPENINGELEMENT('2SpmbGeF8Hwx4d0aAi40G6',#5,'Door Interior_op',$,$,#3774,#3779,'OPENING');
#3781=IFCRELVOIDSELEMENT('2SpmnIeF8Hwx4d0aAi40G6',#5,$,$,#3761,#3780);
#3782=IFCCARTESIANPOINT((11.8895,0.0000,0.0000));
#3783=IFCAXIS2PLACEMENT3D(#3782,#23,#24);
#3784=IFCLOCALPLACEMENT(#3753,#3783);
#3785=IFCPOLYLINE((#2421,#2422,#2423,#2424,#2421));
#3786=IFCARBITRARYCLOSEDPROFILEDEF(.AREA.,$,#3785);
#3787=IFCEXTRUDEDAREASOLID(#3786,#25,#23,2.0);
#3788=IFCSHAPEREPRESENTATION(#11,'Body','SweptSolid',(#3787));
#3789=IFCPRODUCTDEFINITIONSHAPE($,$,(#3788));
#3790=IFCOPENINGELEMENT('2SpnxMeF8Hwx4d0aAi40G6',#5,'Door Interior_op',$,$,#3784,#3789,'OPENING');
#3791=IFCRELVOIDSELEMENT('2Spo7ieF8Hwx4d0aAi40G6',#5,$,$,#3761,#3790);
#3792=IFCCARTESIANPOINT((8.5895,0.0000,0.0000));
#3793=IFCAXIS2PLACEMENT3D(#3792,#23,#24);
#3794=IFCLOCALPLACEMENT(#3753,#3793);
#3795=IFCPOLYLINE((#2421,#2422,#2423,#2424,#2421));
#3796=IFCARBITRARYCLOSEDPROFILEDEF(.AREA.,$,#3795);
#3797=IFCEXTRUDEDAREASOLID(#3796,#25,#23,2.0);
#3798=IFCSHAPEREPRESENTATION(#11,'Body','SweptSolid',(#3797));
#3799=IFCPRODUCTDEFINITIONSHAPE($,$,(#3798));
#3800=IFCOPENINGELEMENT('2Spp9eeF8Hwx4d0aAi40G6',#5,'Door Interior_op',$,$,#3794,#3799,'OPENING');
#3801=IFCRELVOIDSELEMENT('2SppLqeF8Hwx4d0aAi40G6',#5,$,$,#3761,#3800);
#3802=IFCLOCALPLACEMENT(#3753,#2433);
#3803=IFCPOLYLINE((#2421,#2422,#2423,#2424,#2421));
#3804=IFCARBITRARYCLOSEDPROFILEDEF(.AREA.,$,#3803);
#3805=IFCEXTRUDEDAREASOLID(#3804,#25,#23,2.0);
#3806=IFCSHAPEREPRESENTATION(#11,'Body','SweptSolid',(#3805));
#3807=IFCPRODUCTDEFINITIONSHAPE($,$,(#3806));
#3808=IFCOPENINGELEMENT('2SpqImeF8Hwx4d0aAi40G6',#5,'Door Interior_op',$,$,#3802,#3807,'OPENING');
#3809=IFCRELVOIDSELEMENT('2SpqUyeF8Hwx4d0aAi40G6',#5,$,$,#3761,#3808);
#3810=IFCPROPERTYSINGLEVALUE('ExtendToStructure', 'ExtendToStructure', IFCBOOLEAN(.T.),$);
#3811=IFCPROPERTYSINGLEVALUE('IsExternal', 'IsExternal', IFCBOOLEAN(.F.),$);
#3812=IFCPROPERTYSINGLEVALUE('Reference',$, IFCLABEL('Wall Interior'),$);
#3813=IFCPROPERTYSINGLEVALUE('Spaces',$, IFCLABEL('203,202,205,201,211,204,210'),$);
#3814=IFCPROPERTYSET('2Sp_JYeF8Hwx4d0aAi40G6',#5, 'Pset_abstractBIM', 'Pset_abstractBIM', (#3810,#3811,#3812,#3813));
#3815=IFCRELDEFINESBYPROPERTIES('2Sp_WMeF8Hwx4d0aAi40G6',#5,$,$,(#3761),#3814);
#3816=IFCQUANTITYLENGTH('NominalLength',$,#13, 19.29);
#3817=IFCQUANTITYLENGTH('NominalWidth',$,#13, 0.15);
#3818=IFCQUANTITYLENGTH('NominalHeight',$,#13, 3.0);
#3819=IFCQUANTITYAREA('GrossFootprintArea',$,#14, 2.8935);
#3820=IFCQUANTITYAREA('NetFootprintArea',$,#14, 2.89);
#3821=IFCQUANTITYAREA('GrossSideArea',$,#14, 57.87);
#3822=IFCQUANTITYAREA('GrossSideVolume',$,#14, 8.67);
#3823=IFCELEMENTQUANTITY('2Sp_uGeF8Hwx4d0aAi40G6',#5,'Pset_abstractBIMQuantityTakeOff',$,$,(#3816,#3817,#3818,#3819,#3820,#3821,#3822,#3813));
#3824=IFCRELDEFINESBYPROPERTIES('2Sp$5ieF8Hwx4d0aAi40G6',#5,$,$,(#3761),#3823);
#3825=IFCLOCALPLACEMENT(#3489,#296);
#3826=IFCPOLYLINE((#204,#298));
#3827=IFCSHAPEREPRESENTATION(#11,'Axis','Curve2D',(#3826));
#3828=IFCPOLYLINE((#239,#301,#302,#242,#239));
#3829=IFCARBITRARYCLOSEDPROFILEDEF(.AREA.,$,#3828);
#3830=IFCEXTRUDEDAREASOLID(#3829,#25,#23,3.0);
#3831=IFCSHAPEREPRESENTATION(#11,'Body','SweptSolid',(#3830));
#3832=IFCPRODUCTDEFINITIONSHAPE($,$,(#3827,#3831));
#3833=IFCWALLSTANDARDCASE('2Sq0EWeF8Hwx4d0aAi40G6',#5,'Wall Interior',$,$,#3825,#3832,$);
#3834=IFCPROPERTYSINGLEVALUE('ExtendToStructure', 'ExtendToStructure', IFCBOOLEAN(.T.),$);
#3835=IFCPROPERTYSINGLEVALUE('IsExternal', 'IsExternal', IFCBOOLEAN(.F.),$);
#3836=IFCPROPERTYSINGLEVALUE('Reference',$, IFCLABEL('Wall Interior'),$);
#3837=IFCPROPERTYSINGLEVALUE('Spaces',$, IFCLABEL('020,210'),$);
#3838=IFCPROPERTYSET('2Sq0Z8eF8Hwx4d0aAi40G6',#5, 'Pset_abstractBIM', 'Pset_abstractBIM', (#3834,#3835,#3836,#3837));
#3839=IFCRELDEFINESBYPROPERTIES('2Sq0kseF8Hwx4d0aAi40G6',#5,$,$,(#3833),#3838);
#3840=IFCQUANTITYLENGTH('NominalLength',$,#13, 1.57);
#3841=IFCQUANTITYLENGTH('NominalWidth',$,#13, 0.23);
#3842=IFCQUANTITYLENGTH('NominalHeight',$,#13, 3.0);
#3843=IFCQUANTITYAREA('GrossFootprintArea',$,#14, 0.36110000000000003);
#3844=IFCQUANTITYAREA('NetFootprintArea',$,#14, 0.36);
#3845=IFCQUANTITYAREA('GrossSideArea',$,#14, 4.71);
#3846=IFCQUANTITYAREA('GrossSideVolume',$,#14, 1.08);
#3847=IFCELEMENTQUANTITY('2Sq16ceF8Hwx4d0aAi40G6',#5,'Pset_abstractBIMQuantityTakeOff',$,$,(#3840,#3841,#3842,#3843,#3844,#3845,#3846,#3837));
#3848=IFCRELDEFINESBYPROPERTIES('2Sq1K2eF8Hwx4d0aAi40G6',#5,$,$,(#3833),#3847);
#3849=IFCCARTESIANPOINT((19.8670,5.2290,0.0000));
#3850=IFCAXIS2PLACEMENT3D(#3849,#23,#325);
#3851=IFCLOCALPLACEMENT(#3489,#3850);
#3852=IFCCARTESIANPOINT((5.4400,0.0000));
#3853=IFCPOLYLINE((#328,#3852));
#3854=IFCSHAPEREPRESENTATION(#11,'Axis','Curve2D',(#3853));
#3855=IFCCARTESIANPOINT((5.4400,-0.0750));
#3856=IFCCARTESIANPOINT((5.4400,0.0750));
#3857=IFCPOLYLINE((#3855,#3856,#208,#209,#3855));
#3858=IFCARBITRARYCLOSEDPROFILEDEF(.AREA.,$,#3857);
#3859=IFCEXTRUDEDAREASOLID(#3858,#25,#23,3.0);
#3860=IFCSHAPEREPRESENTATION(#11,'Body','SweptSolid',(#3859));
#3861=IFCPRODUCTDEFINITIONSHAPE($,$,(#3854,#3860));
#3862=IFCWALLSTANDARDCASE('2Sq2X4eF8Hwx4d0aAi40G6',#5,'Wall Interior',$,$,#3851,#3861,$);
#3863=IFCPROPERTYSINGLEVALUE('ExtendToStructure', 'ExtendToStructure', IFCBOOLEAN(.T.),$);
#3864=IFCPROPERTYSINGLEVALUE('IsExternal', 'IsExternal', IFCBOOLEAN(.F.),$);
#3865=IFCPROPERTYSINGLEVALUE('Reference',$, IFCLABEL('Wall Interior'),$);
#3866=IFCPROPERTYSINGLEVALUE('Spaces',$, IFCLABEL('202,201'),$);
#3867=IFCPROPERTYSET('2Sq2tGeF8Hwx4d0aAi40G6',#5, 'Pset_abstractBIM', 'Pset_abstractBIM', (#3863,#3864,#3865,#3866));
#3868=IFCRELDEFINESBYPROPERTIES('2Sq338eF8Hwx4d0aAi40G6',#5,$,$,(#3862),#3867);
#3869=IFCQUANTITYLENGTH('NominalLength',$,#13, 5.44);
#3870=IFCQUANTITYLENGTH('NominalWidth',$,#13, 0.15);
#3871=IFCQUANTITYLENGTH('NominalHeight',$,#13, 3.0);
#3872=IFCQUANTITYAREA('GrossFootprintArea',$,#14, 0.8160000000000001);
#3873=IFCQUANTITYAREA('NetFootprintArea',$,#14, 0.82);
#3874=IFCQUANTITYAREA('GrossSideArea',$,#14, 16.32);
#3875=IFCQUANTITYAREA('GrossSideVolume',$,#14, 2.46);
#3876=IFCELEMENTQUANTITY('2Sq3RgeF8Hwx4d0aAi40G6',#5,'Pset_abstractBIMQuantityTakeOff',$,$,(#3869,#3870,#3871,#3872,#3873,#3874,#3875,#3866));
#3877=IFCRELDEFINESBYPROPERTIES('2Sq3faeF8Hwx4d0aAi40G6',#5,$,$,(#3862),#3876);
#3878=IFCLOCALPLACEMENT(#3489,#2553);
#3879=IFCPOLYLINE((#328,#2555));
#3880=IFCSHAPEREPRESENTATION(#11,'Axis','Curve2D',(#3879));
#3881=IFCPOLYLINE((#2558,#2559,#273,#270,#2558));
#3882=IFCARBITRARYCLOSEDPROFILEDEF(.AREA.,$,#3881);
#3883=IFCEXTRUDEDAREASOLID(#3882,#25,#23,3.0);
#3884=IFCSHAPEREPRESENTATION(#11,'Body','SweptSolid',(#3883));
#3885=IFCPRODUCTDEFINITIONSHAPE($,$,(#3880,#3884));
#3886=IFCWALLSTANDARDCASE('2Sq4oEeF8Hwx4d0aAi40G6',#5,'Wall Interior',$,$,#3878,#3885,$);
#3887=IFCLOCALPLACEMENT(#3878,#2567);
#3888=IFCPOLYLINE((#1221,#1222,#1223,#1224,#1221));
#3889=IFCARBITRARYCLOSEDPROFILEDEF(.AREA.,$,#3888);
#3890=IFCEXTRUDEDAREASOLID(#3889,#25,#23,2.0);
#3891=IFCSHAPEREPRESENTATION(#11,'Body','SweptSolid',(#3890));
#3892=IFCPRODUCTDEFINITIONSHAPE($,$,(#3891));
#3893=IFCOPENINGELEMENT('2Sq5yceF8Hwx4d0aAi40G6',#5,'Door Interior_op',$,$,#3887,#3892,'OPENING');
#3894=IFCRELVOIDSELEMENT('2Sq68yeF8Hwx4d0aAi40G6',#5,$,$,#3886,#3893);
#3895=IFCPROPERTYSINGLEVALUE('ExtendToStructure', 'ExtendToStructure', IFCBOOLEAN(.T.),$);
#3896=IFCPROPERTYSINGLEVALUE('IsExternal', 'IsExternal', IFCBOOLEAN(.F.),$);
#3897=IFCPROPERTYSINGLEVALUE('Reference',$, IFCLABEL('Wall Interior'),$);
#3898=IFCPROPERTYSINGLEVALUE('Spaces',$, IFCLABEL('210,200,201,101'),$);
#3899=IFCPROPERTYSET('2Sq6SeeF8Hwx4d0aAi40G6',#5, 'Pset_abstractBIM', 'Pset_abstractBIM', (#3895,#3896,#3897,#3898));
#3900=IFCRELDEFINESBYPROPERTIES('2Sq6eMeF8Hwx4d0aAi40G6',#5,$,$,(#3886),#3899);
#3901=IFCQUANTITYLENGTH('NominalLength',$,#13, 13.14);
#3902=IFCQUANTITYLENGTH('NominalWidth',$,#13, 0.23);
#3903=IFCQUANTITYLENGTH('NominalHeight',$,#13, 3.0);
#3904=IFCQUANTITYAREA('GrossFootprintArea',$,#14, 3.0222);
#3905=IFCQUANTITYAREA('NetFootprintArea',$,#14, 3.02);
#3906=IFCQUANTITYAREA('GrossSideArea',$,#14, 39.42);
#3907=IFCQUANTITYAREA('GrossSideVolume',$,#14, 9.06);
#3908=IFCELEMENTQUANTITY('2Sq6$oeF8Hwx4d0aAi40G6',#5,'Pset_abstractBIMQuantityTakeOff',$,$,(#3901,#3902,#3903,#3904,#3905,#3906,#3907,#3898));
#3909=IFCRELDEFINESBYPROPERTIES('2Sq7DEeF8Hwx4d0aAi40G6',#5,$,$,(#3886),#3908);
#3910=IFCCARTESIANPOINT((29.7670,5.2290,0.0000));
#3911=IFCAXIS2PLACEMENT3D(#3910,#23,#325);
#3912=IFCLOCALPLACEMENT(#3489,#3911);
#3913=IFCPOLYLINE((#328,#3852));
#3914=IFCSHAPEREPRESENTATION(#11,'Axis','Curve2D',(#3913));
#3915=IFCPOLYLINE((#3855,#3856,#208,#209,#3855));
#3916=IFCARBITRARYCLOSEDPROFILEDEF(.AREA.,$,#3915);
#3917=IFCEXTRUDEDAREASOLID(#3916,#25,#23,3.0);
#3918=IFCSHAPEREPRESENTATION(#11,'Body','SweptSolid',(#3917));
#3919=IFCPRODUCTDEFINITIONSHAPE($,$,(#3914,#3918));
#3920=IFCWALLSTANDARDCASE('2Sq8NweF8Hwx4d0aAi40G6',#5,'Wall Interior',$,$,#3912,#3919,$);
#3921=IFCPROPERTYSINGLEVALUE('ExtendToStructure', 'ExtendToStructure', IFCBOOLEAN(.T.),$);
#3922=IFCPROPERTYSINGLEVALUE('IsExternal', 'IsExternal', IFCBOOLEAN(.F.),$);
#3923=IFCPROPERTYSINGLEVALUE('Reference',$, IFCLABEL('Wall Interior'),$);
#3924=IFCPROPERTYSINGLEVALUE('Spaces',$, IFCLABEL('204,205'),$);
#3925=IFCPROPERTYSET('2Sq8iseF8Hwx4d0aAi40G6',#5, 'Pset_abstractBIM', 'Pset_abstractBIM', (#3921,#3922,#3923,#3924));
#3926=IFCRELDEFINESBYPROPERTIES('2Sq8uaeF8Hwx4d0aAi40G6',#5,$,$,(#3920),#3925);
#3927=IFCQUANTITYLENGTH('NominalLength',$,#13, 5.44);
#3928=IFCQUANTITYLENGTH('NominalWidth',$,#13, 0.15);
#3929=IFCQUANTITYLENGTH('NominalHeight',$,#13, 3.0);
#3930=IFCQUANTITYAREA('GrossFootprintArea',$,#14, 0.8160000000000001);
#3931=IFCQUANTITYAREA('NetFootprintArea',$,#14, 0.82);
#3932=IFCQUANTITYAREA('GrossSideArea',$,#14, 16.32);
#3933=IFCQUANTITYAREA('GrossSideVolume',$,#14, 2.46);
#3934=IFCELEMENTQUANTITY('2Sq9GAeF8Hwx4d0aAi40G6',#5,'Pset_abstractBIMQuantityTakeOff',$,$,(#3927,#3928,#3929,#3930,#3931,#3932,#3933,#3924));
#3935=IFCRELDEFINESBYPROPERTIES('2Sq9TSeF8Hwx4d0aAi40G6',#5,$,$,(#3920),#3934);
#3936=IFCLOCALPLACEMENT(#3489,#385);
#3937=IFCPOLYLINE((#328,#387));
#3938=IFCSHAPEREPRESENTATION(#11,'Axis','Curve2D',(#3937));
#3939=IFCPOLYLINE((#390,#391,#273,#270,#390));
#3940=IFCARBITRARYCLOSEDPROFILEDEF(.AREA.,$,#3939);
#3941=IFCEXTRUDEDAREASOLID(#3940,#25,#23,3.0);
#3942=IFCSHAPEREPRESENTATION(#11,'Body','SweptSolid',(#3941));
#3943=IFCPRODUCTDEFINITIONSHAPE($,$,(#3938,#3942));
#3944=IFCWALLSTANDARDCASE('2SqAaseF8Hwx4d0aAi40G6',#5,'Wall Interior',$,$,#3936,#3943,$);
#3945=IFCLOCALPLACEMENT(#3936,#399);
#3946=IFCPOLYLINE((#401,#402,#403,#404,#401));
#3947=IFCARBITRARYCLOSEDPROFILEDEF(.AREA.,$,#3946);
#3948=IFCEXTRUDEDAREASOLID(#3947,#25,#23,2.0);
#3949=IFCSHAPEREPRESENTATION(#11,'Body','SweptSolid',(#3948));
#3950=IFCPRODUCTDEFINITIONSHAPE($,$,(#3949));
#3951=IFCOPENINGELEMENT('2SqBcUeF8Hwx4d0aAi40G6',#5,'Door Interior_op',$,$,#3945,#3950,'OPENING');
#3952=IFCRELVOIDSELEMENT('2SqBo_eF8Hwx4d0aAi40G6',#5,$,$,#3944,#3951);
#3953=IFCPROPERTYSINGLEVALUE('ExtendToStructure', 'ExtendToStructure', IFCBOOLEAN(.T.),$);
#3954=IFCPROPERTYSINGLEVALUE('IsExternal', 'IsExternal', IFCBOOLEAN(.F.),$);
#3955=IFCPROPERTYSINGLEVALUE('Reference',$, IFCLABEL('Wall Interior'),$);
#3956=IFCPROPERTYSINGLEVALUE('Spaces',$, IFCLABEL('020,022,210'),$);
#3957=IFCPROPERTYSET('2SqC62eF8Hwx4d0aAi40G6',#5, 'Pset_abstractBIM', 'Pset_abstractBIM', (#3953,#3954,#3955,#3956));
#3958=IFCRELDEFINESBYPROPERTIES('2SqCIieF8Hwx4d0aAi40G6',#5,$,$,(#3944),#3957);
#3959=IFCQUANTITYLENGTH('NominalLength',$,#13, 2.64);
#3960=IFCQUANTITYLENGTH('NominalWidth',$,#13, 0.23);
#3961=IFCQUANTITYLENGTH('NominalHeight',$,#13, 3.0);
#3962=IFCQUANTITYAREA('GrossFootprintArea',$,#14, 0.6072000000000001);
#3963=IFCQUANTITYAREA('NetFootprintArea',$,#14, 0.61);
#3964=IFCQUANTITYAREA('GrossSideArea',$,#14, 7.92);
#3965=IFCQUANTITYAREA('GrossSideVolume',$,#14, 1.83);
#3966=IFCELEMENTQUANTITY('2SqM$OeF8Hwx4d0aAi40G6',#5,'Pset_abstractBIMQuantityTakeOff',$,$,(#3959,#3960,#3961,#3962,#3963,#3964,#3965,#3956));
#3967=IFCRELDEFINESBYPROPERTIES('2SqNK0eF8Hwx4d0aAi40G6',#5,$,$,(#3944),#3966);
#3968=IFCLOCALPLACEMENT(#3489,#2514);
#3969=IFCPOLYLINE((#204,#2516));
#3970=IFCSHAPEREPRESENTATION(#11,'Axis','Curve2D',(#3969));
#3971=IFCPOLYLINE((#209,#2519,#2520,#208,#209));
#3972=IFCARBITRARYCLOSEDPROFILEDEF(.AREA.,$,#3971);
#3973=IFCEXTRUDEDAREASOLID(#3972,#25,#23,3.0);
#3974=IFCSHAPEREPRESENTATION(#11,'Body','SweptSolid',(#3973));
#3975=IFCPRODUCTDEFINITIONSHAPE($,$,(#3970,#3974));
#3976=IFCWALLSTANDARDCASE('2SqOdceF8Hwx4d0aAi40G6',#5,'Wall Interior',$,$,#3968,#3975,$);
#3977=IFCLOCALPLACEMENT(#3968,#2528);
#3978=IFCPOLYLINE((#2421,#2422,#2423,#2424,#2421));
#3979=IFCARBITRARYCLOSEDPROFILEDEF(.AREA.,$,#3978);
#3980=IFCEXTRUDEDAREASOLID(#3979,#25,#23,2.0);
#3981=IFCSHAPEREPRESENTATION(#11,'Body','SweptSolid',(#3980));
#3982=IFCPRODUCTDEFINITIONSHAPE($,$,(#3981));
#3983=IFCOPENINGELEMENT('2SqPm6eF8Hwx4d0aAi40G6',#5,'Door Interior_op',$,$,#3977,#3982,'OPENING');
#3984=IFCRELVOIDSELEMENT('2SqPz4eF8Hwx4d0aAi40G6',#5,$,$,#3976,#3983);
#3985=IFCPROPERTYSINGLEVALUE('ExtendToStructure', 'ExtendToStructure', IFCBOOLEAN(.T.),$);
#3986=IFCPROPERTYSINGLEVALUE('IsExternal', 'IsExternal', IFCBOOLEAN(.F.),$);
#3987=IFCPROPERTYSINGLEVALUE('Reference',$, IFCLABEL('Wall Interior'),$);
#3988=IFCPROPERTYSINGLEVALUE('Spaces',$, IFCLABEL('200,210'),$);
#3989=IFCPROPERTYSET('2SqQGweF8Hwx4d0aAi40G6',#5, 'Pset_abstractBIM', 'Pset_abstractBIM', (#3985,#3986,#3987,#3988));
#3990=IFCRELDEFINESBYPROPERTIES('2SqQSyeF8Hwx4d0aAi40G6',#5,$,$,(#3976),#3989);
#3991=IFCQUANTITYLENGTH('NominalLength',$,#13, 6.39);
#3992=IFCQUANTITYLENGTH('NominalWidth',$,#13, 0.15);
#3993=IFCQUANTITYLENGTH('NominalHeight',$,#13, 3.0);
#3994=IFCQUANTITYAREA('GrossFootprintArea',$,#14, 0.9584999999999999);
#3995=IFCQUANTITYAREA('NetFootprintArea',$,#14, 0.96);
#3996=IFCQUANTITYAREA('GrossSideArea',$,#14, 19.169999999999998);
#3997=IFCQUANTITYAREA('GrossSideVolume',$,#14, 2.88);
#3998=IFCELEMENTQUANTITY('2SqQreeF8Hwx4d0aAi40G6',#5,'Pset_abstractBIMQuantityTakeOff',$,$,(#3991,#3992,#3993,#3994,#3995,#3996,#3997,#3988));
#3999=IFCRELDEFINESBYPROPERTIES('2SqROUeF8Hwx4d0aAi40G6',#5,$,$,(#3976),#3998);
#4000=IFCCARTESIANPOINT((26.4670,5.2290,0.0000));
#4001=IFCAXIS2PLACEMENT3D(#4000,#23,#325);
#4002=IFCLOCALPLACEMENT(#3489,#4001);
#4003=IFCPOLYLINE((#328,#3852));
#4004=IFCSHAPEREPRESENTATION(#11,'Axis','Curve2D',(#4003));
#4005=IFCPOLYLINE((#3855,#3856,#208,#209,#3855));
#4006=IFCARBITRARYCLOSEDPROFILEDEF(.AREA.,$,#4005);
#4007=IFCEXTRUDEDAREASOLID(#4006,#25,#23,3.0);
#4008=IFCSHAPEREPRESENTATION(#11,'Body','SweptSolid',(#4007));
#4009=IFCPRODUCTDEFINITIONSHAPE($,$,(#4004,#4008));
#4010=IFCWALLSTANDARDCASE('2SqSeyeF8Hwx4d0aAi40G6',#5,'Wall Interior',$,$,#4002,#4009,$);
#4011=IFCPROPERTYSINGLEVALUE('ExtendToStructure', 'ExtendToStructure', IFCBOOLEAN(.T.),$);
#4012=IFCPROPERTYSINGLEVALUE('IsExternal', 'IsExternal', IFCBOOLEAN(.F.),$);
#4013=IFCPROPERTYSINGLEVALUE('Reference',$, IFCLABEL('Wall Interior'),$);
#4014=IFCPROPERTYSINGLEVALUE('Spaces',$, IFCLABEL('204,203'),$);
#4015=IFCPROPERTYSET('2SqS_CeF8Hwx4d0aAi40G6',#5, 'Pset_abstractBIM', 'Pset_abstractBIM', (#4011,#4012,#4013,#4014));
#4016=IFCRELDEFINESBYPROPERTIES('2SqTBeeF8Hwx4d0aAi40G6',#5,$,$,(#4010),#4015);
#4017=IFCQUANTITYLENGTH('NominalLength',$,#13, 5.44);
#4018=IFCQUANTITYLENGTH('NominalWidth',$,#13, 0.15);
#4019=IFCQUANTITYLENGTH('NominalHeight',$,#13, 3.0);
#4020=IFCQUANTITYAREA('GrossFootprintArea',$,#14, 0.8160000000000001);
#4021=IFCQUANTITYAREA('NetFootprintArea',$,#14, 0.82);
#4022=IFCQUANTITYAREA('GrossSideArea',$,#14, 16.32);
#4023=IFCQUANTITYAREA('GrossSideVolume',$,#14, 2.46);
#4024=IFCELEMENTQUANTITY('2SqTZseF8Hwx4d0aAi40G6',#5,'Pset_abstractBIMQuantityTakeOff',$,$,(#4017,#4018,#4019,#4020,#4021,#4022,#4023,#4014));
#4025=IFCRELDEFINESBYPROPERTIES('2SqTnIeF8Hwx4d0aAi40G6',#5,$,$,(#4010),#4024);
#4026=IFCCARTESIANPOINT((23.1670,5.2290,0.0000));
#4027=IFCAXIS2PLACEMENT3D(#4026,#23,#325);
#4028=IFCLOCALPLACEMENT(#3489,#4027);
#4029=IFCPOLYLINE((#328,#3852));
#4030=IFCSHAPEREPRESENTATION(#11,'Axis','Curve2D',(#4029));
#4031=IFCPOLYLINE((#3855,#3856,#208,#209,#3855));
#4032=IFCARBITRARYCLOSEDPROFILEDEF(.AREA.,$,#4031);
#4033=IFCEXTRUDEDAREASOLID(#4032,#25,#23,3.0);
#4034=IFCSHAPEREPRESENTATION(#11,'Body','SweptSolid',(#4033));
#4035=IFCPRODUCTDEFINITIONSHAPE($,$,(#4030,#4034));
#4036=IFCWALLSTANDARDCASE('2SqUy8eF8Hwx4d0aAi40G6',#5,'Wall Interior',$,$,#4028,#4035,$);
#4037=IFCPROPERTYSINGLEVALUE('ExtendToStructure', 'ExtendToStructure', IFCBOOLEAN(.T.),$);
#4038=IFCPROPERTYSINGLEVALUE('IsExternal', 'IsExternal', IFCBOOLEAN(.F.),$);
#4039=IFCPROPERTYSINGLEVALUE('Reference',$, IFCLABEL('Wall Interior'),$);
#4040=IFCPROPERTYSINGLEVALUE('Spaces',$, IFCLABEL('203,202'),$);
#4041=IFCPROPERTYSET('2SqVGweF8Hwx4d0aAi40G6',#5, 'Pset_abstractBIM', 'Pset_abstractBIM', (#4037,#4038,#4039,#4040));
#4042=IFCRELDEFINESBYPROPERTIES('2SqVSUeF8Hwx4d0aAi40G6',#5,$,$,(#4036),#4041);
#4043=IFCQUANTITYLENGTH('NominalLength',$,#13, 5.44);
#4044=IFCQUANTITYLENGTH('NominalWidth',$,#13, 0.15);
#4045=IFCQUANTITYLENGTH('NominalHeight',$,#13, 3.0);
#4046=IFCQUANTITYAREA('GrossFootprintArea',$,#14, 0.8160000000000001);
#4047=IFCQUANTITYAREA('NetFootprintArea',$,#14, 0.82);
#4048=IFCQUANTITYAREA('GrossSideArea',$,#14, 16.32);
#4049=IFCQUANTITYAREA('GrossSideVolume',$,#14, 2.46);
#4050=IFCELEMENTQUANTITY('2SqVpweF8Hwx4d0aAi40G6',#5,'Pset_abstractBIMQuantityTakeOff',$,$,(#4043,#4044,#4045,#4046,#4047,#4048,#4049,#4040));
#4051=IFCRELDEFINESBYPROPERTIES('2SqW2ceF8Hwx4d0aAi40G6',#5,$,$,(#4036),#4050);
#4052=IFCLOCALPLACEMENT(#3489,#573);
#4053=IFCPOLYLINE((#204,#358));
#4054=IFCSHAPEREPRESENTATION(#11,'Axis','Curve2D',(#4053));
#4055=IFCPOLYLINE((#270,#577,#578,#273,#270));
#4056=IFCARBITRARYCLOSEDPROFILEDEF(.AREA.,$,#4055);
#4057=IFCEXTRUDEDAREASOLID(#4056,#25,#23,3.0);
#4058=IFCSHAPEREPRESENTATION(#11,'Body','SweptSolid',(#4057));
#4059=IFCPRODUCTDEFINITIONSHAPE($,$,(#4054,#4058));
#4060=IFCWALLSTANDARDCASE('2SqXA0eF8Hwx4d0aAi40G6',#5,'Wall Interior',$,$,#4052,#4059,$);
#4061=IFCPROPERTYSINGLEVALUE('ExtendToStructure', 'ExtendToStructure', IFCBOOLEAN(.T.),$);
#4062=IFCPROPERTYSINGLEVALUE('IsExternal', 'IsExternal', IFCBOOLEAN(.F.),$);
#4063=IFCPROPERTYSINGLEVALUE('Reference',$, IFCLABEL('Wall Interior'),$);
#4064=IFCPROPERTYSINGLEVALUE('Spaces',$, IFCLABEL('020,022,021'),$);
#4065=IFCPROPERTYSET('2SqXVGeF8Hwx4d0aAi40G6',#5, 'Pset_abstractBIM', 'Pset_abstractBIM', (#4061,#4062,#4063,#4064));
#4066=IFCRELDEFINESBYPROPERTIES('2SqXhweF8Hwx4d0aAi40G6',#5,$,$,(#4060),#4065);
#4067=IFCQUANTITYLENGTH('NominalLength',$,#13, 1.8);
#4068=IFCQUANTITYLENGTH('NominalWidth',$,#13, 0.23);
#4069=IFCQUANTITYLENGTH('NominalHeight',$,#13, 3.0);
#4070=IFCQUANTITYAREA('GrossFootprintArea',$,#14, 0.41400000000000003);
#4071=IFCQUANTITYAREA('NetFootprintArea',$,#14, 0.41);
#4072=IFCQUANTITYAREA('GrossSideArea',$,#14, 5.4);
#4073=IFCQUANTITYAREA('GrossSideVolume',$,#14, 1.23);
#4074=IFCELEMENTQUANTITY('2SqY3_eF8Hwx4d0aAi40G6',#5,'Pset_abstractBIMQuantityTakeOff',$,$,(#4067,#4068,#4069,#4070,#4071,#4072,#4073,#4064));
#4075=IFCRELDEFINESBYPROPERTIES('2SqYIWeF8Hwx4d0aAi40G6',#5,$,$,(#4060),#4074);
#4076=IFCLOCALPLACEMENT(#3489,#356);
#4077=IFCPOLYLINE((#204,#298));
#4078=IFCSHAPEREPRESENTATION(#11,'Axis','Curve2D',(#4077));
#4079=IFCCARTESIANPOINT((1.5700,-0.0750));
#4080=IFCCARTESIANPOINT((1.5700,0.0750));
#4081=IFCPOLYLINE((#209,#4079,#4080,#208,#209));
#4082=IFCARBITRARYCLOSEDPROFILEDEF(.AREA.,$,#4081);
#4083=IFCEXTRUDEDAREASOLID(#4082,#25,#23,3.0);
#4084=IFCSHAPEREPRESENTATION(#11,'Body','SweptSolid',(#4083));
#4085=IFCPRODUCTDEFINITIONSHAPE($,$,(#4078,#4084));
#4086=IFCWALLSTANDARDCASE('2SqjEMeF8Hwx4d0aAi40G6',#5,'Wall Interior',$,$,#4076,#4085,$);
#4087=IFCPROPERTYSINGLEVALUE('ExtendToStructure', 'ExtendToStructure', IFCBOOLEAN(.T.),$);
#4088=IFCPROPERTYSINGLEVALUE('IsExternal', 'IsExternal', IFCBOOLEAN(.F.),$);
#4089=IFCPROPERTYSINGLEVALUE('Reference',$, IFCLABEL('Wall Interior'),$);
#4090=IFCPROPERTYSINGLEVALUE('Spaces',$, IFCLABEL('022,210'),$);
#4091=IFCPROPERTYSET('2SqjbyeF8Hwx4d0aAi40G6',#5, 'Pset_abstractBIM', 'Pset_abstractBIM', (#4087,#4088,#4089,#4090));
#4092=IFCRELDEFINESBYPROPERTIES('2SqjoSeF8Hwx4d0aAi40G6',#5,$,$,(#4086),#4091);
#4093=IFCQUANTITYLENGTH('NominalLength',$,#13, 1.57);
#4094=IFCQUANTITYLENGTH('NominalWidth',$,#13, 0.15);
#4095=IFCQUANTITYLENGTH('NominalHeight',$,#13, 3.0);
#4096=IFCQUANTITYAREA('GrossFootprintArea',$,#14, 0.2355);
#4097=IFCQUANTITYAREA('NetFootprintArea',$,#14, 0.24);
#4098=IFCQUANTITYAREA('GrossSideArea',$,#14, 4.71);
#4099=IFCQUANTITYAREA('GrossSideVolume',$,#14, 0.72);
#4100=IFCELEMENTQUANTITY('2SqkAqeF8Hwx4d0aAi40G6',#5,'Pset_abstractBIMQuantityTakeOff',$,$,(#4093,#4094,#4095,#4096,#4097,#4098,#4099,#4090));
#4101=IFCRELDEFINESBYPROPERTIES('2SqkOaeF8Hwx4d0aAi40G6',#5,$,$,(#4086),#4100);
#4102=IFCLOCALPLACEMENT(#3489,#1171);
#4103=IFCPOLYLINE((#328,#2672));
#4104=IFCSHAPEREPRESENTATION(#11,'Axis','Curve2D',(#4103));
#4105=IFCPOLYLINE((#2675,#2676,#208,#209,#2675));
#4106=IFCARBITRARYCLOSEDPROFILEDEF(.AREA.,$,#4105);
#4107=IFCEXTRUDEDAREASOLID(#4106,#25,#23,3.0);
#4108=IFCSHAPEREPRESENTATION(#11,'Body','SweptSolid',(#4107));
#4109=IFCPRODUCTDEFINITIONSHAPE($,$,(#4104,#4108));
#4110=IFCWALLSTANDARDCASE('2Sqlh4eF8Hwx4d0aAi40G6',#5,'Wall Interior',$,$,#4102,#4109,$);
#4111=IFCLOCALPLACEMENT(#4102,#1185);
#4112=IFCPOLYLINE((#1144,#1145,#1146,#1147,#1144));
#4113=IFCARBITRARYCLOSEDPROFILEDEF(.AREA.,$,#4112);
#4114=IFCEXTRUDEDAREASOLID(#4113,#25,#23,2.0);
#4115=IFCSHAPEREPRESENTATION(#11,'Body','SweptSolid',(#4114));
#4116=IFCPRODUCTDEFINITIONSHAPE($,$,(#4115));
#4117=IFCOPENINGELEMENT('2SqmjUeF8Hwx4d0aAi40G6',#5,'Door Interior_op',$,$,#4111,#4116,'OPENING');
#4118=IFCRELVOIDSELEMENT('2Sqmw8eF8Hwx4d0aAi40G6',#5,$,$,#4110,#4117);
#4119=IFCPROPERTYSINGLEVALUE('ExtendToStructure', 'ExtendToStructure', IFCBOOLEAN(.T.),$);
#4120=IFCPROPERTYSINGLEVALUE('IsExternal', 'IsExternal', IFCBOOLEAN(.F.),$);
#4121=IFCPROPERTYSINGLEVALUE('Reference',$, IFCLABEL('Wall Interior'),$);
#4122=IFCPROPERTYSINGLEVALUE('Spaces',$, IFCLABEL('211,210'),$);
#4123=IFCPROPERTYSET('2SqnDWeF8Hwx4d0aAi40G6',#5, 'Pset_abstractBIM', 'Pset_abstractBIM', (#4119,#4120,#4121,#4122));
#4124=IFCRELDEFINESBYPROPERTIES('2SqnPOeF8Hwx4d0aAi40G6',#5,$,$,(#4110),#4123);
#4125=IFCQUANTITYLENGTH('NominalLength',$,#13, 3.7);
#4126=IFCQUANTITYLENGTH('NominalWidth',$,#13, 0.15);
#4127=IFCQUANTITYLENGTH('NominalHeight',$,#13, 3.0);
#4128=IFCQUANTITYAREA('GrossFootprintArea',$,#14, 0.555);
#4129=IFCQUANTITYAREA('NetFootprintArea',$,#14, 0.55);
#4130=IFCQUANTITYAREA('GrossSideArea',$,#14, 11.100000000000001);
#4131=IFCQUANTITYAREA('GrossSideVolume',$,#14, 1.6500000000000001);
#4132=IFCELEMENTQUANTITY('2SqnnSeF8Hwx4d0aAi40G6',#5,'Pset_abstractBIMQuantityTakeOff',$,$,(#4125,#4126,#4127,#4128,#4129,#4130,#4131,#4122));
#4133=IFCRELDEFINESBYPROPERTIES('2Sqo0SeF8Hwx4d0aAi40G6',#5,$,$,(#4110),#4132);
#4134=IFCLOCALPLACEMENT(#3489,#1401);
#4135=IFCPOLYLINE((#204,#1403));
#4136=IFCSHAPEREPRESENTATION(#11,'Axis','Curve2D',(#4135));
#4137=IFCPOLYLINE((#209,#1406,#1407,#208,#209));
#4138=IFCARBITRARYCLOSEDPROFILEDEF(.AREA.,$,#4137);
#4139=IFCEXTRUDEDAREASOLID(#4138,#25,#23,3.0);
#4140=IFCSHAPEREPRESENTATION(#11,'Body','SweptSolid',(#4139));
#4141=IFCPRODUCTDEFINITIONSHAPE($,$,(#4136,#4140));
#4142=IFCWALLSTANDARDCASE('2Sqp96eF8Hwx4d0aAi40G6',#5,'Wall Interior',$,$,#4134,#4141,$);
#4143=IFCPROPERTYSINGLEVALUE('ExtendToStructure', 'ExtendToStructure', IFCBOOLEAN(.T.),$);
#4144=IFCPROPERTYSINGLEVALUE('IsExternal', 'IsExternal', IFCBOOLEAN(.F.),$);
#4145=IFCPROPERTYSINGLEVALUE('Reference',$, IFCLABEL('Wall Interior'),$);
#4146=IFCPROPERTYSINGLEVALUE('Spaces',$, IFCLABEL('212,211'),$);
#4147=IFCPROPERTYSET('2SqpUMeF8Hwx4d0aAi40G6',#5, 'Pset_abstractBIM', 'Pset_abstractBIM', (#4143,#4144,#4145,#4146));
#4148=IFCRELDEFINESBYPROPERTIES('2Sqpg4eF8Hwx4d0aAi40G6',#5,$,$,(#4142),#4147);
#4149=IFCQUANTITYLENGTH('NominalLength',$,#13, 4.1);
#4150=IFCQUANTITYLENGTH('NominalWidth',$,#13, 0.15);
#4151=IFCQUANTITYLENGTH('NominalHeight',$,#13, 3.0);
#4152=IFCQUANTITYAREA('GrossFootprintArea',$,#14, 0.6149999999999999);
#4153=IFCQUANTITYAREA('NetFootprintArea',$,#14, 0.62);
#4154=IFCQUANTITYAREA('GrossSideArea',$,#14, 12.299999999999999);
#4155=IFCQUANTITYAREA('GrossSideVolume',$,#14, 1.8599999999999999);
#4156=IFCELEMENTQUANTITY('2Sqq28eF8Hwx4d0aAi40G6',#5,'Pset_abstractBIMQuantityTakeOff',$,$,(#4149,#4150,#4151,#4152,#4153,#4154,#4155,#4146));
#4157=IFCRELDEFINESBYPROPERTIES('2SqqH8eF8Hwx4d0aAi40G6',#5,$,$,(#4142),#4156);
#4158=IFCLOCALPLACEMENT(#3489,#457);
#4159=IFCCARTESIANPOINT((4.2190,0.0000));
#4160=IFCPOLYLINE((#328,#4159));
#4161=IFCSHAPEREPRESENTATION(#11,'Axis','Curve2D',(#4160));
#4162=IFCCARTESIANPOINT((4.2190,-0.1150));
#4163=IFCCARTESIANPOINT((4.2190,0.1150));
#4164=IFCPOLYLINE((#4162,#4163,#273,#270,#4162));
#4165=IFCARBITRARYCLOSEDPROFILEDEF(.AREA.,$,#4164);
#4166=IFCEXTRUDEDAREASOLID(#4165,#25,#23,3.0);
#4167=IFCSHAPEREPRESENTATION(#11,'Body','SweptSolid',(#4166));
#4168=IFCPRODUCTDEFINITIONSHAPE($,$,(#4161,#4167));
#4169=IFCWALLSTANDARDCASE('2SqrRgeF8Hwx4d0aAi40G6',#5,'Wall Interior',$,$,#4158,#4168,$);
#4170=IFCPROPERTYSINGLEVALUE('ExtendToStructure', 'ExtendToStructure', IFCBOOLEAN(.T.),$);
#4171=IFCPROPERTYSINGLEVALUE('IsExternal', 'IsExternal', IFCBOOLEAN(.F.),$);
#4172=IFCPROPERTYSINGLEVALUE('Reference',$, IFCLABEL('Wall Interior'),$);
#4173=IFCPROPERTYSINGLEVALUE('Spaces',$, IFCLABEL('020,021,210'),$);
#4174=IFCPROPERTYSET('2SqrnseF8Hwx4d0aAi40G6',#5, 'Pset_abstractBIM', 'Pset_abstractBIM', (#4170,#4171,#4172,#4173));
#4175=IFCRELDEFINESBYPROPERTIES('2SqrzueF8Hwx4d0aAi40G6',#5,$,$,(#4169),#4174);
#4176=IFCQUANTITYLENGTH('NominalLength',$,#13, 4.22);
#4177=IFCQUANTITYLENGTH('NominalWidth',$,#13, 0.23);
#4178=IFCQUANTITYLENGTH('NominalHeight',$,#13, 3.0);
#4179=IFCQUANTITYAREA('GrossFootprintArea',$,#14, 0.9706);
#4180=IFCQUANTITYAREA('NetFootprintArea',$,#14, 0.97);
#4181=IFCQUANTITYAREA('GrossSideArea',$,#14, 12.66);
#4182=IFCQUANTITYAREA('GrossSideVolume',$,#14, 2.91);
#4183=IFCELEMENTQUANTITY('2SqsVAeF8Hwx4d0aAi40G6',#5,'Pset_abstractBIMQuantityTakeOff',$,$,(#4176,#4177,#4178,#4179,#4180,#4181,#4182,#4173));
#4184=IFCRELDEFINESBYPROPERTIES('2SqsjEeF8Hwx4d0aAi40G6',#5,$,$,(#4169),#4183);
#4185=IFCLOCALPLACEMENT(#3489,#630);
#4186=IFCPOLYLINE((#328,#632));
#4187=IFCSHAPEREPRESENTATION(#11,'Axis','Curve2D',(#4186));
#4188=IFCPOLYLINE((#635,#636,#637,#638,#635));
#4189=IFCARBITRARYCLOSEDPROFILEDEF(.AREA.,$,#4188);
#4190=IFCEXTRUDEDAREASOLID(#4189,#25,#23,3.0);
#4191=IFCSHAPEREPRESENTATION(#11,'Body','SweptSolid',(#4190));
#4192=IFCPRODUCTDEFINITIONSHAPE($,$,(#4187,#4191));
#4193=IFCWALLSTANDARDCASE('2SqtrkeF8Hwx4d0aAi40G6',#5,'Wall Exterior',$,$,#4185,#4192,$);
#4194=IFCLOCALPLACEMENT(#4185,#2900);
#4195=IFCPOLYLINE((#2902,#2903,#2904,#2905,#2902));
#4196=IFCARBITRARYCLOSEDPROFILEDEF(.AREA.,$,#4195);
#4197=IFCEXTRUDEDAREASOLID(#4196,#25,#23,2.2);
#4198=IFCSHAPEREPRESENTATION(#11,'Body','SweptSolid',(#4197));
#4199=IFCPRODUCTDEFINITIONSHAPE($,$,(#4198));
#4200=IFCOPENINGELEMENT('2Squu8eF8Hwx4d0aAi40G6',#5,'Window Exterior_op',$,$,#4194,#4199,'OPENING');
#4201=IFCRELVOIDSELEMENT('2Sqv4UeF8Hwx4d0aAi40G6',#5,$,$,#4193,#4200);
#4202=IFCLOCALPLACEMENT(#4185,#2934);
#4203=IFCPOLYLINE((#2902,#2903,#2904,#2905,#2902));
#4204=IFCARBITRARYCLOSEDPROFILEDEF(.AREA.,$,#4203);
#4205=IFCEXTRUDEDAREASOLID(#4204,#25,#23,2.2);
#4206=IFCSHAPEREPRESENTATION(#11,'Body','SweptSolid',(#4205));
#4207=IFCPRODUCTDEFINITIONSHAPE($,$,(#4206));
#4208=IFCOPENINGELEMENT('2Sqw1keF8Hwx4d0aAi40G6',#5,'Window Exterior_op',$,$,#4202,#4207,'OPENING');
#4209=IFCRELVOIDSELEMENT('2SqwE4eF8Hwx4d0aAi40G6',#5,$,$,#4193,#4208);
#4210=IFCLOCALPLACEMENT(#4185,#2924);
#4211=IFCPOLYLINE((#2902,#2903,#2904,#2905,#2902));
#4212=IFCARBITRARYCLOSEDPROFILEDEF(.AREA.,$,#4211);
#4213=IFCEXTRUDEDAREASOLID(#4212,#25,#23,2.2);
#4214=IFCSHAPEREPRESENTATION(#11,'Body','SweptSolid',(#4213));
#4215=IFCPRODUCTDEFINITIONSHAPE($,$,(#4214));
#4216=IFCOPENINGELEMENT('2Sr4oyeF8Hwx4d0aAi40G6',#5,'Window Exterior_op',$,$,#4210,#4215,'OPENING');
#4217=IFCRELVOIDSELEMENT('2Sr52QeF8Hwx4d0aAi40G6',#5,$,$,#4193,#4216);
#4218=IFCLOCALPLACEMENT(#4185,#2914);
#4219=IFCPOLYLINE((#2902,#2903,#2904,#2905,#2902));
#4220=IFCARBITRARYCLOSEDPROFILEDEF(.AREA.,$,#4219);
#4221=IFCEXTRUDEDAREASOLID(#4220,#25,#23,2.2);
#4222=IFCSHAPEREPRESENTATION(#11,'Body','SweptSolid',(#4221));
#4223=IFCPRODUCTDEFINITIONSHAPE($,$,(#4222));
#4224=IFCOPENINGELEMENT('2Sr67KeF8Hwx4d0aAi40G6',#5,'Window Exterior_op',$,$,#4218,#4223,'OPENING');
#4225=IFCRELVOIDSELEMENT('2Sr6KIeF8Hwx4d0aAi40G6',#5,$,$,#4193,#4224);
#4226=IFCLOCALPLACEMENT(#4185,#2944);
#4227=IFCPOLYLINE((#2946,#2947,#2948,#2949,#2946));
#4228=IFCARBITRARYCLOSEDPROFILEDEF(.AREA.,$,#4227);
#4229=IFCEXTRUDEDAREASOLID(#4228,#25,#23,2.2);
#4230=IFCSHAPEREPRESENTATION(#11,'Body','SweptSolid',(#4229));
#4231=IFCPRODUCTDEFINITIONSHAPE($,$,(#4230));
#4232=IFCOPENINGELEMENT('2Sr7cyeF8Hwx4d0aAi40G6',#5,'Window Exterior_op',$,$,#4226,#4231,'OPENING');
#4233=IFCRELVOIDSELEMENT('2Sr7qEeF8Hwx4d0aAi40G6',#5,$,$,#4193,#4232);
#4234=IFCLOCALPLACEMENT(#4185,#2958);
#4235=IFCPOLYLINE((#2946,#2947,#2948,#2949,#2946));
#4236=IFCARBITRARYCLOSEDPROFILEDEF(.AREA.,$,#4235);
#4237=IFCEXTRUDEDAREASOLID(#4236,#25,#23,2.2);
#4238=IFCSHAPEREPRESENTATION(#11,'Body','SweptSolid',(#4237));
#4239=IFCPRODUCTDEFINITIONSHAPE($,$,(#4238));
#4240=IFCOPENINGELEMENT('2Sr9ZeeF8Hwx4d0aAi40G6',#5,'Window Exterior_op',$,$,#4234,#4239,'OPENING');
#4241=IFCRELVOIDSELEMENT('2Sr9vMeF8Hwx4d0aAi40G6',#5,$,$,#4193,#4240);
#4242=IFCPROPERTYSINGLEVALUE('ExtendToStructure', 'ExtendToStructure', IFCBOOLEAN(.T.),$);
#4243=IFCPROPERTYSINGLEVALUE('IsExternal', 'IsExternal', IFCBOOLEAN(.T.),$);
#4244=IFCPROPERTYSINGLEVALUE('Reference',$, IFCLABEL('Wall Exterior'),$);
#4245=IFCPROPERTYSINGLEVALUE('Spaces',$, IFCLABEL('203,202,205,201,101,204'),$);
#4246=IFCPROPERTYSINGLEVALUE('Direction',$, IFCLABEL('90'),$);
#4247=IFCPROPERTYSET('2SrAGAeF8Hwx4d0aAi40G6',#5, 'Pset_abstractBIM', 'Pset_abstractBIM', (#4242,#4243,#4244,#4245,#4246));
#4248=IFCRELDEFINESBYPROPERTIES('2SrASMeF8Hwx4d0aAi40G6',#5,$,$,(#4193),#4247);
#4249=IFCQUANTITYLENGTH('NominalLength',$,#13, 32.84);
#4250=IFCQUANTITYLENGTH('NominalWidth',$,#13, 0.35);
#4251=IFCQUANTITYLENGTH('NominalHeight',$,#13, 3.0);
#4252=IFCQUANTITYAREA('GrossFootprintArea',$,#14, 11.494);
#4253=IFCQUANTITYAREA('NetFootprintArea',$,#14, 11.37);
#4254=IFCQUANTITYAREA('GrossSideArea',$,#14, 98.52000000000001);
#4255=IFCQUANTITYAREA('GrossSideVolume',$,#14, 34.11);
#4256=IFCELEMENTQUANTITY('2SrAzyeF8Hwx4d0aAi40G6',#5,'Pset_abstractBIMQuantityTakeOff',$,$,(#4249,#4250,#4251,#4252,#4253,#4254,#4255,#4246));
#4257=IFCRELDEFINESBYPROPERTIES('2SrBDkeF8Hwx4d0aAi40G6',#5,$,$,(#4193),#4256);
#4258=IFCLOCALPLACEMENT(#3489,#692);
#4259=IFCPOLYLINE((#204,#632));
#4260=IFCSHAPEREPRESENTATION(#11,'Axis','Curve2D',(#4259));
#4261=IFCPOLYLINE((#637,#638,#635,#636,#637));
#4262=IFCARBITRARYCLOSEDPROFILEDEF(.AREA.,$,#4261);
#4263=IFCEXTRUDEDAREASOLID(#4262,#25,#23,3.0);
#4264=IFCSHAPEREPRESENTATION(#11,'Body','SweptSolid',(#4263));
#4265=IFCPRODUCTDEFINITIONSHAPE($,$,(#4260,#4264));
#4266=IFCWALLSTANDARDCASE('2SrCOkeF8Hwx4d0aAi40G6',#5,'Wall Exterior',$,$,#4258,#4265,$);
#4267=IFCLOCALPLACEMENT(#4258,#2861);
#4268=IFCPOLYLINE((#2863,#2864,#2865,#2866,#2863));
#4269=IFCARBITRARYCLOSEDPROFILEDEF(.AREA.,$,#4268);
#4270=IFCEXTRUDEDAREASOLID(#4269,#25,#23,2.2);
#4271=IFCSHAPEREPRESENTATION(#11,'Body','SweptSolid',(#4270));
#4272=IFCPRODUCTDEFINITIONSHAPE($,$,(#4271));
#4273=IFCOPENINGELEMENT('2SrDP6eF8Hwx4d0aAi40G6',#5,'Window Exterior_op',$,$,#4267,#4272,'OPENING');
#4274=IFCRELVOIDSELEMENT('2SrDbSeF8Hwx4d0aAi40G6',#5,$,$,#4266,#4273);
#4275=IFCLOCALPLACEMENT(#4258,#2839);
#4276=IFCPOLYLINE((#2841,#2842,#2843,#2844,#2841));
#4277=IFCARBITRARYCLOSEDPROFILEDEF(.AREA.,$,#4276);
#4278=IFCEXTRUDEDAREASOLID(#4277,#25,#23,2.2);
#4279=IFCSHAPEREPRESENTATION(#11,'Body','SweptSolid',(#4278));
#4280=IFCPRODUCTDEFINITIONSHAPE($,$,(#4279));
#4281=IFCOPENINGELEMENT('2SrEb2eF8Hwx4d0aAi40G6',#5,'Window Exterior_op',$,$,#4275,#4280,'OPENING');
#4282=IFCRELVOIDSELEMENT('2SrEnOeF8Hwx4d0aAi40G6',#5,$,$,#4266,#4281);
#4283=IFCLOCALPLACEMENT(#4258,#1626);
#4284=IFCPOLYLINE((#1628,#1629,#1630,#1631,#1628));
#4285=IFCARBITRARYCLOSEDPROFILEDEF(.AREA.,$,#4284);
#4286=IFCEXTRUDEDAREASOLID(#4285,#25,#23,2.2);
#4287=IFCSHAPEREPRESENTATION(#11,'Body','SweptSolid',(#4286));
#4288=IFCPRODUCTDEFINITIONSHAPE($,$,(#4287));
#4289=IFCOPENINGELEMENT('2SrFkyeF8Hwx4d0aAi40G6',#5,'Window Exterior_op',$,$,#4283,#4288,'OPENING');
#4290=IFCRELVOIDSELEMENT('2SrFx8eF8Hwx4d0aAi40G6',#5,$,$,#4266,#4289);
#4291=IFCPROPERTYSINGLEVALUE('ExtendToStructure', 'ExtendToStructure', IFCBOOLEAN(.T.),$);
#4292=IFCPROPERTYSINGLEVALUE('IsExternal', 'IsExternal', IFCBOOLEAN(.T.),$);
#4293=IFCPROPERTYSINGLEVALUE('Reference',$, IFCLABEL('Wall Exterior'),$);
#4294=IFCPROPERTYSINGLEVALUE('Spaces',$, IFCLABEL('212,200,021,101,210'),$);
#4295=IFCPROPERTYSINGLEVALUE('Direction',$, IFCLABEL('-90'),$);
#4296=IFCPROPERTYSET('2SrGGYeF8Hwx4d0aAi40G6',#5, 'Pset_abstractBIM', 'Pset_abstractBIM', (#4291,#4292,#4293,#4294,#4295));
#4297=IFCRELDEFINESBYPROPERTIES('2SrGSaeF8Hwx4d0aAi40G6',#5,$,$,(#4266),#4296);
#4298=IFCQUANTITYLENGTH('NominalLength',$,#13, 32.84);
#4299=IFCQUANTITYLENGTH('NominalWidth',$,#13, 0.35);
#4300=IFCQUANTITYLENGTH('NominalHeight',$,#13, 3.0);
#4301=IFCQUANTITYAREA('GrossFootprintArea',$,#14, 11.494);
#4302=IFCQUANTITYAREA('NetFootprintArea',$,#14, 11.37);
#4303=IFCQUANTITYAREA('GrossSideArea',$,#14, 98.52000000000001);
#4304=IFCQUANTITYAREA('GrossSideVolume',$,#14, 34.11);
#4305=IFCELEMENTQUANTITY('2SrGqeeF8Hwx4d0aAi40G6',#5,'Pset_abstractBIMQuantityTakeOff',$,$,(#4298,#4299,#4300,#4301,#4302,#4303,#4304,#4295));
#4306=IFCRELDEFINESBYPROPERTIES('2SrH24eF8Hwx4d0aAi40G6',#5,$,$,(#4266),#4305);
#4307=IFCLOCALPLACEMENT(#3489,#662);
#4308=IFCPOLYLINE((#328,#664));
#4309=IFCSHAPEREPRESENTATION(#11,'Axis','Curve2D',(#4308));
#4310=IFCPOLYLINE((#637,#667,#668,#636,#637));
#4311=IFCARBITRARYCLOSEDPROFILEDEF(.AREA.,$,#4310);
#4312=IFCEXTRUDEDAREASOLID(#4311,#25,#23,3.0);
#4313=IFCSHAPEREPRESENTATION(#11,'Body','SweptSolid',(#4312));
#4314=IFCPRODUCTDEFINITIONSHAPE($,$,(#4309,#4313));
#4315=IFCWALLSTANDARDCASE('2SrIEyeF8Hwx4d0aAi40G6',#5,'Wall Exterior',$,$,#4307,#4314,$);
#4316=IFCPROPERTYSINGLEVALUE('ExtendToStructure', 'ExtendToStructure', IFCBOOLEAN(.T.),$);
#4317=IFCPROPERTYSINGLEVALUE('IsExternal', 'IsExternal', IFCBOOLEAN(.T.),$);
#4318=IFCPROPERTYSINGLEVALUE('Reference',$, IFCLABEL('Wall Exterior'),$);
#4319=IFCPROPERTYSINGLEVALUE('Spaces',$, IFCLABEL('101'),$);
#4320=IFCPROPERTYSINGLEVALUE('Direction',$, IFCLABEL('180'),$);
#4321=IFCPROPERTYSET('2SrIcYeF8Hwx4d0aAi40G6',#5, 'Pset_abstractBIM', 'Pset_abstractBIM', (#4316,#4317,#4318,#4319,#4320));
#4322=IFCRELDEFINESBYPROPERTIES('2SrIoaeF8Hwx4d0aAi40G6',#5,$,$,(#4315),#4321);
#4323=IFCQUANTITYLENGTH('NominalLength',$,#13, 13.84);
#4324=IFCQUANTITYLENGTH('NominalWidth',$,#13, 0.35);
#4325=IFCQUANTITYLENGTH('NominalHeight',$,#13, 3.0);
#4326=IFCQUANTITYAREA('GrossFootprintArea',$,#14, 4.843999999999999);
#4327=IFCQUANTITYAREA('NetFootprintArea',$,#14, 4.72);
#4328=IFCQUANTITYAREA('GrossSideArea',$,#14, 41.519999999999996);
#4329=IFCQUANTITYAREA('GrossSideVolume',$,#14, 14.16);
#4330=IFCELEMENTQUANTITY('2SrJBueF8Hwx4d0aAi40G6',#5,'Pset_abstractBIMQuantityTakeOff',$,$,(#4323,#4324,#4325,#4326,#4327,#4328,#4329,#4320));
#4331=IFCRELDEFINESBYPROPERTIES('2SrTL6eF8Hwx4d0aAi40G6',#5,$,$,(#4315),#4330);
#4332=IFCLOCALPLACEMENT(#3489,#719);
#4333=IFCPOLYLINE((#328,#664));
#4334=IFCSHAPEREPRESENTATION(#11,'Axis','Curve2D',(#4333));
#4335=IFCPOLYLINE((#723,#724,#725,#726,#723));
#4336=IFCARBITRARYCLOSEDPROFILEDEF(.AREA.,$,#4335);
#4337=IFCEXTRUDEDAREASOLID(#4336,#25,#23,3.0);
#4338=IFCSHAPEREPRESENTATION(#11,'Body','SweptSolid',(#4337));
#4339=IFCPRODUCTDEFINITIONSHAPE($,$,(#4334,#4338));
#4340=IFCWALLSTANDARDCASE('2SrUkoeF8Hwx4d0aAi40G6',#5,'Wall Exterior',$,$,#4332,#4339,$);
#4341=IFCLOCALPLACEMENT(#4332,#1718);
#4342=IFCPOLYLINE((#1720,#1721,#1722,#1723,#1720));
#4343=IFCARBITRARYCLOSEDPROFILEDEF(.AREA.,$,#4342);
#4344=IFCEXTRUDEDAREASOLID(#4343,#25,#23,1.0000000000000009);
#4345=IFCSHAPEREPRESENTATION(#11,'Body','SweptSolid',(#4344));
#4346=IFCPRODUCTDEFINITIONSHAPE($,$,(#4345));
#4347=IFCOPENINGELEMENT('2SrVy8eF8Hwx4d0aAi40G6',#5,'Window Exterior_op',$,$,#4341,#4346,'OPENING');
#4348=IFCRELVOIDSELEMENT('2SrWCEeF8Hwx4d0aAi40G6',#5,$,$,#4340,#4347);
#4349=IFCLOCALPLACEMENT(#4332,#1732);
#4350=IFCPOLYLINE((#1720,#1721,#1722,#1723,#1720));
#4351=IFCARBITRARYCLOSEDPROFILEDEF(.AREA.,$,#4350);
#4352=IFCEXTRUDEDAREASOLID(#4351,#25,#23,1.0000000000000009);
#4353=IFCSHAPEREPRESENTATION(#11,'Body','SweptSolid',(#4352));
#4354=IFCPRODUCTDEFINITIONSHAPE($,$,(#4353));
#4355=IFCOPENINGELEMENT('2SrXB_eF8Hwx4d0aAi40G6',#5,'Window Exterior_op',$,$,#4349,#4354,'OPENING');
#4356=IFCRELVOIDSELEMENT('2SrXOoeF8Hwx4d0aAi40G6',#5,$,$,#4340,#4355);
#4357=IFCLOCALPLACEMENT(#4332,#2788);
#4358=IFCPOLYLINE((#1537,#1538,#1539,#1540,#1537));
#4359=IFCARBITRARYCLOSEDPROFILEDEF(.AREA.,$,#4358);
#4360=IFCEXTRUDEDAREASOLID(#4359,#25,#23,2.2);
#4361=IFCSHAPEREPRESENTATION(#11,'Body','SweptSolid',(#4360));
#4362=IFCPRODUCTDEFINITIONSHAPE($,$,(#4361));
#4363=IFCOPENINGELEMENT('2SrYNSeF8Hwx4d0aAi40G6',#5,'Window Exterior_op',$,$,#4357,#4362,'OPENING');
#4364=IFCRELVOIDSELEMENT('2SrYZyeF8Hwx4d0aAi40G6',#5,$,$,#4340,#4363);
#4365=IFCPROPERTYSINGLEVALUE('ExtendToStructure', 'ExtendToStructure', IFCBOOLEAN(.T.),$);
#4366=IFCPROPERTYSINGLEVALUE('IsExternal', 'IsExternal', IFCBOOLEAN(.T.),$);
#4367=IFCPROPERTYSINGLEVALUE('Reference',$, IFCLABEL('Wall Exterior'),$);
#4368=IFCPROPERTYSINGLEVALUE('Spaces',$, IFCLABEL('212,211,205'),$);
#4369=IFCPROPERTYSINGLEVALUE('Direction',$, IFCLABEL('0'),$);
#4370=IFCPROPERTYSET('2SrYuueF8Hwx4d0aAi40G6',#5, 'Pset_abstractBIM', 'Pset_abstractBIM', (#4365,#4366,#4367,#4368,#4369));
#4371=IFCRELDEFINESBYPROPERTIES('2SrZ4meF8Hwx4d0aAi40G6',#5,$,$,(#4340),#4370);
#4372=IFCQUANTITYLENGTH('NominalLength',$,#13, 13.84);
#4373=IFCQUANTITYLENGTH('NominalWidth',$,#13, 0.35);
#4374=IFCQUANTITYLENGTH('NominalHeight',$,#13, 3.0);
#4375=IFCQUANTITYAREA('GrossFootprintArea',$,#14, 4.843999999999999);
#4376=IFCQUANTITYAREA('NetFootprintArea',$,#14, 4.72);
#4377=IFCQUANTITYAREA('GrossSideArea',$,#14, 41.519999999999996);
#4378=IFCQUANTITYAREA('GrossSideVolume',$,#14, 14.16);
#4379=IFCELEMENTQUANTITY('2SrZT8eF8Hwx4d0aAi40G6',#5,'Pset_abstractBIMQuantityTakeOff',$,$,(#4372,#4373,#4374,#4375,#4376,#4377,#4378,#4369));
#4380=IFCRELDEFINESBYPROPERTIES('2SrZiIeF8Hwx4d0aAi40G6',#5,$,$,(#4340),#4379);
#4381=IFCLOCALPLACEMENT(#3489,#3095);
#4382=IFCCARTESIANPOINT((16.4120,-2.8200));
#4383=IFCCARTESIANPOINT((16.4120,11.0190));
#4384=IFCPOLYLINE((#65,#1799,#4382,#4383,#784,#787,#1800,#1801,#137,#156,#1802,#113,#65));
#4385=IFCARBITRARYCLOSEDPROFILEDEF(.AREA.,$,#4384);
#4386=IFCEXTRUDEDAREASOLID(#4385,#25,#23,0.38);
#4387=IFCSHAPEREPRESENTATION(#11,'Body','SweptSolid',(#4386));
#4388=IFCPRODUCTDEFINITIONSHAPE($,$,(#4387));
#4389=IFCSLAB('2SravAeF8Hwx4d0aAi40G6',#5,'Slab Interior',$,'Slab Interior',#4381,#4388,$,.FLOOR.);
#4390=IFCQUANTITYLENGTH('NominalWidth',$,#13, 0.38);
#4391=IFCQUANTITYLENGTH('Perimeter',$,#13, 81.92);
#4392=IFCQUANTITYAREA('GrossFootprintArea',$,#14, 251.84);
#4393=IFCQUANTITYVOLUME('GrossVolume',$,#15, 95.6992);
#4394=IFCQUANTITYVOLUME('NetVolume',$,#15, 95.6992);
#4395=IFCELEMENTQUANTITY('2SrbTQeF8Hwx4d0aAi40G6',#5,'Pset_abstractBIMQuantityTakeOff',$,$,(#4390,#4391,#4392,#4393,#4394));
#4396=IFCRELDEFINESBYPROPERTIES('2Srbr0eF8Hwx4d0aAi40G6',#5,$,$,(#4389),#4395);
#4397=IFCPROPERTYSINGLEVALUE('Reference',$, IFCLABEL('FLOOR'),$);
#4398=IFCPROPERTYSET('2Src2weF8Hwx4d0aAi40G6',#5, 'Pset_abstractBIM', 'Pset_abstractBIM', (#4397));
#4399=IFCRELDEFINESBYPROPERTIES('2SrcEAeF8Hwx4d0aAi40G6',#5,$,$,(#4389),#4398);
#4400=IFCLOCALPLACEMENT(#4102,#1185);
#4401=IFCPOLYLINE((#1897,#1898,#1899,#1900,#1897));
#4402=IFCARBITRARYCLOSEDPROFILEDEF(.AREA.,$,#4401);
#4403=IFCEXTRUDEDAREASOLID(#4402,#25,#23,2.0);
#4404=IFCSHAPEREPRESENTATION(#11,'Body','SweptSolid',(#4403));
#4405=IFCPRODUCTDEFINITIONSHAPE($,$,(#4404));
#4406=IFCDOOR('2SrdCMeF8Hwx4d0aAi40G6',#5,'Door Interior',$,$,#4400,#4405,$,$,$);
#4407=IFCQUANTITYLENGTH('AverageHeight',$,#13, 2.0);
#4408=IFCQUANTITYLENGTH('Length',$,#13, 0.9000000000000005);
#4409=IFCQUANTITYAREA('Area',$,#14, 1.800000000000001);
#4410=IFCELEMENTQUANTITY('2SrdVGeF8Hwx4d0aAi40G6',#5,'Pset_abstractBIMQuantityTakeOff',$,$,(#4407,#4408,#4409));
#4411=IFCRELDEFINESBYPROPERTIES('2SrdiYeF8Hwx4d0aAi40G6',#5,$,$,(#4406),#4410);
#4412=IFCPROPERTYSINGLEVALUE('Spaces',$, IFCLABEL(''),$);
#4413=IFCPROPERTYSINGLEVALUE('IsExternal', 'IsExternal', IFCBOOLEAN(.F.),$);
#4414=IFCPROPERTYSINGLEVALUE('Reference',$, IFCLABEL('Door Interior'),$);
#4415=IFCPROPERTYSET('2Sre9weF8Hwx4d0aAi40G6',#5, 'Pset_DoorCommon', 'Pset_DoorCommon', (#4412,#4413,#4414));
#4416=IFCRELDEFINESBYPROPERTIES('2SreNCeF8Hwx4d0aAi40G6',#5,$,$,(#4406),#4415);
#4417=IFCRELFILLSELEMENT('2SreX_eF8Hwx4d0aAi40G6',#5, $, $, #4117, #4406);
#4418=IFCLOCALPLACEMENT(#3721,#1142);
#4419=IFCPOLYLINE((#1897,#1898,#1899,#1900,#1897));
#4420=IFCARBITRARYCLOSEDPROFILEDEF(.AREA.,$,#4419);
#4421=IFCEXTRUDEDAREASOLID(#4420,#25,#23,2.0);
#4422=IFCSHAPEREPRESENTATION(#11,'Body','SweptSolid',(#4421));
#4423=IFCPRODUCTDEFINITIONSHAPE($,$,(#4422));
#4424=IFCDOOR('2SrfOqeF8Hwx4d0aAi40G6',#5,'Door Interior',$,$,#4418,#4423,$,$,$);
#4425=IFCQUANTITYLENGTH('AverageHeight',$,#13, 2.0);
#4426=IFCQUANTITYLENGTH('Length',$,#13, 0.9);
#4427=IFCQUANTITYAREA('Area',$,#14, 1.8);
#4428=IFCELEMENTQUANTITY('2Srfh6eF8Hwx4d0aAi40G6',#5,'Pset_abstractBIMQuantityTakeOff',$,$,(#4425,#4426,#4427));
#4429=IFCRELDEFINESBYPROPERTIES('2Srfu4eF8Hwx4d0aAi40G6',#5,$,$,(#4424),#4428);
#4430=IFCPROPERTYSINGLEVALUE('Spaces',$, IFCLABEL(''),$);
#4431=IFCPROPERTYSINGLEVALUE('IsExternal', 'IsExternal', IFCBOOLEAN(.F.),$);
#4432=IFCPROPERTYSINGLEVALUE('Reference',$, IFCLABEL('Door Interior'),$);
#4433=IFCPROPERTYSET('2SrgJGeF8Hwx4d0aAi40G6',#5, 'Pset_DoorCommon', 'Pset_DoorCommon', (#4430,#4431,#4432));
#4434=IFCRELDEFINESBYPROPERTIES('2SrgVSeF8Hwx4d0aAi40G6',#5,$,$,(#4424),#4433);
#4435=IFCRELFILLSELEMENT('2SrgfweF8Hwx4d0aAi40G6',#5, $, $, #3736, #4424);
#4436=IFCLOCALPLACEMENT(#3878,#2567);
#4437=IFCPOLYLINE((#1852,#1853,#1854,#1855,#1852));
#4438=IFCARBITRARYCLOSEDPROFILEDEF(.AREA.,$,#4437);
#4439=IFCEXTRUDEDAREASOLID(#4438,#25,#23,2.0);
#4440=IFCSHAPEREPRESENTATION(#11,'Body','SweptSolid',(#4439));
#4441=IFCPRODUCTDEFINITIONSHAPE($,$,(#4440));
#4442=IFCDOOR('2SrhW8eF8Hwx4d0aAi40G6',#5,'Door Interior',$,$,#4436,#4441,$,$,$);
#4443=IFCQUANTITYLENGTH('AverageHeight',$,#13, 2.0);
#4444=IFCQUANTITYLENGTH('Length',$,#13, 2.0);
#4445=IFCQUANTITYAREA('Area',$,#14, 4.0);
#4446=IFCELEMENTQUANTITY('2SrrRceF8Hwx4d0aAi40G6',#5,'Pset_abstractBIMQuantityTakeOff',$,$,(#4443,#4444,#4445));
#4447=IFCRELDEFINESBYPROPERTIES('2Srrj6eF8Hwx4d0aAi40G6',#5,$,$,(#4442),#4446);
#4448=IFCPROPERTYSINGLEVALUE('Spaces',$, IFCLABEL(''),$);
#4449=IFCPROPERTYSINGLEVALUE('IsExternal', 'IsExternal', IFCBOOLEAN(.F.),$);
#4450=IFCPROPERTYSINGLEVALUE('Reference',$, IFCLABEL('Door Interior'),$);
#4451=IFCPROPERTYSET('2SrsImeF8Hwx4d0aAi40G6',#5, 'Pset_DoorCommon', 'Pset_DoorCommon', (#4448,#4449,#4450));
#4452=IFCRELDEFINESBYPROPERTIES('2SrsVkeF8Hwx4d0aAi40G6',#5,$,$,(#4442),#4451);
#4453=IFCRELFILLSELEMENT('2SrsgWeF8Hwx4d0aAi40G6',#5, $, $, #3893, #4442);
#4454=IFCLOCALPLACEMENT(#3753,#3763);
#4455=IFCPOLYLINE((#3132,#3133,#3134,#3135,#3132));
#4456=IFCARBITRARYCLOSEDPROFILEDEF(.AREA.,$,#4455);
#4457=IFCEXTRUDEDAREASOLID(#4456,#25,#23,2.0);
#4458=IFCSHAPEREPRESENTATION(#11,'Body','SweptSolid',(#4457));
#4459=IFCPRODUCTDEFINITIONSHAPE($,$,(#4458));
#4460=IFCDOOR('2SrtcCeF8Hwx4d0aAi40G6',#5,'Door Interior',$,$,#4454,#4459,$,$,$);
#4461=IFCQUANTITYLENGTH('AverageHeight',$,#13, 2.0);
#4462=IFCQUANTITYLENGTH('Length',$,#13, 1.0);
#4463=IFCQUANTITYAREA('Area',$,#14, 2.0);
#4464=IFCELEMENTQUANTITY('2SrtuAeF8Hwx4d0aAi40G6',#5,'Pset_abstractBIMQuantityTakeOff',$,$,(#4461,#4462,#4463));
#4465=IFCRELDEFINESBYPROPERTIES('2Sru5IeF8Hwx4d0aAi40G6',#5,$,$,(#4460),#4464);
#4466=IFCPROPERTYSINGLEVALUE('Spaces',$, IFCLABEL(''),$);
#4467=IFCPROPERTYSINGLEVALUE('IsExternal', 'IsExternal', IFCBOOLEAN(.F.),$);
#4468=IFCPROPERTYSINGLEVALUE('Reference',$, IFCLABEL('Door Interior'),$);
#4469=IFCPROPERTYSET('2Srv8UeF8Hwx4d0aAi40G6',#5, 'Pset_DoorCommon', 'Pset_DoorCommon', (#4466,#4467,#4468));
#4470=IFCRELDEFINESBYPROPERTIES('2SrvLmeF8Hwx4d0aAi40G6',#5,$,$,(#4460),#4469);
#4471=IFCRELFILLSELEMENT('2SrvWseF8Hwx4d0aAi40G6',#5, $, $, #3770, #4460);
#4472=IFCLOCALPLACEMENT(#3753,#3773);
#4473=IFCPOLYLINE((#3132,#3133,#3134,#3135,#3132));
#4474=IFCARBITRARYCLOSEDPROFILEDEF(.AREA.,$,#4473);
#4475=IFCEXTRUDEDAREASOLID(#4474,#25,#23,2.0);
#4476=IFCSHAPEREPRESENTATION(#11,'Body','SweptSolid',(#4475));
#4477=IFCPRODUCTDEFINITIONSHAPE($,$,(#4476));
#4478=IFCDOOR('2SrwOUeF8Hwx4d0aAi40G6',#5,'Door Interior',$,$,#4472,#4477,$,$,$);
#4479=IFCQUANTITYLENGTH('AverageHeight',$,#13, 2.0);
#4480=IFCQUANTITYLENGTH('Length',$,#13, 1.0);
#4481=IFCQUANTITYAREA('Area',$,#14, 2.0);
#4482=IFCELEMENTQUANTITY('2SrwlweF8Hwx4d0aAi40G6',#5,'Pset_abstractBIMQuantityTakeOff',$,$,(#4479,#4480,#4481));
#4483=IFCRELDEFINESBYPROPERTIES('2Srw_meF8Hwx4d0aAi40G6',#5,$,$,(#4478),#4482);
#4484=IFCPROPERTYSINGLEVALUE('Spaces',$, IFCLABEL(''),$);
#4485=IFCPROPERTYSINGLEVALUE('IsExternal', 'IsExternal', IFCBOOLEAN(.F.),$);
#4486=IFCPROPERTYSINGLEVALUE('Reference',$, IFCLABEL('Door Interior'),$);
#4487=IFCPROPERTYSET('2Srxg_eF8Hwx4d0aAi40G6',#5, 'Pset_DoorCommon', 'Pset_DoorCommon', (#4484,#4485,#4486));
#4488=IFCRELDEFINESBYPROPERTIES('2SrxtKeF8Hwx4d0aAi40G6',#5,$,$,(#4478),#4487);
#4489=IFCRELFILLSELEMENT('2Sry1oeF8Hwx4d0aAi40G6',#5, $, $, #3780, #4478);
#4490=IFCLOCALPLACEMENT(#3753,#3783);
#4491=IFCPOLYLINE((#3132,#3133,#3134,#3135,#3132));
#4492=IFCARBITRARYCLOSEDPROFILEDEF(.AREA.,$,#4491);
#4493=IFCEXTRUDEDAREASOLID(#4492,#25,#23,2.0);
#4494=IFCSHAPEREPRESENTATION(#11,'Body','SweptSolid',(#4493));
#4495=IFCPRODUCTDEFINITIONSHAPE($,$,(#4494));
#4496=IFCDOOR('2SrywMeF8Hwx4d0aAi40G6',#5,'Door Interior',$,$,#4490,#4495,$,$,$);
#4497=IFCQUANTITYLENGTH('AverageHeight',$,#13, 2.0);
#4498=IFCQUANTITYLENGTH('Length',$,#13, 1.0);
#4499=IFCQUANTITYAREA('Area',$,#14, 2.0);
#4500=IFCELEMENTQUANTITY('2SrzCAeF8Hwx4d0aAi40G6',#5,'Pset_abstractBIMQuantityTakeOff',$,$,(#4497,#4498,#4499));
#4501=IFCRELDEFINESBYPROPERTIES('2SrzP8eF8Hwx4d0aAi40G6',#5,$,$,(#4496),#4500);
#4502=IFCPROPERTYSINGLEVALUE('Spaces',$, IFCLABEL(''),$);
#4503=IFCPROPERTYSINGLEVALUE('IsExternal', 'IsExternal', IFCBOOLEAN(.F.),$);
#4504=IFCPROPERTYSINGLEVALUE('Reference',$, IFCLABEL('Door Interior'),$);
#4505=IFCPROPERTYSET('2Sr_gieF8Hwx4d0aAi40G6',#5, 'Pset_DoorCommon', 'Pset_DoorCommon', (#4502,#4503,#4504));
#4506=IFCRELDEFINESBYPROPERTIES('2Sr_u8eF8Hwx4d0aAi40G6',#5,$,$,(#4496),#4505);
#4507=IFCRELFILLSELEMENT('2Sr$2ceF8Hwx4d0aAi40G6',#5, $, $, #3790, #4496);
#4508=IFCLOCALPLACEMENT(#3753,#3793);
#4509=IFCPOLYLINE((#3132,#3133,#3134,#3135,#3132));
#4510=IFCARBITRARYCLOSEDPROFILEDEF(.AREA.,$,#4509);
#4511=IFCEXTRUDEDAREASOLID(#4510,#25,#23,2.0);
#4512=IFCSHAPEREPRESENTATION(#11,'Body','SweptSolid',(#4511));
#4513=IFCPRODUCTDEFINITIONSHAPE($,$,(#4512));
#4514=IFCDOOR('2Sr$xUeF8Hwx4d0aAi40G6',#5,'Door Interior',$,$,#4508,#4513,$,$,$);
#4515=IFCQUANTITYLENGTH('AverageHeight',$,#13, 2.0);
#4516=IFCQUANTITYLENGTH('Length',$,#13, 1.0);
#4517=IFCQUANTITYAREA('Area',$,#14, 2.0);
#4518=IFCELEMENTQUANTITY('2Ss0DIeF8Hwx4d0aAi40G6',#5,'Pset_abstractBIMQuantityTakeOff',$,$,(#4515,#4516,#4517));
#4519=IFCRELDEFINESBYPROPERTIES('2Ss0Q6eF8Hwx4d0aAi40G6',#5,$,$,(#4514),#4518);
#4520=IFCPROPERTYSINGLEVALUE('Spaces',$, IFCLABEL(''),$);
#4521=IFCPROPERTYSINGLEVALUE('IsExternal', 'IsExternal', IFCBOOLEAN(.F.),$);
#4522=IFCPROPERTYSINGLEVALUE('Reference',$, IFCLABEL('Door Interior'),$);
#4523=IFCPROPERTYSET('2Ss16UeF8Hwx4d0aAi40G6',#5, 'Pset_DoorCommon', 'Pset_DoorCommon', (#4520,#4521,#4522));
#4524=IFCRELDEFINESBYPROPERTIES('2Ss1IWeF8Hwx4d0aAi40G6',#5,$,$,(#4514),#4523);
#4525=IFCRELFILLSELEMENT('2Ss1SqeF8Hwx4d0aAi40G6',#5, $, $, #3800, #4514);
#4526=IFCLOCALPLACEMENT(#3753,#2433);
#4527=IFCPOLYLINE((#3132,#3133,#3134,#3135,#3132));
#4528=IFCARBITRARYCLOSEDPROFILEDEF(.AREA.,$,#4527);
#4529=IFCEXTRUDEDAREASOLID(#4528,#25,#23,2.0);
#4530=IFCSHAPEREPRESENTATION(#11,'Body','SweptSolid',(#4529));
#4531=IFCPRODUCTDEFINITIONSHAPE($,$,(#4530));
#4532=IFCDOOR('2Ss2LOeF8Hwx4d0aAi40G6',#5,'Door Interior',$,$,#4526,#4531,$,$,$);
#4533=IFCQUANTITYLENGTH('AverageHeight',$,#13, 2.0);
#4534=IFCQUANTITYLENGTH('Length',$,#13, 1.0);
#4535=IFCQUANTITYAREA('Area',$,#14, 2.0);
#4536=IFCELEMENTQUANTITY('2Ss2dWeF8Hwx4d0aAi40G6',#5,'Pset_abstractBIMQuantityTakeOff',$,$,(#4533,#4534,#4535));
#4537=IFCRELDEFINESBYPROPERTIES('2Ss2qUeF8Hwx4d0aAi40G6',#5,$,$,(#4532),#4536);
#4538=IFCPROPERTYSINGLEVALUE('Spaces',$, IFCLABEL(''),$);
#4539=IFCPROPERTYSINGLEVALUE('IsExternal', 'IsExternal', IFCBOOLEAN(.F.),$);
#4540=IFCPROPERTYSINGLEVALUE('Reference',$, IFCLABEL('Door Interior'),$);
#4541=IFCPROPERTYSET('2Ss3VIeF8Hwx4d0aAi40G6',#5, 'Pset_DoorCommon', 'Pset_DoorCommon', (#4538,#4539,#4540));
#4542=IFCRELDEFINESBYPROPERTIES('2Ss3iueF8Hwx4d0aAi40G6',#5,$,$,(#4532),#4541);
#4543=IFCRELFILLSELEMENT('2Ss3uSeF8Hwx4d0aAi40G6',#5, $, $, #3808, #4532);
#4544=IFCLOCALPLACEMENT(#3968,#2528);
#4545=IFCPOLYLINE((#3132,#3133,#3134,#3135,#3132));
#4546=IFCARBITRARYCLOSEDPROFILEDEF(.AREA.,$,#4545);
#4547=IFCEXTRUDEDAREASOLID(#4546,#25,#23,2.0);
#4548=IFCSHAPEREPRESENTATION(#11,'Body','SweptSolid',(#4547));
#4549=IFCPRODUCTDEFINITIONSHAPE($,$,(#4548));
#4550=IFCDOOR('2SsEWweF8Hwx4d0aAi40G6',#5,'Door Interior',$,$,#4544,#4549,$,$,$);
#4551=IFCQUANTITYLENGTH('AverageHeight',$,#13, 2.0);
#4552=IFCQUANTITYLENGTH('Length',$,#13, 1.0);
#4553=IFCQUANTITYAREA('Area',$,#14, 2.0);
#4554=IFCELEMENTQUANTITY('2SsErYeF8Hwx4d0aAi40G6',#5,'Pset_abstractBIMQuantityTakeOff',$,$,(#4551,#4552,#4553));
#4555=IFCRELDEFINESBYPROPERTIES('2SsF3SeF8Hwx4d0aAi40G6',#5,$,$,(#4550),#4554);
#4556=IFCPROPERTYSINGLEVALUE('Spaces',$, IFCLABEL(''),$);
#4557=IFCPROPERTYSINGLEVALUE('IsExternal', 'IsExternal', IFCBOOLEAN(.F.),$);
#4558=IFCPROPERTYSINGLEVALUE('Reference',$, IFCLABEL('Door Interior'),$);
#4559=IFCPROPERTYSET('2SsFVueF8Hwx4d0aAi40G6',#5, 'Pset_DoorCommon', 'Pset_DoorCommon', (#4556,#4557,#4558));
#4560=IFCRELDEFINESBYPROPERTIES('2SsFiYeF8Hwx4d0aAi40G6',#5,$,$,(#4550),#4559);
#4561=IFCRELFILLSELEMENT('2SsFtKeF8Hwx4d0aAi40G6',#5, $, $, #3983, #4550);
#4562=IFCLOCALPLACEMENT(#3936,#399);
#4563=IFCPOLYLINE((#805,#806,#807,#808,#805));
#4564=IFCARBITRARYCLOSEDPROFILEDEF(.AREA.,$,#4563);
#4565=IFCEXTRUDEDAREASOLID(#4564,#25,#23,2.0);
#4566=IFCSHAPEREPRESENTATION(#11,'Body','SweptSolid',(#4565));
#4567=IFCPRODUCTDEFINITIONSHAPE($,$,(#4566));
#4568=IFCDOOR('2SsGkoeF8Hwx4d0aAi40G6',#5,'Door Interior',$,$,#4562,#4567,$,$,$);
#4569=IFCQUANTITYLENGTH('AverageHeight',$,#13, 2.0);
#4570=IFCQUANTITYLENGTH('Length',$,#13, 1.4000000000000001);
#4571=IFCQUANTITYAREA('Area',$,#14, 2.8000000000000003);
#4572=IFCELEMENTQUANTITY('2SsH1ieF8Hwx4d0aAi40G6',#5,'Pset_abstractBIMQuantityTakeOff',$,$,(#4569,#4570,#4571));
#4573=IFCRELDEFINESBYPROPERTIES('2SsHMyeF8Hwx4d0aAi40G6',#5,$,$,(#4568),#4572);
#4574=IFCPROPERTYSINGLEVALUE('Spaces',$, IFCLABEL(''),$);
#4575=IFCPROPERTYSINGLEVALUE('IsExternal', 'IsExternal', IFCBOOLEAN(.F.),$);
#4576=IFCPROPERTYSINGLEVALUE('Reference',$, IFCLABEL('Door Interior'),$);
#4577=IFCPROPERTYSET('2SsHt8eF8Hwx4d0aAi40G6',#5, 'Pset_DoorCommon', 'Pset_DoorCommon', (#4574,#4575,#4576));
#4578=IFCRELDEFINESBYPROPERTIES('2SsI3eeF8Hwx4d0aAi40G6',#5,$,$,(#4568),#4577);
#4579=IFCRELFILLSELEMENT('2SsIE6eF8Hwx4d0aAi40G6',#5, $, $, #3951, #4568);
#4580=IFCLOCALPLACEMENT(#4258,#2861);
#4581=IFCPOLYLINE((#3286,#3287,#3288,#3289,#3286));
#4582=IFCARBITRARYCLOSEDPROFILEDEF(.AREA.,$,#4581);
#4583=IFCEXTRUDEDAREASOLID(#4582,#25,#23,2.2);
#4584=IFCSHAPEREPRESENTATION(#11,'Body','SweptSolid',(#4583));
#4585=IFCPRODUCTDEFINITIONSHAPE($,$,(#4584));
#4586=IFCWINDOW('2SsJ6CeF8Hwx4d0aAi40G6',#5,'Window Exterior',$,$,#4580,#4585,$,$,$);
#4587=IFCQUANTITYLENGTH('AverageHeight',$,#13, 2.2);
#4588=IFCQUANTITYLENGTH('Length',$,#13, 6.3);
#4589=IFCQUANTITYAREA('Area',$,#14, 13.860000000000001);
#4590=IFCPROPERTYSINGLEVALUE('Direction',$, IFCLABEL('-90'),$);
#4591=IFCELEMENTQUANTITY('2SsJQMeF8Hwx4d0aAi40G6',#5,'Pset_abstractBIMQuantityTakeOff',$,$,(#4587,#4588,#4589,#4590));
#4592=IFCRELDEFINESBYPROPERTIES('2SsJeQeF8Hwx4d0aAi40G6',#5,$,$,(#4586),#4591);
#4593=IFCPROPERTYSINGLEVALUE('Spaces',$, IFCLABEL(''),$);
#4594=IFCPROPERTYSINGLEVALUE('IsExternal', 'IsExternal', IFCBOOLEAN(.T.),$);
#4595=IFCPROPERTYSINGLEVALUE('Reference',$, IFCLABEL('Window Exterior'),$);
#4596=IFCPROPERTYSET('2SsKDSeF8Hwx4d0aAi40G6',#5, 'Pset_WindowCommon', 'Pset_WindowCommon', (#4593,#4594,#4595));
#4597=IFCRELDEFINESBYPROPERTIES('2SsKPyeF8Hwx4d0aAi40G6',#5,$,$,(#4586),#4596);
#4598=IFCRELFILLSELEMENT('2SsKaQeF8Hwx4d0aAi40G6',#5, $, $, #4273, #4586);
#4599=IFCLOCALPLACEMENT(#4258,#2839);
#4600=IFCPOLYLINE((#3244,#3245,#3246,#3247,#3244));
#4601=IFCARBITRARYCLOSEDPROFILEDEF(.AREA.,$,#4600);
#4602=IFCEXTRUDEDAREASOLID(#4601,#25,#23,2.2);
#4603=IFCSHAPEREPRESENTATION(#11,'Body','SweptSolid',(#4602));
#4604=IFCPRODUCTDEFINITIONSHAPE($,$,(#4603));
#4605=IFCWINDOW('2SsLSCeF8Hwx4d0aAi40G6',#5,'Window Exterior',$,$,#4599,#4604,$,$,$);
#4606=IFCQUANTITYLENGTH('AverageHeight',$,#13, 2.2);
#4607=IFCQUANTITYLENGTH('Length',$,#13, 4.8);
#4608=IFCQUANTITYAREA('Area',$,#14, 10.56);
#4609=IFCPROPERTYSINGLEVALUE('Direction',$, IFCLABEL('-90'),$);
#4610=IFCELEMENTQUANTITY('2SsLmgeF8Hwx4d0aAi40G6',#5,'Pset_abstractBIMQuantityTakeOff',$,$,(#4606,#4607,#4608,#4609));
#4611=IFCRELDEFINESBYPROPERTIES('2SsL_aeF8Hwx4d0aAi40G6',#5,$,$,(#4605),#4610);
#4612=IFCPROPERTYSINGLEVALUE('Spaces',$, IFCLABEL(''),$);
#4613=IFCPROPERTYSINGLEVALUE('IsExternal', 'IsExternal', IFCBOOLEAN(.T.),$);
#4614=IFCPROPERTYSINGLEVALUE('Reference',$, IFCLABEL('Window Exterior'),$);
#4615=IFCPROPERTYSET('2SsMaieF8Hwx4d0aAi40G6',#5, 'Pset_WindowCommon', 'Pset_WindowCommon', (#4612,#4613,#4614));
#4616=IFCRELDEFINESBYPROPERTIES('2SsMn2eF8Hwx4d0aAi40G6',#5,$,$,(#4605),#4615);
#4617=IFCRELFILLSELEMENT('2SsMxMeF8Hwx4d0aAi40G6',#5, $, $, #4281, #4605);
#4618=IFCLOCALPLACEMENT(#4258,#1626);
#4619=IFCPOLYLINE((#2099,#2100,#2101,#2102,#2099));
#4620=IFCARBITRARYCLOSEDPROFILEDEF(.AREA.,$,#4619);
#4621=IFCEXTRUDEDAREASOLID(#4620,#25,#23,2.2);
#4622=IFCSHAPEREPRESENTATION(#11,'Body','SweptSolid',(#4621));
#4623=IFCPRODUCTDEFINITIONSHAPE($,$,(#4622));
#4624=IFCWINDOW('2SsNu8eF8Hwx4d0aAi40G6',#5,'Window Exterior',$,$,#4618,#4623,$,$,$);
#4625=IFCQUANTITYLENGTH('AverageHeight',$,#13, 2.2);
#4626=IFCQUANTITYLENGTH('Length',$,#13, 3.5);
#4627=IFCQUANTITYAREA('Area',$,#14, 7.700000000000001);
#4628=IFCPROPERTYSINGLEVALUE('Direction',$, IFCLABEL('-90'),$);
#4629=IFCELEMENTQUANTITY('2SsOCSeF8Hwx4d0aAi40G6',#5,'Pset_abstractBIMQuantityTakeOff',$,$,(#4625,#4626,#4627,#4628));
#4630=IFCRELDEFINESBYPROPERTIES('2SsOPaeF8Hwx4d0aAi40G6',#5,$,$,(#4624),#4629);
#4631=IFCPROPERTYSINGLEVALUE('Spaces',$, IFCLABEL(''),$);
#4632=IFCPROPERTYSINGLEVALUE('IsExternal', 'IsExternal', IFCBOOLEAN(.T.),$);
#4633=IFCPROPERTYSINGLEVALUE('Reference',$, IFCLABEL('Window Exterior'),$);
#4634=IFCPROPERTYSET('2SsO_8eF8Hwx4d0aAi40G6',#5, 'Pset_WindowCommon', 'Pset_WindowCommon', (#4631,#4632,#4633));
#4635=IFCRELDEFINESBYPROPERTIES('2SsPA0eF8Hwx4d0aAi40G6',#5,$,$,(#4624),#4634);
#4636=IFCRELFILLSELEMENT('2SsPKKeF8Hwx4d0aAi40G6',#5, $, $, #4289, #4624);
#4637=IFCLOCALPLACEMENT(#4332,#1718);
#4638=IFCPOLYLINE((#2122,#2123,#2124,#2125,#2122));
#4639=IFCARBITRARYCLOSEDPROFILEDEF(.AREA.,$,#4638);
#4640=IFCEXTRUDEDAREASOLID(#4639,#25,#23,1.0000000000000009);
#4641=IFCSHAPEREPRESENTATION(#11,'Body','SweptSolid',(#4640));
#4642=IFCPRODUCTDEFINITIONSHAPE($,$,(#4641));
#4643=IFCWINDOW('2SsQEIeF8Hwx4d0aAi40G6',#5,'Window Exterior',$,$,#4637,#4642,$,$,$);
#4644=IFCQUANTITYLENGTH('AverageHeight',$,#13, 1.0000000000000009);
#4645=IFCQUANTITYLENGTH('Length',$,#13, 1.77);
#4646=IFCQUANTITYAREA('Area',$,#14, 1.7700000000000016);
#4647=IFCPROPERTYSINGLEVALUE('Direction',$, IFCLABEL('0'),$);
#4648=IFCELEMENTQUANTITY('2SsQYceF8Hwx4d0aAi40G6',#5,'Pset_abstractBIMQuantityTakeOff',$,$,(#4644,#4645,#4646,#4647));
#4649=IFCRELDEFINESBYPROPERTIES('2SsQlueF8Hwx4d0aAi40G6',#5,$,$,(#4643),#4648);
#4650=IFCPROPERTYSINGLEVALUE('Spaces',$, IFCLABEL(''),$);
#4651=IFCPROPERTYSINGLEVALUE('IsExternal', 'IsExternal', IFCBOOLEAN(.T.),$);
#4652=IFCPROPERTYSINGLEVALUE('Reference',$, IFCLABEL('Window Exterior'),$);
#4653=IFCPROPERTYSET('2SsRCoeF8Hwx4d0aAi40G6',#5, 'Pset_WindowCommon', 'Pset_WindowCommon', (#4650,#4651,#4652));
#4654=IFCRELDEFINESBYPROPERTIES('2SsRO_eF8Hwx4d0aAi40G6',#5,$,$,(#4643),#4653);
#4655=IFCRELFILLSELEMENT('2SsRZIeF8Hwx4d0aAi40G6',#5, $, $, #4347, #4643);
#4656=IFCLOCALPLACEMENT(#4332,#1732);
#4657=IFCPOLYLINE((#2122,#2123,#2124,#2125,#2122));
#4658=IFCARBITRARYCLOSEDPROFILEDEF(.AREA.,$,#4657);
#4659=IFCEXTRUDEDAREASOLID(#4658,#25,#23,1.0000000000000009);
#4660=IFCSHAPEREPRESENTATION(#11,'Body','SweptSolid',(#4659));
#4661=IFCPRODUCTDEFINITIONSHAPE($,$,(#4660));
#4662=IFCWINDOW('2SscG8eF8Hwx4d0aAi40G6',#5,'Window Exterior',$,$,#4656,#4661,$,$,$);
#4663=IFCQUANTITYLENGTH('AverageHeight',$,#13, 1.0000000000000009);
#4664=IFCQUANTITYLENGTH('Length',$,#13, 1.77);
#4665=IFCQUANTITYAREA('Area',$,#14, 1.7700000000000016);
#4666=IFCPROPERTYSINGLEVALUE('Direction',$, IFCLABEL('0'),$);
#4667=IFCELEMENTQUANTITY('2SscdQeF8Hwx4d0aAi40G6',#5,'Pset_abstractBIMQuantityTakeOff',$,$,(#4663,#4664,#4665,#4666));
#4668=IFCRELDEFINESBYPROPERTIES('2SscrUeF8Hwx4d0aAi40G6',#5,$,$,(#4662),#4667);
#4669=IFCPROPERTYSINGLEVALUE('Spaces',$, IFCLABEL(''),$);
#4670=IFCPROPERTYSINGLEVALUE('IsExternal', 'IsExternal', IFCBOOLEAN(.T.),$);
#4671=IFCPROPERTYSINGLEVALUE('Reference',$, IFCLABEL('Window Exterior'),$);
#4672=IFCPROPERTYSET('2SsdK6eF8Hwx4d0aAi40G6',#5, 'Pset_WindowCommon', 'Pset_WindowCommon', (#4669,#4670,#4671));
#4673=IFCRELDEFINESBYPROPERTIES('2SsdWceF8Hwx4d0aAi40G6',#5,$,$,(#4662),#4672);
#4674=IFCRELFILLSELEMENT('2SsdjaeF8Hwx4d0aAi40G6',#5, $, $, #4355, #4662);
#4675=IFCLOCALPLACEMENT(#4332,#2788);
#4676=IFCPOLYLINE((#2011,#2012,#2013,#2014,#2011));
#4677=IFCARBITRARYCLOSEDPROFILEDEF(.AREA.,$,#4676);
#4678=IFCEXTRUDEDAREASOLID(#4677,#25,#23,2.2);
#4679=IFCSHAPEREPRESENTATION(#11,'Body','SweptSolid',(#4678));
#4680=IFCPRODUCTDEFINITIONSHAPE($,$,(#4679));
#4681=IFCWINDOW('2SseeUeF8Hwx4d0aAi40G6',#5,'Window Exterior',$,$,#4675,#4680,$,$,$);
#4682=IFCQUANTITYLENGTH('AverageHeight',$,#13, 2.2);
#4683=IFCQUANTITYLENGTH('Length',$,#13, 3.7);
#4684=IFCQUANTITYAREA('Area',$,#14, 8.14);
#4685=IFCPROPERTYSINGLEVALUE('Direction',$, IFCLABEL('0'),$);
#4686=IFCELEMENTQUANTITY('2SseyUeF8Hwx4d0aAi40G6',#5,'Pset_abstractBIMQuantityTakeOff',$,$,(#4682,#4683,#4684,#4685));
#4687=IFCRELDEFINESBYPROPERTIES('2Ssf9meF8Hwx4d0aAi40G6',#5,$,$,(#4681),#4686);
#4688=IFCPROPERTYSINGLEVALUE('Spaces',$, IFCLABEL(''),$);
#4689=IFCPROPERTYSINGLEVALUE('IsExternal', 'IsExternal', IFCBOOLEAN(.T.),$);
#4690=IFCPROPERTYSINGLEVALUE('Reference',$, IFCLABEL('Window Exterior'),$);
#4691=IFCPROPERTYSET('2SsfimeF8Hwx4d0aAi40G6',#5, 'Pset_WindowCommon', 'Pset_WindowCommon', (#4688,#4689,#4690));
#4692=IFCRELDEFINESBYPROPERTIES('2SsgBieF8Hwx4d0aAi40G6',#5,$,$,(#4681),#4691);
#4693=IFCRELFILLSELEMENT('2SsgMyeF8Hwx4d0aAi40G6',#5, $, $, #4363, #4681);
#4694=IFCLOCALPLACEMENT(#4185,#2900);
#4695=IFCPOLYLINE((#3309,#3310,#3311,#3312,#3309));
#4696=IFCARBITRARYCLOSEDPROFILEDEF(.AREA.,$,#4695);
#4697=IFCEXTRUDEDAREASOLID(#4696,#25,#23,2.2);
#4698=IFCSHAPEREPRESENTATION(#11,'Body','SweptSolid',(#4697));
#4699=IFCPRODUCTDEFINITIONSHAPE($,$,(#4698));
#4700=IFCWINDOW('2SshLmeF8Hwx4d0aAi40G6',#5,'Window Exterior',$,$,#4694,#4699,$,$,$);
#4701=IFCQUANTITYLENGTH('AverageHeight',$,#13, 2.2);
#4702=IFCQUANTITYLENGTH('Length',$,#13, 3.1);
#4703=IFCQUANTITYAREA('Area',$,#14, 6.820000000000001);
#4704=IFCPROPERTYSINGLEVALUE('Direction',$, IFCLABEL('90'),$);
#4705=IFCELEMENTQUANTITY('2SshgYeF8Hwx4d0aAi40G6',#5,'Pset_abstractBIMQuantityTakeOff',$,$,(#4701,#4702,#4703,#4704));
#4706=IFCRELDEFINESBYPROPERTIES('2SshvEeF8Hwx4d0aAi40G6',#5,$,$,(#4700),#4705);
#4707=IFCPROPERTYSINGLEVALUE('Spaces',$, IFCLABEL(''),$);
#4708=IFCPROPERTYSINGLEVALUE('IsExternal', 'IsExternal', IFCBOOLEAN(.T.),$);
#4709=IFCPROPERTYSINGLEVALUE('Reference',$, IFCLABEL('Window Exterior'),$);
#4710=IFCPROPERTYSET('2SsiWIeF8Hwx4d0aAi40G6',#5, 'Pset_WindowCommon', 'Pset_WindowCommon', (#4707,#4708,#4709));
#4711=IFCRELDEFINESBYPROPERTIES('2SsiiUeF8Hwx4d0aAi40G6',#5,$,$,(#4700),#4710);
#4712=IFCRELFILLSELEMENT('2SsiseeF8Hwx4d0aAi40G6',#5, $, $, #4200, #4700);
#4713=IFCLOCALPLACEMENT(#4185,#2934);
#4714=IFCPOLYLINE((#3309,#3310,#3311,#3312,#3309));
#4715=IFCARBITRARYCLOSEDPROFILEDEF(.AREA.,$,#4714);
#4716=IFCEXTRUDEDAREASOLID(#4715,#25,#23,2.2);
#4717=IFCSHAPEREPRESENTATION(#11,'Body','SweptSolid',(#4716));
#4718=IFCPRODUCTDEFINITIONSHAPE($,$,(#4717));
#4719=IFCWINDOW('2SsjjAeF8Hwx4d0aAi40G6',#5,'Window Exterior',$,$,#4713,#4718,$,$,$);
#4720=IFCQUANTITYLENGTH('AverageHeight',$,#13, 2.2);
#4721=IFCQUANTITYLENGTH('Length',$,#13, 3.1);
#4722=IFCQUANTITYAREA('Area',$,#14, 6.820000000000001);
#4723=IFCPROPERTYSINGLEVALUE('Direction',$, IFCLABEL('90'),$);
#4724=IFCELEMENTQUANTITY('2Ssk10eF8Hwx4d0aAi40G6',#5,'Pset_abstractBIMQuantityTakeOff',$,$,(#4720,#4721,#4722,#4723));
#4725=IFCRELDEFINESBYPROPERTIES('2SskEIeF8Hwx4d0aAi40G6',#5,$,$,(#4719),#4724);
#4726=IFCPROPERTYSINGLEVALUE('Spaces',$, IFCLABEL(''),$);
#4727=IFCPROPERTYSINGLEVALUE('IsExternal', 'IsExternal', IFCBOOLEAN(.T.),$);
#4728=IFCPROPERTYSINGLEVALUE('Reference',$, IFCLABEL('Window Exterior'),$);
#4729=IFCPROPERTYSET('2SskqkeF8Hwx4d0aAi40G6',#5, 'Pset_WindowCommon', 'Pset_WindowCommon', (#4726,#4727,#4728));
#4730=IFCRELDEFINESBYPROPERTIES('2Ssl0ceF8Hwx4d0aAi40G6',#5,$,$,(#4719),#4729);
#4731=IFCRELFILLSELEMENT('2SslAmeF8Hwx4d0aAi40G6',#5, $, $, #4208, #4719);
#4732=IFCLOCALPLACEMENT(#4185,#2924);
#4733=IFCPOLYLINE((#3309,#3310,#3311,#3312,#3309));
#4734=IFCARBITRARYCLOSEDPROFILEDEF(.AREA.,$,#4733);
#4735=IFCEXTRUDEDAREASOLID(#4734,#25,#23,2.2);
#4736=IFCSHAPEREPRESENTATION(#11,'Body','SweptSolid',(#4735));
#4737=IFCPRODUCTDEFINITIONSHAPE($,$,(#4736));
#4738=IFCWINDOW('2Ssm1ceF8Hwx4d0aAi40G6',#5,'Window Exterior',$,$,#4732,#4737,$,$,$);
#4739=IFCQUANTITYLENGTH('AverageHeight',$,#13, 2.2);
#4740=IFCQUANTITYLENGTH('Length',$,#13, 3.1);
#4741=IFCQUANTITYAREA('Area',$,#14, 6.820000000000001);
#4742=IFCPROPERTYSINGLEVALUE('Direction',$, IFCLABEL('90'),$);
#4743=IFCELEMENTQUANTITY('2SsmMseF8Hwx4d0aAi40G6',#5,'Pset_abstractBIMQuantityTakeOff',$,$,(#4739,#4740,#4741,#4742));
#4744=IFCRELDEFINESBYPROPERTIES('2Ssma8eF8Hwx4d0aAi40G6',#5,$,$,(#4738),#4743);
#4745=IFCPROPERTYSINGLEVALUE('Spaces',$, IFCLABEL(''),$);
#4746=IFCPROPERTYSINGLEVALUE('IsExternal', 'IsExternal', IFCBOOLEAN(.T.),$);
#4747=IFCPROPERTYSINGLEVALUE('Reference',$, IFCLABEL('Window Exterior'),$);
#4748=IFCPROPERTYSET('2SsnAaeF8Hwx4d0aAi40G6',#5, 'Pset_WindowCommon', 'Pset_WindowCommon', (#4745,#4746,#4747));
#4749=IFCRELDEFINESBYPROPERTIES('2SsnMceF8Hwx4d0aAi40G6',#5,$,$,(#4738),#4748);
#4750=IFCRELFILLSELEMENT('2SsnWmeF8Hwx4d0aAi40G6',#5, $, $, #4216, #4738);
#4751=IFCLOCALPLACEMENT(#4185,#2914);
#4752=IFCPOLYLINE((#3309,#3310,#3311,#3312,#3309));
#4753=IFCARBITRARYCLOSEDPROFILEDEF(.AREA.,$,#4752);
#4754=IFCEXTRUDEDAREASOLID(#4753,#25,#23,2.2);
#4755=IFCSHAPEREPRESENTATION(#11,'Body','SweptSolid',(#4754));
#4756=IFCPRODUCTDEFINITIONSHAPE($,$,(#4755));
#4757=IFCWINDOW('2SsoMqeF8Hwx4d0aAi40G6',#5,'Window Exterior',$,$,#4751,#4756,$,$,$);
#4758=IFCQUANTITYLENGTH('AverageHeight',$,#13, 2.2);
#4759=IFCQUANTITYLENGTH('Length',$,#13, 3.1);
#4760=IFCQUANTITYAREA('Area',$,#14, 6.820000000000001);
#4761=IFCPROPERTYSINGLEVALUE('Direction',$, IFCLABEL('90'),$);
#4762=IFCELEMENTQUANTITY('2SsogWeF8Hwx4d0aAi40G6',#5,'Pset_abstractBIMQuantityTakeOff',$,$,(#4758,#4759,#4760,#4761));
#4763=IFCRELDEFINESBYPROPERTIES('2SsotUeF8Hwx4d0aAi40G6',#5,$,$,(#4757),#4762);
#4764=IFCPROPERTYSINGLEVALUE('Spaces',$, IFCLABEL(''),$);
#4765=IFCPROPERTYSINGLEVALUE('IsExternal', 'IsExternal', IFCBOOLEAN(.T.),$);
#4766=IFCPROPERTYSINGLEVALUE('Reference',$, IFCLABEL('Window Exterior'),$);
#4767=IFCPROPERTYSET('2SspTmeF8Hwx4d0aAi40G6',#5, 'Pset_WindowCommon', 'Pset_WindowCommon', (#4764,#4765,#4766));
#4768=IFCRELDEFINESBYPROPERTIES('2SspfeeF8Hwx4d0aAi40G6',#5,$,$,(#4757),#4767);
#4769=IFCRELFILLSELEMENT('2SsppoeF8Hwx4d0aAi40G6',#5, $, $, #4224, #4757);
#4770=IFCLOCALPLACEMENT(#4185,#2944);
#4771=IFCPOLYLINE((#3389,#3390,#3391,#3392,#3389));
#4772=IFCARBITRARYCLOSEDPROFILEDEF(.AREA.,$,#4771);
#4773=IFCEXTRUDEDAREASOLID(#4772,#25,#23,2.2);
#4774=IFCSHAPEREPRESENTATION(#11,'Body','SweptSolid',(#4773));
#4775=IFCPRODUCTDEFINITIONSHAPE($,$,(#4774));
#4776=IFCWINDOW('2Ss_H0eF8Hwx4d0aAi40G6',#5,'Window Exterior',$,$,#4770,#4775,$,$,$);
#4777=IFCQUANTITYLENGTH('AverageHeight',$,#13, 2.2);
#4778=IFCQUANTITYLENGTH('Length',$,#13, 3.0);
#4779=IFCQUANTITYAREA('Area',$,#14, 6.6000000000000005);
#4780=IFCPROPERTYSINGLEVALUE('Direction',$, IFCLABEL('90'),$);
#4781=IFCELEMENTQUANTITY('2Ss_eweF8Hwx4d0aAi40G6',#5,'Pset_abstractBIMQuantityTakeOff',$,$,(#4777,#4778,#4779,#4780));
#4782=IFCRELDEFINESBYPROPERTIES('2Ss$5_eF8Hwx4d0aAi40G6',#5,$,$,(#4776),#4781);
#4783=IFCPROPERTYSINGLEVALUE('Spaces',$, IFCLABEL(''),$);
#4784=IFCPROPERTYSINGLEVALUE('IsExternal', 'IsExternal', IFCBOOLEAN(.T.),$);
#4785=IFCPROPERTYSINGLEVALUE('Reference',$, IFCLABEL('Window Exterior'),$);
#4786=IFCPROPERTYSET('2Ss$naeF8Hwx4d0aAi40G6',#5, 'Pset_WindowCommon', 'Pset_WindowCommon', (#4783,#4784,#4785));
#4787=IFCRELDEFINESBYPROPERTIES('2Ss$_4eF8Hwx4d0aAi40G6',#5,$,$,(#4776),#4786);
#4788=IFCRELFILLSELEMENT('2St08OeF8Hwx4d0aAi40G6',#5, $, $, #4232, #4776);
#4789=IFCLOCALPLACEMENT(#4185,#2958);
#4790=IFCPOLYLINE((#3389,#3390,#3391,#3392,#3389));
#4791=IFCARBITRARYCLOSEDPROFILEDEF(.AREA.,$,#4790);
#4792=IFCEXTRUDEDAREASOLID(#4791,#25,#23,2.2);
#4793=IFCSHAPEREPRESENTATION(#11,'Body','SweptSolid',(#4792));
#4794=IFCPRODUCTDEFINITIONSHAPE($,$,(#4793));
#4795=IFCWINDOW('2St15yeF8Hwx4d0aAi40G6',#5,'Window Exterior',$,$,#4789,#4794,$,$,$);
#4796=IFCQUANTITYLENGTH('AverageHeight',$,#13, 2.2);
#4797=IFCQUANTITYLENGTH('Length',$,#13, 3.0);
#4798=IFCQUANTITYAREA('Area',$,#14, 6.6000000000000005);
#4799=IFCPROPERTYSINGLEVALUE('Direction',$, IFCLABEL('90'),$);
#4800=IFCELEMENTQUANTITY('2St1RCeF8Hwx4d0aAi40G6',#5,'Pset_abstractBIMQuantityTakeOff',$,$,(#4796,#4797,#4798,#4799));
#4801=IFCRELDEFINESBYPROPERTIES('2St1eeeF8Hwx4d0aAi40G6',#5,$,$,(#4795),#4800);
#4802=IFCPROPERTYSINGLEVALUE('Spaces',$, IFCLABEL(''),$);
#4803=IFCPROPERTYSINGLEVALUE('IsExternal', 'IsExternal', IFCBOOLEAN(.T.),$);
#4804=IFCPROPERTYSINGLEVALUE('Reference',$, IFCLABEL('Window Exterior'),$);
#4805=IFCPROPERTYSET('2St2IMeF8Hwx4d0aAi40G6',#5, 'Pset_WindowCommon', 'Pset_WindowCommon', (#4802,#4803,#4804));
#4806=IFCRELDEFINESBYPROPERTIES('2St2cgeF8Hwx4d0aAi40G6',#5,$,$,(#4795),#4805);
#4807=IFCRELFILLSELEMENT('2St2nweF8Hwx4d0aAi40G6',#5, $, $, #4240, #4795);
#4808=IFCCARTESIANPOINT((0.0000,0.0000,9.7600));
#4809=IFCAXIS2PLACEMENT3D(#4808,#23,#24);
#4810=IFCLOCALPLACEMENT(#31,#4809);
#4811=IFCBUILDINGSTOREY('2St3lyeF8Hwx4d0aAi40G6',#5, 'Storey 9.8', $, $,#4810,$,$,.ELEMENT.,9.76);
#4812=IFCRELCONTAINEDINSPATIALSTRUCTURE('2St3zYeF8Hwx4d0aAi40G6',#5, 'Storey 9.8 Container', $, (#4819), #4811);
#4813=IFCLOCALPLACEMENT(#4810,#25);
#4814=IFCPOLYLINE((#784,#785,#786,#787,#784));
#4815=IFCARBITRARYCLOSEDPROFILEDEF(.AREA.,$,#4814);
#4816=IFCEXTRUDEDAREASOLID(#4815,#25,#23,0.5);
#4817=IFCSHAPEREPRESENTATION(#11,'Body','SweptSolid',(#4816));
#4818=IFCPRODUCTDEFINITIONSHAPE($,$,(#4817));
#4819=IFCSLAB('2St4$eeF8Hwx4d0aAi40G6',#5,'Roof',$,'Roof',#4813,#4818,$,.ROOF.);
#4820=IFCQUANTITYLENGTH('NominalWidth',$,#13, 0.5);
#4821=IFCQUANTITYLENGTH('Perimeter',$,#13, 93.36);
#4822=IFCQUANTITYAREA('GrossFootprintArea',$,#14, 454.47);
#4823=IFCQUANTITYVOLUME('GrossVolume',$,#15, 227.235);
#4824=IFCQUANTITYVOLUME('NetVolume',$,#15, 227.235);
#4825=IFCELEMENTQUANTITY('2St5U6eF8Hwx4d0aAi40G6',#5,'Pset_abstractBIMQuantityTakeOff',$,$,(#4820,#4821,#4822,#4823,#4824));
#4826=IFCRELDEFINESBYPROPERTIES('2St5j6eF8Hwx4d0aAi40G6',#5,$,$,(#4819),#4825);
#4827=IFCPROPERTYSINGLEVALUE('Reference',$, IFCLABEL('ROOF'),$);
#4828=IFCPROPERTYSET('2St5u_eF8Hwx4d0aAi40G6',#5, 'Pset_abstractBIM', 'Pset_abstractBIM', (#4827));
#4829=IFCRELDEFINESBYPROPERTIES('2St63ceF8Hwx4d0aAi40G6',#5,$,$,(#4819),#4828);
#4830=IFCMATERIAL('WallInterior');
#4831=IFCMATERIALLAYER(#4830,0.15,$);
#4832=IFCMATERIALLAYERSET((#4831),'WallInterior_0.15');
#4833=IFCMATERIALLAYERSETUSAGE(#4832,.AXIS2.,.POSITIVE.,-0.075);
#4834=IFCRELASSOCIATESMATERIAL('2St6nYeF8Hwx4d0aAi40G6',#5,$,$,(#217,#368,#1053,#1140,#1183,#1255,#1413,#1437,#2417,#2526,#2599,#2623,#2647,#2682,#3729,#3761,#3862,#3920,#3976,#4010,#4036,#4086,#4110,#4142),#4833);
#4835=IFCMATERIALLAYER(#4830,0.23,$);
#4836=IFCMATERIALLAYERSET((#4835),'WallInterior_0.23');
#4837=IFCMATERIALLAYERSETUSAGE(#4836,.AXIS2.,.POSITIVE.,-0.115);
#4838=IFCRELASSOCIATESMATERIAL('2St73_eF8Hwx4d0aAi40G6',#5,$,$,(#248,#279,#308,#339,#397,#440,#469,#498,#527,#556,#584,#613,#984,#1010,#1077,#1103,#1217,#1279,#1318,#1352,#1376,#1461,#1485,#1509,#2366,#2390,#2465,#2489,#2565,#2714,#2738,#2762,#3681,#3705,#3833,#3886,#3944,#4060,#4169),#4837);
#4839=IFCWALLTYPE('2St7IMeF8Hwx4d0aAi40G6',#5, 'WallInterior', $,$,(),$,$,$,.STANDARD.);
#4840=IFCMATERIAL('WallExterior');
#4841=IFCMATERIALLAYER(#4840,0.35,$);
#4842=IFCMATERIALLAYERSET((#4841),'WallExterior_0.35');
#4843=IFCMATERIALLAYERSETUSAGE(#4842,.AXIS2.,.POSITIVE.,-0.175);
#4844=IFCRELASSOCIATESMATERIAL('2St7cMeF8Hwx4d0aAi40G6',#5,$,$,(#644,#674,#701,#732,#764,#1533,#1582,#1663,#1716,#1779,#2786,#2837,#2898,#2991,#3016,#3046,#3077,#4193,#4266,#4315,#4340),#4843);
#4845=IFCWALLTYPE('2St7pUeF8Hwx4d0aAi40G6',#5, 'WallExterior', $,$,(),$,$,$,.STANDARD.);
#4846=IFCMATERIAL('BASESLAB');
#4847=IFCMATERIALLAYER(#4846,0.5,$);
#4848=IFCMATERIALLAYERSET((#4847),'BASESLAB_0.5');
#4849=IFCMATERIALLAYERSETUSAGE(#4848,.AXIS2.,.POSITIVE.,0.5);
#4850=IFCRELASSOCIATESMATERIAL('2St84MeF8Hwx4d0aAi40G6',#5,$,$,(#793),#4849);
#4851=IFCSLABTYPE('2St8HAeF8Hwx4d0aAi40G6',#5, 'BASESLAB', $,$,(),$,$,$,.STANDARD.);
#4852=IFCMATERIAL('DoorInterior');
#4853=IFCMATERIALLAYER(#4852,230.0,$);
#4854=IFCMATERIALLAYERSET((#4853),'DoorInterior_230.0');
#4855=IFCMATERIALLAYERSETUSAGE(#4854,.AXIS2.,.POSITIVE.,-115.0);
#4856=IFCRELASSOCIATESMATERIAL('2St9DyeF8Hwx4d0aAi40G6',#5,$,$,(#814,#1839,#1861,#1944,#1962,#1980,#1998,#3119,#3231,#4442,#4568),#4855);
#4857=IFCMATERIALLAYER(#4852,150.0,$);
#4858=IFCMATERIALLAYERSET((#4857),'DoorInterior_150.0');
#4859=IFCMATERIALLAYERSETUSAGE(#4858,.AXIS2.,.POSITIVE.,-75.0);
#4860=IFCRELASSOCIATESMATERIAL('2St9VSeF8Hwx4d0aAi40G6',#5,$,$,(#1906,#1924,#3141,#3159,#3177,#3195,#3213,#4406,#4424,#4460,#4478,#4496,#4514,#4532,#4550),#4859);
#4861=IFCELEMENTTYPE('2St9hoeF8Hwx4d0aAi40G6',#5, 'DoorInterior', $,$,(),$,$,$,.STANDARD.);
#4862=IFCMATERIAL('FLOOR');
#4863=IFCMATERIALLAYER(#4862,0.51,$);
#4864=IFCMATERIALLAYERSET((#4863),'FLOOR_0.51');
#4865=IFCMATERIALLAYERSETUSAGE(#4864,.AXIS2.,.POSITIVE.,0.51);
#4866=IFCRELASSOCIATESMATERIAL('2St9_EeF8Hwx4d0aAi40G6',#5,$,$,(#1808),#4865);
#4867=IFCMATERIALLAYER(#4862,0.38,$);
#4868=IFCMATERIALLAYERSET((#4867),'FLOOR_0.38');
#4869=IFCMATERIALLAYERSETUSAGE(#4868,.AXIS2.,.POSITIVE.,0.38);
#4870=IFCRELASSOCIATESMATERIAL('2StADEeF8Hwx4d0aAi40G6',#5,$,$,(#3102,#4389),#4869);
#4871=IFCELEMENTTYPE('2StAPQeF8Hwx4d0aAi40G6',#5, 'FLOOR', $,$,(),$,$,$,.STANDARD.);
#4872=IFCMATERIAL('DoorExterior');
#4873=IFCMATERIALLAYER(#4872,350.0,$);
#4874=IFCMATERIALLAYERSET((#4873),'DoorExterior_350.0');
#4875=IFCMATERIALLAYERSETUSAGE(#4874,.AXIS2.,.POSITIVE.,-175.0);
#4876=IFCRELASSOCIATESMATERIAL('2StAgIeF8Hwx4d0aAi40G6',#5,$,$,(#1883),#4875);
#4877=IFCELEMENTTYPE('2StArYeF8Hwx4d0aAi40G6',#5, 'DoorExterior', $,$,(),$,$,$,.STANDARD.);
#4878=IFCMATERIAL('WindowExterior');
#4879=IFCMATERIALLAYER(#4878,350.0,$);
#4880=IFCMATERIALLAYERSET((#4879),'WindowExterior_350.0');
#4881=IFCMATERIALLAYERSETUSAGE(#4880,.AXIS2.,.POSITIVE.,-175.0);
#4882=IFCRELASSOCIATESMATERIAL('2StB8weF8Hwx4d0aAi40G6',#5,$,$,(#2020,#2039,#2062,#2085,#2108,#2131,#2150,#2173,#2196,#2219,#3253,#3272,#3295,#3318,#3337,#3356,#3375,#3398,#3417,#3436,#3455,#3474,#4586,#4605,#4624,#4643,#4662,#4681,#4700,#4719,#4738,#4757,#4776,#4795),#4881);
#4883=IFCELEMENTTYPE('2StBM2eF8Hwx4d0aAi40G6',#5, 'WindowExterior', $,$,(),$,$,$,.STANDARD.);
#4884=IFCMATERIAL('ROOF');
#4885=IFCMATERIALLAYER(#4884,0.5,$);
#4886=IFCMATERIALLAYERSET((#4885),'ROOF_0.5');
#4887=IFCMATERIALLAYERSETUSAGE(#4886,.AXIS2.,.POSITIVE.,0.5);
#4888=IFCRELASSOCIATESMATERIAL('2StBcIeF8Hwx4d0aAi40G6',#5,$,$,(#4819),#4887);
#4889=IFCELEMENTTYPE('2StBnieF8Hwx4d0aAi40G6',#5, 'ROOF', $,$,(),$,$,$,.STANDARD.);
#4890=IFCRELDEFINESBYTYPE('2StBy0eF8Hwx4d0aAi40G6',#5,$,$,(#217,#248,#279,#308,#339,#368,#397,#440,#469,#498,#527,#556,#584,#613,#984,#1010,#1053,#1077,#1103,#1140,#1183,#1217,#1255,#1279,#1318,#1352,#1376,#1413,#1437,#1461,#1485,#1509,#2366,#2390,#2417,#2465,#2489,#2526,#2565,#2599,#2623,#2647,#2682,#2714,#2738,#2762,#3681,#3705,#3729,#3761,#3833,#3862,#3886,#3920,#3944,#3976,#4010,#4036,#4060,#4086,#4110,#4142,#4169), #4839);
#4891=IFCRELDEFINESBYTYPE('2StCB0eF8Hwx4d0aAi40G6',#5,$,$,(#644,#674,#701,#732,#764,#1533,#1582,#1663,#1716,#1779,#2786,#2837,#2898,#2991,#3016,#3046,#3077,#4193,#4266,#4315,#4340), #4845);
#4892=IFCRELDEFINESBYTYPE('2StCN2eF8Hwx4d0aAi40G6',#5,$,$,(#793), #4851);
#4893=IFCRELDEFINESBYTYPE('2StCXWeF8Hwx4d0aAi40G6',#5,$,$,(#814,#1839,#1861,#1906,#1924,#1944,#1962,#1980,#1998,#3119,#3141,#3159,#3177,#3195,#3213,#3231,#4406,#4424,#4442,#4460,#4478,#4496,#4514,#4532,#4550,#4568), #4861);
#4894=IFCRELDEFINESBYTYPE('2StCj4eF8Hwx4d0aAi40G6',#5,$,$,(#1808,#3102,#4389), #4871);
#4895=IFCRELDEFINESBYTYPE('2StMSWeF8Hwx4d0aAi40G6',#5,$,$,(#1883), #4877);
#4896=IFCRELDEFINESBYTYPE('2StMi8eF8Hwx4d0aAi40G6',#5,$,$,(#2020,#2039,#2062,#2085,#2108,#2131,#2150,#2173,#2196,#2219,#3253,#3272,#3295,#3318,#3337,#3356,#3375,#3398,#3417,#3436,#3455,#3474,#4586,#4605,#4624,#4643,#4662,#4681,#4700,#4719,#4738,#4757,#4776,#4795), #4883);
#4897=IFCRELDEFINESBYTYPE('2StMv6eF8Hwx4d0aAi40G6',#5,$,$,(#4819), #4889);
ENDSEC;
    END-ISO-10303-21;